<?xml version="1.0" encoding="UTF-8"?>
<gpx version="1.1" creator="Apple Health Export" xmlns="http://www.topografix.com/GPX/1/1" xmlns:xsi="http://www.w3.org/2001/XMLSchema-instance" xsi:schemaLocation="http://www.topografix.com/GPX/1/1 http://www.topografix.com/GPX/1/1/gpx.xsd">
  <metadata>
    <time>2026-04-04T03:21:59Z</time>
  </metadata>
  <trk>
    <name>Route 2026-01-01 12:17pm</name>
    <trkseg>
      <trkpt lon="112.926116" lat="28.182270"><ele>0.000000</ele><time>2026-01-01T03:46:26Z</time><extensions><speed>0.026595</speed><course>196.703234</course><hAcc>3.065028</hAcc><vAcc>-1.000000</vAcc></extensions></trkpt>
      <trkpt lon="112.926116" lat="28.182270"><ele>0.000000</ele><time>2026-01-01T03:46:27Z</time><extensions><speed>0.050550</speed><course>192.857245</course><hAcc>2.815822</hAcc><vAcc>-1.000000</vAcc></extensions></trkpt>
      <trkpt lon="112.926116" lat="28.182269"><ele>0.000000</ele><time>2026-01-01T03:46:28Z</time><extensions><speed>0.144002</speed><course>192.661087</course><hAcc>2.696644</hAcc><vAcc>-1.000000</vAcc></extensions></trkpt>
      <trkpt lon="112.926115" lat="28.182265"><ele>0.000000</ele><time>2026-01-01T03:46:29Z</time><extensions><speed>0.814743</speed><course>193.662372</course><hAcc>2.622473</hAcc><vAcc>-1.000000</vAcc></extensions></trkpt>
      <trkpt lon="112.926113" lat="28.182258"><ele>0.000000</ele><time>2026-01-01T03:46:30Z</time><extensions><speed>0.920769</speed><course>198.455830</course><hAcc>2.573700</hAcc><vAcc>-1.000000</vAcc></extensions></trkpt>
      <trkpt lon="112.926109" lat="28.182250"><ele>0.000000</ele><time>2026-01-01T03:46:31Z</time><extensions><speed>1.032614</speed><course>199.251703</course><hAcc>2.547245</hAcc><vAcc>-1.000000</vAcc></extensions></trkpt>
      <trkpt lon="112.926106" lat="28.182241"><ele>0.000000</ele><time>2026-01-01T03:46:32Z</time><extensions><speed>1.048880</speed><course>199.500641</course><hAcc>2.537295</hAcc><vAcc>-1.000000</vAcc></extensions></trkpt>
      <trkpt lon="112.926102" lat="28.182232"><ele>0.000000</ele><time>2026-01-01T03:46:33Z</time><extensions><speed>1.050708</speed><course>199.946637</course><hAcc>2.545391</hAcc><vAcc>-1.000000</vAcc></extensions></trkpt>
      <trkpt lon="112.926100" lat="28.182227"><ele>0.000000</ele><time>2026-01-01T03:46:34Z</time><extensions><speed>1.057951</speed><course>199.471428</course><hAcc>2.566776</hAcc><vAcc>-1.000000</vAcc></extensions></trkpt>
      <trkpt lon="112.926097" lat="28.182219"><ele>0.000000</ele><time>2026-01-01T03:46:35Z</time><extensions><speed>0.925215</speed><course>196.793913</course><hAcc>2.560617</hAcc><vAcc>-1.000000</vAcc></extensions></trkpt>
      <trkpt lon="112.926095" lat="28.182211"><ele>0.000000</ele><time>2026-01-01T03:46:36Z</time><extensions><speed>0.838733</speed><course>194.405475</course><hAcc>2.734898</hAcc><vAcc>-1.000000</vAcc></extensions></trkpt>
      <trkpt lon="112.926093" lat="28.182204"><ele>0.000000</ele><time>2026-01-01T03:46:37Z</time><extensions><speed>0.786740</speed><course>192.509052</course><hAcc>3.067299</hAcc><vAcc>-1.000000</vAcc></extensions></trkpt>
      <trkpt lon="112.926091" lat="28.182197"><ele>0.000000</ele><time>2026-01-01T03:46:38Z</time><extensions><speed>0.759094</speed><course>191.177270</course><hAcc>3.431638</hAcc><vAcc>-1.000000</vAcc></extensions></trkpt>
      <trkpt lon="112.926090" lat="28.182191"><ele>0.000000</ele><time>2026-01-01T03:46:39Z</time><extensions><speed>0.747808</speed><course>190.362750</course><hAcc>3.751380</hAcc><vAcc>-1.000000</vAcc></extensions></trkpt>
      <trkpt lon="112.926089" lat="28.182184"><ele>0.000000</ele><time>2026-01-01T03:46:40Z</time><extensions><speed>0.746937</speed><course>189.953396</course><hAcc>4.001222</hAcc><vAcc>-1.000000</vAcc></extensions></trkpt>
      <trkpt lon="112.926087" lat="28.182178"><ele>0.000000</ele><time>2026-01-01T03:46:41Z</time><extensions><speed>0.751102</speed><course>189.964931</course><hAcc>4.182377</hAcc><vAcc>-1.000000</vAcc></extensions></trkpt>
      <trkpt lon="112.926086" lat="28.182171"><ele>0.000000</ele><time>2026-01-01T03:46:42Z</time><extensions><speed>0.758174</speed><course>190.080311</course><hAcc>4.306432</hAcc><vAcc>-1.000000</vAcc></extensions></trkpt>
      <trkpt lon="112.926084" lat="28.182164"><ele>0.000000</ele><time>2026-01-01T03:46:43Z</time><extensions><speed>0.766173</speed><course>190.216537</course><hAcc>4.387281</hAcc><vAcc>-1.000000</vAcc></extensions></trkpt>
      <trkpt lon="112.926083" lat="28.182157"><ele>0.000000</ele><time>2026-01-01T03:46:44Z</time><extensions><speed>0.773812</speed><course>190.307526</course><hAcc>4.437561</hAcc><vAcc>-1.000000</vAcc></extensions></trkpt>
      <trkpt lon="112.926082" lat="28.182151"><ele>0.000000</ele><time>2026-01-01T03:46:45Z</time><extensions><speed>0.780317</speed><course>190.296116</course><hAcc>4.467377</hAcc><vAcc>-1.000000</vAcc></extensions></trkpt>
      <trkpt lon="112.926080" lat="28.182144"><ele>0.000000</ele><time>2026-01-01T03:46:46Z</time><extensions><speed>0.785267</speed><course>190.113806</course><hAcc>4.484164</hAcc><vAcc>-1.000000</vAcc></extensions></trkpt>
      <trkpt lon="112.926079" lat="28.182137"><ele>0.000000</ele><time>2026-01-01T03:46:47Z</time><extensions><speed>0.788631</speed><course>189.723400</course><hAcc>4.493049</hAcc><vAcc>-1.000000</vAcc></extensions></trkpt>
      <trkpt lon="112.926078" lat="28.182130"><ele>0.000000</ele><time>2026-01-01T03:46:48Z</time><extensions><speed>0.790601</speed><course>189.055510</course><hAcc>4.497368</hAcc><vAcc>-1.000000</vAcc></extensions></trkpt>
      <trkpt lon="112.926076" lat="28.182123"><ele>0.000000</ele><time>2026-01-01T03:46:49Z</time><extensions><speed>0.791670</speed><course>188.029577</course><hAcc>4.499184</hAcc><vAcc>-1.000000</vAcc></extensions></trkpt>
      <trkpt lon="112.926075" lat="28.182116"><ele>0.000000</ele><time>2026-01-01T03:46:50Z</time><extensions><speed>0.792713</speed><course>186.554788</course><hAcc>4.499703</hAcc><vAcc>-1.000000</vAcc></extensions></trkpt>
      <trkpt lon="112.926075" lat="28.182109"><ele>0.000000</ele><time>2026-01-01T03:46:51Z</time><extensions><speed>0.795118</speed><course>184.537119</course><hAcc>4.499594</hAcc><vAcc>-1.000000</vAcc></extensions></trkpt>
      <trkpt lon="112.926074" lat="28.182101"><ele>0.000000</ele><time>2026-01-01T03:46:52Z</time><extensions><speed>0.798942</speed><course>183.085150</course><hAcc>4.499007</hAcc><vAcc>-1.000000</vAcc></extensions></trkpt>
      <trkpt lon="112.926074" lat="28.182094"><ele>0.000000</ele><time>2026-01-01T03:46:53Z</time><extensions><speed>0.804556</speed><course>182.108928</course><hAcc>4.493708</hAcc><vAcc>-1.000000</vAcc></extensions></trkpt>
      <trkpt lon="112.926073" lat="28.182087"><ele>0.000000</ele><time>2026-01-01T03:46:54Z</time><extensions><speed>0.811907</speed><course>181.525001</course><hAcc>4.488413</hAcc><vAcc>-1.000000</vAcc></extensions></trkpt>
      <trkpt lon="112.926073" lat="28.182080"><ele>0.000000</ele><time>2026-01-01T03:46:55Z</time><extensions><speed>0.820205</speed><course>181.357606</course><hAcc>4.483917</hAcc><vAcc>-1.000000</vAcc></extensions></trkpt>
      <trkpt lon="112.926073" lat="28.182072"><ele>0.000000</ele><time>2026-01-01T03:46:56Z</time><extensions><speed>0.830679</speed><course>181.330509</course><hAcc>4.481607</hAcc><vAcc>-1.000000</vAcc></extensions></trkpt>
      <trkpt lon="112.926073" lat="28.182064"><ele>0.000000</ele><time>2026-01-01T03:46:57Z</time><extensions><speed>0.843954</speed><course>181.207127</course><hAcc>4.484050</hAcc><vAcc>-1.000000</vAcc></extensions></trkpt>
      <trkpt lon="112.926072" lat="28.182057"><ele>0.000000</ele><time>2026-01-01T03:46:58Z</time><extensions><speed>0.860612</speed><course>180.945986</course><hAcc>4.495440</hAcc><vAcc>-1.000000</vAcc></extensions></trkpt>
      <trkpt lon="112.926072" lat="28.182049"><ele>0.000000</ele><time>2026-01-01T03:46:59Z</time><extensions><speed>0.881103</speed><course>180.508283</course><hAcc>4.521327</hAcc><vAcc>-1.000000</vAcc></extensions></trkpt>
      <trkpt lon="112.926072" lat="28.182041"><ele>0.000000</ele><time>2026-01-01T03:47:00Z</time><extensions><speed>0.905658</speed><course>179.858062</course><hAcc>4.566361</hAcc><vAcc>-1.000000</vAcc></extensions></trkpt>
      <trkpt lon="112.926072" lat="28.182032"><ele>0.000000</ele><time>2026-01-01T03:47:01Z</time><extensions><speed>0.934156</speed><course>178.962108</course><hAcc>4.627730</hAcc><vAcc>-1.000000</vAcc></extensions></trkpt>
      <trkpt lon="112.926073" lat="28.182030"><ele>0.000000</ele><time>2026-01-01T03:47:01Z</time><extensions><speed>0.941056</speed><course>178.812174</course><hAcc>4.636321</hAcc><vAcc>-1.000000</vAcc></extensions></trkpt>
      <trkpt lon="112.926073" lat="28.182021"><ele>0.000000</ele><time>2026-01-01T03:47:02Z</time><extensions><speed>0.973264</speed><course>177.476915</course><hAcc>4.767030</hAcc><vAcc>-1.000000</vAcc></extensions></trkpt>
      <trkpt lon="112.926073" lat="28.182012"><ele>0.000000</ele><time>2026-01-01T03:47:03Z</time><extensions><speed>1.004271</speed><course>175.740633</course><hAcc>4.888760</hAcc><vAcc>-1.000000</vAcc></extensions></trkpt>
      <trkpt lon="112.926075" lat="28.182003"><ele>0.000000</ele><time>2026-01-01T03:47:04Z</time><extensions><speed>1.034435</speed><course>173.484963</course><hAcc>4.994650</hAcc><vAcc>-1.000000</vAcc></extensions></trkpt>
      <trkpt lon="112.926076" lat="28.181993"><ele>0.000000</ele><time>2026-01-01T03:47:05Z</time><extensions><speed>1.063224</speed><course>171.870965</course><hAcc>5.081433</hAcc><vAcc>-1.000000</vAcc></extensions></trkpt>
      <trkpt lon="112.926078" lat="28.181983"><ele>0.000000</ele><time>2026-01-01T03:47:06Z</time><extensions><speed>1.089428</speed><course>170.725951</course><hAcc>5.149214</hAcc><vAcc>-1.000000</vAcc></extensions></trkpt>
      <trkpt lon="112.926079" lat="28.181974"><ele>0.000000</ele><time>2026-01-01T03:47:07Z</time><extensions><speed>1.112594</speed><course>169.919906</course><hAcc>5.200130</hAcc><vAcc>-1.000000</vAcc></extensions></trkpt>
      <trkpt lon="112.926082" lat="28.181964"><ele>0.000000</ele><time>2026-01-01T03:47:08Z</time><extensions><speed>1.132695</speed><course>169.357418</course><hAcc>5.237161</hAcc><vAcc>-1.000000</vAcc></extensions></trkpt>
      <trkpt lon="112.926084" lat="28.181953"><ele>0.000000</ele><time>2026-01-01T03:47:09Z</time><extensions><speed>1.149924</speed><course>168.969218</course><hAcc>5.263361</hAcc><vAcc>-1.000000</vAcc></extensions></trkpt>
      <trkpt lon="112.926086" lat="28.181943"><ele>0.000000</ele><time>2026-01-01T03:47:10Z</time><extensions><speed>1.164582</speed><course>168.705222</course><hAcc>5.281456</hAcc><vAcc>-1.000000</vAcc></extensions></trkpt>
      <trkpt lon="112.926088" lat="28.181933"><ele>0.000000</ele><time>2026-01-01T03:47:11Z</time><extensions><speed>1.177004</speed><course>168.529264</course><hAcc>5.293685</hAcc><vAcc>-1.000000</vAcc></extensions></trkpt>
      <trkpt lon="112.926091" lat="28.181922"><ele>0.000000</ele><time>2026-01-01T03:47:12Z</time><extensions><speed>1.187523</speed><course>168.415250</course><hAcc>5.301789</hAcc><vAcc>-1.000000</vAcc></extensions></trkpt>
      <trkpt lon="112.926093" lat="28.181912"><ele>0.000000</ele><time>2026-01-01T03:47:13Z</time><extensions><speed>1.196449</speed><course>168.344382</course><hAcc>5.307061</hAcc><vAcc>-1.000000</vAcc></extensions></trkpt>
      <trkpt lon="112.926096" lat="28.181901"><ele>0.000000</ele><time>2026-01-01T03:47:14Z</time><extensions><speed>1.204062</speed><course>168.303155</course><hAcc>5.310432</hAcc><vAcc>-1.000000</vAcc></extensions></trkpt>
      <trkpt lon="112.926098" lat="28.181891"><ele>0.000000</ele><time>2026-01-01T03:47:15Z</time><extensions><speed>1.210602</speed><course>168.281915</course><hAcc>5.312552</hAcc><vAcc>-1.000000</vAcc></extensions></trkpt>
      <trkpt lon="112.926101" lat="28.181880"><ele>0.000000</ele><time>2026-01-01T03:47:16Z</time><extensions><speed>1.216276</speed><course>168.273806</course><hAcc>5.313865</hAcc><vAcc>-1.000000</vAcc></extensions></trkpt>
      <trkpt lon="112.926103" lat="28.181870"><ele>0.000000</ele><time>2026-01-01T03:47:17Z</time><extensions><speed>1.221257</speed><course>168.274010</course><hAcc>5.314664</hAcc><vAcc>-1.000000</vAcc></extensions></trkpt>
      <trkpt lon="112.926106" lat="28.181859"><ele>0.000000</ele><time>2026-01-01T03:47:18Z</time><extensions><speed>1.225688</speed><course>168.279181</course><hAcc>5.315144</hAcc><vAcc>-1.000000</vAcc></extensions></trkpt>
      <trkpt lon="112.926108" lat="28.181849"><ele>0.000000</ele><time>2026-01-01T03:47:19Z</time><extensions><speed>1.226912</speed><course>168.287565</course><hAcc>5.269019</hAcc><vAcc>-1.000000</vAcc></extensions></trkpt>
      <trkpt lon="112.926111" lat="28.181838"><ele>0.000000</ele><time>2026-01-01T03:47:20Z</time><extensions><speed>1.232085</speed><course>168.297322</course><hAcc>5.264942</hAcc><vAcc>-1.000000</vAcc></extensions></trkpt>
      <trkpt lon="112.926113" lat="28.181827"><ele>0.000000</ele><time>2026-01-01T03:47:21Z</time><extensions><speed>1.235722</speed><course>168.307264</course><hAcc>5.259319</hAcc><vAcc>-1.000000</vAcc></extensions></trkpt>
      <trkpt lon="112.926115" lat="28.181817"><ele>0.000000</ele><time>2026-01-01T03:47:22Z</time><extensions><speed>1.238263</speed><course>168.316826</course><hAcc>5.255110</hAcc><vAcc>-1.000000</vAcc></extensions></trkpt>
      <trkpt lon="112.926118" lat="28.181807"><ele>0.000000</ele><time>2026-01-01T03:47:23Z</time><extensions><speed>1.240473</speed><course>168.346226</course><hAcc>5.259148</hAcc><vAcc>-1.000000</vAcc></extensions></trkpt>
      <trkpt lon="112.926120" lat="28.181796"><ele>0.000000</ele><time>2026-01-01T03:47:24Z</time><extensions><speed>1.245439</speed><course>168.368085</course><hAcc>5.283324</hAcc><vAcc>-1.000000</vAcc></extensions></trkpt>
      <trkpt lon="112.926122" lat="28.181786"><ele>0.000000</ele><time>2026-01-01T03:47:25Z</time><extensions><speed>1.257204</speed><course>168.378255</course><hAcc>5.343359</hAcc><vAcc>-1.000000</vAcc></extensions></trkpt>
      <trkpt lon="112.926125" lat="28.181776"><ele>0.000000</ele><time>2026-01-01T03:47:26Z</time><extensions><speed>1.281580</speed><course>168.367849</course><hAcc>5.451238</hAcc><vAcc>-1.000000</vAcc></extensions></trkpt>
      <trkpt lon="112.926127" lat="28.181765"><ele>0.000000</ele><time>2026-01-01T03:47:27Z</time><extensions><speed>1.326542</speed><course>168.324300</course><hAcc>5.594641</hAcc><vAcc>-1.000000</vAcc></extensions></trkpt>
      <trkpt lon="112.926130" lat="28.181754"><ele>0.000000</ele><time>2026-01-01T03:47:28Z</time><extensions><speed>1.402741</speed><course>168.234036</course><hAcc>5.691701</hAcc><vAcc>-1.000000</vAcc></extensions></trkpt>
      <trkpt lon="112.926130" lat="28.181751"><ele>0.000000</ele><time>2026-01-01T03:47:28Z</time><extensions><speed>1.407044</speed><course>168.237846</course><hAcc>5.668482</hAcc><vAcc>-1.000000</vAcc></extensions></trkpt>
      <trkpt lon="112.926133" lat="28.181740"><ele>0.000000</ele><time>2026-01-01T03:47:29Z</time><extensions><speed>1.273951</speed><course>167.816200</course><hAcc>5.635594</hAcc><vAcc>-1.000000</vAcc></extensions></trkpt>
      <trkpt lon="112.926136" lat="28.181730"><ele>0.000000</ele><time>2026-01-01T03:47:30Z</time><extensions><speed>1.162546</speed><course>167.210837</course><hAcc>5.615672</hAcc><vAcc>-1.000000</vAcc></extensions></trkpt>
      <trkpt lon="112.926138" lat="28.181721"><ele>0.000000</ele><time>2026-01-01T03:47:31Z</time><extensions><speed>1.072538</speed><course>166.330119</course><hAcc>5.668666</hAcc><vAcc>-1.000000</vAcc></extensions></trkpt>
      <trkpt lon="112.926140" lat="28.181712"><ele>0.000000</ele><time>2026-01-01T03:47:32Z</time><extensions><speed>1.002208</speed><course>165.064357</course><hAcc>5.785902</hAcc><vAcc>-1.000000</vAcc></extensions></trkpt>
      <trkpt lon="112.926143" lat="28.181704"><ele>0.000000</ele><time>2026-01-01T03:47:33Z</time><extensions><speed>0.948889</speed><course>164.029140</course><hAcc>5.938185</hAcc><vAcc>-1.000000</vAcc></extensions></trkpt>
      <trkpt lon="112.926145" lat="28.181697"><ele>0.000000</ele><time>2026-01-01T03:47:34Z</time><extensions><speed>0.909316</speed><course>163.217866</course><hAcc>6.098460</hAcc><vAcc>-1.000000</vAcc></extensions></trkpt>
      <trkpt lon="112.926148" lat="28.181690"><ele>0.000000</ele><time>2026-01-01T03:47:35Z</time><extensions><speed>0.880540</speed><course>162.610648</course><hAcc>6.248721</hAcc><vAcc>-1.000000</vAcc></extensions></trkpt>
      <trkpt lon="112.926150" lat="28.181683"><ele>0.000000</ele><time>2026-01-01T03:47:36Z</time><extensions><speed>0.860042</speed><course>162.178735</course><hAcc>6.379626</hAcc><vAcc>-1.000000</vAcc></extensions></trkpt>
      <trkpt lon="112.926153" lat="28.181677"><ele>0.000000</ele><time>2026-01-01T03:47:37Z</time><extensions><speed>0.845752</speed><course>161.889738</course><hAcc>6.487988</hAcc><vAcc>-1.000000</vAcc></extensions></trkpt>
      <trkpt lon="112.926155" lat="28.181670"><ele>0.000000</ele><time>2026-01-01T03:47:38Z</time><extensions><speed>0.836014</speed><course>161.711953</course><hAcc>6.574313</hAcc><vAcc>-1.000000</vAcc></extensions></trkpt>
      <trkpt lon="112.926157" lat="28.181664"><ele>0.000000</ele><time>2026-01-01T03:47:39Z</time><extensions><speed>0.829534</speed><course>161.617088</course><hAcc>6.641002</hAcc><vAcc>-1.000000</vAcc></extensions></trkpt>
      <trkpt lon="112.926160" lat="28.181657"><ele>0.000000</ele><time>2026-01-01T03:47:40Z</time><extensions><speed>0.825320</speed><course>161.581516</course><hAcc>6.691188</hAcc><vAcc>-1.000000</vAcc></extensions></trkpt>
      <trkpt lon="112.926162" lat="28.181651"><ele>0.000000</ele><time>2026-01-01T03:47:41Z</time><extensions><speed>0.822626</speed><course>161.586469</course><hAcc>6.728066</hAcc><vAcc>-1.000000</vAcc></extensions></trkpt>
      <trkpt lon="112.926165" lat="28.181644"><ele>0.000000</ele><time>2026-01-01T03:47:42Z</time><extensions><speed>0.820898</speed><course>161.617621</course><hAcc>6.754540</hAcc><vAcc>-1.000000</vAcc></extensions></trkpt>
      <trkpt lon="112.926167" lat="28.181638"><ele>0.000000</ele><time>2026-01-01T03:47:43Z</time><extensions><speed>0.819736</speed><course>161.664400</course><hAcc>6.773083</hAcc><vAcc>-1.000000</vAcc></extensions></trkpt>
      <trkpt lon="112.926170" lat="28.181631"><ele>0.000000</ele><time>2026-01-01T03:47:44Z</time><extensions><speed>0.818854</speed><course>161.719248</course><hAcc>6.785705</hAcc><vAcc>-1.000000</vAcc></extensions></trkpt>
      <trkpt lon="112.926172" lat="28.181625"><ele>0.000000</ele><time>2026-01-01T03:47:45Z</time><extensions><speed>0.818056</speed><course>161.776934</course><hAcc>6.793985</hAcc><vAcc>-1.000000</vAcc></extensions></trkpt>
      <trkpt lon="112.926175" lat="28.181618"><ele>0.000000</ele><time>2026-01-01T03:47:46Z</time><extensions><speed>0.817211</speed><course>161.833974</course><hAcc>6.799130</hAcc><vAcc>-1.000000</vAcc></extensions></trkpt>
      <trkpt lon="112.926177" lat="28.181611"><ele>0.000000</ele><time>2026-01-01T03:47:47Z</time><extensions><speed>0.816234</speed><course>161.888168</course><hAcc>6.802041</hAcc><vAcc>-1.000000</vAcc></extensions></trkpt>
      <trkpt lon="112.926179" lat="28.181605"><ele>0.000000</ele><time>2026-01-01T03:47:48Z</time><extensions><speed>0.815077</speed><course>161.938228</course><hAcc>6.803382</hAcc><vAcc>-1.000000</vAcc></extensions></trkpt>
      <trkpt lon="112.926182" lat="28.181598"><ele>0.000000</ele><time>2026-01-01T03:47:49Z</time><extensions><speed>0.813717</speed><course>161.983511</course><hAcc>6.803631</hAcc><vAcc>-1.000000</vAcc></extensions></trkpt>
      <trkpt lon="112.926184" lat="28.181592"><ele>0.000000</ele><time>2026-01-01T03:47:50Z</time><extensions><speed>0.812145</speed><course>162.023809</course><hAcc>6.803127</hAcc><vAcc>-1.000000</vAcc></extensions></trkpt>
      <trkpt lon="112.926187" lat="28.181585"><ele>0.000000</ele><time>2026-01-01T03:47:51Z</time><extensions><speed>0.810365</speed><course>162.059204</course><hAcc>6.802111</hAcc><vAcc>-1.000000</vAcc></extensions></trkpt>
      <trkpt lon="112.926189" lat="28.181578"><ele>0.000000</ele><time>2026-01-01T03:47:52Z</time><extensions><speed>0.808387</speed><course>162.089956</course><hAcc>6.800747</hAcc><vAcc>-1.000000</vAcc></extensions></trkpt>
      <trkpt lon="112.926192" lat="28.181572"><ele>0.000000</ele><time>2026-01-01T03:47:53Z</time><extensions><speed>0.806227</speed><course>162.116429</course><hAcc>6.799150</hAcc><vAcc>-1.000000</vAcc></extensions></trkpt>
      <trkpt lon="112.926194" lat="28.181565"><ele>0.000000</ele><time>2026-01-01T03:47:54Z</time><extensions><speed>0.804266</speed><course>162.134043</course><hAcc>6.797396</hAcc><vAcc>-1.000000</vAcc></extensions></trkpt>
      <trkpt lon="112.926197" lat="28.181558"><ele>0.000000</ele><time>2026-01-01T03:47:55Z</time><extensions><speed>0.802158</speed><course>162.165395</course><hAcc>6.795538</hAcc><vAcc>-1.000000</vAcc></extensions></trkpt>
      <trkpt lon="112.926199" lat="28.181552"><ele>0.000000</ele><time>2026-01-01T03:47:56Z</time><extensions><speed>0.799920</speed><course>162.212404</course><hAcc>6.793610</hAcc><vAcc>-1.000000</vAcc></extensions></trkpt>
      <trkpt lon="112.926201" lat="28.181545"><ele>0.000000</ele><time>2026-01-01T03:47:57Z</time><extensions><speed>0.797567</speed><course>162.278758</course><hAcc>6.791635</hAcc><vAcc>-1.000000</vAcc></extensions></trkpt>
      <trkpt lon="112.926204" lat="28.181538"><ele>0.000000</ele><time>2026-01-01T03:47:58Z</time><extensions><speed>0.795108</speed><course>162.370108</course><hAcc>6.789628</hAcc><vAcc>-1.000000</vAcc></extensions></trkpt>
      <trkpt lon="112.926206" lat="28.181531"><ele>0.000000</ele><time>2026-01-01T03:47:59Z</time><extensions><speed>0.792550</speed><course>162.494392</course><hAcc>6.787599</hAcc><vAcc>-1.000000</vAcc></extensions></trkpt>
      <trkpt lon="112.926209" lat="28.181525"><ele>0.000000</ele><time>2026-01-01T03:48:00Z</time><extensions><speed>0.789893</speed><course>162.662321</course><hAcc>6.785554</hAcc><vAcc>-1.000000</vAcc></extensions></trkpt>
      <trkpt lon="112.926211" lat="28.181518"><ele>0.000000</ele><time>2026-01-01T03:48:01Z</time><extensions><speed>0.787131</speed><course>162.888048</course><hAcc>6.783497</hAcc><vAcc>-1.000000</vAcc></extensions></trkpt>
      <trkpt lon="112.926213" lat="28.181511"><ele>0.000000</ele><time>2026-01-01T03:48:02Z</time><extensions><speed>0.784251</speed><course>163.190060</course><hAcc>6.781431</hAcc><vAcc>-1.000000</vAcc></extensions></trkpt>
      <trkpt lon="112.926216" lat="28.181504"><ele>0.000000</ele><time>2026-01-01T03:48:03Z</time><extensions><speed>0.781235</speed><course>163.592362</course><hAcc>6.779357</hAcc><vAcc>-1.000000</vAcc></extensions></trkpt>
      <trkpt lon="112.926218" lat="28.181498"><ele>0.000000</ele><time>2026-01-01T03:48:04Z</time><extensions><speed>0.778060</speed><course>164.126010</course><hAcc>6.777276</hAcc><vAcc>-1.000000</vAcc></extensions></trkpt>
      <trkpt lon="112.926220" lat="28.181491"><ele>0.000000</ele><time>2026-01-01T03:48:05Z</time><extensions><speed>0.774726</speed><course>164.519898</course><hAcc>6.775189</hAcc><vAcc>-1.000000</vAcc></extensions></trkpt>
      <trkpt lon="112.926222" lat="28.181484"><ele>0.000000</ele><time>2026-01-01T03:48:06Z</time><extensions><speed>0.771267</speed><course>164.807335</course><hAcc>6.773096</hAcc><vAcc>-1.000000</vAcc></extensions></trkpt>
      <trkpt lon="112.926224" lat="28.181477"><ele>0.000000</ele><time>2026-01-01T03:48:07Z</time><extensions><speed>0.767718</speed><course>165.014185</course><hAcc>6.770997</hAcc><vAcc>-1.000000</vAcc></extensions></trkpt>
      <trkpt lon="112.926226" lat="28.181470"><ele>0.000000</ele><time>2026-01-01T03:48:08Z</time><extensions><speed>0.764106</speed><course>165.160456</course><hAcc>6.768893</hAcc><vAcc>-1.000000</vAcc></extensions></trkpt>
      <trkpt lon="112.926228" lat="28.181464"><ele>0.000000</ele><time>2026-01-01T03:48:09Z</time><extensions><speed>0.760456</speed><course>165.261562</course><hAcc>6.766784</hAcc><vAcc>-1.000000</vAcc></extensions></trkpt>
      <trkpt lon="112.926230" lat="28.181457"><ele>0.000000</ele><time>2026-01-01T03:48:10Z</time><extensions><speed>0.756782</speed><course>165.329322</course><hAcc>6.764669</hAcc><vAcc>-1.000000</vAcc></extensions></trkpt>
      <trkpt lon="112.926232" lat="28.181450"><ele>0.000000</ele><time>2026-01-01T03:48:11Z</time><extensions><speed>0.753096</speed><course>165.372745</course><hAcc>6.762549</hAcc><vAcc>-1.000000</vAcc></extensions></trkpt>
      <trkpt lon="112.926234" lat="28.181443"><ele>0.000000</ele><time>2026-01-01T03:48:12Z</time><extensions><speed>0.749407</speed><course>165.398653</course><hAcc>6.760423</hAcc><vAcc>-1.000000</vAcc></extensions></trkpt>
      <trkpt lon="112.926236" lat="28.181436"><ele>0.000000</ele><time>2026-01-01T03:48:13Z</time><extensions><speed>0.745718</speed><course>165.412178</course><hAcc>6.758292</hAcc><vAcc>-1.000000</vAcc></extensions></trkpt>
      <trkpt lon="112.926238" lat="28.181429"><ele>0.000000</ele><time>2026-01-01T03:48:14Z</time><extensions><speed>0.742180</speed><course>165.439645</course><hAcc>6.756156</hAcc><vAcc>-1.000000</vAcc></extensions></trkpt>
      <trkpt lon="112.926240" lat="28.181423"><ele>0.000000</ele><time>2026-01-01T03:48:15Z</time><extensions><speed>0.738650</speed><course>165.462147</course><hAcc>6.754014</hAcc><vAcc>-1.000000</vAcc></extensions></trkpt>
      <trkpt lon="112.926242" lat="28.181416"><ele>0.000000</ele><time>2026-01-01T03:48:16Z</time><extensions><speed>0.735126</speed><course>165.481767</course><hAcc>6.751867</hAcc><vAcc>-1.000000</vAcc></extensions></trkpt>
      <trkpt lon="112.926244" lat="28.181409"><ele>0.000000</ele><time>2026-01-01T03:48:17Z</time><extensions><speed>0.732219</speed><course>165.504834</course><hAcc>6.710862</hAcc><vAcc>-1.000000</vAcc></extensions></trkpt>
      <trkpt lon="112.926249" lat="28.181391"><ele>0.000000</ele><time>2026-01-01T03:48:18Z</time><extensions><speed>0.912260</speed><course>166.123592</course><hAcc>6.557944</hAcc><vAcc>-1.000000</vAcc></extensions></trkpt>
      <trkpt lon="112.926253" lat="28.181371"><ele>0.000000</ele><time>2026-01-01T03:48:19Z</time><extensions><speed>1.125511</speed><course>167.880001</course><hAcc>6.356494</hAcc><vAcc>-1.000000</vAcc></extensions></trkpt>
      <trkpt lon="112.926255" lat="28.181346"><ele>0.000000</ele><time>2026-01-01T03:48:20Z</time><extensions><speed>1.374307</speed><course>170.196301</course><hAcc>6.091002</hAcc><vAcc>-1.000000</vAcc></extensions></trkpt>
      <trkpt lon="112.926257" lat="28.181323"><ele>0.000000</ele><time>2026-01-01T03:48:21Z</time><extensions><speed>1.571384</speed><course>171.768002</course><hAcc>5.792580</hAcc><vAcc>-1.000000</vAcc></extensions></trkpt>
      <trkpt lon="112.926259" lat="28.181299"><ele>0.000000</ele><time>2026-01-01T03:48:22Z</time><extensions><speed>1.712117</speed><course>172.933367</course><hAcc>5.455532</hAcc><vAcc>-1.000000</vAcc></extensions></trkpt>
      <trkpt lon="112.926262" lat="28.181268"><ele>0.000000</ele><time>2026-01-01T03:48:23Z</time><extensions><speed>1.890793</speed><course>173.810152</course><hAcc>4.907776</hAcc><vAcc>-1.000000</vAcc></extensions></trkpt>
      <trkpt lon="112.926265" lat="28.181241"><ele>0.000000</ele><time>2026-01-01T03:48:24Z</time><extensions><speed>1.900839</speed><course>174.342831</course><hAcc>4.396314</hAcc><vAcc>-1.000000</vAcc></extensions></trkpt>
      <trkpt lon="112.926268" lat="28.181217"><ele>0.000000</ele><time>2026-01-01T03:48:25Z</time><extensions><speed>1.735247</speed><course>175.043419</course><hAcc>3.895332</hAcc><vAcc>-1.000000</vAcc></extensions></trkpt>
      <trkpt lon="112.926270" lat="28.181200"><ele>0.000000</ele><time>2026-01-01T03:48:26Z</time><extensions><speed>1.316276</speed><course>176.358766</course><hAcc>3.544368</hAcc><vAcc>-1.000000</vAcc></extensions></trkpt>
      <trkpt lon="112.926270" lat="28.181194"><ele>0.000000</ele><time>2026-01-01T03:48:26Z</time><extensions><speed>1.260462</speed><course>176.613512</course><hAcc>3.416055</hAcc><vAcc>-1.000000</vAcc></extensions></trkpt>
      <trkpt lon="112.926270" lat="28.181184"><ele>0.000000</ele><time>2026-01-01T03:48:27Z</time><extensions><speed>0.945888</speed><course>184.431771</course><hAcc>3.284625</hAcc><vAcc>-1.000000</vAcc></extensions></trkpt>
      <trkpt lon="112.926269" lat="28.181175"><ele>0.000000</ele><time>2026-01-01T03:48:28Z</time><extensions><speed>0.884605</speed><course>188.130743</course><hAcc>3.167397</hAcc><vAcc>-1.000000</vAcc></extensions></trkpt>
      <trkpt lon="112.926267" lat="28.181167"><ele>0.000000</ele><time>2026-01-01T03:48:29Z</time><extensions><speed>1.069699</speed><course>188.203324</course><hAcc>3.021270</hAcc><vAcc>-1.000000</vAcc></extensions></trkpt>
      <trkpt lon="112.926266" lat="28.181157"><ele>0.000000</ele><time>2026-01-01T03:48:30Z</time><extensions><speed>1.155849</speed><course>186.990214</course><hAcc>2.880363</hAcc><vAcc>-1.000000</vAcc></extensions></trkpt>
      <trkpt lon="112.926265" lat="28.181146"><ele>0.000000</ele><time>2026-01-01T03:48:31Z</time><extensions><speed>1.082035</speed><course>182.944517</course><hAcc>2.792261</hAcc><vAcc>-1.000000</vAcc></extensions></trkpt>
      <trkpt lon="112.926267" lat="28.181137"><ele>0.000000</ele><time>2026-01-01T03:48:32Z</time><extensions><speed>1.024256</speed><course>158.554524</course><hAcc>2.739592</hAcc><vAcc>-1.000000</vAcc></extensions></trkpt>
      <trkpt lon="112.926272" lat="28.181128"><ele>0.000000</ele><time>2026-01-01T03:48:34Z</time><extensions><speed>0.936003</speed><course>150.142937</course><hAcc>2.719511</hAcc><vAcc>-1.000000</vAcc></extensions></trkpt>
      <trkpt lon="112.926276" lat="28.181120"><ele>0.000000</ele><time>2026-01-01T03:48:35Z</time><extensions><speed>1.164803</speed><course>155.777170</course><hAcc>2.552921</hAcc><vAcc>-1.000000</vAcc></extensions></trkpt>
      <trkpt lon="112.926281" lat="28.181110"><ele>0.000000</ele><time>2026-01-01T03:48:36Z</time><extensions><speed>1.204719</speed><course>157.049103</course><hAcc>2.385638</hAcc><vAcc>-1.000000</vAcc></extensions></trkpt>
      <trkpt lon="112.926286" lat="28.181100"><ele>0.000000</ele><time>2026-01-01T03:48:37Z</time><extensions><speed>1.144159</speed><course>156.666458</course><hAcc>2.339389</hAcc><vAcc>-1.000000</vAcc></extensions></trkpt>
      <trkpt lon="112.926290" lat="28.181091"><ele>0.000000</ele><time>2026-01-01T03:48:38Z</time><extensions><speed>1.044329</speed><course>155.383107</course><hAcc>2.367987</hAcc><vAcc>-1.000000</vAcc></extensions></trkpt>
      <trkpt lon="112.926295" lat="28.181083"><ele>0.000000</ele><time>2026-01-01T03:48:39Z</time><extensions><speed>0.941421</speed><course>153.583076</course><hAcc>2.413173</hAcc><vAcc>-1.000000</vAcc></extensions></trkpt>
      <trkpt lon="112.926299" lat="28.181076"><ele>0.000000</ele><time>2026-01-01T03:48:40Z</time><extensions><speed>0.853383</speed><course>151.584897</course><hAcc>2.448048</hAcc><vAcc>-1.000000</vAcc></extensions></trkpt>
      <trkpt lon="112.926303" lat="28.181069"><ele>0.000000</ele><time>2026-01-01T03:48:41Z</time><extensions><speed>0.786362</speed><course>149.683267</course><hAcc>2.468175</hAcc><vAcc>-1.000000</vAcc></extensions></trkpt>
      <trkpt lon="112.926307" lat="28.181063"><ele>0.000000</ele><time>2026-01-01T03:48:42Z</time><extensions><speed>0.739850</speed><course>148.102876</course><hAcc>2.477537</hAcc><vAcc>-1.000000</vAcc></extensions></trkpt>
      <trkpt lon="112.926311" lat="28.181058"><ele>0.000000</ele><time>2026-01-01T03:48:43Z</time><extensions><speed>0.710314</speed><course>146.951590</course><hAcc>2.481014</hAcc><vAcc>-1.000000</vAcc></extensions></trkpt>
      <trkpt lon="112.926315" lat="28.181052"><ele>0.000000</ele><time>2026-01-01T03:48:44Z</time><extensions><speed>0.693415</speed><course>146.221414</course><hAcc>2.481951</hAcc><vAcc>-1.000000</vAcc></extensions></trkpt>
      <trkpt lon="112.926319" lat="28.181047"><ele>0.000000</ele><time>2026-01-01T03:48:45Z</time><extensions><speed>0.685153</speed><course>145.831036</course><hAcc>2.482066</hAcc><vAcc>-1.000000</vAcc></extensions></trkpt>
      <trkpt lon="112.926323" lat="28.181042"><ele>0.000000</ele><time>2026-01-01T03:48:46Z</time><extensions><speed>0.682304</speed><course>145.675836</course><hAcc>2.482042</hAcc><vAcc>-1.000000</vAcc></extensions></trkpt>
      <trkpt lon="112.926327" lat="28.181037"><ele>0.000000</ele><time>2026-01-01T03:48:47Z</time><extensions><speed>0.682502</speed><course>145.661535</course><hAcc>2.482061</hAcc><vAcc>-1.000000</vAcc></extensions></trkpt>
      <trkpt lon="112.926331" lat="28.181032"><ele>0.000000</ele><time>2026-01-01T03:48:48Z</time><extensions><speed>0.684142</speed><course>145.717935</course><hAcc>2.482130</hAcc><vAcc>-1.000000</vAcc></extensions></trkpt>
      <trkpt lon="112.926335" lat="28.181027"><ele>0.000000</ele><time>2026-01-01T03:48:49Z</time><extensions><speed>0.686229</speed><course>145.799553</course><hAcc>2.482221</hAcc><vAcc>-1.000000</vAcc></extensions></trkpt>
      <trkpt lon="112.926339" lat="28.181022"><ele>0.000000</ele><time>2026-01-01T03:48:50Z</time><extensions><speed>0.688211</speed><course>145.880596</course><hAcc>2.482314</hAcc><vAcc>-1.000000</vAcc></extensions></trkpt>
      <trkpt lon="112.926343" lat="28.181016"><ele>0.000000</ele><time>2026-01-01T03:48:51Z</time><extensions><speed>0.689835</speed><course>145.948848</course><hAcc>2.482400</hAcc><vAcc>-1.000000</vAcc></extensions></trkpt>
      <trkpt lon="112.926347" lat="28.181011"><ele>0.000000</ele><time>2026-01-01T03:48:52Z</time><extensions><speed>0.691035</speed><course>146.000453</course><hAcc>2.482479</hAcc><vAcc>-1.000000</vAcc></extensions></trkpt>
      <trkpt lon="112.926350" lat="28.181006"><ele>0.000000</ele><time>2026-01-01T03:48:53Z</time><extensions><speed>0.691841</speed><course>146.036125</course><hAcc>2.482555</hAcc><vAcc>-1.000000</vAcc></extensions></trkpt>
      <trkpt lon="112.926354" lat="28.181001"><ele>0.000000</ele><time>2026-01-01T03:48:54Z</time><extensions><speed>0.692329</speed><course>146.058645</course><hAcc>2.482629</hAcc><vAcc>-1.000000</vAcc></extensions></trkpt>
      <trkpt lon="112.926358" lat="28.180996"><ele>0.000000</ele><time>2026-01-01T03:48:55Z</time><extensions><speed>0.692585</speed><course>146.071359</course><hAcc>2.482702</hAcc><vAcc>-1.000000</vAcc></extensions></trkpt>
      <trkpt lon="112.926362" lat="28.180991"><ele>0.000000</ele><time>2026-01-01T03:48:56Z</time><extensions><speed>0.692686</speed><course>146.077382</course><hAcc>2.482774</hAcc><vAcc>-1.000000</vAcc></extensions></trkpt>
      <trkpt lon="112.926366" lat="28.180985"><ele>0.000000</ele><time>2026-01-01T03:48:57Z</time><extensions><speed>0.692692</speed><course>146.079240</course><hAcc>2.482847</hAcc><vAcc>-1.000000</vAcc></extensions></trkpt>
      <trkpt lon="112.926370" lat="28.180980"><ele>0.000000</ele><time>2026-01-01T03:48:58Z</time><extensions><speed>0.692649</speed><course>146.078794</course><hAcc>2.482919</hAcc><vAcc>-1.000000</vAcc></extensions></trkpt>
      <trkpt lon="112.926374" lat="28.180975"><ele>0.000000</ele><time>2026-01-01T03:48:59Z</time><extensions><speed>0.692584</speed><course>146.077298</course><hAcc>2.482992</hAcc><vAcc>-1.000000</vAcc></extensions></trkpt>
      <trkpt lon="112.926378" lat="28.180970"><ele>0.000000</ele><time>2026-01-01T03:49:00Z</time><extensions><speed>0.692515</speed><course>146.075522</course><hAcc>2.483064</hAcc><vAcc>-1.000000</vAcc></extensions></trkpt>
      <trkpt lon="112.926382" lat="28.180965"><ele>0.000000</ele><time>2026-01-01T03:49:01Z</time><extensions><speed>0.692451</speed><course>146.073880</course><hAcc>2.483136</hAcc><vAcc>-1.000000</vAcc></extensions></trkpt>
      <trkpt lon="112.926386" lat="28.180959"><ele>0.000000</ele><time>2026-01-01T03:49:02Z</time><extensions><speed>0.692396</speed><course>146.072555</course><hAcc>2.483208</hAcc><vAcc>-1.000000</vAcc></extensions></trkpt>
      <trkpt lon="112.926390" lat="28.180954"><ele>0.000000</ele><time>2026-01-01T03:49:03Z</time><extensions><speed>0.692350</speed><course>146.071587</course><hAcc>2.483280</hAcc><vAcc>-1.000000</vAcc></extensions></trkpt>
      <trkpt lon="112.926394" lat="28.180949"><ele>0.000000</ele><time>2026-01-01T03:49:04Z</time><extensions><speed>0.692312</speed><course>146.070939</course><hAcc>2.483353</hAcc><vAcc>-1.000000</vAcc></extensions></trkpt>
      <trkpt lon="112.926398" lat="28.180944"><ele>0.000000</ele><time>2026-01-01T03:49:05Z</time><extensions><speed>0.692280</speed><course>146.070545</course><hAcc>2.483425</hAcc><vAcc>-1.000000</vAcc></extensions></trkpt>
      <trkpt lon="112.926402" lat="28.180939"><ele>0.000000</ele><time>2026-01-01T03:49:06Z</time><extensions><speed>0.692253</speed><course>146.070336</course><hAcc>2.483497</hAcc><vAcc>-1.000000</vAcc></extensions></trkpt>
      <trkpt lon="112.926406" lat="28.180933"><ele>0.000000</ele><time>2026-01-01T03:49:07Z</time><extensions><speed>0.692228</speed><course>146.070247</course><hAcc>2.483568</hAcc><vAcc>-1.000000</vAcc></extensions></trkpt>
      <trkpt lon="112.926410" lat="28.180928"><ele>0.000000</ele><time>2026-01-01T03:49:08Z</time><extensions><speed>0.692205</speed><course>146.070231</course><hAcc>2.483640</hAcc><vAcc>-1.000000</vAcc></extensions></trkpt>
      <trkpt lon="112.926414" lat="28.180923"><ele>0.000000</ele><time>2026-01-01T03:49:09Z</time><extensions><speed>0.692183</speed><course>146.070252</course><hAcc>2.483712</hAcc><vAcc>-1.000000</vAcc></extensions></trkpt>
      <trkpt lon="112.926418" lat="28.180918"><ele>0.000000</ele><time>2026-01-01T03:49:10Z</time><extensions><speed>0.692160</speed><course>146.070288</course><hAcc>2.483784</hAcc><vAcc>-1.000000</vAcc></extensions></trkpt>
      <trkpt lon="112.926422" lat="28.180913"><ele>0.000000</ele><time>2026-01-01T03:49:11Z</time><extensions><speed>0.692138</speed><course>146.070325</course><hAcc>2.483855</hAcc><vAcc>-1.000000</vAcc></extensions></trkpt>
      <trkpt lon="112.926425" lat="28.180907"><ele>0.000000</ele><time>2026-01-01T03:49:12Z</time><extensions><speed>0.692116</speed><course>146.070357</course><hAcc>2.483927</hAcc><vAcc>-1.000000</vAcc></extensions></trkpt>
      <trkpt lon="112.926429" lat="28.180902"><ele>0.000000</ele><time>2026-01-01T03:49:13Z</time><extensions><speed>0.692094</speed><course>146.070382</course><hAcc>2.483999</hAcc><vAcc>-1.000000</vAcc></extensions></trkpt>
      <trkpt lon="112.926433" lat="28.180897"><ele>0.000000</ele><time>2026-01-01T03:49:14Z</time><extensions><speed>0.692071</speed><course>146.070399</course><hAcc>2.484070</hAcc><vAcc>-1.000000</vAcc></extensions></trkpt>
      <trkpt lon="112.926437" lat="28.180892"><ele>0.000000</ele><time>2026-01-01T03:49:15Z</time><extensions><speed>0.692048</speed><course>146.070410</course><hAcc>2.484141</hAcc><vAcc>-1.000000</vAcc></extensions></trkpt>
      <trkpt lon="112.926441" lat="28.180887"><ele>0.000000</ele><time>2026-01-01T03:49:16Z</time><extensions><speed>0.692026</speed><course>146.070416</course><hAcc>2.484213</hAcc><vAcc>-1.000000</vAcc></extensions></trkpt>
      <trkpt lon="112.926445" lat="28.180881"><ele>0.000000</ele><time>2026-01-01T03:49:17Z</time><extensions><speed>0.692003</speed><course>146.070418</course><hAcc>2.484284</hAcc><vAcc>-1.000000</vAcc></extensions></trkpt>
      <trkpt lon="112.926449" lat="28.180876"><ele>0.000000</ele><time>2026-01-01T03:49:18Z</time><extensions><speed>0.691980</speed><course>146.070418</course><hAcc>2.484355</hAcc><vAcc>-1.000000</vAcc></extensions></trkpt>
      <trkpt lon="112.926453" lat="28.180871"><ele>0.000000</ele><time>2026-01-01T03:49:19Z</time><extensions><speed>0.691957</speed><course>146.070417</course><hAcc>2.484427</hAcc><vAcc>-1.000000</vAcc></extensions></trkpt>
      <trkpt lon="112.926457" lat="28.180866"><ele>0.000000</ele><time>2026-01-01T03:49:20Z</time><extensions><speed>0.691934</speed><course>146.070416</course><hAcc>2.484498</hAcc><vAcc>-1.000000</vAcc></extensions></trkpt>
      <trkpt lon="112.926461" lat="28.180861"><ele>0.000000</ele><time>2026-01-01T03:49:21Z</time><extensions><speed>0.691910</speed><course>146.070414</course><hAcc>2.484569</hAcc><vAcc>-1.000000</vAcc></extensions></trkpt>
      <trkpt lon="112.926465" lat="28.180855"><ele>0.000000</ele><time>2026-01-01T03:49:22Z</time><extensions><speed>0.691887</speed><course>146.070413</course><hAcc>2.484640</hAcc><vAcc>-1.000000</vAcc></extensions></trkpt>
      <trkpt lon="112.926469" lat="28.180850"><ele>0.000000</ele><time>2026-01-01T03:49:23Z</time><extensions><speed>0.691864</speed><course>146.070411</course><hAcc>2.484711</hAcc><vAcc>-1.000000</vAcc></extensions></trkpt>
      <trkpt lon="112.926473" lat="28.180845"><ele>0.000000</ele><time>2026-01-01T03:49:24Z</time><extensions><speed>0.691841</speed><course>146.070410</course><hAcc>2.484781</hAcc><vAcc>-1.000000</vAcc></extensions></trkpt>
      <trkpt lon="112.926477" lat="28.180840"><ele>0.000000</ele><time>2026-01-01T03:49:25Z</time><extensions><speed>0.691818</speed><course>146.070408</course><hAcc>2.484852</hAcc><vAcc>-1.000000</vAcc></extensions></trkpt>
      <trkpt lon="112.926481" lat="28.180835"><ele>0.000000</ele><time>2026-01-01T03:49:26Z</time><extensions><speed>0.691795</speed><course>146.070407</course><hAcc>2.484923</hAcc><vAcc>-1.000000</vAcc></extensions></trkpt>
      <trkpt lon="112.926485" lat="28.180829"><ele>0.000000</ele><time>2026-01-01T03:49:27Z</time><extensions><speed>0.691772</speed><course>146.070406</course><hAcc>2.484994</hAcc><vAcc>-1.000000</vAcc></extensions></trkpt>
      <trkpt lon="112.926489" lat="28.180824"><ele>0.000000</ele><time>2026-01-01T03:49:28Z</time><extensions><speed>0.691749</speed><course>146.070405</course><hAcc>2.485064</hAcc><vAcc>-1.000000</vAcc></extensions></trkpt>
      <trkpt lon="112.926493" lat="28.180819"><ele>0.000000</ele><time>2026-01-01T03:49:29Z</time><extensions><speed>0.691726</speed><course>146.070405</course><hAcc>2.485135</hAcc><vAcc>-1.000000</vAcc></extensions></trkpt>
      <trkpt lon="112.926497" lat="28.180814"><ele>0.000000</ele><time>2026-01-01T03:49:30Z</time><extensions><speed>0.691703</speed><course>146.070404</course><hAcc>2.485205</hAcc><vAcc>-1.000000</vAcc></extensions></trkpt>
      <trkpt lon="112.926500" lat="28.180809"><ele>0.000000</ele><time>2026-01-01T03:49:31Z</time><extensions><speed>0.691680</speed><course>146.070403</course><hAcc>2.485276</hAcc><vAcc>-1.000000</vAcc></extensions></trkpt>
      <trkpt lon="112.926504" lat="28.180803"><ele>0.000000</ele><time>2026-01-01T03:49:32Z</time><extensions><speed>0.691657</speed><course>146.070402</course><hAcc>2.485346</hAcc><vAcc>-1.000000</vAcc></extensions></trkpt>
      <trkpt lon="112.926508" lat="28.180798"><ele>0.000000</ele><time>2026-01-01T03:49:33Z</time><extensions><speed>0.691634</speed><course>146.070401</course><hAcc>2.485417</hAcc><vAcc>-1.000000</vAcc></extensions></trkpt>
      <trkpt lon="112.926512" lat="28.180793"><ele>0.000000</ele><time>2026-01-01T03:49:34Z</time><extensions><speed>0.691611</speed><course>146.070400</course><hAcc>2.485487</hAcc><vAcc>-1.000000</vAcc></extensions></trkpt>
      <trkpt lon="112.926516" lat="28.180788"><ele>0.000000</ele><time>2026-01-01T03:49:35Z</time><extensions><speed>0.692109</speed><course>146.151292</course><hAcc>2.485557</hAcc><vAcc>-1.000000</vAcc></extensions></trkpt>
      <trkpt lon="112.926520" lat="28.180782"><ele>0.000000</ele><time>2026-01-01T03:49:36Z</time><extensions><speed>0.692098</speed><course>146.253638</course><hAcc>2.485627</hAcc><vAcc>-1.000000</vAcc></extensions></trkpt>
      <trkpt lon="112.926524" lat="28.180777"><ele>0.000000</ele><time>2026-01-01T03:49:37Z</time><extensions><speed>0.691471</speed><course>146.360268</course><hAcc>2.485697</hAcc><vAcc>-1.000000</vAcc></extensions></trkpt>
      <trkpt lon="112.926528" lat="28.180772"><ele>0.000000</ele><time>2026-01-01T03:49:38Z</time><extensions><speed>0.690051</speed><course>146.447474</course><hAcc>2.485767</hAcc><vAcc>-1.000000</vAcc></extensions></trkpt>
      <trkpt lon="112.926532" lat="28.180767"><ele>0.000000</ele><time>2026-01-01T03:49:39Z</time><extensions><speed>0.687603</speed><course>146.477768</course><hAcc>2.485837</hAcc><vAcc>-1.000000</vAcc></extensions></trkpt>
      <trkpt lon="112.926536" lat="28.180762"><ele>0.000000</ele><time>2026-01-01T03:49:40Z</time><extensions><speed>0.683887</speed><course>146.392008</course><hAcc>2.485907</hAcc><vAcc>-1.000000</vAcc></extensions></trkpt>
      <trkpt lon="112.926540" lat="28.180757"><ele>0.000000</ele><time>2026-01-01T03:49:41Z</time><extensions><speed>0.678769</speed><course>146.101796</course><hAcc>2.485977</hAcc><vAcc>-1.000000</vAcc></extensions></trkpt>
      <trkpt lon="112.926544" lat="28.180751"><ele>0.000000</ele><time>2026-01-01T03:49:42Z</time><extensions><speed>0.672425</speed><course>145.484664</course><hAcc>2.486047</hAcc><vAcc>-1.000000</vAcc></extensions></trkpt>
      <trkpt lon="112.926547" lat="28.180747"><ele>0.000000</ele><time>2026-01-01T03:49:43Z</time><extensions><speed>0.665670</speed><course>144.388302</course><hAcc>2.486117</hAcc><vAcc>-1.000000</vAcc></extensions></trkpt>
      <trkpt lon="112.926552" lat="28.180742"><ele>0.000000</ele><time>2026-01-01T03:49:44Z</time><extensions><speed>0.660439</speed><course>142.657401</course><hAcc>2.486186</hAcc><vAcc>-1.000000</vAcc></extensions></trkpt>
      <trkpt lon="112.926556" lat="28.180737"><ele>0.000000</ele><time>2026-01-01T03:49:45Z</time><extensions><speed>0.660343</speed><course>140.206401</course><hAcc>2.486256</hAcc><vAcc>-1.000000</vAcc></extensions></trkpt>
      <trkpt lon="112.926560" lat="28.180732"><ele>0.000000</ele><time>2026-01-01T03:49:46Z</time><extensions><speed>0.665429</speed><course>138.448629</course><hAcc>2.486326</hAcc><vAcc>-1.000000</vAcc></extensions></trkpt>
      <trkpt lon="112.926565" lat="28.180728"><ele>0.000000</ele><time>2026-01-01T03:49:47Z</time><extensions><speed>0.672082</speed><course>137.315945</course><hAcc>2.486395</hAcc><vAcc>-1.000000</vAcc></extensions></trkpt>
      <trkpt lon="112.926569" lat="28.180723"><ele>0.000000</ele><time>2026-01-01T03:49:48Z</time><extensions><speed>0.678807</speed><course>136.758973</course><hAcc>2.486465</hAcc><vAcc>-1.000000</vAcc></extensions></trkpt>
      <trkpt lon="112.926574" lat="28.180719"><ele>0.000000</ele><time>2026-01-01T03:49:49Z</time><extensions><speed>0.684174</speed><course>136.566848</course><hAcc>2.486534</hAcc><vAcc>-1.000000</vAcc></extensions></trkpt>
      <trkpt lon="112.926579" lat="28.180714"><ele>0.000000</ele><time>2026-01-01T03:49:50Z</time><extensions><speed>0.687435</speed><course>136.606814</course><hAcc>2.486603</hAcc><vAcc>-1.000000</vAcc></extensions></trkpt>
      <trkpt lon="112.926584" lat="28.180710"><ele>0.000000</ele><time>2026-01-01T03:49:51Z</time><extensions><speed>0.689213</speed><course>136.847115</course><hAcc>2.486673</hAcc><vAcc>-1.000000</vAcc></extensions></trkpt>
      <trkpt lon="112.926589" lat="28.180705"><ele>0.000000</ele><time>2026-01-01T03:49:52Z</time><extensions><speed>0.688820</speed><course>137.139645</course><hAcc>2.486742</hAcc><vAcc>-1.000000</vAcc></extensions></trkpt>
      <trkpt lon="112.926593" lat="28.180701"><ele>0.000000</ele><time>2026-01-01T03:49:53Z</time><extensions><speed>0.685629</speed><course>137.381860</course><hAcc>2.486811</hAcc><vAcc>-1.000000</vAcc></extensions></trkpt>
      <trkpt lon="112.926598" lat="28.180696"><ele>0.000000</ele><time>2026-01-01T03:49:54Z</time><extensions><speed>0.679334</speed><course>137.426272</course><hAcc>2.486880</hAcc><vAcc>-1.000000</vAcc></extensions></trkpt>
      <trkpt lon="112.926603" lat="28.180692"><ele>0.000000</ele><time>2026-01-01T03:49:55Z</time><extensions><speed>0.669696</speed><course>137.066439</course><hAcc>2.486949</hAcc><vAcc>-1.000000</vAcc></extensions></trkpt>
      <trkpt lon="112.926608" lat="28.180687"><ele>0.000000</ele><time>2026-01-01T03:49:56Z</time><extensions><speed>0.656961</speed><course>136.006150</course><hAcc>2.487018</hAcc><vAcc>-1.000000</vAcc></extensions></trkpt>
      <trkpt lon="112.926612" lat="28.180683"><ele>0.000000</ele><time>2026-01-01T03:49:57Z</time><extensions><speed>0.642708</speed><course>133.843075</course><hAcc>2.487087</hAcc><vAcc>-1.000000</vAcc></extensions></trkpt>
      <trkpt lon="112.926617" lat="28.180679"><ele>0.000000</ele><time>2026-01-01T03:49:58Z</time><extensions><speed>0.632126</speed><course>130.214723</course><hAcc>2.487156</hAcc><vAcc>-1.000000</vAcc></extensions></trkpt>
      <trkpt lon="112.926622" lat="28.180676"><ele>0.000000</ele><time>2026-01-01T03:49:59Z</time><extensions><speed>0.627703</speed><course>126.717504</course><hAcc>2.487225</hAcc><vAcc>-1.000000</vAcc></extensions></trkpt>
      <trkpt lon="112.926627" lat="28.180672"><ele>0.000000</ele><time>2026-01-01T03:50:00Z</time><extensions><speed>0.627560</speed><course>123.149043</course><hAcc>2.487293</hAcc><vAcc>-1.000000</vAcc></extensions></trkpt>
      <trkpt lon="112.926633" lat="28.180669"><ele>0.000000</ele><time>2026-01-01T03:50:01Z</time><extensions><speed>0.631959</speed><course>119.171799</course><hAcc>2.487362</hAcc><vAcc>-1.000000</vAcc></extensions></trkpt>
      <trkpt lon="112.926639" lat="28.180667"><ele>0.000000</ele><time>2026-01-01T03:50:02Z</time><extensions><speed>0.640912</speed><course>116.407130</course><hAcc>2.487431</hAcc><vAcc>-1.000000</vAcc></extensions></trkpt>
      <trkpt lon="112.926645" lat="28.180664"><ele>0.000000</ele><time>2026-01-01T03:50:03Z</time><extensions><speed>0.649938</speed><course>114.582441</course><hAcc>2.487499</hAcc><vAcc>-1.000000</vAcc></extensions></trkpt>
      <trkpt lon="112.926651" lat="28.180662"><ele>0.000000</ele><time>2026-01-01T03:50:04Z</time><extensions><speed>0.655543</speed><course>113.296335</course><hAcc>2.487568</hAcc><vAcc>-1.000000</vAcc></extensions></trkpt>
      <trkpt lon="112.926657" lat="28.180660"><ele>0.000000</ele><time>2026-01-01T03:50:05Z</time><extensions><speed>0.656588</speed><course>112.113532</course><hAcc>2.487636</hAcc><vAcc>-1.000000</vAcc></extensions></trkpt>
      <trkpt lon="112.926663" lat="28.180657"><ele>0.000000</ele><time>2026-01-01T03:50:06Z</time><extensions><speed>0.653737</speed><course>110.601591</course><hAcc>2.487705</hAcc><vAcc>-1.000000</vAcc></extensions></trkpt>
      <trkpt lon="112.926669" lat="28.180655"><ele>0.000000</ele><time>2026-01-01T03:50:07Z</time><extensions><speed>0.649528</speed><course>108.351119</course><hAcc>2.487773</hAcc><vAcc>-1.000000</vAcc></extensions></trkpt>
      <trkpt lon="112.926676" lat="28.180654"><ele>0.000000</ele><time>2026-01-01T03:50:08Z</time><extensions><speed>0.649811</speed><course>105.168230</course><hAcc>2.487841</hAcc><vAcc>-1.000000</vAcc></extensions></trkpt>
      <trkpt lon="112.926682" lat="28.180652"><ele>0.000000</ele><time>2026-01-01T03:50:09Z</time><extensions><speed>0.655455</speed><course>102.931446</course><hAcc>2.487910</hAcc><vAcc>-1.000000</vAcc></extensions></trkpt>
      <trkpt lon="112.926689" lat="28.180651"><ele>0.000000</ele><time>2026-01-01T03:50:10Z</time><extensions><speed>0.663341</speed><course>101.546146</course><hAcc>2.487978</hAcc><vAcc>-1.000000</vAcc></extensions></trkpt>
      <trkpt lon="112.926696" lat="28.180650"><ele>0.000000</ele><time>2026-01-01T03:50:11Z</time><extensions><speed>0.670118</speed><course>100.784374</course><hAcc>2.488046</hAcc><vAcc>-1.000000</vAcc></extensions></trkpt>
      <trkpt lon="112.926702" lat="28.180649"><ele>0.000000</ele><time>2026-01-01T03:50:12Z</time><extensions><speed>0.674085</speed><course>100.392457</course><hAcc>2.488114</hAcc><vAcc>-1.000000</vAcc></extensions></trkpt>
      <trkpt lon="112.926709" lat="28.180648"><ele>0.000000</ele><time>2026-01-01T03:50:13Z</time><extensions><speed>0.675186</speed><course>100.197191</course><hAcc>2.488182</hAcc><vAcc>-1.000000</vAcc></extensions></trkpt>
      <trkpt lon="112.926716" lat="28.180647"><ele>0.000000</ele><time>2026-01-01T03:50:14Z</time><extensions><speed>0.672444</speed><course>99.898159</course><hAcc>2.488250</hAcc><vAcc>-1.000000</vAcc></extensions></trkpt>
      <trkpt lon="112.926723" lat="28.180646"><ele>0.000000</ele><time>2026-01-01T03:50:15Z</time><extensions><speed>0.665879</speed><course>99.270681</course><hAcc>2.488318</hAcc><vAcc>-1.000000</vAcc></extensions></trkpt>
      <trkpt lon="112.926729" lat="28.180645"><ele>0.000000</ele><time>2026-01-01T03:50:16Z</time><extensions><speed>0.656640</speed><course>98.033471</course><hAcc>2.488386</hAcc><vAcc>-1.000000</vAcc></extensions></trkpt>
      <trkpt lon="112.926736" lat="28.180644"><ele>0.000000</ele><time>2026-01-01T03:50:17Z</time><extensions><speed>0.639775</speed><course>96.101135</course><hAcc>2.487754</hAcc><vAcc>-1.000000</vAcc></extensions></trkpt>
      <trkpt lon="112.926742" lat="28.180643"><ele>0.000000</ele><time>2026-01-01T03:50:18Z</time><extensions><speed>0.628404</speed><course>93.343145</course><hAcc>2.486588</hAcc><vAcc>-1.000000</vAcc></extensions></trkpt>
      <trkpt lon="112.926749" lat="28.180643"><ele>0.000000</ele><time>2026-01-01T03:50:19Z</time><extensions><speed>0.625820</speed><course>91.031664</course><hAcc>2.483964</hAcc><vAcc>-1.000000</vAcc></extensions></trkpt>
      <trkpt lon="112.926755" lat="28.180643"><ele>0.000000</ele><time>2026-01-01T03:50:20Z</time><extensions><speed>0.625931</speed><course>89.205339</course><hAcc>2.476978</hAcc><vAcc>-1.000000</vAcc></extensions></trkpt>
      <trkpt lon="112.926762" lat="28.180643"><ele>0.000000</ele><time>2026-01-01T03:50:21Z</time><extensions><speed>0.635453</speed><course>87.128664</course><hAcc>2.460353</hAcc><vAcc>-1.000000</vAcc></extensions></trkpt>
      <trkpt lon="112.926769" lat="28.180644"><ele>0.000000</ele><time>2026-01-01T03:50:22Z</time><extensions><speed>0.663183</speed><course>84.253084</course><hAcc>2.424959</hAcc><vAcc>-1.000000</vAcc></extensions></trkpt>
      <trkpt lon="112.926776" lat="28.180645"><ele>0.000000</ele><time>2026-01-01T03:50:23Z</time><extensions><speed>0.723435</speed><course>80.334767</course><hAcc>2.358454</hAcc><vAcc>-1.000000</vAcc></extensions></trkpt>
      <trkpt lon="112.926784" lat="28.180647"><ele>0.000000</ele><time>2026-01-01T03:50:24Z</time><extensions><speed>0.824042</speed><course>76.868144</course><hAcc>2.251613</hAcc><vAcc>-1.000000</vAcc></extensions></trkpt>
      <trkpt lon="112.926793" lat="28.180649"><ele>0.000000</ele><time>2026-01-01T03:50:25Z</time><extensions><speed>0.955517</speed><course>74.281722</course><hAcc>2.111082</hAcc><vAcc>-1.000000</vAcc></extensions></trkpt>
      <trkpt lon="112.926803" lat="28.180652"><ele>0.000000</ele><time>2026-01-01T03:50:26Z</time><extensions><speed>1.077454</speed><course>73.198855</course><hAcc>1.995083</hAcc><vAcc>-1.000000</vAcc></extensions></trkpt>
      <trkpt lon="112.926811" lat="28.180654"><ele>0.000000</ele><time>2026-01-01T03:50:26Z</time><extensions><speed>1.139888</speed><course>72.965199</course><hAcc>1.952761</hAcc><vAcc>-1.000000</vAcc></extensions></trkpt>
      <trkpt lon="112.926822" lat="28.180657"><ele>0.000000</ele><time>2026-01-01T03:50:27Z</time><extensions><speed>1.125728</speed><course>69.617742</course><hAcc>1.945508</hAcc><vAcc>-1.000000</vAcc></extensions></trkpt>
      <trkpt lon="112.926831" lat="28.180660"><ele>0.000000</ele><time>2026-01-01T03:50:28Z</time><extensions><speed>0.746903</speed><course>67.952227</course><hAcc>1.932479</hAcc><vAcc>-1.000000</vAcc></extensions></trkpt>
      <trkpt lon="112.926836" lat="28.180662"><ele>0.000000</ele><time>2026-01-01T03:50:29Z</time><extensions><speed>0.325878</speed><course>63.561284</course><hAcc>1.930838</hAcc><vAcc>-1.000000</vAcc></extensions></trkpt>
      <trkpt lon="112.926839" lat="28.180664"><ele>0.000000</ele><time>2026-01-01T03:50:30Z</time><extensions><speed>0.450219</speed><course>50.682543</course><hAcc>1.915104</hAcc><vAcc>-1.000000</vAcc></extensions></trkpt>
      <trkpt lon="112.926843" lat="28.180667"><ele>0.000000</ele><time>2026-01-01T03:50:31Z</time><extensions><speed>0.469644</speed><course>48.753744</course><hAcc>1.920154</hAcc><vAcc>-1.000000</vAcc></extensions></trkpt>
      <trkpt lon="112.926847" lat="28.180670"><ele>0.000000</ele><time>2026-01-01T03:50:32Z</time><extensions><speed>0.477812</speed><course>48.204693</course><hAcc>1.944446</hAcc><vAcc>-1.000000</vAcc></extensions></trkpt>
      <trkpt lon="112.926852" lat="28.180674"><ele>0.000000</ele><time>2026-01-01T03:50:34Z</time><extensions><speed>0.688021</speed><course>47.910464</course><hAcc>2.007234</hAcc><vAcc>-1.000000</vAcc></extensions></trkpt>
      <trkpt lon="112.926858" lat="28.180679"><ele>0.000000</ele><time>2026-01-01T03:50:35Z</time><extensions><speed>0.887665</speed><course>47.421842</course><hAcc>2.118580</hAcc><vAcc>-1.000000</vAcc></extensions></trkpt>
      <trkpt lon="112.926865" lat="28.180684"><ele>0.000000</ele><time>2026-01-01T03:50:36Z</time><extensions><speed>0.915890</speed><course>45.010236</course><hAcc>2.287502</hAcc><vAcc>-1.000000</vAcc></extensions></trkpt>
      <trkpt lon="112.926871" lat="28.180691"><ele>0.000000</ele><time>2026-01-01T03:50:37Z</time><extensions><speed>0.937670</speed><course>42.502773</course><hAcc>2.829292</hAcc><vAcc>-1.000000</vAcc></extensions></trkpt>
      <trkpt lon="112.926878" lat="28.180697"><ele>0.000000</ele><time>2026-01-01T03:50:38Z</time><extensions><speed>0.954324</speed><course>40.697192</course><hAcc>3.603276</hAcc><vAcc>-1.000000</vAcc></extensions></trkpt>
      <trkpt lon="112.926884" lat="28.180704"><ele>0.000000</ele><time>2026-01-01T03:50:39Z</time><extensions><speed>0.966117</speed><course>39.386922</course><hAcc>4.426927</hAcc><vAcc>-1.000000</vAcc></extensions></trkpt>
      <trkpt lon="112.926890" lat="28.180711"><ele>0.000000</ele><time>2026-01-01T03:50:40Z</time><extensions><speed>0.973702</speed><course>38.429675</course><hAcc>5.206505</hAcc><vAcc>-1.000000</vAcc></extensions></trkpt>
      <trkpt lon="112.926897" lat="28.180718"><ele>0.000000</ele><time>2026-01-01T03:50:41Z</time><extensions><speed>0.977846</speed><course>37.726774</course><hAcc>5.904251</hAcc><vAcc>-1.000000</vAcc></extensions></trkpt>
      <trkpt lon="112.926903" lat="28.180725"><ele>0.000000</ele><time>2026-01-01T03:50:42Z</time><extensions><speed>0.979292</speed><course>37.208962</course><hAcc>6.509330</hAcc><vAcc>-1.000000</vAcc></extensions></trkpt>
      <trkpt lon="112.926909" lat="28.180732"><ele>0.000000</ele><time>2026-01-01T03:50:43Z</time><extensions><speed>0.978703</speed><course>36.826974</course><hAcc>7.023540</hAcc><vAcc>-1.000000</vAcc></extensions></trkpt>
      <trkpt lon="112.926915" lat="28.180739"><ele>0.000000</ele><time>2026-01-01T03:50:44Z</time><extensions><speed>0.976634</speed><course>36.545317</course><hAcc>7.454391</hAcc><vAcc>-1.000000</vAcc></extensions></trkpt>
      <trkpt lon="112.926921" lat="28.180747"><ele>0.000000</ele><time>2026-01-01T03:50:45Z</time><extensions><speed>0.973534</speed><course>36.338125</course><hAcc>7.811630</hAcc><vAcc>-1.000000</vAcc></extensions></trkpt>
      <trkpt lon="112.926927" lat="28.180754"><ele>0.000000</ele><time>2026-01-01T03:50:46Z</time><extensions><speed>0.969760</speed><course>36.186368</course><hAcc>8.105438</hAcc><vAcc>-1.000000</vAcc></extensions></trkpt>
      <trkpt lon="112.926933" lat="28.180761"><ele>0.000000</ele><time>2026-01-01T03:50:47Z</time><extensions><speed>0.965581</speed><course>36.075940</course><hAcc>8.345515</hAcc><vAcc>-1.000000</vAcc></extensions></trkpt>
      <trkpt lon="112.926939" lat="28.180769"><ele>0.000000</ele><time>2026-01-01T03:50:48Z</time><extensions><speed>0.961203</speed><course>35.996322</course><hAcc>8.540647</hAcc><vAcc>-1.000000</vAcc></extensions></trkpt>
      <trkpt lon="112.926945" lat="28.180776"><ele>0.000000</ele><time>2026-01-01T03:50:49Z</time><extensions><speed>0.956773</speed><course>35.939641</course><hAcc>8.698549</hAcc><vAcc>-1.000000</vAcc></extensions></trkpt>
      <trkpt lon="112.926951" lat="28.180783"><ele>0.000000</ele><time>2026-01-01T03:50:50Z</time><extensions><speed>0.952399</speed><course>35.899988</course><hAcc>8.825845</hAcc><vAcc>-1.000000</vAcc></extensions></trkpt>
      <trkpt lon="112.926957" lat="28.180790"><ele>0.000000</ele><time>2026-01-01T03:50:51Z</time><extensions><speed>0.948151</speed><course>35.872921</course><hAcc>8.928137</hAcc><vAcc>-1.000000</vAcc></extensions></trkpt>
      <trkpt lon="112.926963" lat="28.180797"><ele>0.000000</ele><time>2026-01-01T03:50:52Z</time><extensions><speed>0.944078</speed><course>35.855105</course><hAcc>9.010105</hAcc><vAcc>-1.000000</vAcc></extensions></trkpt>
      <trkpt lon="112.926968" lat="28.180805"><ele>0.000000</ele><time>2026-01-01T03:50:53Z</time><extensions><speed>0.940207</speed><course>35.844033</course><hAcc>9.075624</hAcc><vAcc>-1.000000</vAcc></extensions></trkpt>
      <trkpt lon="112.926974" lat="28.180812"><ele>0.000000</ele><time>2026-01-01T03:50:54Z</time><extensions><speed>0.936553</speed><course>35.837830</course><hAcc>9.127876</hAcc><vAcc>-1.000000</vAcc></extensions></trkpt>
      <trkpt lon="112.926980" lat="28.180819"><ele>0.000000</ele><time>2026-01-01T03:50:55Z</time><extensions><speed>0.933120</speed><course>35.835094</course><hAcc>9.169461</hAcc><vAcc>-1.000000</vAcc></extensions></trkpt>
      <trkpt lon="112.926986" lat="28.180826"><ele>0.000000</ele><time>2026-01-01T03:50:56Z</time><extensions><speed>0.929906</speed><course>35.834781</course><hAcc>9.202493</hAcc><vAcc>-1.000000</vAcc></extensions></trkpt>
      <trkpt lon="112.926992" lat="28.180833"><ele>0.000000</ele><time>2026-01-01T03:50:57Z</time><extensions><speed>0.926903</speed><course>35.836121</course><hAcc>9.228678</hAcc><vAcc>-1.000000</vAcc></extensions></trkpt>
      <trkpt lon="112.926997" lat="28.180840"><ele>0.000000</ele><time>2026-01-01T03:50:58Z</time><extensions><speed>0.921776</speed><course>35.838431</course><hAcc>9.249397</hAcc><vAcc>-1.000000</vAcc></extensions></trkpt>
      <trkpt lon="112.927003" lat="28.180846"><ele>0.000000</ele><time>2026-01-01T03:50:59Z</time><extensions><speed>0.913011</speed><course>35.841252</course><hAcc>9.265756</hAcc><vAcc>-1.000000</vAcc></extensions></trkpt>
      <trkpt lon="112.927009" lat="28.180854"><ele>0.000000</ele><time>2026-01-01T03:51:00Z</time><extensions><speed>0.904512</speed><course>36.267608</course><hAcc>9.278643</hAcc><vAcc>-1.000000</vAcc></extensions></trkpt>
      <trkpt lon="112.927014" lat="28.180861"><ele>0.000000</ele><time>2026-01-01T03:51:01Z</time><extensions><speed>0.892145</speed><course>36.716772</course><hAcc>9.288769</hAcc><vAcc>-1.000000</vAcc></extensions></trkpt>
      <trkpt lon="112.927020" lat="28.180868"><ele>0.000000</ele><time>2026-01-01T03:51:02Z</time><extensions><speed>0.874657</speed><course>37.335104</course><hAcc>9.296702</hAcc><vAcc>-1.000000</vAcc></extensions></trkpt>
      <trkpt lon="112.927025" lat="28.180874"><ele>0.000000</ele><time>2026-01-01T03:51:03Z</time><extensions><speed>0.850338</speed><course>38.330899</course><hAcc>9.302893</hAcc><vAcc>-1.000000</vAcc></extensions></trkpt>
      <trkpt lon="112.927031" lat="28.180880"><ele>0.000000</ele><time>2026-01-01T03:51:04Z</time><extensions><speed>0.817865</speed><course>39.852484</course><hAcc>9.307702</hAcc><vAcc>-1.000000</vAcc></extensions></trkpt>
      <trkpt lon="112.927036" lat="28.180886"><ele>0.000000</ele><time>2026-01-01T03:51:05Z</time><extensions><speed>0.775636</speed><course>42.153761</course><hAcc>9.311417</hAcc><vAcc>-1.000000</vAcc></extensions></trkpt>
      <trkpt lon="112.927042" lat="28.180891"><ele>0.000000</ele><time>2026-01-01T03:51:06Z</time><extensions><speed>0.722087</speed><course>45.683247</course><hAcc>9.314264</hAcc><vAcc>-1.000000</vAcc></extensions></trkpt>
      <trkpt lon="112.927047" lat="28.180895"><ele>0.000000</ele><time>2026-01-01T03:51:07Z</time><extensions><speed>0.656679</speed><course>51.271782</course><hAcc>9.316424</hAcc><vAcc>-1.000000</vAcc></extensions></trkpt>
      <trkpt lon="112.927053" lat="28.180898"><ele>0.000000</ele><time>2026-01-01T03:51:08Z</time><extensions><speed>0.582859</speed><course>60.511684</course><hAcc>9.318039</hAcc><vAcc>-1.000000</vAcc></extensions></trkpt>
      <trkpt lon="112.927058" lat="28.180899"><ele>0.000000</ele><time>2026-01-01T03:51:09Z</time><extensions><speed>0.516311</speed><course>76.236517</course><hAcc>9.319224</hAcc><vAcc>-1.000000</vAcc></extensions></trkpt>
      <trkpt lon="112.927063" lat="28.180899"><ele>0.000000</ele><time>2026-01-01T03:51:10Z</time><extensions><speed>0.502859</speed><course>100.898562</course><hAcc>9.320069</hAcc><vAcc>-1.000000</vAcc></extensions></trkpt>
      <trkpt lon="112.927068" lat="28.180897"><ele>0.000000</ele><time>2026-01-01T03:51:11Z</time><extensions><speed>0.551928</speed><course>117.930818</course><hAcc>9.320644</hAcc><vAcc>-1.000000</vAcc></extensions></trkpt>
      <trkpt lon="112.927074" lat="28.180894"><ele>0.000000</ele><time>2026-01-01T03:51:12Z</time><extensions><speed>0.615505</speed><course>128.301051</course><hAcc>9.321006</hAcc><vAcc>-1.000000</vAcc></extensions></trkpt>
      <trkpt lon="112.927079" lat="28.180890"><ele>0.000000</ele><time>2026-01-01T03:51:13Z</time><extensions><speed>0.674391</speed><course>134.662326</course><hAcc>9.321199</hAcc><vAcc>-1.000000</vAcc></extensions></trkpt>
      <trkpt lon="112.927084" lat="28.180885"><ele>0.000000</ele><time>2026-01-01T03:51:14Z</time><extensions><speed>0.723403</speed><course>138.722930</course><hAcc>9.321259</hAcc><vAcc>-1.000000</vAcc></extensions></trkpt>
      <trkpt lon="112.927089" lat="28.180879"><ele>0.000000</ele><time>2026-01-01T03:51:15Z</time><extensions><speed>0.762372</speed><course>141.415979</course><hAcc>9.321213</hAcc><vAcc>-1.000000</vAcc></extensions></trkpt>
      <trkpt lon="112.927094" lat="28.180873"><ele>0.000000</ele><time>2026-01-01T03:51:16Z</time><extensions><speed>0.792631</speed><course>143.256248</course><hAcc>9.321085</hAcc><vAcc>-1.000000</vAcc></extensions></trkpt>
      <trkpt lon="112.927099" lat="28.180867"><ele>0.000000</ele><time>2026-01-01T03:51:17Z</time><extensions><speed>0.815793</speed><course>144.541637</course><hAcc>9.320890</hAcc><vAcc>-1.000000</vAcc></extensions></trkpt>
      <trkpt lon="112.927104" lat="28.180861"><ele>0.000000</ele><time>2026-01-01T03:51:18Z</time><extensions><speed>0.833343</speed><course>145.453490</course><hAcc>9.320643</hAcc><vAcc>-1.000000</vAcc></extensions></trkpt>
      <trkpt lon="112.927109" lat="28.180854"><ele>0.000000</ele><time>2026-01-01T03:51:19Z</time><extensions><speed>0.846527</speed><course>146.107223</course><hAcc>9.320354</hAcc><vAcc>-1.000000</vAcc></extensions></trkpt>
      <trkpt lon="112.927114" lat="28.180847"><ele>0.000000</ele><time>2026-01-01T03:51:20Z</time><extensions><speed>0.856351</speed><course>146.579052</course><hAcc>9.320033</hAcc><vAcc>-1.000000</vAcc></extensions></trkpt>
      <trkpt lon="112.927119" lat="28.180840"><ele>0.000000</ele><time>2026-01-01T03:51:21Z</time><extensions><speed>0.863602</speed><course>146.920819</course><hAcc>9.319687</hAcc><vAcc>-1.000000</vAcc></extensions></trkpt>
      <trkpt lon="112.927124" lat="28.180833"><ele>0.000000</ele><time>2026-01-01T03:51:22Z</time><extensions><speed>0.868893</speed><course>147.168612</course><hAcc>9.319319</hAcc><vAcc>-1.000000</vAcc></extensions></trkpt>
      <trkpt lon="112.927130" lat="28.180826"><ele>0.000000</ele><time>2026-01-01T03:51:23Z</time><extensions><speed>0.872693</speed><course>147.348015</course><hAcc>9.318936</hAcc><vAcc>-1.000000</vAcc></extensions></trkpt>
      <trkpt lon="112.927135" lat="28.180819"><ele>0.000000</ele><time>2026-01-01T03:51:24Z</time><extensions><speed>0.875364</speed><course>147.477411</course><hAcc>9.318540</hAcc><vAcc>-1.000000</vAcc></extensions></trkpt>
      <trkpt lon="112.927140" lat="28.180812"><ele>0.000000</ele><time>2026-01-01T03:51:25Z</time><extensions><speed>0.877179</speed><course>147.570146</course><hAcc>9.318133</hAcc><vAcc>-1.000000</vAcc></extensions></trkpt>
      <trkpt lon="112.927145" lat="28.180805"><ele>0.000000</ele><time>2026-01-01T03:51:26Z</time><extensions><speed>0.878346</speed><course>147.635984</course><hAcc>9.317718</hAcc><vAcc>-1.000000</vAcc></extensions></trkpt>
      <trkpt lon="112.927150" lat="28.180798"><ele>0.000000</ele><time>2026-01-01T03:51:27Z</time><extensions><speed>0.879023</speed><course>147.682104</course><hAcc>9.317297</hAcc><vAcc>-1.000000</vAcc></extensions></trkpt>
      <trkpt lon="112.927155" lat="28.180791"><ele>0.000000</ele><time>2026-01-01T03:51:28Z</time><extensions><speed>0.879331</speed><course>147.713801</course><hAcc>9.316871</hAcc><vAcc>-1.000000</vAcc></extensions></trkpt>
      <trkpt lon="112.927160" lat="28.180784"><ele>0.000000</ele><time>2026-01-01T03:51:29Z</time><extensions><speed>0.879359</speed><course>147.734991</course><hAcc>9.316441</hAcc><vAcc>-1.000000</vAcc></extensions></trkpt>
      <trkpt lon="112.927165" lat="28.180777"><ele>0.000000</ele><time>2026-01-01T03:51:30Z</time><extensions><speed>0.879176</speed><course>147.748573</course><hAcc>9.316007</hAcc><vAcc>-1.000000</vAcc></extensions></trkpt>
      <trkpt lon="112.927170" lat="28.180769"><ele>0.000000</ele><time>2026-01-01T03:51:31Z</time><extensions><speed>0.878833</speed><course>147.756686</course><hAcc>9.315571</hAcc><vAcc>-1.000000</vAcc></extensions></trkpt>
      <trkpt lon="112.927175" lat="28.180762"><ele>0.000000</ele><time>2026-01-01T03:51:32Z</time><extensions><speed>0.878371</speed><course>147.760913</course><hAcc>9.315133</hAcc><vAcc>-1.000000</vAcc></extensions></trkpt>
      <trkpt lon="112.927181" lat="28.180755"><ele>0.000000</ele><time>2026-01-01T03:51:33Z</time><extensions><speed>0.877817</speed><course>147.762418</course><hAcc>9.314693</hAcc><vAcc>-1.000000</vAcc></extensions></trkpt>
      <trkpt lon="112.927186" lat="28.180748"><ele>0.000000</ele><time>2026-01-01T03:51:34Z</time><extensions><speed>0.877195</speed><course>147.762056</course><hAcc>9.314251</hAcc><vAcc>-1.000000</vAcc></extensions></trkpt>
      <trkpt lon="112.927191" lat="28.180741"><ele>0.000000</ele><time>2026-01-01T03:51:35Z</time><extensions><speed>0.876521</speed><course>147.760450</course><hAcc>9.313809</hAcc><vAcc>-1.000000</vAcc></extensions></trkpt>
      <trkpt lon="112.927196" lat="28.180733"><ele>0.000000</ele><time>2026-01-01T03:51:36Z</time><extensions><speed>0.875808</speed><course>147.758052</course><hAcc>9.313365</hAcc><vAcc>-1.000000</vAcc></extensions></trkpt>
      <trkpt lon="112.927201" lat="28.180726"><ele>0.000000</ele><time>2026-01-01T03:51:37Z</time><extensions><speed>0.875065</speed><course>147.755187</course><hAcc>9.312921</hAcc><vAcc>-1.000000</vAcc></extensions></trkpt>
      <trkpt lon="112.927206" lat="28.180719"><ele>0.000000</ele><time>2026-01-01T03:51:38Z</time><extensions><speed>0.874299</speed><course>147.752086</course><hAcc>9.312476</hAcc><vAcc>-1.000000</vAcc></extensions></trkpt>
      <trkpt lon="112.927211" lat="28.180712"><ele>0.000000</ele><time>2026-01-01T03:51:39Z</time><extensions><speed>0.873517</speed><course>147.748910</course><hAcc>9.312031</hAcc><vAcc>-1.000000</vAcc></extensions></trkpt>
      <trkpt lon="112.927216" lat="28.180705"><ele>0.000000</ele><time>2026-01-01T03:51:40Z</time><extensions><speed>0.872722</speed><course>147.745770</course><hAcc>9.311585</hAcc><vAcc>-1.000000</vAcc></extensions></trkpt>
      <trkpt lon="112.927221" lat="28.180698"><ele>0.000000</ele><time>2026-01-01T03:51:41Z</time><extensions><speed>0.871916</speed><course>147.742738</course><hAcc>9.311139</hAcc><vAcc>-1.000000</vAcc></extensions></trkpt>
      <trkpt lon="112.927227" lat="28.180690"><ele>0.000000</ele><time>2026-01-01T03:51:42Z</time><extensions><speed>0.871104</speed><course>147.739861</course><hAcc>9.310692</hAcc><vAcc>-1.000000</vAcc></extensions></trkpt>
      <trkpt lon="112.927232" lat="28.180683"><ele>0.000000</ele><time>2026-01-01T03:51:43Z</time><extensions><speed>0.870285</speed><course>147.737166</course><hAcc>9.310245</hAcc><vAcc>-1.000000</vAcc></extensions></trkpt>
      <trkpt lon="112.927237" lat="28.180676"><ele>0.000000</ele><time>2026-01-01T03:51:44Z</time><extensions><speed>0.869462</speed><course>147.734665</course><hAcc>9.309798</hAcc><vAcc>-1.000000</vAcc></extensions></trkpt>
      <trkpt lon="112.927242" lat="28.180669"><ele>0.000000</ele><time>2026-01-01T03:51:45Z</time><extensions><speed>0.868636</speed><course>147.732363</course><hAcc>9.309351</hAcc><vAcc>-1.000000</vAcc></extensions></trkpt>
      <trkpt lon="112.927247" lat="28.180662"><ele>0.000000</ele><time>2026-01-01T03:51:46Z</time><extensions><speed>0.867807</speed><course>147.730257</course><hAcc>9.308903</hAcc><vAcc>-1.000000</vAcc></extensions></trkpt>
      <trkpt lon="112.927252" lat="28.180654"><ele>0.000000</ele><time>2026-01-01T03:51:47Z</time><extensions><speed>0.866976</speed><course>147.728338</course><hAcc>9.308455</hAcc><vAcc>-1.000000</vAcc></extensions></trkpt>
      <trkpt lon="112.927257" lat="28.180647"><ele>0.000000</ele><time>2026-01-01T03:51:48Z</time><extensions><speed>0.866143</speed><course>147.726598</course><hAcc>9.308007</hAcc><vAcc>-1.000000</vAcc></extensions></trkpt>
      <trkpt lon="112.927262" lat="28.180640"><ele>0.000000</ele><time>2026-01-01T03:51:49Z</time><extensions><speed>0.865309</speed><course>147.725024</course><hAcc>9.307558</hAcc><vAcc>-1.000000</vAcc></extensions></trkpt>
      <trkpt lon="112.927267" lat="28.180633"><ele>0.000000</ele><time>2026-01-01T03:51:50Z</time><extensions><speed>0.864474</speed><course>147.723606</course><hAcc>9.307110</hAcc><vAcc>-1.000000</vAcc></extensions></trkpt>
      <trkpt lon="112.927273" lat="28.180626"><ele>0.000000</ele><time>2026-01-01T03:51:51Z</time><extensions><speed>0.863637</speed><course>147.722329</course><hAcc>9.306661</hAcc><vAcc>-1.000000</vAcc></extensions></trkpt>
      <trkpt lon="112.927278" lat="28.180618"><ele>0.000000</ele><time>2026-01-01T03:51:52Z</time><extensions><speed>0.862800</speed><course>147.721182</course><hAcc>9.306212</hAcc><vAcc>-1.000000</vAcc></extensions></trkpt>
      <trkpt lon="112.927283" lat="28.180611"><ele>0.000000</ele><time>2026-01-01T03:51:53Z</time><extensions><speed>0.861962</speed><course>147.720154</course><hAcc>9.305763</hAcc><vAcc>-1.000000</vAcc></extensions></trkpt>
      <trkpt lon="112.927288" lat="28.180604"><ele>0.000000</ele><time>2026-01-01T03:51:54Z</time><extensions><speed>0.861124</speed><course>147.719233</course><hAcc>9.305314</hAcc><vAcc>-1.000000</vAcc></extensions></trkpt>
      <trkpt lon="112.927293" lat="28.180597"><ele>0.000000</ele><time>2026-01-01T03:51:55Z</time><extensions><speed>0.860285</speed><course>147.718409</course><hAcc>9.304864</hAcc><vAcc>-1.000000</vAcc></extensions></trkpt>
      <trkpt lon="112.927298" lat="28.180590"><ele>0.000000</ele><time>2026-01-01T03:51:56Z</time><extensions><speed>0.859446</speed><course>147.717673</course><hAcc>9.304415</hAcc><vAcc>-1.000000</vAcc></extensions></trkpt>
      <trkpt lon="112.927303" lat="28.180583"><ele>0.000000</ele><time>2026-01-01T03:51:57Z</time><extensions><speed>0.858606</speed><course>147.717015</course><hAcc>9.303965</hAcc><vAcc>-1.000000</vAcc></extensions></trkpt>
      <trkpt lon="112.927308" lat="28.180575"><ele>0.000000</ele><time>2026-01-01T03:51:58Z</time><extensions><speed>0.857765</speed><course>147.716429</course><hAcc>9.303515</hAcc><vAcc>-1.000000</vAcc></extensions></trkpt>
      <trkpt lon="112.927314" lat="28.180568"><ele>0.000000</ele><time>2026-01-01T03:51:59Z</time><extensions><speed>0.856924</speed><course>147.715905</course><hAcc>9.303065</hAcc><vAcc>-1.000000</vAcc></extensions></trkpt>
      <trkpt lon="112.927319" lat="28.180561"><ele>0.000000</ele><time>2026-01-01T03:52:00Z</time><extensions><speed>0.856083</speed><course>147.715439</course><hAcc>9.302614</hAcc><vAcc>-1.000000</vAcc></extensions></trkpt>
      <trkpt lon="112.927324" lat="28.180554"><ele>0.000000</ele><time>2026-01-01T03:52:01Z</time><extensions><speed>0.855241</speed><course>147.715024</course><hAcc>9.302164</hAcc><vAcc>-1.000000</vAcc></extensions></trkpt>
      <trkpt lon="112.927329" lat="28.180547"><ele>0.000000</ele><time>2026-01-01T03:52:02Z</time><extensions><speed>0.854399</speed><course>147.714654</course><hAcc>9.301713</hAcc><vAcc>-1.000000</vAcc></extensions></trkpt>
      <trkpt lon="112.927334" lat="28.180539"><ele>0.000000</ele><time>2026-01-01T03:52:03Z</time><extensions><speed>0.853557</speed><course>147.714325</course><hAcc>9.301262</hAcc><vAcc>-1.000000</vAcc></extensions></trkpt>
      <trkpt lon="112.927339" lat="28.180532"><ele>0.000000</ele><time>2026-01-01T03:52:04Z</time><extensions><speed>0.852714</speed><course>147.714033</course><hAcc>9.300811</hAcc><vAcc>-1.000000</vAcc></extensions></trkpt>
      <trkpt lon="112.927344" lat="28.180525"><ele>0.000000</ele><time>2026-01-01T03:52:05Z</time><extensions><speed>0.851871</speed><course>147.713773</course><hAcc>9.300360</hAcc><vAcc>-1.000000</vAcc></extensions></trkpt>
      <trkpt lon="112.927349" lat="28.180518"><ele>0.000000</ele><time>2026-01-01T03:52:06Z</time><extensions><speed>0.851027</speed><course>147.713542</course><hAcc>9.299909</hAcc><vAcc>-1.000000</vAcc></extensions></trkpt>
      <trkpt lon="112.927355" lat="28.180511"><ele>0.000000</ele><time>2026-01-01T03:52:07Z</time><extensions><speed>0.850183</speed><course>147.713337</course><hAcc>9.299457</hAcc><vAcc>-1.000000</vAcc></extensions></trkpt>
      <trkpt lon="112.927360" lat="28.180504"><ele>0.000000</ele><time>2026-01-01T03:52:08Z</time><extensions><speed>0.849338</speed><course>147.713155</course><hAcc>9.299006</hAcc><vAcc>-1.000000</vAcc></extensions></trkpt>
      <trkpt lon="112.927365" lat="28.180496"><ele>0.000000</ele><time>2026-01-01T03:52:09Z</time><extensions><speed>0.848494</speed><course>147.712994</course><hAcc>9.298554</hAcc><vAcc>-1.000000</vAcc></extensions></trkpt>
      <trkpt lon="112.927370" lat="28.180489"><ele>0.000000</ele><time>2026-01-01T03:52:10Z</time><extensions><speed>0.847648</speed><course>147.712851</course><hAcc>9.298102</hAcc><vAcc>-1.000000</vAcc></extensions></trkpt>
      <trkpt lon="112.927375" lat="28.180482"><ele>0.000000</ele><time>2026-01-01T03:52:11Z</time><extensions><speed>0.846803</speed><course>147.712725</course><hAcc>9.297649</hAcc><vAcc>-1.000000</vAcc></extensions></trkpt>
      <trkpt lon="112.927380" lat="28.180475"><ele>0.000000</ele><time>2026-01-01T03:52:12Z</time><extensions><speed>0.845957</speed><course>147.712613</course><hAcc>9.297197</hAcc><vAcc>-1.000000</vAcc></extensions></trkpt>
      <trkpt lon="112.927385" lat="28.180468"><ele>0.000000</ele><time>2026-01-01T03:52:13Z</time><extensions><speed>0.845110</speed><course>147.712514</course><hAcc>9.296745</hAcc><vAcc>-1.000000</vAcc></extensions></trkpt>
      <trkpt lon="112.927390" lat="28.180460"><ele>0.000000</ele><time>2026-01-01T03:52:14Z</time><extensions><speed>0.844264</speed><course>147.712427</course><hAcc>9.296292</hAcc><vAcc>-1.000000</vAcc></extensions></trkpt>
      <trkpt lon="112.927395" lat="28.180453"><ele>0.000000</ele><time>2026-01-01T03:52:15Z</time><extensions><speed>0.843168</speed><course>147.741205</course><hAcc>9.300627</hAcc><vAcc>-1.000000</vAcc></extensions></trkpt>
      <trkpt lon="112.927400" lat="28.180447"><ele>0.000000</ele><time>2026-01-01T03:52:16Z</time><extensions><speed>0.849671</speed><course>147.767217</course><hAcc>9.304493</hAcc><vAcc>-1.000000</vAcc></extensions></trkpt>
      <trkpt lon="112.927408" lat="28.180436"><ele>0.000000</ele><time>2026-01-01T03:52:17Z</time><extensions><speed>0.929003</speed><course>147.793804</course><hAcc>9.265771</hAcc><vAcc>-1.000000</vAcc></extensions></trkpt>
      <trkpt lon="112.927422" lat="28.180415"><ele>0.000000</ele><time>2026-01-01T03:52:18Z</time><extensions><speed>1.123110</speed><course>147.443379</course><hAcc>9.131245</hAcc><vAcc>-1.000000</vAcc></extensions></trkpt>
      <trkpt lon="112.927457" lat="28.180370"><ele>0.000000</ele><time>2026-01-01T03:52:19Z</time><extensions><speed>1.639031</speed><course>146.568007</course><hAcc>8.537969</hAcc><vAcc>-1.000000</vAcc></extensions></trkpt>
      <trkpt lon="112.927500" lat="28.180317"><ele>0.000000</ele><time>2026-01-01T03:52:20Z</time><extensions><speed>2.230441</speed><course>145.904860</course><hAcc>7.671451</hAcc><vAcc>-1.000000</vAcc></extensions></trkpt>
      <trkpt lon="112.927531" lat="28.180278"><ele>0.000000</ele><time>2026-01-01T03:52:21Z</time><extensions><speed>2.608390</speed><course>145.504282</course><hAcc>6.927452</hAcc><vAcc>-1.000000</vAcc></extensions></trkpt>
      <trkpt lon="112.927548" lat="28.180256"><ele>0.000000</ele><time>2026-01-01T03:52:22Z</time><extensions><speed>2.732487</speed><course>145.325422</course><hAcc>6.573682</hAcc><vAcc>-1.000000</vAcc></extensions></trkpt>
      <trkpt lon="112.927566" lat="28.180234"><ele>0.000000</ele><time>2026-01-01T03:52:23Z</time><extensions><speed>2.833507</speed><course>145.122036</course><hAcc>6.188725</hAcc><vAcc>-1.000000</vAcc></extensions></trkpt>
      <trkpt lon="112.927584" lat="28.180211"><ele>0.000000</ele><time>2026-01-01T03:52:24Z</time><extensions><speed>2.895600</speed><course>144.877630</course><hAcc>5.791384</hAcc><vAcc>-1.000000</vAcc></extensions></trkpt>
      <trkpt lon="112.927595" lat="28.180197"><ele>0.000000</ele><time>2026-01-01T03:52:24Z</time><extensions><speed>2.925431</speed><course>144.776571</course><hAcc>5.558171</hAcc><vAcc>-1.000000</vAcc></extensions></trkpt>
      <trkpt lon="112.927613" lat="28.180175"><ele>0.000000</ele><time>2026-01-01T03:52:25Z</time><extensions><speed>2.790157</speed><course>144.425129</course><hAcc>5.298609</hAcc><vAcc>-1.000000</vAcc></extensions></trkpt>
      <trkpt lon="112.927629" lat="28.180154"><ele>0.000000</ele><time>2026-01-01T03:52:26Z</time><extensions><speed>2.417371</speed><course>143.550020</course><hAcc>5.137492</hAcc><vAcc>-1.000000</vAcc></extensions></trkpt>
      <trkpt lon="112.927643" lat="28.180139"><ele>0.000000</ele><time>2026-01-01T03:52:27Z</time><extensions><speed>1.791488</speed><course>140.562561</course><hAcc>5.055734</hAcc><vAcc>-1.000000</vAcc></extensions></trkpt>
      <trkpt lon="112.927655" lat="28.180126"><ele>0.000000</ele><time>2026-01-01T03:52:28Z</time><extensions><speed>1.595548</speed><course>136.638116</course><hAcc>4.993915</hAcc><vAcc>-1.000000</vAcc></extensions></trkpt>
      <trkpt lon="112.927669" lat="28.180115"><ele>0.000000</ele><time>2026-01-01T03:52:30Z</time><extensions><speed>0.883285</speed><course>122.689816</course><hAcc>4.948079</hAcc><vAcc>-1.000000</vAcc></extensions></trkpt>
      <trkpt lon="112.927676" lat="28.180111"><ele>0.000000</ele><time>2026-01-01T03:52:31Z</time><extensions><speed>0.861430</speed><course>121.267810</course><hAcc>4.914237</hAcc><vAcc>-1.000000</vAcc></extensions></trkpt>
      <trkpt lon="112.927685" lat="28.180106"><ele>0.000000</ele><time>2026-01-01T03:52:32Z</time><extensions><speed>1.034156</speed><course>125.549776</course><hAcc>4.834589</hAcc><vAcc>-1.000000</vAcc></extensions></trkpt>
      <trkpt lon="112.927694" lat="28.180100"><ele>0.000000</ele><time>2026-01-01T03:52:33Z</time><extensions><speed>1.135866</speed><course>127.624335</course><hAcc>4.810254</hAcc><vAcc>-1.000000</vAcc></extensions></trkpt>
      <trkpt lon="112.927703" lat="28.180093"><ele>0.000000</ele><time>2026-01-01T03:52:34Z</time><extensions><speed>1.184825</speed><course>128.629530</course><hAcc>4.899712</hAcc><vAcc>-1.000000</vAcc></extensions></trkpt>
      <trkpt lon="112.927712" lat="28.180086"><ele>0.000000</ele><time>2026-01-01T03:52:35Z</time><extensions><speed>1.196801</speed><course>129.002303</course><hAcc>5.072661</hAcc><vAcc>-1.000000</vAcc></extensions></trkpt>
      <trkpt lon="112.927722" lat="28.180079"><ele>0.000000</ele><time>2026-01-01T03:52:36Z</time><extensions><speed>1.184136</speed><course>128.937678</course><hAcc>5.281406</hAcc><vAcc>-1.000000</vAcc></extensions></trkpt>
      <trkpt lon="112.927731" lat="28.180072"><ele>0.000000</ele><time>2026-01-01T03:52:37Z</time><extensions><speed>1.155971</speed><course>128.522183</course><hAcc>5.489737</hAcc><vAcc>-1.000000</vAcc></extensions></trkpt>
      <trkpt lon="112.927740" lat="28.180066"><ele>0.000000</ele><time>2026-01-01T03:52:38Z</time><extensions><speed>1.118805</speed><course>127.778259</course><hAcc>5.677398</hAcc><vAcc>-1.000000</vAcc></extensions></trkpt>
      <trkpt lon="112.927748" lat="28.180060"><ele>0.000000</ele><time>2026-01-01T03:52:39Z</time><extensions><speed>1.077111</speed><course>126.677602</course><hAcc>5.836106</hAcc><vAcc>-1.000000</vAcc></extensions></trkpt>
      <trkpt lon="112.927757" lat="28.180054"><ele>0.000000</ele><time>2026-01-01T03:52:40Z</time><extensions><speed>1.033915</speed><course>125.140251</course><hAcc>5.964756</hAcc><vAcc>-1.000000</vAcc></extensions></trkpt>
      <trkpt lon="112.927765" lat="28.180049"><ele>0.000000</ele><time>2026-01-01T03:52:41Z</time><extensions><speed>0.991353</speed><course>123.025111</course><hAcc>6.065906</hAcc><vAcc>-1.000000</vAcc></extensions></trkpt>
      <trkpt lon="112.927773" lat="28.180044"><ele>0.000000</ele><time>2026-01-01T03:52:42Z</time><extensions><speed>0.951284</speed><course>120.114881</course><hAcc>6.143609</hAcc><vAcc>-1.000000</vAcc></extensions></trkpt>
      <trkpt lon="112.927781" lat="28.180040"><ele>0.000000</ele><time>2026-01-01T03:52:43Z</time><extensions><speed>0.916092</speed><course>116.101268</course><hAcc>6.202211</hAcc><vAcc>-1.000000</vAcc></extensions></trkpt>
      <trkpt lon="112.927790" lat="28.180037"><ele>0.000000</ele><time>2026-01-01T03:52:44Z</time><extensions><speed>0.890159</speed><course>112.812824</course><hAcc>6.245743</hAcc><vAcc>-1.000000</vAcc></extensions></trkpt>
      <trkpt lon="112.927798" lat="28.180034"><ele>0.000000</ele><time>2026-01-01T03:52:45Z</time><extensions><speed>0.870645</speed><course>110.154970</course><hAcc>6.277670</hAcc><vAcc>-1.000000</vAcc></extensions></trkpt>
      <trkpt lon="112.927805" lat="28.180032"><ele>0.000000</ele><time>2026-01-01T03:52:46Z</time><extensions><speed>0.855671</speed><course>108.027962</course><hAcc>6.300830</hAcc><vAcc>-1.000000</vAcc></extensions></trkpt>
      <trkpt lon="112.927813" lat="28.180029"><ele>0.000000</ele><time>2026-01-01T03:52:47Z</time><extensions><speed>0.843991</speed><course>106.338225</course><hAcc>6.317470</hAcc><vAcc>-1.000000</vAcc></extensions></trkpt>
      <trkpt lon="112.927821" lat="28.180027"><ele>0.000000</ele><time>2026-01-01T03:52:48Z</time><extensions><speed>0.834773</speed><course>105.003362</course><hAcc>6.329325</hAcc><vAcc>-1.000000</vAcc></extensions></trkpt>
      <trkpt lon="112.927829" lat="28.180026"><ele>0.000000</ele><time>2026-01-01T03:52:49Z</time><extensions><speed>0.827446</speed><course>103.953495</course><hAcc>6.337708</hAcc><vAcc>-1.000000</vAcc></extensions></trkpt>
      <trkpt lon="112.927837" lat="28.180024"><ele>0.000000</ele><time>2026-01-01T03:52:50Z</time><extensions><speed>0.821610</speed><course>103.130754</course><hAcc>6.343595</hAcc><vAcc>-1.000000</vAcc></extensions></trkpt>
      <trkpt lon="112.927844" lat="28.180022"><ele>0.000000</ele><time>2026-01-01T03:52:51Z</time><extensions><speed>0.816970</speed><course>102.487963</course><hAcc>6.347705</hAcc><vAcc>-1.000000</vAcc></extensions></trkpt>
      <trkpt lon="112.927852" lat="28.180021"><ele>0.000000</ele><time>2026-01-01T03:52:52Z</time><extensions><speed>0.812845</speed><course>102.018321</course><hAcc>6.350559</hAcc><vAcc>-1.000000</vAcc></extensions></trkpt>
      <trkpt lon="112.927860" lat="28.180019"><ele>0.000000</ele><time>2026-01-01T03:52:53Z</time><extensions><speed>0.809486</speed><course>101.639193</course><hAcc>6.352530</hAcc><vAcc>-1.000000</vAcc></extensions></trkpt>
      <trkpt lon="112.927867" lat="28.180018"><ele>0.000000</ele><time>2026-01-01T03:52:54Z</time><extensions><speed>0.806761</speed><course>101.324461</course><hAcc>6.353886</hAcc><vAcc>-1.000000</vAcc></extensions></trkpt>
      <trkpt lon="112.927875" lat="28.180017"><ele>0.000000</ele><time>2026-01-01T03:52:55Z</time><extensions><speed>0.804560</speed><course>101.049521</course><hAcc>6.354814</hAcc><vAcc>-1.000000</vAcc></extensions></trkpt>
      <trkpt lon="112.927882" lat="28.180015"><ele>0.000000</ele><time>2026-01-01T03:52:56Z</time><extensions><speed>0.802791</speed><course>100.789670</course><hAcc>6.355447</hAcc><vAcc>-1.000000</vAcc></extensions></trkpt>
      <trkpt lon="112.927890" lat="28.180014"><ele>0.000000</ele><time>2026-01-01T03:52:57Z</time><extensions><speed>0.801382</speed><course>100.518311</course><hAcc>6.355878</hAcc><vAcc>-1.000000</vAcc></extensions></trkpt>
      <trkpt lon="112.927897" lat="28.180013"><ele>0.000000</ele><time>2026-01-01T03:52:58Z</time><extensions><speed>0.800280</speed><course>100.204875</course><hAcc>6.356169</hAcc><vAcc>-1.000000</vAcc></extensions></trkpt>
      <trkpt lon="112.927905" lat="28.180012"><ele>0.000000</ele><time>2026-01-01T03:52:59Z</time><extensions><speed>0.799459</speed><course>99.812324</course><hAcc>6.356367</hAcc><vAcc>-1.000000</vAcc></extensions></trkpt>
      <trkpt lon="112.927912" lat="28.180010"><ele>0.000000</ele><time>2026-01-01T03:53:00Z</time><extensions><speed>0.798927</speed><course>99.294104</course><hAcc>6.356499</hAcc><vAcc>-1.000000</vAcc></extensions></trkpt>
      <trkpt lon="112.927920" lat="28.180009"><ele>0.000000</ele><time>2026-01-01T03:53:01Z</time><extensions><speed>0.798751</speed><course>98.590382</course><hAcc>6.356588</hAcc><vAcc>-1.000000</vAcc></extensions></trkpt>
      <trkpt lon="112.927927" lat="28.180008"><ele>0.000000</ele><time>2026-01-01T03:53:02Z</time><extensions><speed>0.799096</speed><course>97.623479</course><hAcc>6.356648</hAcc><vAcc>-1.000000</vAcc></extensions></trkpt>
      <trkpt lon="112.927935" lat="28.180008"><ele>0.000000</ele><time>2026-01-01T03:53:03Z</time><extensions><speed>0.799952</speed><course>96.932887</course><hAcc>6.356688</hAcc><vAcc>-1.000000</vAcc></extensions></trkpt>
      <trkpt lon="112.927942" lat="28.180007"><ele>0.000000</ele><time>2026-01-01T03:53:04Z</time><extensions><speed>0.801087</speed><course>96.445924</course><hAcc>6.356715</hAcc><vAcc>-1.000000</vAcc></extensions></trkpt>
      <trkpt lon="112.927949" lat="28.180006"><ele>0.000000</ele><time>2026-01-01T03:53:05Z</time><extensions><speed>0.802370</speed><course>96.107788</course><hAcc>6.356733</hAcc><vAcc>-1.000000</vAcc></extensions></trkpt>
      <trkpt lon="112.927957" lat="28.180005"><ele>0.000000</ele><time>2026-01-01T03:53:06Z</time><extensions><speed>0.803724</speed><course>95.877532</course><hAcc>6.356745</hAcc><vAcc>-1.000000</vAcc></extensions></trkpt>
      <trkpt lon="112.927964" lat="28.180005"><ele>0.000000</ele><time>2026-01-01T03:53:07Z</time><extensions><speed>0.805106</speed><course>95.724772</course><hAcc>6.356752</hAcc><vAcc>-1.000000</vAcc></extensions></trkpt>
      <trkpt lon="112.927972" lat="28.180004"><ele>0.000000</ele><time>2026-01-01T03:53:08Z</time><extensions><speed>0.806491</speed><course>95.627102</course><hAcc>6.356758</hAcc><vAcc>-1.000000</vAcc></extensions></trkpt>
      <trkpt lon="112.927980" lat="28.180003"><ele>0.000000</ele><time>2026-01-01T03:53:09Z</time><extensions><speed>0.807866</speed><course>95.568107</course><hAcc>6.356761</hAcc><vAcc>-1.000000</vAcc></extensions></trkpt>
      <trkpt lon="112.927987" lat="28.180003"><ele>0.000000</ele><time>2026-01-01T03:53:10Z</time><extensions><speed>0.810862</speed><course>95.442157</course><hAcc>6.356763</hAcc><vAcc>-1.000000</vAcc></extensions></trkpt>
      <trkpt lon="112.927995" lat="28.180002"><ele>0.000000</ele><time>2026-01-01T03:53:11Z</time><extensions><speed>0.813779</speed><course>95.395632</course><hAcc>6.356765</hAcc><vAcc>-1.000000</vAcc></extensions></trkpt>
      <trkpt lon="112.928002" lat="28.180002"><ele>0.000000</ele><time>2026-01-01T03:53:12Z</time><extensions><speed>0.814461</speed><course>95.251400</course><hAcc>6.309695</hAcc><vAcc>-1.000000</vAcc></extensions></trkpt>
      <trkpt lon="112.928010" lat="28.180002"><ele>0.000000</ele><time>2026-01-01T03:53:13Z</time><extensions><speed>0.815883</speed><course>95.399219</course><hAcc>6.251958</hAcc><vAcc>-1.000000</vAcc></extensions></trkpt>
      <trkpt lon="112.928017" lat="28.180001"><ele>0.000000</ele><time>2026-01-01T03:53:14Z</time><extensions><speed>0.821457</speed><course>95.749447</course><hAcc>6.179313</hAcc><vAcc>-1.000000</vAcc></extensions></trkpt>
      <trkpt lon="112.928025" lat="28.180000"><ele>0.000000</ele><time>2026-01-01T03:53:15Z</time><extensions><speed>0.833744</speed><course>96.390792</course><hAcc>6.093531</hAcc><vAcc>-1.000000</vAcc></extensions></trkpt>
      <trkpt lon="112.928033" lat="28.180000"><ele>0.000000</ele><time>2026-01-01T03:53:16Z</time><extensions><speed>0.851405</speed><course>97.424222</course><hAcc>6.001739</hAcc><vAcc>-1.000000</vAcc></extensions></trkpt>
      <trkpt lon="112.928042" lat="28.179998"><ele>0.000000</ele><time>2026-01-01T03:53:17Z</time><extensions><speed>0.875784</speed><course>98.907504</course><hAcc>5.917440</hAcc><vAcc>-1.000000</vAcc></extensions></trkpt>
      <trkpt lon="112.928051" lat="28.179997"><ele>0.000000</ele><time>2026-01-01T03:53:18Z</time><extensions><speed>0.908528</speed><course>100.912671</course><hAcc>5.859959</hAcc><vAcc>-1.000000</vAcc></extensions></trkpt>
      <trkpt lon="112.928060" lat="28.179995"><ele>0.000000</ele><time>2026-01-01T03:53:19Z</time><extensions><speed>0.951867</speed><course>103.517781</course><hAcc>5.848798</hAcc><vAcc>-1.000000</vAcc></extensions></trkpt>
      <trkpt lon="112.928070" lat="28.179993"><ele>0.000000</ele><time>2026-01-01T03:53:20Z</time><extensions><speed>1.009013</speed><course>106.796040</course><hAcc>5.885948</hAcc><vAcc>-1.000000</vAcc></extensions></trkpt>
      <trkpt lon="112.928080" lat="28.179990"><ele>0.000000</ele><time>2026-01-01T03:53:21Z</time><extensions><speed>1.081414</speed><course>109.250123</course><hAcc>5.914547</hAcc><vAcc>-1.000000</vAcc></extensions></trkpt>
      <trkpt lon="112.928084" lat="28.179988"><ele>0.000000</ele><time>2026-01-01T03:53:21Z</time><extensions><speed>1.095953</speed><course>109.636948</course><hAcc>5.881397</hAcc><vAcc>-1.000000</vAcc></extensions></trkpt>
      <trkpt lon="112.928095" lat="28.179985"><ele>0.000000</ele><time>2026-01-01T03:53:22Z</time><extensions><speed>1.079527</speed><course>112.125089</course><hAcc>5.762703</hAcc><vAcc>-1.000000</vAcc></extensions></trkpt>
      <trkpt lon="112.928105" lat="28.179981"><ele>0.000000</ele><time>2026-01-01T03:53:23Z</time><extensions><speed>1.077118</speed><course>114.735453</course><hAcc>5.599534</hAcc><vAcc>-1.000000</vAcc></extensions></trkpt>
      <trkpt lon="112.928115" lat="28.179976"><ele>0.000000</ele><time>2026-01-01T03:53:24Z</time><extensions><speed>1.084817</speed><course>117.583005</course><hAcc>5.484217</hAcc><vAcc>-1.000000</vAcc></extensions></trkpt>
      <trkpt lon="112.928125" lat="28.179971"><ele>0.000000</ele><time>2026-01-01T03:53:25Z</time><extensions><speed>1.097324</speed><course>119.773833</course><hAcc>5.433480</hAcc><vAcc>-1.000000</vAcc></extensions></trkpt>
      <trkpt lon="112.928135" lat="28.179966"><ele>0.000000</ele><time>2026-01-01T03:53:26Z</time><extensions><speed>1.111416</speed><course>121.502714</course><hAcc>5.433516</hAcc><vAcc>-1.000000</vAcc></extensions></trkpt>
      <trkpt lon="112.928145" lat="28.179961"><ele>0.000000</ele><time>2026-01-01T03:53:27Z</time><extensions><speed>1.125285</speed><course>122.946303</course><hAcc>5.463590</hAcc><vAcc>-1.000000</vAcc></extensions></trkpt>
      <trkpt lon="112.928155" lat="28.179955"><ele>0.000000</ele><time>2026-01-01T03:53:28Z</time><extensions><speed>1.137982</speed><course>124.258928</course><hAcc>5.506342</hAcc><vAcc>-1.000000</vAcc></extensions></trkpt>
      <trkpt lon="112.928164" lat="28.179949"><ele>0.000000</ele><time>2026-01-01T03:53:29Z</time><extensions><speed>1.149080</speed><course>125.576389</course><hAcc>5.550416</hAcc><vAcc>-1.000000</vAcc></extensions></trkpt>
      <trkpt lon="112.928174" lat="28.179942"><ele>0.000000</ele><time>2026-01-01T03:53:30Z</time><extensions><speed>1.158396</speed><course>127.041314</course><hAcc>5.589736</hAcc><vAcc>-1.000000</vAcc></extensions></trkpt>
      <trkpt lon="112.928184" lat="28.179936"><ele>0.000000</ele><time>2026-01-01T03:53:31Z</time><extensions><speed>1.165846</speed><course>128.394313</course><hAcc>5.621874</hAcc><vAcc>-1.000000</vAcc></extensions></trkpt>
      <trkpt lon="112.928193" lat="28.179929"><ele>0.000000</ele><time>2026-01-01T03:53:32Z</time><extensions><speed>1.171559</speed><course>129.749908</course><hAcc>5.646555</hAcc><vAcc>-1.000000</vAcc></extensions></trkpt>
      <trkpt lon="112.928202" lat="28.179922"><ele>0.000000</ele><time>2026-01-01T03:53:33Z</time><extensions><speed>1.175753</speed><course>131.212686</course><hAcc>5.664591</hAcc><vAcc>-1.000000</vAcc></extensions></trkpt>
      <trkpt lon="112.928212" lat="28.179914"><ele>0.000000</ele><time>2026-01-01T03:53:34Z</time><extensions><speed>1.182450</speed><course>132.895311</course><hAcc>5.622273</hAcc><vAcc>-1.000000</vAcc></extensions></trkpt>
      <trkpt lon="112.928222" lat="28.179905"><ele>0.000000</ele><time>2026-01-01T03:53:35Z</time><extensions><speed>1.225852</speed><course>134.249083</course><hAcc>5.553264</hAcc><vAcc>-1.000000</vAcc></extensions></trkpt>
      <trkpt lon="112.928234" lat="28.179895"><ele>0.000000</ele><time>2026-01-01T03:53:36Z</time><extensions><speed>1.293200</speed><course>135.250762</course><hAcc>5.412479</hAcc><vAcc>-1.000000</vAcc></extensions></trkpt>
      <trkpt lon="112.928245" lat="28.179884"><ele>0.000000</ele><time>2026-01-01T03:53:37Z</time><extensions><speed>1.342831</speed><course>135.921950</course><hAcc>5.213263</hAcc><vAcc>-1.000000</vAcc></extensions></trkpt>
      <trkpt lon="112.928256" lat="28.179874"><ele>0.000000</ele><time>2026-01-01T03:53:38Z</time><extensions><speed>1.372258</speed><course>136.371495</course><hAcc>4.939265</hAcc><vAcc>-1.000000</vAcc></extensions></trkpt>
      <trkpt lon="112.928266" lat="28.179865"><ele>0.000000</ele><time>2026-01-01T03:53:39Z</time><extensions><speed>1.374806</speed><course>136.665160</course><hAcc>4.593392</hAcc><vAcc>-1.000000</vAcc></extensions></trkpt>
      <trkpt lon="112.928276" lat="28.179855"><ele>0.000000</ele><time>2026-01-01T03:53:40Z</time><extensions><speed>1.355741</speed><course>136.840835</course><hAcc>4.195382</hAcc><vAcc>-1.000000</vAcc></extensions></trkpt>
      <trkpt lon="112.928285" lat="28.179847"><ele>0.000000</ele><time>2026-01-01T03:53:41Z</time><extensions><speed>1.299083</speed><course>136.810779</course><hAcc>3.773906</hAcc><vAcc>-1.000000</vAcc></extensions></trkpt>
      <trkpt lon="112.928295" lat="28.179838"><ele>0.000000</ele><time>2026-01-01T03:53:42Z</time><extensions><speed>1.203853</speed><course>136.618131</course><hAcc>3.400939</hAcc><vAcc>-1.000000</vAcc></extensions></trkpt>
      <trkpt lon="112.928303" lat="28.179831"><ele>0.000000</ele><time>2026-01-01T03:53:43Z</time><extensions><speed>1.047453</speed><course>136.547858</course><hAcc>3.119423</hAcc><vAcc>-1.000000</vAcc></extensions></trkpt>
      <trkpt lon="112.928305" lat="28.179829"><ele>0.000000</ele><time>2026-01-01T03:53:43Z</time><extensions><speed>1.038130</speed><course>136.592556</course><hAcc>2.962780</hAcc><vAcc>-1.000000</vAcc></extensions></trkpt>
      <trkpt lon="112.928313" lat="28.179821"><ele>0.000000</ele><time>2026-01-01T03:53:44Z</time><extensions><speed>1.017378</speed><course>136.660749</course><hAcc>2.722902</hAcc><vAcc>-1.000000</vAcc></extensions></trkpt>
      <trkpt lon="112.928323" lat="28.179811"><ele>0.000000</ele><time>2026-01-01T03:53:46Z</time><extensions><speed>1.049468</speed><course>136.635628</course><hAcc>2.515157</hAcc><vAcc>-1.000000</vAcc></extensions></trkpt>
      <trkpt lon="112.928331" lat="28.179803"><ele>0.000000</ele><time>2026-01-01T03:53:47Z</time><extensions><speed>1.147229</speed><course>136.644784</course><hAcc>2.373415</hAcc><vAcc>-1.000000</vAcc></extensions></trkpt>
      <trkpt lon="112.928339" lat="28.179795"><ele>0.000000</ele><time>2026-01-01T03:53:48Z</time><extensions><speed>1.145668</speed><course>136.620751</course><hAcc>2.267525</hAcc><vAcc>-1.000000</vAcc></extensions></trkpt>
      <trkpt lon="112.928347" lat="28.179788"><ele>0.000000</ele><time>2026-01-01T03:53:49Z</time><extensions><speed>1.044694</speed><course>136.634575</course><hAcc>2.178307</hAcc><vAcc>-1.000000</vAcc></extensions></trkpt>
      <trkpt lon="112.928354" lat="28.179781"><ele>0.000000</ele><time>2026-01-01T03:53:50Z</time><extensions><speed>0.961123</speed><course>136.756064</course><hAcc>2.086007</hAcc><vAcc>-1.000000</vAcc></extensions></trkpt>
      <trkpt lon="112.928360" lat="28.179774"><ele>0.000000</ele><time>2026-01-01T03:53:51Z</time><extensions><speed>0.918572</speed><course>136.900729</course><hAcc>2.009656</hAcc><vAcc>-1.000000</vAcc></extensions></trkpt>
      <trkpt lon="112.928367" lat="28.179767"><ele>0.000000</ele><time>2026-01-01T03:53:52Z</time><extensions><speed>0.954116</speed><course>137.138969</course><hAcc>1.944704</hAcc><vAcc>-1.000000</vAcc></extensions></trkpt>
      <trkpt lon="112.928373" lat="28.179761"><ele>0.000000</ele><time>2026-01-01T03:53:53Z</time><extensions><speed>0.965174</speed><course>137.432734</course><hAcc>1.887454</hAcc><vAcc>-1.000000</vAcc></extensions></trkpt>
      <trkpt lon="112.928380" lat="28.179754"><ele>0.000000</ele><time>2026-01-01T03:53:54Z</time><extensions><speed>0.985605</speed><course>137.694130</course><hAcc>1.836190</hAcc><vAcc>-1.000000</vAcc></extensions></trkpt>
      <trkpt lon="112.928387" lat="28.179747"><ele>0.000000</ele><time>2026-01-01T03:53:55Z</time><extensions><speed>1.065214</speed><course>138.109675</course><hAcc>1.782655</hAcc><vAcc>-1.000000</vAcc></extensions></trkpt>
      <trkpt lon="112.928394" lat="28.179739"><ele>0.000000</ele><time>2026-01-01T03:53:56Z</time><extensions><speed>1.085986</speed><course>138.066930</course><hAcc>1.746920</hAcc><vAcc>-1.000000</vAcc></extensions></trkpt>
      <trkpt lon="112.928402" lat="28.179731"><ele>0.000000</ele><time>2026-01-01T03:53:57Z</time><extensions><speed>1.095748</speed><course>138.052133</course><hAcc>1.709591</hAcc><vAcc>-1.000000</vAcc></extensions></trkpt>
      <trkpt lon="112.928410" lat="28.179724"><ele>0.000000</ele><time>2026-01-01T03:53:58Z</time><extensions><speed>1.106834</speed><course>138.262847</course><hAcc>1.670080</hAcc><vAcc>-1.000000</vAcc></extensions></trkpt>
      <trkpt lon="112.928418" lat="28.179716"><ele>0.000000</ele><time>2026-01-01T03:53:59Z</time><extensions><speed>1.115244</speed><course>137.758220</course><hAcc>1.647512</hAcc><vAcc>-1.000000</vAcc></extensions></trkpt>
      <trkpt lon="112.928426" lat="28.179709"><ele>0.000000</ele><time>2026-01-01T03:54:00Z</time><extensions><speed>1.115749</speed><course>137.346451</course><hAcc>1.623609</hAcc><vAcc>-1.000000</vAcc></extensions></trkpt>
      <trkpt lon="112.928435" lat="28.179702"><ele>0.000000</ele><time>2026-01-01T03:54:01Z</time><extensions><speed>1.123368</speed><course>136.822592</course><hAcc>1.595077</hAcc><vAcc>-1.000000</vAcc></extensions></trkpt>
      <trkpt lon="112.928444" lat="28.179695"><ele>0.000000</ele><time>2026-01-01T03:54:02Z</time><extensions><speed>1.119197</speed><course>135.959231</course><hAcc>1.577626</hAcc><vAcc>-1.000000</vAcc></extensions></trkpt>
      <trkpt lon="112.928453" lat="28.179689"><ele>0.000000</ele><time>2026-01-01T03:54:03Z</time><extensions><speed>1.120433</speed><course>135.173557</course><hAcc>1.562437</hAcc><vAcc>-1.000000</vAcc></extensions></trkpt>
      <trkpt lon="112.928462" lat="28.179682"><ele>0.000000</ele><time>2026-01-01T03:54:04Z</time><extensions><speed>1.142366</speed><course>134.014317</course><hAcc>1.543828</hAcc><vAcc>-1.000000</vAcc></extensions></trkpt>
      <trkpt lon="112.928472" lat="28.179675"><ele>0.000000</ele><time>2026-01-01T03:54:05Z</time><extensions><speed>1.170113</speed><course>133.864343</course><hAcc>1.534672</hAcc><vAcc>-1.000000</vAcc></extensions></trkpt>
      <trkpt lon="112.928482" lat="28.179668"><ele>0.000000</ele><time>2026-01-01T03:54:06Z</time><extensions><speed>1.184092</speed><course>133.204567</course><hAcc>1.520587</hAcc><vAcc>-1.000000</vAcc></extensions></trkpt>
      <trkpt lon="112.928492" lat="28.179662"><ele>0.000000</ele><time>2026-01-01T03:54:07Z</time><extensions><speed>1.214199</speed><course>131.048734</course><hAcc>1.503960</hAcc><vAcc>-1.000000</vAcc></extensions></trkpt>
      <trkpt lon="112.928502" lat="28.179655"><ele>0.000000</ele><time>2026-01-01T03:54:08Z</time><extensions><speed>1.240246</speed><course>131.123614</course><hAcc>1.497371</hAcc><vAcc>-1.000000</vAcc></extensions></trkpt>
      <trkpt lon="112.928512" lat="28.179648"><ele>0.000000</ele><time>2026-01-01T03:54:09Z</time><extensions><speed>1.263621</speed><course>132.252818</course><hAcc>1.486494</hAcc><vAcc>-1.000000</vAcc></extensions></trkpt>
      <trkpt lon="112.928523" lat="28.179640"><ele>0.000000</ele><time>2026-01-01T03:54:10Z</time><extensions><speed>1.264883</speed><course>131.078561</course><hAcc>1.477784</hAcc><vAcc>-1.000000</vAcc></extensions></trkpt>
      <trkpt lon="112.928533" lat="28.179633"><ele>0.000000</ele><time>2026-01-01T03:54:11Z</time><extensions><speed>1.280042</speed><course>131.687362</course><hAcc>1.475081</hAcc><vAcc>-1.000000</vAcc></extensions></trkpt>
      <trkpt lon="112.928544" lat="28.179625"><ele>0.000000</ele><time>2026-01-01T03:54:12Z</time><extensions><speed>1.333696</speed><course>131.587712</course><hAcc>1.468266</hAcc><vAcc>-1.000000</vAcc></extensions></trkpt>
      <trkpt lon="112.928555" lat="28.179618"><ele>0.000000</ele><time>2026-01-01T03:54:13Z</time><extensions><speed>1.335048</speed><course>131.156038</course><hAcc>1.464251</hAcc><vAcc>-1.000000</vAcc></extensions></trkpt>
      <trkpt lon="112.928566" lat="28.179610"><ele>0.000000</ele><time>2026-01-01T03:54:14Z</time><extensions><speed>1.310296</speed><course>132.828957</course><hAcc>1.463058</hAcc><vAcc>-1.000000</vAcc></extensions></trkpt>
      <trkpt lon="112.928576" lat="28.179602"><ele>0.000000</ele><time>2026-01-01T03:54:15Z</time><extensions><speed>1.292712</speed><course>133.604338</course><hAcc>1.458060</hAcc><vAcc>-1.000000</vAcc></extensions></trkpt>
      <trkpt lon="112.928585" lat="28.179594"><ele>0.000000</ele><time>2026-01-01T03:54:16Z</time><extensions><speed>1.302658</speed><course>134.786902</course><hAcc>1.452576</hAcc><vAcc>-1.000000</vAcc></extensions></trkpt>
      <trkpt lon="112.928595" lat="28.179586"><ele>0.000000</ele><time>2026-01-01T03:54:17Z</time><extensions><speed>1.300577</speed><course>134.929875</course><hAcc>1.445272</hAcc><vAcc>-1.000000</vAcc></extensions></trkpt>
      <trkpt lon="112.928604" lat="28.179578"><ele>0.000000</ele><time>2026-01-01T03:54:18Z</time><extensions><speed>1.289276</speed><course>135.925465</course><hAcc>1.442124</hAcc><vAcc>-1.000000</vAcc></extensions></trkpt>
      <trkpt lon="112.928613" lat="28.179569"><ele>0.000000</ele><time>2026-01-01T03:54:19Z</time><extensions><speed>1.277289</speed><course>135.943145</course><hAcc>1.434669</hAcc><vAcc>-1.000000</vAcc></extensions></trkpt>
      <trkpt lon="112.928622" lat="28.179561"><ele>0.000000</ele><time>2026-01-01T03:54:20Z</time><extensions><speed>1.266955</speed><course>136.425957</course><hAcc>1.432240</hAcc><vAcc>-1.000000</vAcc></extensions></trkpt>
      <trkpt lon="112.928631" lat="28.179552"><ele>0.000000</ele><time>2026-01-01T03:54:21Z</time><extensions><speed>1.273573</speed><course>137.308052</course><hAcc>1.431821</hAcc><vAcc>-1.000000</vAcc></extensions></trkpt>
      <trkpt lon="112.928639" lat="28.179543"><ele>0.000000</ele><time>2026-01-01T03:54:22Z</time><extensions><speed>1.265681</speed><course>138.083701</course><hAcc>1.432568</hAcc><vAcc>-1.000000</vAcc></extensions></trkpt>
      <trkpt lon="112.928648" lat="28.179534"><ele>0.000000</ele><time>2026-01-01T03:54:23Z</time><extensions><speed>1.268597</speed><course>139.064390</course><hAcc>1.438211</hAcc><vAcc>-1.000000</vAcc></extensions></trkpt>
      <trkpt lon="112.928656" lat="28.179524"><ele>0.000000</ele><time>2026-01-01T03:54:24Z</time><extensions><speed>1.244182</speed><course>139.810074</course><hAcc>1.441725</hAcc><vAcc>-1.000000</vAcc></extensions></trkpt>
      <trkpt lon="112.928664" lat="28.179515"><ele>0.000000</ele><time>2026-01-01T03:54:25Z</time><extensions><speed>1.247641</speed><course>140.478508</course><hAcc>1.445949</hAcc><vAcc>-1.000000</vAcc></extensions></trkpt>
      <trkpt lon="112.928672" lat="28.179505"><ele>0.000000</ele><time>2026-01-01T03:54:26Z</time><extensions><speed>1.251510</speed><course>141.170348</course><hAcc>1.450863</hAcc><vAcc>-1.000000</vAcc></extensions></trkpt>
      <trkpt lon="112.928680" lat="28.179496"><ele>0.000000</ele><time>2026-01-01T03:54:27Z</time><extensions><speed>1.250827</speed><course>141.831910</course><hAcc>1.459090</hAcc><vAcc>-1.000000</vAcc></extensions></trkpt>
      <trkpt lon="112.928688" lat="28.179486"><ele>0.000000</ele><time>2026-01-01T03:54:28Z</time><extensions><speed>1.252035</speed><course>142.762143</course><hAcc>1.468362</hAcc><vAcc>-1.000000</vAcc></extensions></trkpt>
      <trkpt lon="112.928696" lat="28.179476"><ele>0.000000</ele><time>2026-01-01T03:54:29Z</time><extensions><speed>1.259083</speed><course>142.843132</course><hAcc>1.476277</hAcc><vAcc>-1.000000</vAcc></extensions></trkpt>
      <trkpt lon="112.928704" lat="28.179467"><ele>0.000000</ele><time>2026-01-01T03:54:30Z</time><extensions><speed>1.164348</speed><course>136.530661</course><hAcc>1.492065</hAcc><vAcc>-1.000000</vAcc></extensions></trkpt>
      <trkpt lon="112.928714" lat="28.179463"><ele>0.000000</ele><time>2026-01-01T03:54:31Z</time><extensions><speed>1.045494</speed><course>77.476971</course><hAcc>1.500238</hAcc><vAcc>-1.000000</vAcc></extensions></trkpt>
      <trkpt lon="112.928724" lat="28.179465"><ele>0.000000</ele><time>2026-01-01T03:54:32Z</time><extensions><speed>1.122994</speed><course>70.679515</course><hAcc>1.503204</hAcc><vAcc>-1.000000</vAcc></extensions></trkpt>
      <trkpt lon="112.928735" lat="28.179468"><ele>0.000000</ele><time>2026-01-01T03:54:33Z</time><extensions><speed>1.136088</speed><course>71.192113</course><hAcc>1.503550</hAcc><vAcc>-1.000000</vAcc></extensions></trkpt>
      <trkpt lon="112.928746" lat="28.179470"><ele>0.000000</ele><time>2026-01-01T03:54:34Z</time><extensions><speed>1.143827</speed><course>70.001948</course><hAcc>1.508570</hAcc><vAcc>-1.000000</vAcc></extensions></trkpt>
      <trkpt lon="112.928757" lat="28.179473"><ele>0.000000</ele><time>2026-01-01T03:54:35Z</time><extensions><speed>1.159958</speed><course>69.244808</course><hAcc>1.508688</hAcc><vAcc>-1.000000</vAcc></extensions></trkpt>
      <trkpt lon="112.928769" lat="28.179476"><ele>0.000000</ele><time>2026-01-01T03:54:36Z</time><extensions><speed>1.196869</speed><course>68.342460</course><hAcc>1.507571</hAcc><vAcc>-1.000000</vAcc></extensions></trkpt>
      <trkpt lon="112.928781" lat="28.179479"><ele>0.000000</ele><time>2026-01-01T03:54:37Z</time><extensions><speed>1.203430</speed><course>67.954992</course><hAcc>1.502048</hAcc><vAcc>-1.000000</vAcc></extensions></trkpt>
      <trkpt lon="112.928792" lat="28.179483"><ele>0.000000</ele><time>2026-01-01T03:54:38Z</time><extensions><speed>1.187267</speed><course>67.302029</course><hAcc>1.494779</hAcc><vAcc>-1.000000</vAcc></extensions></trkpt>
      <trkpt lon="112.928804" lat="28.179486"><ele>0.000000</ele><time>2026-01-01T03:54:39Z</time><extensions><speed>1.190937</speed><course>67.984656</course><hAcc>1.485699</hAcc><vAcc>-1.000000</vAcc></extensions></trkpt>
      <trkpt lon="112.928817" lat="28.179490"><ele>0.000000</ele><time>2026-01-01T03:54:40Z</time><extensions><speed>1.195655</speed><course>69.219050</course><hAcc>1.478624</hAcc><vAcc>-1.000000</vAcc></extensions></trkpt>
      <trkpt lon="112.928830" lat="28.179493"><ele>0.000000</ele><time>2026-01-01T03:54:41Z</time><extensions><speed>1.191290</speed><course>67.492584</course><hAcc>1.481875</hAcc><vAcc>-1.000000</vAcc></extensions></trkpt>
      <trkpt lon="112.928842" lat="28.179497"><ele>0.000000</ele><time>2026-01-01T03:54:42Z</time><extensions><speed>1.098368</speed><course>69.227378</course><hAcc>1.471877</hAcc><vAcc>-1.000000</vAcc></extensions></trkpt>
      <trkpt lon="112.928853" lat="28.179500"><ele>0.000000</ele><time>2026-01-01T03:54:43Z</time><extensions><speed>0.932942</speed><course>68.188970</course><hAcc>1.471847</hAcc><vAcc>-1.000000</vAcc></extensions></trkpt>
      <trkpt lon="112.928861" lat="28.179501"><ele>0.000000</ele><time>2026-01-01T03:54:44Z</time><extensions><speed>0.396943</speed><course>82.302822</course><hAcc>1.463941</hAcc><vAcc>-1.000000</vAcc></extensions></trkpt>
      <trkpt lon="112.928866" lat="28.179501"><ele>0.000000</ele><time>2026-01-01T03:54:45Z</time><extensions><speed>0.193909</speed><course>103.814828</course><hAcc>1.462797</hAcc><vAcc>-1.000000</vAcc></extensions></trkpt>
      <trkpt lon="112.928870" lat="28.179501"><ele>0.000000</ele><time>2026-01-01T03:54:46Z</time><extensions><speed>0.199102</speed><course>99.127276</course><hAcc>1.460399</hAcc><vAcc>-1.000000</vAcc></extensions></trkpt>
      <trkpt lon="112.928874" lat="28.179500"><ele>0.000000</ele><time>2026-01-01T03:54:47Z</time><extensions><speed>0.284962</speed><course>91.033404</course><hAcc>1.453372</hAcc><vAcc>-1.000000</vAcc></extensions></trkpt>
      <trkpt lon="112.928882" lat="28.179501"><ele>0.000000</ele><time>2026-01-01T03:54:48Z</time><extensions><speed>0.761350</speed><course>74.649206</course><hAcc>1.450393</hAcc><vAcc>-1.000000</vAcc></extensions></trkpt>
      <trkpt lon="112.928892" lat="28.179503"><ele>0.000000</ele><time>2026-01-01T03:54:49Z</time><extensions><speed>0.930891</speed><course>69.209373</course><hAcc>1.453751</hAcc><vAcc>-1.000000</vAcc></extensions></trkpt>
      <trkpt lon="112.928902" lat="28.179506"><ele>0.000000</ele><time>2026-01-01T03:54:50Z</time><extensions><speed>0.810247</speed><course>72.841320</course><hAcc>1.447192</hAcc><vAcc>-1.000000</vAcc></extensions></trkpt>
      <trkpt lon="112.928910" lat="28.179508"><ele>0.000000</ele><time>2026-01-01T03:54:51Z</time><extensions><speed>0.678953</speed><course>76.626178</course><hAcc>1.443785</hAcc><vAcc>-1.000000</vAcc></extensions></trkpt>
      <trkpt lon="112.928918" lat="28.179509"><ele>0.000000</ele><time>2026-01-01T03:54:52Z</time><extensions><speed>0.536231</speed><course>78.817000</course><hAcc>1.449354</hAcc><vAcc>-1.000000</vAcc></extensions></trkpt>
      <trkpt lon="112.928925" lat="28.179510"><ele>0.000000</ele><time>2026-01-01T03:54:53Z</time><extensions><speed>0.534809</speed><course>78.166156</course><hAcc>1.454212</hAcc><vAcc>-1.000000</vAcc></extensions></trkpt>
      <trkpt lon="112.928930" lat="28.179511"><ele>0.000000</ele><time>2026-01-01T03:54:54Z</time><extensions><speed>0.336633</speed><course>82.792268</course><hAcc>1.459618</hAcc><vAcc>-1.000000</vAcc></extensions></trkpt>
      <trkpt lon="112.928936" lat="28.179512"><ele>0.000000</ele><time>2026-01-01T03:54:55Z</time><extensions><speed>0.570850</speed><course>75.254679</course><hAcc>1.458935</hAcc><vAcc>-1.000000</vAcc></extensions></trkpt>
      <trkpt lon="112.928944" lat="28.179514"><ele>0.000000</ele><time>2026-01-01T03:54:56Z</time><extensions><speed>0.982594</speed><course>70.609982</course><hAcc>1.459270</hAcc><vAcc>-1.000000</vAcc></extensions></trkpt>
      <trkpt lon="112.928955" lat="28.179517"><ele>0.000000</ele><time>2026-01-01T03:54:57Z</time><extensions><speed>0.999846</speed><course>68.976190</course><hAcc>1.462764</hAcc><vAcc>-1.000000</vAcc></extensions></trkpt>
      <trkpt lon="112.928966" lat="28.179521"><ele>0.000000</ele><time>2026-01-01T03:54:58Z</time><extensions><speed>1.006134</speed><course>67.831982</course><hAcc>1.461924</hAcc><vAcc>-1.000000</vAcc></extensions></trkpt>
      <trkpt lon="112.928976" lat="28.179524"><ele>0.000000</ele><time>2026-01-01T03:54:59Z</time><extensions><speed>1.128898</speed><course>67.387943</course><hAcc>1.478464</hAcc><vAcc>-1.000000</vAcc></extensions></trkpt>
      <trkpt lon="112.928987" lat="28.179528"><ele>0.000000</ele><time>2026-01-01T03:55:00Z</time><extensions><speed>1.260067</speed><course>67.625957</course><hAcc>1.498579</hAcc><vAcc>-1.000000</vAcc></extensions></trkpt>
      <trkpt lon="112.928999" lat="28.179533"><ele>0.000000</ele><time>2026-01-01T03:55:01Z</time><extensions><speed>1.286988</speed><course>67.683923</course><hAcc>1.526260</hAcc><vAcc>-1.000000</vAcc></extensions></trkpt>
      <trkpt lon="112.929011" lat="28.179537"><ele>0.000000</ele><time>2026-01-01T03:55:02Z</time><extensions><speed>1.286989</speed><course>68.017391</course><hAcc>1.560905</hAcc><vAcc>-1.000000</vAcc></extensions></trkpt>
      <trkpt lon="112.929023" lat="28.179541"><ele>0.000000</ele><time>2026-01-01T03:55:03Z</time><extensions><speed>1.263719</speed><course>67.461822</course><hAcc>1.608821</hAcc><vAcc>-1.000000</vAcc></extensions></trkpt>
      <trkpt lon="112.929035" lat="28.179546"><ele>0.000000</ele><time>2026-01-01T03:55:04Z</time><extensions><speed>1.219724</speed><course>67.426451</course><hAcc>1.656900</hAcc><vAcc>-1.000000</vAcc></extensions></trkpt>
      <trkpt lon="112.929046" lat="28.179550"><ele>0.000000</ele><time>2026-01-01T03:55:05Z</time><extensions><speed>1.214092</speed><course>67.085917</course><hAcc>1.716677</hAcc><vAcc>-1.000000</vAcc></extensions></trkpt>
      <trkpt lon="112.929058" lat="28.179554"><ele>0.000000</ele><time>2026-01-01T03:55:06Z</time><extensions><speed>1.192989</speed><course>66.689243</course><hAcc>1.782570</hAcc><vAcc>-1.000000</vAcc></extensions></trkpt>
      <trkpt lon="112.929069" lat="28.179558"><ele>0.000000</ele><time>2026-01-01T03:55:07Z</time><extensions><speed>1.182450</speed><course>66.281436</course><hAcc>1.851603</hAcc><vAcc>-1.000000</vAcc></extensions></trkpt>
      <trkpt lon="112.929080" lat="28.179563"><ele>0.000000</ele><time>2026-01-01T03:55:08Z</time><extensions><speed>1.179943</speed><course>65.902717</course><hAcc>1.928651</hAcc><vAcc>-1.000000</vAcc></extensions></trkpt>
      <trkpt lon="112.929091" lat="28.179567"><ele>0.000000</ele><time>2026-01-01T03:55:09Z</time><extensions><speed>1.151444</speed><course>66.164452</course><hAcc>2.104380</hAcc><vAcc>-1.000000</vAcc></extensions></trkpt>
      <trkpt lon="112.929101" lat="28.179571"><ele>0.000000</ele><time>2026-01-01T03:55:10Z</time><extensions><speed>1.110454</speed><course>66.250338</course><hAcc>2.639079</hAcc><vAcc>-1.000000</vAcc></extensions></trkpt>
      <trkpt lon="112.929111" lat="28.179575"><ele>0.000000</ele><time>2026-01-01T03:55:11Z</time><extensions><speed>1.064538</speed><course>66.175141</course><hAcc>3.363595</hAcc><vAcc>-1.000000</vAcc></extensions></trkpt>
      <trkpt lon="112.929120" lat="28.179578"><ele>0.000000</ele><time>2026-01-01T03:55:12Z</time><extensions><speed>1.018669</speed><course>65.958905</course><hAcc>4.098674</hAcc><vAcc>-1.000000</vAcc></extensions></trkpt>
      <trkpt lon="112.929129" lat="28.179582"><ele>0.000000</ele><time>2026-01-01T03:55:13Z</time><extensions><speed>0.975808</speed><course>65.626445</course><hAcc>4.762763</hAcc><vAcc>-1.000000</vAcc></extensions></trkpt>
      <trkpt lon="112.929137" lat="28.179585"><ele>0.000000</ele><time>2026-01-01T03:55:14Z</time><extensions><speed>0.937480</speed><course>65.205642</course><hAcc>5.329020</hAcc><vAcc>-1.000000</vAcc></extensions></trkpt>
      <trkpt lon="112.929145" lat="28.179588"><ele>0.000000</ele><time>2026-01-01T03:55:15Z</time><extensions><speed>0.904250</speed><course>64.725121</course><hAcc>5.795300</hAcc><vAcc>-1.000000</vAcc></extensions></trkpt>
      <trkpt lon="112.929152" lat="28.179591"><ele>0.000000</ele><time>2026-01-01T03:55:16Z</time><extensions><speed>0.876091</speed><course>64.211919</course><hAcc>6.170076</hAcc><vAcc>-1.000000</vAcc></extensions></trkpt>
      <trkpt lon="112.929159" lat="28.179594"><ele>0.000000</ele><time>2026-01-01T03:55:17Z</time><extensions><speed>0.852643</speed><course>63.689649</course><hAcc>6.465793</hAcc><vAcc>-1.000000</vAcc></extensions></trkpt>
      <trkpt lon="112.929165" lat="28.179597"><ele>0.000000</ele><time>2026-01-01T03:55:18Z</time><extensions><speed>0.833384</speed><course>63.177411</course><hAcc>6.695648</hAcc><vAcc>-1.000000</vAcc></extensions></trkpt>
      <trkpt lon="112.929172" lat="28.179600"><ele>0.000000</ele><time>2026-01-01T03:55:19Z</time><extensions><speed>0.817743</speed><course>62.689446</course><hAcc>6.872038</hAcc><vAcc>-1.000000</vAcc></extensions></trkpt>
      <trkpt lon="112.929178" lat="28.179603"><ele>0.000000</ele><time>2026-01-01T03:55:20Z</time><extensions><speed>0.805158</speed><course>62.235391</course><hAcc>7.005892</hAcc><vAcc>-1.000000</vAcc></extensions></trkpt>
      <trkpt lon="112.929184" lat="28.179606"><ele>0.000000</ele><time>2026-01-01T03:55:21Z</time><extensions><speed>0.795119</speed><course>61.820904</course><hAcc>7.106460</hAcc><vAcc>-1.000000</vAcc></extensions></trkpt>
      <trkpt lon="112.929190" lat="28.179608"><ele>0.000000</ele><time>2026-01-01T03:55:22Z</time><extensions><speed>0.787176</speed><course>61.448458</course><hAcc>7.181346</hAcc><vAcc>-1.000000</vAcc></extensions></trkpt>
      <trkpt lon="112.929196" lat="28.179611"><ele>0.000000</ele><time>2026-01-01T03:55:23Z</time><extensions><speed>0.780942</speed><course>61.118143</course><hAcc>7.236662</hAcc><vAcc>-1.000000</vAcc></extensions></trkpt>
      <trkpt lon="112.929201" lat="28.179614"><ele>0.000000</ele><time>2026-01-01T03:55:24Z</time><extensions><speed>0.776097</speed><course>60.828386</course><hAcc>7.277234</hAcc><vAcc>-1.000000</vAcc></extensions></trkpt>
      <trkpt lon="112.929207" lat="28.179617"><ele>0.000000</ele><time>2026-01-01T03:55:25Z</time><extensions><speed>0.772372</speed><course>60.576553</course><hAcc>7.306809</hAcc><vAcc>-1.000000</vAcc></extensions></trkpt>
      <trkpt lon="112.929212" lat="28.179620"><ele>0.000000</ele><time>2026-01-01T03:55:26Z</time><extensions><speed>0.769550</speed><course>60.359404</course><hAcc>7.328259</hAcc><vAcc>-1.000000</vAcc></extensions></trkpt>
      <trkpt lon="112.929218" lat="28.179623"><ele>0.000000</ele><time>2026-01-01T03:55:27Z</time><extensions><speed>0.767452</speed><course>60.173437</course><hAcc>7.343759</hAcc><vAcc>-1.000000</vAcc></extensions></trkpt>
      <trkpt lon="112.929224" lat="28.179625"><ele>0.000000</ele><time>2026-01-01T03:55:28Z</time><extensions><speed>0.768332</speed><course>60.054712</course><hAcc>7.354936</hAcc><vAcc>-1.000000</vAcc></extensions></trkpt>
      <trkpt lon="112.929229" lat="28.179628"><ele>0.000000</ele><time>2026-01-01T03:55:29Z</time><extensions><speed>0.769047</speed><course>59.922224</course><hAcc>7.362997</hAcc><vAcc>-1.000000</vAcc></extensions></trkpt>
      <trkpt lon="112.929235" lat="28.179631"><ele>0.000000</ele><time>2026-01-01T03:55:30Z</time><extensions><speed>0.770088</speed><course>59.761205</course><hAcc>7.368826</hAcc><vAcc>-1.000000</vAcc></extensions></trkpt>
      <trkpt lon="112.929240" lat="28.179634"><ele>0.000000</ele><time>2026-01-01T03:55:31Z</time><extensions><speed>0.771363</speed><course>59.553297</course><hAcc>7.373068</hAcc><vAcc>-1.000000</vAcc></extensions></trkpt>
      <trkpt lon="112.929246" lat="28.179637"><ele>0.000000</ele><time>2026-01-01T03:55:32Z</time><extensions><speed>0.772782</speed><course>59.270734</course><hAcc>7.376189</hAcc><vAcc>-1.000000</vAcc></extensions></trkpt>
      <trkpt lon="112.929252" lat="28.179640"><ele>0.000000</ele><time>2026-01-01T03:55:33Z</time><extensions><speed>0.774251</speed><course>58.874478</course><hAcc>7.378523</hAcc><vAcc>-1.000000</vAcc></extensions></trkpt>
      <trkpt lon="112.929257" lat="28.179642"><ele>0.000000</ele><time>2026-01-01T03:55:34Z</time><extensions><speed>0.775676</speed><course>58.311491</course><hAcc>7.380306</hAcc><vAcc>-1.000000</vAcc></extensions></trkpt>
      <trkpt lon="112.929262" lat="28.179645"><ele>0.000000</ele><time>2026-01-01T03:55:35Z</time><extensions><speed>0.776976</speed><course>57.510970</course><hAcc>7.381706</hAcc><vAcc>-1.000000</vAcc></extensions></trkpt>
      <trkpt lon="112.929268" lat="28.179649"><ele>0.000000</ele><time>2026-01-01T03:55:36Z</time><extensions><speed>0.778117</speed><course>56.379332</course><hAcc>7.382843</hAcc><vAcc>-1.000000</vAcc></extensions></trkpt>
      <trkpt lon="112.929273" lat="28.179652"><ele>0.000000</ele><time>2026-01-01T03:55:37Z</time><extensions><speed>0.779189</speed><course>54.793899</course><hAcc>7.383797</hAcc><vAcc>-1.000000</vAcc></extensions></trkpt>
      <trkpt lon="112.929278" lat="28.179655"><ele>0.000000</ele><time>2026-01-01T03:55:38Z</time><extensions><speed>0.780547</speed><course>52.595731</course><hAcc>7.384626</hAcc><vAcc>-1.000000</vAcc></extensions></trkpt>
      <trkpt lon="112.929283" lat="28.179659"><ele>0.000000</ele><time>2026-01-01T03:55:39Z</time><extensions><speed>0.781658</speed><course>51.022090</course><hAcc>7.385371</hAcc><vAcc>-1.000000</vAcc></extensions></trkpt>
      <trkpt lon="112.929288" lat="28.179662"><ele>0.000000</ele><time>2026-01-01T03:55:40Z</time><extensions><speed>0.782378</speed><course>49.914881</course><hAcc>7.386057</hAcc><vAcc>-1.000000</vAcc></extensions></trkpt>
      <trkpt lon="112.929293" lat="28.179666"><ele>0.000000</ele><time>2026-01-01T03:55:41Z</time><extensions><speed>0.782681</speed><course>49.153652</course><hAcc>7.386705</hAcc><vAcc>-1.000000</vAcc></extensions></trkpt>
      <trkpt lon="112.929298" lat="28.179670"><ele>0.000000</ele><time>2026-01-01T03:55:42Z</time><extensions><speed>0.782643</speed><course>48.647231</course><hAcc>7.387326</hAcc><vAcc>-1.000000</vAcc></extensions></trkpt>
      <trkpt lon="112.929302" lat="28.179674"><ele>0.000000</ele><time>2026-01-01T03:55:43Z</time><extensions><speed>0.782366</speed><course>48.326822</course><hAcc>7.387929</hAcc><vAcc>-1.000000</vAcc></extensions></trkpt>
      <trkpt lon="112.929307" lat="28.179678"><ele>0.000000</ele><time>2026-01-01T03:55:44Z</time><extensions><speed>0.781949</speed><course>48.140623</course><hAcc>7.388521</hAcc><vAcc>-1.000000</vAcc></extensions></trkpt>
      <trkpt lon="112.929312" lat="28.179682"><ele>0.000000</ele><time>2026-01-01T03:55:45Z</time><extensions><speed>0.781475</speed><course>48.049735</course><hAcc>7.389104</hAcc><vAcc>-1.000000</vAcc></extensions></trkpt>
      <trkpt lon="112.929316" lat="28.179685"><ele>0.000000</ele><time>2026-01-01T03:55:46Z</time><extensions><speed>0.781005</speed><course>48.025085</course><hAcc>7.389681</hAcc><vAcc>-1.000000</vAcc></extensions></trkpt>
      <trkpt lon="112.929321" lat="28.179689"><ele>0.000000</ele><time>2026-01-01T03:55:47Z</time><extensions><speed>0.780583</speed><course>48.045083</course><hAcc>7.390255</hAcc><vAcc>-1.000000</vAcc></extensions></trkpt>
      <trkpt lon="112.929325" lat="28.179693"><ele>0.000000</ele><time>2026-01-01T03:55:48Z</time><extensions><speed>0.780237</speed><course>48.093845</course><hAcc>7.390827</hAcc><vAcc>-1.000000</vAcc></extensions></trkpt>
      <trkpt lon="112.929330" lat="28.179697"><ele>0.000000</ele><time>2026-01-01T03:55:49Z</time><extensions><speed>0.779984</speed><course>48.159822</course><hAcc>7.391396</hAcc><vAcc>-1.000000</vAcc></extensions></trkpt>
      <trkpt lon="112.929335" lat="28.179701"><ele>0.000000</ele><time>2026-01-01T03:55:50Z</time><extensions><speed>0.779829</speed><course>48.234753</course><hAcc>7.391964</hAcc><vAcc>-1.000000</vAcc></extensions></trkpt>
      <trkpt lon="112.929339" lat="28.179705"><ele>0.000000</ele><time>2026-01-01T03:55:51Z</time><extensions><speed>0.779775</speed><course>48.312850</course><hAcc>7.392532</hAcc><vAcc>-1.000000</vAcc></extensions></trkpt>
      <trkpt lon="112.929344" lat="28.179708"><ele>0.000000</ele><time>2026-01-01T03:55:52Z</time><extensions><speed>0.779817</speed><course>48.390175</course><hAcc>7.393098</hAcc><vAcc>-1.000000</vAcc></extensions></trkpt>
      <trkpt lon="112.929348" lat="28.179712"><ele>0.000000</ele><time>2026-01-01T03:55:53Z</time><extensions><speed>0.779950</speed><course>48.464155</course><hAcc>7.393664</hAcc><vAcc>-1.000000</vAcc></extensions></trkpt>
      <trkpt lon="112.929353" lat="28.179716"><ele>0.000000</ele><time>2026-01-01T03:55:54Z</time><extensions><speed>0.780166</speed><course>48.533217</course><hAcc>7.394229</hAcc><vAcc>-1.000000</vAcc></extensions></trkpt>
      <trkpt lon="112.929357" lat="28.179720"><ele>0.000000</ele><time>2026-01-01T03:55:55Z</time><extensions><speed>0.780457</speed><course>48.596509</course><hAcc>7.394794</hAcc><vAcc>-1.000000</vAcc></extensions></trkpt>
      <trkpt lon="112.929362" lat="28.179723"><ele>0.000000</ele><time>2026-01-01T03:55:56Z</time><extensions><speed>0.780814</speed><course>48.653681</course><hAcc>7.395359</hAcc><vAcc>-1.000000</vAcc></extensions></trkpt>
      <trkpt lon="112.929367" lat="28.179727"><ele>0.000000</ele><time>2026-01-01T03:55:57Z</time><extensions><speed>0.781231</speed><course>48.704734</course><hAcc>7.395923</hAcc><vAcc>-1.000000</vAcc></extensions></trkpt>
      <trkpt lon="112.929371" lat="28.179731"><ele>0.000000</ele><time>2026-01-01T03:55:58Z</time><extensions><speed>0.781698</speed><course>48.749894</course><hAcc>7.396487</hAcc><vAcc>-1.000000</vAcc></extensions></trkpt>
      <trkpt lon="112.929376" lat="28.179734"><ele>0.000000</ele><time>2026-01-01T03:55:59Z</time><extensions><speed>0.782210</speed><course>48.789534</course><hAcc>7.397050</hAcc><vAcc>-1.000000</vAcc></extensions></trkpt>
      <trkpt lon="112.929380" lat="28.179738"><ele>0.000000</ele><time>2026-01-01T03:56:00Z</time><extensions><speed>0.782760</speed><course>48.824102</course><hAcc>7.397613</hAcc><vAcc>-1.000000</vAcc></extensions></trkpt>
      <trkpt lon="112.929385" lat="28.179742"><ele>0.000000</ele><time>2026-01-01T03:56:01Z</time><extensions><speed>0.783342</speed><course>48.854086</course><hAcc>7.398175</hAcc><vAcc>-1.000000</vAcc></extensions></trkpt>
      <trkpt lon="112.929390" lat="28.179746"><ele>0.000000</ele><time>2026-01-01T03:56:02Z</time><extensions><speed>0.783952</speed><course>48.879978</course><hAcc>7.398737</hAcc><vAcc>-1.000000</vAcc></extensions></trkpt>
      <trkpt lon="112.929394" lat="28.179749"><ele>0.000000</ele><time>2026-01-01T03:56:03Z</time><extensions><speed>0.784585</speed><course>48.902254</course><hAcc>7.399299</hAcc><vAcc>-1.000000</vAcc></extensions></trkpt>
      <trkpt lon="112.929399" lat="28.179753"><ele>0.000000</ele><time>2026-01-01T03:56:04Z</time><extensions><speed>0.785238</speed><course>48.921364</course><hAcc>7.399861</hAcc><vAcc>-1.000000</vAcc></extensions></trkpt>
      <trkpt lon="112.929403" lat="28.179757"><ele>0.000000</ele><time>2026-01-01T03:56:05Z</time><extensions><speed>0.785907</speed><course>48.937723</course><hAcc>7.400422</hAcc><vAcc>-1.000000</vAcc></extensions></trkpt>
      <trkpt lon="112.929408" lat="28.179760"><ele>0.000000</ele><time>2026-01-01T03:56:06Z</time><extensions><speed>0.788580</speed><course>49.001117</course><hAcc>7.400982</hAcc><vAcc>-1.000000</vAcc></extensions></trkpt>
      <trkpt lon="112.929413" lat="28.179764"><ele>0.000000</ele><time>2026-01-01T03:56:07Z</time><extensions><speed>0.791269</speed><course>49.031252</course><hAcc>7.401543</hAcc><vAcc>-1.000000</vAcc></extensions></trkpt>
      <trkpt lon="112.929418" lat="28.179767"><ele>0.000000</ele><time>2026-01-01T03:56:08Z</time><extensions><speed>0.792620</speed><course>49.020560</course><hAcc>7.402103</hAcc><vAcc>-1.000000</vAcc></extensions></trkpt>
      <trkpt lon="112.929423" lat="28.179771"><ele>0.000000</ele><time>2026-01-01T03:56:09Z</time><extensions><speed>0.793907</speed><course>48.945883</course><hAcc>7.402662</hAcc><vAcc>-1.000000</vAcc></extensions></trkpt>
      <trkpt lon="112.929427" lat="28.179775"><ele>0.000000</ele><time>2026-01-01T03:56:10Z</time><extensions><speed>0.795201</speed><course>48.781390</course><hAcc>7.403222</hAcc><vAcc>-1.000000</vAcc></extensions></trkpt>
      <trkpt lon="112.929432" lat="28.179778"><ele>0.000000</ele><time>2026-01-01T03:56:11Z</time><extensions><speed>0.796354</speed><course>48.489639</course><hAcc>7.403781</hAcc><vAcc>-1.000000</vAcc></extensions></trkpt>
      <trkpt lon="112.929436" lat="28.179782"><ele>0.000000</ele><time>2026-01-01T03:56:12Z</time><extensions><speed>0.794862</speed><course>48.031076</course><hAcc>7.373864</hAcc><vAcc>-1.000000</vAcc></extensions></trkpt>
      <trkpt lon="112.929447" lat="28.179792"><ele>0.000000</ele><time>2026-01-01T03:56:13Z</time><extensions><speed>0.952194</speed><course>45.545114</course><hAcc>7.267800</hAcc><vAcc>-1.000000</vAcc></extensions></trkpt>
      <trkpt lon="112.929464" lat="28.179811"><ele>0.000000</ele><time>2026-01-01T03:56:14Z</time><extensions><speed>1.245620</speed><course>42.849612</course><hAcc>7.077540</hAcc><vAcc>-1.000000</vAcc></extensions></trkpt>
      <trkpt lon="112.929485" lat="28.179834"><ele>0.000000</ele><time>2026-01-01T03:56:15Z</time><extensions><speed>1.605616</speed><course>40.842022</course><hAcc>6.823585</hAcc><vAcc>-1.000000</vAcc></extensions></trkpt>
      <trkpt lon="112.929509" lat="28.179861"><ele>0.000000</ele><time>2026-01-01T03:56:16Z</time><extensions><speed>2.001022</speed><course>39.303819</course><hAcc>6.474463</hAcc><vAcc>-1.000000</vAcc></extensions></trkpt>
      <trkpt lon="112.929536" lat="28.179892"><ele>0.000000</ele><time>2026-01-01T03:56:17Z</time><extensions><speed>2.416417</speed><course>38.524289</course><hAcc>6.004394</hAcc><vAcc>-1.000000</vAcc></extensions></trkpt>
      <trkpt lon="112.929563" lat="28.179922"><ele>0.000000</ele><time>2026-01-01T03:56:18Z</time><extensions><speed>2.724148</speed><course>38.191849</course><hAcc>5.486448</hAcc><vAcc>-1.000000</vAcc></extensions></trkpt>
      <trkpt lon="112.929588" lat="28.179951"><ele>0.000000</ele><time>2026-01-01T03:56:19Z</time><extensions><speed>2.903829</speed><course>38.097556</course><hAcc>4.944335</hAcc><vAcc>-1.000000</vAcc></extensions></trkpt>
      <trkpt lon="112.929612" lat="28.179978"><ele>0.000000</ele><time>2026-01-01T03:56:20Z</time><extensions><speed>2.927360</speed><course>38.161463</course><hAcc>4.401692</hAcc><vAcc>-1.000000</vAcc></extensions></trkpt>
      <trkpt lon="112.929634" lat="28.180003"><ele>0.000000</ele><time>2026-01-01T03:56:21Z</time><extensions><speed>2.736748</speed><course>38.403487</course><hAcc>3.936704</hAcc><vAcc>-1.000000</vAcc></extensions></trkpt>
      <trkpt lon="112.929651" lat="28.180022"><ele>0.000000</ele><time>2026-01-01T03:56:21Z</time><extensions><speed>2.460160</speed><course>38.732957</course><hAcc>3.595971</hAcc><vAcc>-1.000000</vAcc></extensions></trkpt>
      <trkpt lon="112.929668" lat="28.180041"><ele>0.000000</ele><time>2026-01-01T03:56:22Z</time><extensions><speed>2.029331</speed><course>39.176067</course><hAcc>3.286209</hAcc><vAcc>-1.000000</vAcc></extensions></trkpt>
      <trkpt lon="112.929682" lat="28.180056"><ele>0.000000</ele><time>2026-01-01T03:56:23Z</time><extensions><speed>1.535492</speed><course>39.312606</course><hAcc>3.004526</hAcc><vAcc>-1.000000</vAcc></extensions></trkpt>
      <trkpt lon="112.929690" lat="28.180065"><ele>0.000000</ele><time>2026-01-01T03:56:24Z</time><extensions><speed>1.133830</speed><course>39.515367</course><hAcc>2.849570</hAcc><vAcc>-1.000000</vAcc></extensions></trkpt>
      <trkpt lon="112.929697" lat="28.180072"><ele>0.000000</ele><time>2026-01-01T03:56:25Z</time><extensions><speed>0.813947</speed><course>40.052021</course><hAcc>2.743247</hAcc><vAcc>-1.000000</vAcc></extensions></trkpt>
      <trkpt lon="112.929702" lat="28.180078"><ele>0.000000</ele><time>2026-01-01T03:56:26Z</time><extensions><speed>0.727249</speed><course>41.758289</course><hAcc>2.657885</hAcc><vAcc>-1.000000</vAcc></extensions></trkpt>
      <trkpt lon="112.929708" lat="28.180084"><ele>0.000000</ele><time>2026-01-01T03:56:28Z</time><extensions><speed>0.718104</speed><course>42.324533</course><hAcc>2.575311</hAcc><vAcc>-1.000000</vAcc></extensions></trkpt>
      <trkpt lon="112.929714" lat="28.180089"><ele>0.000000</ele><time>2026-01-01T03:56:29Z</time><extensions><speed>0.762470</speed><course>42.705831</course><hAcc>2.524569</hAcc><vAcc>-1.000000</vAcc></extensions></trkpt>
      <trkpt lon="112.929720" lat="28.180095"><ele>0.000000</ele><time>2026-01-01T03:56:30Z</time><extensions><speed>0.906803</speed><course>42.908160</course><hAcc>2.489011</hAcc><vAcc>-1.000000</vAcc></extensions></trkpt>
      <trkpt lon="112.929726" lat="28.180101"><ele>0.000000</ele><time>2026-01-01T03:56:31Z</time><extensions><speed>0.799760</speed><course>43.074285</course><hAcc>2.492775</hAcc><vAcc>-1.000000</vAcc></extensions></trkpt>
      <trkpt lon="112.929730" lat="28.180105"><ele>0.000000</ele><time>2026-01-01T03:56:32Z</time><extensions><speed>0.285622</speed><course>42.754036</course><hAcc>2.527567</hAcc><vAcc>-1.000000</vAcc></extensions></trkpt>
      <trkpt lon="112.929732" lat="28.180107"><ele>0.000000</ele><time>2026-01-01T03:56:33Z</time><extensions><speed>0.249493</speed><course>43.176055</course><hAcc>2.553955</hAcc><vAcc>-1.000000</vAcc></extensions></trkpt>
      <trkpt lon="112.929734" lat="28.180109"><ele>0.000000</ele><time>2026-01-01T03:56:34Z</time><extensions><speed>0.279853</speed><course>43.161079</course><hAcc>2.584336</hAcc><vAcc>-1.000000</vAcc></extensions></trkpt>
      <trkpt lon="112.929737" lat="28.180112"><ele>0.000000</ele><time>2026-01-01T03:56:35Z</time><extensions><speed>0.551292</speed><course>41.724618</course><hAcc>2.662044</hAcc><vAcc>-1.000000</vAcc></extensions></trkpt>
      <trkpt lon="112.929742" lat="28.180116"><ele>0.000000</ele><time>2026-01-01T03:56:36Z</time><extensions><speed>0.755192</speed><course>41.464177</course><hAcc>2.996330</hAcc><vAcc>-1.000000</vAcc></extensions></trkpt>
      <trkpt lon="112.929748" lat="28.180122"><ele>0.000000</ele><time>2026-01-01T03:56:37Z</time><extensions><speed>0.901300</speed><course>41.471067</course><hAcc>3.510858</hAcc><vAcc>-1.000000</vAcc></extensions></trkpt>
      <trkpt lon="112.929755" lat="28.180130"><ele>0.000000</ele><time>2026-01-01T03:56:38Z</time><extensions><speed>1.000725</speed><course>41.595796</course><hAcc>4.063259</hAcc><vAcc>-1.000000</vAcc></extensions></trkpt>
      <trkpt lon="112.929763" lat="28.180137"><ele>0.000000</ele><time>2026-01-01T03:56:39Z</time><extensions><speed>1.064095</speed><course>41.798330</course><hAcc>4.572043</hAcc><vAcc>-1.000000</vAcc></extensions></trkpt>
      <trkpt lon="112.929771" lat="28.180145"><ele>0.000000</ele><time>2026-01-01T03:56:40Z</time><extensions><speed>1.100687</speed><course>42.069585</course><hAcc>5.006143</hAcc><vAcc>-1.000000</vAcc></extensions></trkpt>
      <trkpt lon="112.929780" lat="28.180154"><ele>0.000000</ele><time>2026-01-01T03:56:41Z</time><extensions><speed>1.118121</speed><course>42.413459</course><hAcc>5.360426</hAcc><vAcc>-1.000000</vAcc></extensions></trkpt>
      <trkpt lon="112.929788" lat="28.180162"><ele>0.000000</ele><time>2026-01-01T03:56:42Z</time><extensions><speed>1.122389</speed><course>42.735515</course><hAcc>5.641225</hAcc><vAcc>-1.000000</vAcc></extensions></trkpt>
      <trkpt lon="112.929797" lat="28.180170"><ele>0.000000</ele><time>2026-01-01T03:56:43Z</time><extensions><speed>1.117747</speed><course>43.039491</course><hAcc>5.859101</hAcc><vAcc>-1.000000</vAcc></extensions></trkpt>
      <trkpt lon="112.929806" lat="28.180178"><ele>0.000000</ele><time>2026-01-01T03:56:44Z</time><extensions><speed>1.107486</speed><course>43.325471</course><hAcc>6.025375</hAcc><vAcc>-1.000000</vAcc></extensions></trkpt>
      <trkpt lon="112.929814" lat="28.180186"><ele>0.000000</ele><time>2026-01-01T03:56:45Z</time><extensions><speed>1.094172</speed><course>43.592602</course><hAcc>6.150559</hAcc><vAcc>-1.000000</vAcc></extensions></trkpt>
      <trkpt lon="112.929823" lat="28.180194"><ele>0.000000</ele><time>2026-01-01T03:56:46Z</time><extensions><speed>1.079582</speed><course>43.840041</course><hAcc>6.243726</hAcc><vAcc>-1.000000</vAcc></extensions></trkpt>
      <trkpt lon="112.929831" lat="28.180202"><ele>0.000000</ele><time>2026-01-01T03:56:47Z</time><extensions><speed>1.064911</speed><course>44.067192</course><hAcc>6.312374</hAcc><vAcc>-1.000000</vAcc></extensions></trkpt>
      <trkpt lon="112.929840" lat="28.180210"><ele>0.000000</ele><time>2026-01-01T03:56:48Z</time><extensions><speed>1.050918</speed><course>44.273835</course><hAcc>6.362508</hAcc><vAcc>-1.000000</vAcc></extensions></trkpt>
      <trkpt lon="112.929848" lat="28.180217"><ele>0.000000</ele><time>2026-01-01T03:56:49Z</time><extensions><speed>1.038060</speed><course>44.460172</course><hAcc>6.398834</hAcc><vAcc>-1.000000</vAcc></extensions></trkpt>
      <trkpt lon="112.929856" lat="28.180225"><ele>0.000000</ele><time>2026-01-01T03:56:50Z</time><extensions><speed>1.026574</speed><course>44.626803</course><hAcc>6.424968</hAcc><vAcc>-1.000000</vAcc></extensions></trkpt>
      <trkpt lon="112.929864" lat="28.180232"><ele>0.000000</ele><time>2026-01-01T03:56:51Z</time><extensions><speed>1.016551</speed><course>44.774670</course><hAcc>6.443649</hAcc><vAcc>-1.000000</vAcc></extensions></trkpt>
      <trkpt lon="112.929872" lat="28.180239"><ele>0.000000</ele><time>2026-01-01T03:56:52Z</time><extensions><speed>1.007989</speed><course>44.904980</course><hAcc>6.456925</hAcc><vAcc>-1.000000</vAcc></extensions></trkpt>
      <trkpt lon="112.929880" lat="28.180246"><ele>0.000000</ele><time>2026-01-01T03:56:53Z</time><extensions><speed>1.000821</speed><course>45.019120</course><hAcc>6.466310</hAcc><vAcc>-1.000000</vAcc></extensions></trkpt>
      <trkpt lon="112.929888" lat="28.180253"><ele>0.000000</ele><time>2026-01-01T03:56:54Z</time><extensions><speed>0.994653</speed><course>45.109428</course><hAcc>6.472913</hAcc><vAcc>-1.000000</vAcc></extensions></trkpt>
      <trkpt lon="112.929896" lat="28.180260"><ele>0.000000</ele><time>2026-01-01T03:56:55Z</time><extensions><speed>0.989647</speed><course>45.192506</course><hAcc>6.477538</hAcc><vAcc>-1.000000</vAcc></extensions></trkpt>
      <trkpt lon="112.929904" lat="28.180267"><ele>0.000000</ele><time>2026-01-01T03:56:56Z</time><extensions><speed>0.986958</speed><course>45.276355</course><hAcc>6.480766</hAcc><vAcc>-1.000000</vAcc></extensions></trkpt>
      <trkpt lon="112.929911" lat="28.180274"><ele>0.000000</ele><time>2026-01-01T03:56:57Z</time><extensions><speed>0.985215</speed><course>45.370053</course><hAcc>6.483009</hAcc><vAcc>-1.000000</vAcc></extensions></trkpt>
      <trkpt lon="112.929919" lat="28.180281"><ele>0.000000</ele><time>2026-01-01T03:56:58Z</time><extensions><speed>0.984301</speed><course>45.478692</course><hAcc>6.484563</hAcc><vAcc>-1.000000</vAcc></extensions></trkpt>
      <trkpt lon="112.929927" lat="28.180288"><ele>0.000000</ele><time>2026-01-01T03:56:59Z</time><extensions><speed>0.984107</speed><course>45.609034</course><hAcc>6.485637</hAcc><vAcc>-1.000000</vAcc></extensions></trkpt>
      <trkpt lon="112.929935" lat="28.180295"><ele>0.000000</ele><time>2026-01-01T03:57:00Z</time><extensions><speed>0.984532</speed><course>45.769982</course><hAcc>6.486377</hAcc><vAcc>-1.000000</vAcc></extensions></trkpt>
      <trkpt lon="112.929942" lat="28.180302"><ele>0.000000</ele><time>2026-01-01T03:57:01Z</time><extensions><speed>0.985475</speed><course>45.973235</course><hAcc>6.486885</hAcc><vAcc>-1.000000</vAcc></extensions></trkpt>
      <trkpt lon="112.929950" lat="28.180308"><ele>0.000000</ele><time>2026-01-01T03:57:02Z</time><extensions><speed>0.986837</speed><course>46.234156</course><hAcc>6.487234</hAcc><vAcc>-1.000000</vAcc></extensions></trkpt>
      <trkpt lon="112.929958" lat="28.180315"><ele>0.000000</ele><time>2026-01-01T03:57:03Z</time><extensions><speed>0.988516</speed><course>46.572943</course><hAcc>6.487472</hAcc><vAcc>-1.000000</vAcc></extensions></trkpt>
      <trkpt lon="112.929966" lat="28.180322"><ele>0.000000</ele><time>2026-01-01T03:57:04Z</time><extensions><speed>0.990407</speed><course>47.016190</course><hAcc>6.487635</hAcc><vAcc>-1.000000</vAcc></extensions></trkpt>
      <trkpt lon="112.929974" lat="28.180328"><ele>0.000000</ele><time>2026-01-01T03:57:05Z</time><extensions><speed>0.992242</speed><course>47.371957</course><hAcc>6.487746</hAcc><vAcc>-1.000000</vAcc></extensions></trkpt>
      <trkpt lon="112.929982" lat="28.180335"><ele>0.000000</ele><time>2026-01-01T03:57:06Z</time><extensions><speed>0.994454</speed><course>47.758120</course><hAcc>6.487821</hAcc><vAcc>-1.000000</vAcc></extensions></trkpt>
      <trkpt lon="112.929990" lat="28.180341"><ele>0.000000</ele><time>2026-01-01T03:57:07Z</time><extensions><speed>0.995943</speed><course>47.984817</course><hAcc>6.487873</hAcc><vAcc>-1.000000</vAcc></extensions></trkpt>
      <trkpt lon="112.929998" lat="28.180347"><ele>0.000000</ele><time>2026-01-01T03:57:08Z</time><extensions><speed>0.996836</speed><course>48.025848</course><hAcc>6.487907</hAcc><vAcc>-1.000000</vAcc></extensions></trkpt>
      <trkpt lon="112.930006" lat="28.180354"><ele>0.000000</ele><time>2026-01-01T03:57:09Z</time><extensions><speed>0.999158</speed><course>47.998640</course><hAcc>6.447169</hAcc><vAcc>-1.000000</vAcc></extensions></trkpt>
      <trkpt lon="112.930015" lat="28.180361"><ele>0.000000</ele><time>2026-01-01T03:57:10Z</time><extensions><speed>1.006246</speed><course>47.544507</course><hAcc>6.373739</hAcc><vAcc>-1.000000</vAcc></extensions></trkpt>
      <trkpt lon="112.930023" lat="28.180367"><ele>0.000000</ele><time>2026-01-01T03:57:11Z</time><extensions><speed>1.011427</speed><course>46.808393</course><hAcc>6.284375</hAcc><vAcc>-1.000000</vAcc></extensions></trkpt>
      <trkpt lon="112.930031" lat="28.180375"><ele>0.000000</ele><time>2026-01-01T03:57:12Z</time><extensions><speed>1.014042</speed><course>45.721158</course><hAcc>6.179205</hAcc><vAcc>-1.000000</vAcc></extensions></trkpt>
      <trkpt lon="112.930038" lat="28.180382"><ele>0.000000</ele><time>2026-01-01T03:57:13Z</time><extensions><speed>1.012936</speed><course>44.182267</course><hAcc>6.064011</hAcc><vAcc>-1.000000</vAcc></extensions></trkpt>
      <trkpt lon="112.930046" lat="28.180389"><ele>0.000000</ele><time>2026-01-01T03:57:14Z</time><extensions><speed>1.006768</speed><course>42.038217</course><hAcc>5.951260</hAcc><vAcc>-1.000000</vAcc></extensions></trkpt>
      <trkpt lon="112.930053" lat="28.180396"><ele>0.000000</ele><time>2026-01-01T03:57:15Z</time><extensions><speed>0.994360</speed><course>39.050979</course><hAcc>5.860628</hAcc><vAcc>-1.000000</vAcc></extensions></trkpt>
      <trkpt lon="112.930059" lat="28.180404"><ele>0.000000</ele><time>2026-01-01T03:57:16Z</time><extensions><speed>0.975246</speed><course>34.850629</course><hAcc>5.816114</hAcc><vAcc>-1.000000</vAcc></extensions></trkpt>
      <trkpt lon="112.930064" lat="28.180411"><ele>0.000000</ele><time>2026-01-01T03:57:17Z</time><extensions><speed>0.945554</speed><course>31.257584</course><hAcc>5.833607</hAcc><vAcc>-1.000000</vAcc></extensions></trkpt>
      <trkpt lon="112.930069" lat="28.180419"><ele>0.000000</ele><time>2026-01-01T03:57:18Z</time><extensions><speed>0.898779</speed><course>27.862981</course><hAcc>5.888972</hAcc><vAcc>-1.000000</vAcc></extensions></trkpt>
      <trkpt lon="112.930072" lat="28.180425"><ele>0.000000</ele><time>2026-01-01T03:57:18Z</time><extensions><speed>0.856274</speed><course>25.579165</course><hAcc>5.893649</hAcc><vAcc>-1.000000</vAcc></extensions></trkpt>
      <trkpt lon="112.930076" lat="28.180432"><ele>0.000000</ele><time>2026-01-01T03:57:19Z</time><extensions><speed>0.931295</speed><course>25.398245</course><hAcc>5.752198</hAcc><vAcc>-1.000000</vAcc></extensions></trkpt>
      <trkpt lon="112.930080" lat="28.180440"><ele>0.000000</ele><time>2026-01-01T03:57:20Z</time><extensions><speed>0.984915</speed><course>25.115004</course><hAcc>5.549444</hAcc><vAcc>-1.000000</vAcc></extensions></trkpt>
      <trkpt lon="112.930085" lat="28.180448"><ele>0.000000</ele><time>2026-01-01T03:57:21Z</time><extensions><speed>1.021862</speed><course>24.796530</course><hAcc>5.393600</hAcc><vAcc>-1.000000</vAcc></extensions></trkpt>
      <trkpt lon="112.930089" lat="28.180457"><ele>0.000000</ele><time>2026-01-01T03:57:22Z</time><extensions><speed>1.046243</speed><course>24.476647</course><hAcc>5.308490</hAcc><vAcc>-1.000000</vAcc></extensions></trkpt>
      <trkpt lon="112.930094" lat="28.180466"><ele>0.000000</ele><time>2026-01-01T03:57:23Z</time><extensions><speed>1.061437</speed><course>24.173055</course><hAcc>5.282347</hAcc><vAcc>-1.000000</vAcc></extensions></trkpt>
      <trkpt lon="112.930098" lat="28.180475"><ele>0.000000</ele><time>2026-01-01T03:57:24Z</time><extensions><speed>1.070118</speed><course>23.894893</course><hAcc>5.293809</hAcc><vAcc>-1.000000</vAcc></extensions></trkpt>
      <trkpt lon="112.930102" lat="28.180484"><ele>0.000000</ele><time>2026-01-01T03:57:25Z</time><extensions><speed>1.079527</speed><course>23.711591</course><hAcc>5.323929</hAcc><vAcc>-1.000000</vAcc></extensions></trkpt>
      <trkpt lon="112.930107" lat="28.180493"><ele>0.000000</ele><time>2026-01-01T03:57:26Z</time><extensions><speed>1.085966</speed><course>23.533734</course><hAcc>5.359750</hAcc><vAcc>-1.000000</vAcc></extensions></trkpt>
      <trkpt lon="112.930111" lat="28.180502"><ele>0.000000</ele><time>2026-01-01T03:57:27Z</time><extensions><speed>1.090894</speed><course>23.446178</course><hAcc>5.393915</hAcc><vAcc>-1.000000</vAcc></extensions></trkpt>
      <trkpt lon="112.930116" lat="28.180511"><ele>0.000000</ele><time>2026-01-01T03:57:28Z</time><extensions><speed>1.095103</speed><course>23.451295</course><hAcc>5.423068</hAcc><vAcc>-1.000000</vAcc></extensions></trkpt>
      <trkpt lon="112.930120" lat="28.180520"><ele>0.000000</ele><time>2026-01-01T03:57:29Z</time><extensions><speed>1.099100</speed><course>23.555349</course><hAcc>5.446295</hAcc><vAcc>-1.000000</vAcc></extensions></trkpt>
      <trkpt lon="112.930124" lat="28.180529"><ele>0.000000</ele><time>2026-01-01T03:57:30Z</time><extensions><speed>1.103131</speed><course>23.768965</course><hAcc>5.463967</hAcc><vAcc>-1.000000</vAcc></extensions></trkpt>
      <trkpt lon="112.930129" lat="28.180538"><ele>0.000000</ele><time>2026-01-01T03:57:31Z</time><extensions><speed>1.107192</speed><course>24.107598</course><hAcc>5.476999</hAcc><vAcc>-1.000000</vAcc></extensions></trkpt>
      <trkpt lon="112.930134" lat="28.180547"><ele>0.000000</ele><time>2026-01-01T03:57:32Z</time><extensions><speed>1.111025</speed><course>24.592172</course><hAcc>5.486426</hAcc><vAcc>-1.000000</vAcc></extensions></trkpt>
      <trkpt lon="112.930138" lat="28.180556"><ele>0.000000</ele><time>2026-01-01T03:57:33Z</time><extensions><speed>1.114089</speed><course>25.250095</course><hAcc>5.493199</hAcc><vAcc>-1.000000</vAcc></extensions></trkpt>
      <trkpt lon="112.930143" lat="28.180565"><ele>0.000000</ele><time>2026-01-01T03:57:34Z</time><extensions><speed>1.115513</speed><course>26.116921</course><hAcc>5.498098</hAcc><vAcc>-1.000000</vAcc></extensions></trkpt>
      <trkpt lon="112.930148" lat="28.180574"><ele>0.000000</ele><time>2026-01-01T03:57:35Z</time><extensions><speed>1.114035</speed><course>27.239224</course><hAcc>5.501720</hAcc><vAcc>-1.000000</vAcc></extensions></trkpt>
      <trkpt lon="112.930153" lat="28.180583"><ele>0.000000</ele><time>2026-01-01T03:57:36Z</time><extensions><speed>1.110031</speed><course>28.695460</course><hAcc>5.504499</hAcc><vAcc>-1.000000</vAcc></extensions></trkpt>
      <trkpt lon="112.930159" lat="28.180592"><ele>0.000000</ele><time>2026-01-01T03:57:37Z</time><extensions><speed>1.105315</speed><course>29.780417</course><hAcc>5.506737</hAcc><vAcc>-1.000000</vAcc></extensions></trkpt>
      <trkpt lon="112.930164" lat="28.180600"><ele>0.000000</ele><time>2026-01-01T03:57:38Z</time><extensions><speed>1.100339</speed><course>30.577190</course><hAcc>5.508637</hAcc><vAcc>-1.000000</vAcc></extensions></trkpt>
      <trkpt lon="112.930170" lat="28.180609"><ele>0.000000</ele><time>2026-01-01T03:57:39Z</time><extensions><speed>1.095453</speed><course>31.151714</course><hAcc>5.510332</hAcc><vAcc>-1.000000</vAcc></extensions></trkpt>
      <trkpt lon="112.930175" lat="28.180617"><ele>0.000000</ele><time>2026-01-01T03:57:40Z</time><extensions><speed>1.090905</speed><course>31.556434</course><hAcc>5.511906</hAcc><vAcc>-1.000000</vAcc></extensions></trkpt>
      <trkpt lon="112.930181" lat="28.180625"><ele>0.000000</ele><time>2026-01-01T03:57:41Z</time><extensions><speed>1.086850</speed><course>31.832992</course><hAcc>5.513409</hAcc><vAcc>-1.000000</vAcc></extensions></trkpt>
      <trkpt lon="112.930187" lat="28.180633"><ele>0.000000</ele><time>2026-01-01T03:57:42Z</time><extensions><speed>1.083371</speed><course>32.014276</course><hAcc>5.514872</hAcc><vAcc>-1.000000</vAcc></extensions></trkpt>
      <trkpt lon="112.930192" lat="28.180641"><ele>0.000000</ele><time>2026-01-01T03:57:43Z</time><extensions><speed>1.080496</speed><course>32.126030</course><hAcc>5.516313</hAcc><vAcc>-1.000000</vAcc></extensions></trkpt>
      <trkpt lon="112.930198" lat="28.180649"><ele>0.000000</ele><time>2026-01-01T03:57:44Z</time><extensions><speed>1.078210</speed><course>32.188183</course><hAcc>5.517741</hAcc><vAcc>-1.000000</vAcc></extensions></trkpt>
      <trkpt lon="112.930203" lat="28.180657"><ele>0.000000</ele><time>2026-01-01T03:57:45Z</time><extensions><speed>1.076478</speed><course>32.215945</course><hAcc>5.519161</hAcc><vAcc>-1.000000</vAcc></extensions></trkpt>
      <trkpt lon="112.930209" lat="28.180665"><ele>0.000000</ele><time>2026-01-01T03:57:46Z</time><extensions><speed>1.075244</speed><course>32.220742</course><hAcc>5.520576</hAcc><vAcc>-1.000000</vAcc></extensions></trkpt>
      <trkpt lon="112.930215" lat="28.180674"><ele>0.000000</ele><time>2026-01-01T03:57:47Z</time><extensions><speed>1.080851</speed><course>32.166364</course><hAcc>5.521987</hAcc><vAcc>-1.000000</vAcc></extensions></trkpt>
      <trkpt lon="112.930220" lat="28.180682"><ele>0.000000</ele><time>2026-01-01T03:57:48Z</time><extensions><speed>1.087280</speed><course>32.160818</course><hAcc>5.523394</hAcc><vAcc>-1.000000</vAcc></extensions></trkpt>
      <trkpt lon="112.930226" lat="28.180690"><ele>0.000000</ele><time>2026-01-01T03:57:49Z</time><extensions><speed>1.094489</speed><course>32.213203</course><hAcc>5.524799</hAcc><vAcc>-1.000000</vAcc></extensions></trkpt>
      <trkpt lon="112.930232" lat="28.180698"><ele>0.000000</ele><time>2026-01-01T03:57:50Z</time><extensions><speed>1.102412</speed><course>32.337853</course><hAcc>5.526199</hAcc><vAcc>-1.000000</vAcc></extensions></trkpt>
      <trkpt lon="112.930238" lat="28.180706"><ele>0.000000</ele><time>2026-01-01T03:57:51Z</time><extensions><speed>1.110918</speed><course>32.555210</course><hAcc>5.527597</hAcc><vAcc>-1.000000</vAcc></extensions></trkpt>
      <trkpt lon="112.930243" lat="28.180715"><ele>0.000000</ele><time>2026-01-01T03:57:52Z</time><extensions><speed>1.119780</speed><course>32.892931</course><hAcc>5.528991</hAcc><vAcc>-1.000000</vAcc></extensions></trkpt>
      <trkpt lon="112.930249" lat="28.180723"><ele>0.000000</ele><time>2026-01-01T03:57:53Z</time><extensions><speed>1.128629</speed><course>33.387313</course><hAcc>5.530382</hAcc><vAcc>-1.000000</vAcc></extensions></trkpt>
      <trkpt lon="112.930255" lat="28.180731"><ele>0.000000</ele><time>2026-01-01T03:57:54Z</time><extensions><speed>1.136904</speed><course>34.085299</course><hAcc>5.531769</hAcc><vAcc>-1.000000</vAcc></extensions></trkpt>
      <trkpt lon="112.930262" lat="28.180740"><ele>0.000000</ele><time>2026-01-01T03:57:55Z</time><extensions><speed>1.143805</speed><course>35.047442</course><hAcc>5.533153</hAcc><vAcc>-1.000000</vAcc></extensions></trkpt>
      <trkpt lon="112.930268" lat="28.180748"><ele>0.000000</ele><time>2026-01-01T03:57:56Z</time><extensions><speed>1.148249</speed><course>36.352510</course><hAcc>5.534533</hAcc><vAcc>-1.000000</vAcc></extensions></trkpt>
      <trkpt lon="112.930275" lat="28.180756"><ele>0.000000</ele><time>2026-01-01T03:57:57Z</time><extensions><speed>1.148843</speed><course>38.104895</course><hAcc>5.535910</hAcc><vAcc>-1.000000</vAcc></extensions></trkpt>
      <trkpt lon="112.930282" lat="28.180763"><ele>0.000000</ele><time>2026-01-01T03:57:58Z</time><extensions><speed>1.141600</speed><course>39.369538</course><hAcc>5.496609</hAcc><vAcc>-1.000000</vAcc></extensions></trkpt>
      <trkpt lon="112.930289" lat="28.180771"><ele>0.000000</ele><time>2026-01-01T03:57:59Z</time><extensions><speed>1.151027</speed><course>40.298962</course><hAcc>5.439829</hAcc><vAcc>-1.000000</vAcc></extensions></trkpt>
      <trkpt lon="112.930296" lat="28.180779"><ele>0.000000</ele><time>2026-01-01T03:58:00Z</time><extensions><speed>1.163079</speed><course>40.915302</course><hAcc>5.357281</hAcc><vAcc>-1.000000</vAcc></extensions></trkpt>
      <trkpt lon="112.930304" lat="28.180786"><ele>0.000000</ele><time>2026-01-01T03:58:01Z</time><extensions><speed>1.158784</speed><course>42.021860</course><hAcc>5.209200</hAcc><vAcc>-1.000000</vAcc></extensions></trkpt>
      <trkpt lon="112.930312" lat="28.180792"><ele>0.000000</ele><time>2026-01-01T03:58:02Z</time><extensions><speed>1.154876</speed><course>44.182039</course><hAcc>4.983238</hAcc><vAcc>-1.000000</vAcc></extensions></trkpt>
      <trkpt lon="112.930322" lat="28.180796"><ele>0.000000</ele><time>2026-01-01T03:58:03Z</time><extensions><speed>1.160420</speed><course>47.658014</course><hAcc>4.672318</hAcc><vAcc>-1.000000</vAcc></extensions></trkpt>
      <trkpt lon="112.930332" lat="28.180800"><ele>0.000000</ele><time>2026-01-01T03:58:04Z</time><extensions><speed>1.183229</speed><course>50.755183</course><hAcc>4.294554</hAcc><vAcc>-1.000000</vAcc></extensions></trkpt>
      <trkpt lon="112.930343" lat="28.180804"><ele>0.000000</ele><time>2026-01-01T03:58:05Z</time><extensions><speed>1.232051</speed><course>52.694405</course><hAcc>3.883781</hAcc><vAcc>-1.000000</vAcc></extensions></trkpt>
      <trkpt lon="112.930354" lat="28.180808"><ele>0.000000</ele><time>2026-01-01T03:58:06Z</time><extensions><speed>1.301818</speed><course>52.947665</course><hAcc>3.486791</hAcc><vAcc>-1.000000</vAcc></extensions></trkpt>
      <trkpt lon="112.930366" lat="28.180813"><ele>0.000000</ele><time>2026-01-01T03:58:07Z</time><extensions><speed>1.404892</speed><course>50.712439</course><hAcc>3.167212</hAcc><vAcc>-1.000000</vAcc></extensions></trkpt>
      <trkpt lon="112.930369" lat="28.180811"><ele>0.000000</ele><time>2026-01-01T03:58:08Z</time><extensions><speed>1.402368</speed><course>51.224833</course><hAcc>2.986987</hAcc><vAcc>-1.000000</vAcc></extensions></trkpt>
      <trkpt lon="112.930380" lat="28.180817"><ele>0.000000</ele><time>2026-01-01T03:58:09Z</time><extensions><speed>1.501327</speed><course>48.035673</course><hAcc>2.797159</hAcc><vAcc>-1.000000</vAcc></extensions></trkpt>
      <trkpt lon="112.930390" lat="28.180823"><ele>0.000000</ele><time>2026-01-01T03:58:10Z</time><extensions><speed>1.342533</speed><course>46.955234</course><hAcc>2.620882</hAcc><vAcc>-1.000000</vAcc></extensions></trkpt>
      <trkpt lon="112.930400" lat="28.180829"><ele>0.000000</ele><time>2026-01-01T03:58:11Z</time><extensions><speed>1.304682</speed><course>48.529309</course><hAcc>2.459789</hAcc><vAcc>-1.000000</vAcc></extensions></trkpt>
      <trkpt lon="112.930410" lat="28.180835"><ele>0.000000</ele><time>2026-01-01T03:58:12Z</time><extensions><speed>1.285201</speed><course>48.831147</course><hAcc>2.320492</hAcc><vAcc>-1.000000</vAcc></extensions></trkpt>
      <trkpt lon="112.930420" lat="28.180842"><ele>0.000000</ele><time>2026-01-01T03:58:13Z</time><extensions><speed>1.404394</speed><course>48.737819</course><hAcc>2.204636</hAcc><vAcc>-1.000000</vAcc></extensions></trkpt>
      <trkpt lon="112.930431" lat="28.180848"><ele>0.000000</ele><time>2026-01-01T03:58:14Z</time><extensions><speed>1.362815</speed><course>49.069054</course><hAcc>2.100740</hAcc><vAcc>-1.000000</vAcc></extensions></trkpt>
      <trkpt lon="112.930441" lat="28.180855"><ele>0.000000</ele><time>2026-01-01T03:58:15Z</time><extensions><speed>1.358065</speed><course>49.327677</course><hAcc>2.005843</hAcc><vAcc>-1.000000</vAcc></extensions></trkpt>
      <trkpt lon="112.930452" lat="28.180861"><ele>0.000000</ele><time>2026-01-01T03:58:16Z</time><extensions><speed>1.328123</speed><course>49.131694</course><hAcc>1.925649</hAcc><vAcc>-1.000000</vAcc></extensions></trkpt>
      <trkpt lon="112.930462" lat="28.180868"><ele>0.000000</ele><time>2026-01-01T03:58:17Z</time><extensions><speed>1.197443</speed><course>49.697940</course><hAcc>1.851731</hAcc><vAcc>-1.000000</vAcc></extensions></trkpt>
      <trkpt lon="112.930472" lat="28.180874"><ele>0.000000</ele><time>2026-01-01T03:58:18Z</time><extensions><speed>1.187144</speed><course>48.841623</course><hAcc>1.795162</hAcc><vAcc>-1.000000</vAcc></extensions></trkpt>
      <trkpt lon="112.930481" lat="28.180880"><ele>0.000000</ele><time>2026-01-01T03:58:19Z</time><extensions><speed>1.146147</speed><course>51.426992</course><hAcc>1.727174</hAcc><vAcc>-1.000000</vAcc></extensions></trkpt>
      <trkpt lon="112.930490" lat="28.180885"><ele>0.000000</ele><time>2026-01-01T03:58:20Z</time><extensions><speed>1.027910</speed><course>52.112153</course><hAcc>1.669561</hAcc><vAcc>-1.000000</vAcc></extensions></trkpt>
      <trkpt lon="112.930498" lat="28.180890"><ele>0.000000</ele><time>2026-01-01T03:58:21Z</time><extensions><speed>0.965758</speed><course>51.282206</course><hAcc>1.628668</hAcc><vAcc>-1.000000</vAcc></extensions></trkpt>
      <trkpt lon="112.930506" lat="28.180895"><ele>0.000000</ele><time>2026-01-01T03:58:22Z</time><extensions><speed>0.929584</speed><course>47.189325</course><hAcc>1.606874</hAcc><vAcc>-1.000000</vAcc></extensions></trkpt>
      <trkpt lon="112.930514" lat="28.180900"><ele>0.000000</ele><time>2026-01-01T03:58:23Z</time><extensions><speed>1.016025</speed><course>48.358538</course><hAcc>1.577991</hAcc><vAcc>-1.000000</vAcc></extensions></trkpt>
      <trkpt lon="112.930522" lat="28.180906"><ele>0.000000</ele><time>2026-01-01T03:58:24Z</time><extensions><speed>1.024314</speed><course>48.656311</course><hAcc>1.554211</hAcc><vAcc>-1.000000</vAcc></extensions></trkpt>
      <trkpt lon="112.930530" lat="28.180911"><ele>0.000000</ele><time>2026-01-01T03:58:25Z</time><extensions><speed>1.025559</speed><course>49.225634</course><hAcc>1.535030</hAcc><vAcc>-1.000000</vAcc></extensions></trkpt>
      <trkpt lon="112.930538" lat="28.180916"><ele>0.000000</ele><time>2026-01-01T03:58:26Z</time><extensions><speed>1.013618</speed><course>51.510658</course><hAcc>1.516118</hAcc><vAcc>-1.000000</vAcc></extensions></trkpt>
      <trkpt lon="112.930547" lat="28.180921"><ele>0.000000</ele><time>2026-01-01T03:58:27Z</time><extensions><speed>0.972938</speed><course>52.630940</course><hAcc>1.507579</hAcc><vAcc>-1.000000</vAcc></extensions></trkpt>
      <trkpt lon="112.930555" lat="28.180926"><ele>0.000000</ele><time>2026-01-01T03:58:28Z</time><extensions><speed>1.004279</speed><course>52.458840</course><hAcc>1.504290</hAcc><vAcc>-1.000000</vAcc></extensions></trkpt>
      <trkpt lon="112.930564" lat="28.180931"><ele>0.000000</ele><time>2026-01-01T03:58:29Z</time><extensions><speed>1.011279</speed><course>51.716732</course><hAcc>1.506234</hAcc><vAcc>-1.000000</vAcc></extensions></trkpt>
      <trkpt lon="112.930573" lat="28.180936"><ele>0.000000</ele><time>2026-01-01T03:58:30Z</time><extensions><speed>1.009875</speed><course>53.644842</course><hAcc>1.500472</hAcc><vAcc>-1.000000</vAcc></extensions></trkpt>
      <trkpt lon="112.930582" lat="28.180941"><ele>0.000000</ele><time>2026-01-01T03:58:31Z</time><extensions><speed>0.983114</speed><course>53.967470</course><hAcc>1.503948</hAcc><vAcc>-1.000000</vAcc></extensions></trkpt>
      <trkpt lon="112.930590" lat="28.180946"><ele>0.000000</ele><time>2026-01-01T03:58:32Z</time><extensions><speed>0.973621</speed><course>50.774264</course><hAcc>1.510933</hAcc><vAcc>-1.000000</vAcc></extensions></trkpt>
      <trkpt lon="112.930599" lat="28.180951"><ele>0.000000</ele><time>2026-01-01T03:58:33Z</time><extensions><speed>0.985567</speed><course>54.108275</course><hAcc>1.505523</hAcc><vAcc>-1.000000</vAcc></extensions></trkpt>
      <trkpt lon="112.930608" lat="28.180956"><ele>0.000000</ele><time>2026-01-01T03:58:34Z</time><extensions><speed>1.002748</speed><course>54.321848</course><hAcc>1.506408</hAcc><vAcc>-1.000000</vAcc></extensions></trkpt>
      <trkpt lon="112.930617" lat="28.180961"><ele>0.000000</ele><time>2026-01-01T03:58:35Z</time><extensions><speed>1.021295</speed><course>54.959861</course><hAcc>1.507949</hAcc><vAcc>-1.000000</vAcc></extensions></trkpt>
      <trkpt lon="112.930626" lat="28.180966"><ele>0.000000</ele><time>2026-01-01T03:58:36Z</time><extensions><speed>1.036951</speed><course>55.261338</course><hAcc>1.506971</hAcc><vAcc>-1.000000</vAcc></extensions></trkpt>
      <trkpt lon="112.930636" lat="28.180971"><ele>0.000000</ele><time>2026-01-01T03:58:37Z</time><extensions><speed>1.051652</speed><course>56.472383</course><hAcc>1.497898</hAcc><vAcc>-1.000000</vAcc></extensions></trkpt>
      <trkpt lon="112.930646" lat="28.180976"><ele>0.000000</ele><time>2026-01-01T03:58:38Z</time><extensions><speed>1.055686</speed><course>54.172028</course><hAcc>1.494628</hAcc><vAcc>-1.000000</vAcc></extensions></trkpt>
      <trkpt lon="112.930655" lat="28.180982"><ele>0.000000</ele><time>2026-01-01T03:58:39Z</time><extensions><speed>1.085902</speed><course>50.352555</course><hAcc>1.491882</hAcc><vAcc>-1.000000</vAcc></extensions></trkpt>
      <trkpt lon="112.930664" lat="28.180989"><ele>0.000000</ele><time>2026-01-01T03:58:40Z</time><extensions><speed>1.124360</speed><course>49.114832</course><hAcc>1.477674</hAcc><vAcc>-1.000000</vAcc></extensions></trkpt>
      <trkpt lon="112.930673" lat="28.180996"><ele>0.000000</ele><time>2026-01-01T03:58:41Z</time><extensions><speed>1.131330</speed><course>48.715367</course><hAcc>1.462250</hAcc><vAcc>-1.000000</vAcc></extensions></trkpt>
      <trkpt lon="112.930682" lat="28.181003"><ele>0.000000</ele><time>2026-01-01T03:58:42Z</time><extensions><speed>1.141028</speed><course>48.194652</course><hAcc>1.447952</hAcc><vAcc>-1.000000</vAcc></extensions></trkpt>
      <trkpt lon="112.930691" lat="28.181011"><ele>0.000000</ele><time>2026-01-01T03:58:43Z</time><extensions><speed>1.184565</speed><course>43.731116</course><hAcc>1.432370</hAcc><vAcc>-1.000000</vAcc></extensions></trkpt>
      <trkpt lon="112.930699" lat="28.181019"><ele>0.000000</ele><time>2026-01-01T03:58:44Z</time><extensions><speed>1.209511</speed><course>43.188898</course><hAcc>1.423799</hAcc><vAcc>-1.000000</vAcc></extensions></trkpt>
      <trkpt lon="112.930708" lat="28.181028"><ele>0.000000</ele><time>2026-01-01T03:58:45Z</time><extensions><speed>1.201233</speed><course>42.247310</course><hAcc>1.422005</hAcc><vAcc>-1.000000</vAcc></extensions></trkpt>
      <trkpt lon="112.930716" lat="28.181036"><ele>0.000000</ele><time>2026-01-01T03:58:46Z</time><extensions><speed>1.199660</speed><course>41.806758</course><hAcc>1.413615</hAcc><vAcc>-1.000000</vAcc></extensions></trkpt>
      <trkpt lon="112.930723" lat="28.181044"><ele>0.000000</ele><time>2026-01-01T03:58:47Z</time><extensions><speed>1.214020</speed><course>41.053357</course><hAcc>1.406111</hAcc><vAcc>-1.000000</vAcc></extensions></trkpt>
      <trkpt lon="112.930731" lat="28.181053"><ele>0.000000</ele><time>2026-01-01T03:58:48Z</time><extensions><speed>1.214862</speed><course>40.103498</course><hAcc>1.405730</hAcc><vAcc>-1.000000</vAcc></extensions></trkpt>
      <trkpt lon="112.930738" lat="28.181061"><ele>0.000000</ele><time>2026-01-01T03:58:49Z</time><extensions><speed>1.206625</speed><course>39.442418</course><hAcc>1.404258</hAcc><vAcc>-1.000000</vAcc></extensions></trkpt>
      <trkpt lon="112.930745" lat="28.181069"><ele>0.000000</ele><time>2026-01-01T03:58:50Z</time><extensions><speed>1.246829</speed><course>37.533983</course><hAcc>1.391633</hAcc><vAcc>-1.000000</vAcc></extensions></trkpt>
      <trkpt lon="112.930751" lat="28.181078"><ele>0.000000</ele><time>2026-01-01T03:58:51Z</time><extensions><speed>1.266563</speed><course>27.967370</course><hAcc>1.378565</hAcc><vAcc>-1.000000</vAcc></extensions></trkpt>
      <trkpt lon="112.930755" lat="28.181088"><ele>0.000000</ele><time>2026-01-01T03:58:52Z</time><extensions><speed>1.249402</speed><course>25.567305</course><hAcc>1.367696</hAcc><vAcc>-1.000000</vAcc></extensions></trkpt>
      <trkpt lon="112.930760" lat="28.181097"><ele>0.000000</ele><time>2026-01-01T03:58:53Z</time><extensions><speed>1.207632</speed><course>27.227884</course><hAcc>1.370213</hAcc><vAcc>-1.000000</vAcc></extensions></trkpt>
      <trkpt lon="112.930764" lat="28.181106"><ele>0.000000</ele><time>2026-01-01T03:58:54Z</time><extensions><speed>1.139809</speed><course>27.471619</course><hAcc>1.363336</hAcc><vAcc>-1.000000</vAcc></extensions></trkpt>
      <trkpt lon="112.930769" lat="28.181115"><ele>0.000000</ele><time>2026-01-01T03:58:55Z</time><extensions><speed>1.109746</speed><course>26.403169</course><hAcc>1.347529</hAcc><vAcc>-1.000000</vAcc></extensions></trkpt>
      <trkpt lon="112.930772" lat="28.181125"><ele>0.000000</ele><time>2026-01-01T03:58:56Z</time><extensions><speed>1.087135</speed><course>22.714954</course><hAcc>1.323229</hAcc><vAcc>-1.000000</vAcc></extensions></trkpt>
      <trkpt lon="112.930776" lat="28.181134"><ele>0.000000</ele><time>2026-01-01T03:58:57Z</time><extensions><speed>1.055946</speed><course>26.464204</course><hAcc>1.323459</hAcc><vAcc>-1.000000</vAcc></extensions></trkpt>
      <trkpt lon="112.930779" lat="28.181143"><ele>0.000000</ele><time>2026-01-01T03:58:58Z</time><extensions><speed>1.002923</speed><course>13.261680</course><hAcc>1.312067</hAcc><vAcc>-1.000000</vAcc></extensions></trkpt>
      <trkpt lon="112.930781" lat="28.181151"><ele>0.000000</ele><time>2026-01-01T03:58:59Z</time><extensions><speed>0.870503</speed><course>10.067304</course><hAcc>1.295422</hAcc><vAcc>-1.000000</vAcc></extensions></trkpt>
      <trkpt lon="112.930782" lat="28.181159"><ele>0.000000</ele><time>2026-01-01T03:59:00Z</time><extensions><speed>0.821412</speed><course>9.256604</course><hAcc>1.283779</hAcc><vAcc>-1.000000</vAcc></extensions></trkpt>
      <trkpt lon="112.930783" lat="28.181166"><ele>0.000000</ele><time>2026-01-01T03:59:01Z</time><extensions><speed>0.614331</speed><course>6.694262</course><hAcc>1.281298</hAcc><vAcc>-1.000000</vAcc></extensions></trkpt>
      <trkpt lon="112.930784" lat="28.181172"><ele>0.000000</ele><time>2026-01-01T03:59:02Z</time><extensions><speed>0.529444</speed><course>7.146809</course><hAcc>1.279204</hAcc><vAcc>-1.000000</vAcc></extensions></trkpt>
      <trkpt lon="112.930786" lat="28.181177"><ele>0.000000</ele><time>2026-01-01T03:59:03Z</time><extensions><speed>0.688677</speed><course>9.099421</course><hAcc>1.272763</hAcc><vAcc>-1.000000</vAcc></extensions></trkpt>
      <trkpt lon="112.930788" lat="28.181185"><ele>0.000000</ele><time>2026-01-01T03:59:04Z</time><extensions><speed>0.879574</speed><course>12.436411</course><hAcc>1.272884</hAcc><vAcc>-1.000000</vAcc></extensions></trkpt>
      <trkpt lon="112.930790" lat="28.181193"><ele>0.000000</ele><time>2026-01-01T03:59:05Z</time><extensions><speed>0.916637</speed><course>12.658327</course><hAcc>1.270768</hAcc><vAcc>-1.000000</vAcc></extensions></trkpt>
      <trkpt lon="112.930793" lat="28.181202"><ele>0.000000</ele><time>2026-01-01T03:59:06Z</time><extensions><speed>0.991884</speed><course>12.399123</course><hAcc>1.271028</hAcc><vAcc>-1.000000</vAcc></extensions></trkpt>
      <trkpt lon="112.930794" lat="28.181212"><ele>0.000000</ele><time>2026-01-01T03:59:07Z</time><extensions><speed>1.172795</speed><course>359.596741</course><hAcc>1.269981</hAcc><vAcc>-1.000000</vAcc></extensions></trkpt>
      <trkpt lon="112.930795" lat="28.181224"><ele>0.000000</ele><time>2026-01-01T03:59:08Z</time><extensions><speed>1.247807</speed><course>359.273120</course><hAcc>1.275878</hAcc><vAcc>-1.000000</vAcc></extensions></trkpt>
      <trkpt lon="112.930795" lat="28.181235"><ele>0.000000</ele><time>2026-01-01T03:59:09Z</time><extensions><speed>1.246244</speed><course>358.836371</course><hAcc>1.287528</hAcc><vAcc>-1.000000</vAcc></extensions></trkpt>
      <trkpt lon="112.930795" lat="28.181247"><ele>0.000000</ele><time>2026-01-01T03:59:10Z</time><extensions><speed>1.245270</speed><course>350.296037</course><hAcc>1.292053</hAcc><vAcc>-1.000000</vAcc></extensions></trkpt>
      <trkpt lon="112.930793" lat="28.181258"><ele>0.000000</ele><time>2026-01-01T03:59:11Z</time><extensions><speed>1.220885</speed><course>349.111401</course><hAcc>1.309305</hAcc><vAcc>-1.000000</vAcc></extensions></trkpt>
      <trkpt lon="112.930791" lat="28.181270"><ele>0.000000</ele><time>2026-01-01T03:59:12Z</time><extensions><speed>1.264173</speed><course>348.201070</course><hAcc>1.318849</hAcc><vAcc>-1.000000</vAcc></extensions></trkpt>
      <trkpt lon="112.930789" lat="28.181281"><ele>0.000000</ele><time>2026-01-01T03:59:13Z</time><extensions><speed>1.248131</speed><course>342.184675</course><hAcc>1.327134</hAcc><vAcc>-1.000000</vAcc></extensions></trkpt>
      <trkpt lon="112.930786" lat="28.181292"><ele>0.000000</ele><time>2026-01-01T03:59:14Z</time><extensions><speed>1.246773</speed><course>342.152974</course><hAcc>1.334077</hAcc><vAcc>-1.000000</vAcc></extensions></trkpt>
      <trkpt lon="112.930782" lat="28.181304"><ele>0.000000</ele><time>2026-01-01T03:59:15Z</time><extensions><speed>1.255296</speed><course>341.395307</course><hAcc>1.340265</hAcc><vAcc>-1.000000</vAcc></extensions></trkpt>
      <trkpt lon="112.930779" lat="28.181315"><ele>0.000000</ele><time>2026-01-01T03:59:16Z</time><extensions><speed>1.249841</speed><course>341.013780</course><hAcc>1.343325</hAcc><vAcc>-1.000000</vAcc></extensions></trkpt>
      <trkpt lon="112.930774" lat="28.181325"><ele>0.000000</ele><time>2026-01-01T03:59:17Z</time><extensions><speed>1.210352</speed><course>329.335642</course><hAcc>1.349970</hAcc><vAcc>-1.000000</vAcc></extensions></trkpt>
      <trkpt lon="112.930768" lat="28.181335"><ele>0.000000</ele><time>2026-01-01T03:59:18Z</time><extensions><speed>1.203122</speed><course>327.232090</course><hAcc>1.355649</hAcc><vAcc>-1.000000</vAcc></extensions></trkpt>
      <trkpt lon="112.930762" lat="28.181344"><ele>0.000000</ele><time>2026-01-01T03:59:19Z</time><extensions><speed>1.195193</speed><course>327.083632</course><hAcc>1.357437</hAcc><vAcc>-1.000000</vAcc></extensions></trkpt>
      <trkpt lon="112.930756" lat="28.181353"><ele>0.000000</ele><time>2026-01-01T03:59:20Z</time><extensions><speed>1.194511</speed><course>327.184236</course><hAcc>1.361912</hAcc><vAcc>-1.000000</vAcc></extensions></trkpt>
      <trkpt lon="112.930749" lat="28.181362"><ele>0.000000</ele><time>2026-01-01T03:59:21Z</time><extensions><speed>1.183751</speed><course>325.999995</course><hAcc>1.366889</hAcc><vAcc>-1.000000</vAcc></extensions></trkpt>
      <trkpt lon="112.930743" lat="28.181370"><ele>0.000000</ele><time>2026-01-01T03:59:22Z</time><extensions><speed>1.172510</speed><course>320.489891</course><hAcc>1.367860</hAcc><vAcc>-1.000000</vAcc></extensions></trkpt>
      <trkpt lon="112.930735" lat="28.181379"><ele>0.000000</ele><time>2026-01-01T03:59:23Z</time><extensions><speed>1.179387</speed><course>320.141138</course><hAcc>1.366348</hAcc><vAcc>-1.000000</vAcc></extensions></trkpt>
      <trkpt lon="112.930728" lat="28.181387"><ele>0.000000</ele><time>2026-01-01T03:59:24Z</time><extensions><speed>1.181867</speed><course>319.037875</course><hAcc>1.371906</hAcc><vAcc>-1.000000</vAcc></extensions></trkpt>
      <trkpt lon="112.930720" lat="28.181395"><ele>0.000000</ele><time>2026-01-01T03:59:25Z</time><extensions><speed>1.176451</speed><course>319.053181</course><hAcc>1.371336</hAcc><vAcc>-1.000000</vAcc></extensions></trkpt>
      <trkpt lon="112.930712" lat="28.181403"><ele>0.000000</ele><time>2026-01-01T03:59:26Z</time><extensions><speed>1.152185</speed><course>319.541696</course><hAcc>1.369760</hAcc><vAcc>-1.000000</vAcc></extensions></trkpt>
      <trkpt lon="112.930704" lat="28.181410"><ele>0.000000</ele><time>2026-01-01T03:59:27Z</time><extensions><speed>1.129772</speed><course>318.114541</course><hAcc>1.379054</hAcc><vAcc>-1.000000</vAcc></extensions></trkpt>
      <trkpt lon="112.930697" lat="28.181417"><ele>0.000000</ele><time>2026-01-01T03:59:28Z</time><extensions><speed>1.118823</speed><course>317.363899</course><hAcc>1.381931</hAcc><vAcc>-1.000000</vAcc></extensions></trkpt>
      <trkpt lon="112.930689" lat="28.181424"><ele>0.000000</ele><time>2026-01-01T03:59:29Z</time><extensions><speed>1.072850</speed><course>315.373269</course><hAcc>1.394970</hAcc><vAcc>-1.000000</vAcc></extensions></trkpt>
      <trkpt lon="112.930681" lat="28.181431"><ele>0.000000</ele><time>2026-01-01T03:59:30Z</time><extensions><speed>1.033081</speed><course>314.909451</course><hAcc>1.398962</hAcc><vAcc>-1.000000</vAcc></extensions></trkpt>
      <trkpt lon="112.930673" lat="28.181437"><ele>0.000000</ele><time>2026-01-01T03:59:31Z</time><extensions><speed>0.997219</speed><course>314.603378</course><hAcc>1.399992</hAcc><vAcc>-1.000000</vAcc></extensions></trkpt>
      <trkpt lon="112.930666" lat="28.181442"><ele>0.000000</ele><time>2026-01-01T03:59:32Z</time><extensions><speed>0.996412</speed><course>309.105660</course><hAcc>1.398042</hAcc><vAcc>-1.000000</vAcc></extensions></trkpt>
      <trkpt lon="112.930657" lat="28.181447"><ele>0.000000</ele><time>2026-01-01T03:59:33Z</time><extensions><speed>0.997788</speed><course>308.716481</course><hAcc>1.396280</hAcc><vAcc>-1.000000</vAcc></extensions></trkpt>
      <trkpt lon="112.930649" lat="28.181453"><ele>0.000000</ele><time>2026-01-01T03:59:34Z</time><extensions><speed>1.018452</speed><course>305.087452</course><hAcc>1.392812</hAcc><vAcc>-1.000000</vAcc></extensions></trkpt>
      <trkpt lon="112.930640" lat="28.181457"><ele>0.000000</ele><time>2026-01-01T03:59:35Z</time><extensions><speed>1.042558</speed><course>304.069545</course><hAcc>1.418186</hAcc><vAcc>-1.000000</vAcc></extensions></trkpt>
      <trkpt lon="112.930631" lat="28.181463"><ele>0.000000</ele><time>2026-01-01T03:59:36Z</time><extensions><speed>1.044956</speed><course>307.977905</course><hAcc>1.453792</hAcc><vAcc>-1.000000</vAcc></extensions></trkpt>
      <trkpt lon="112.930622" lat="28.181468"><ele>0.000000</ele><time>2026-01-01T03:59:37Z</time><extensions><speed>1.041147</speed><course>308.280615</course><hAcc>1.458938</hAcc><vAcc>-1.000000</vAcc></extensions></trkpt>
      <trkpt lon="112.930613" lat="28.181473"><ele>0.000000</ele><time>2026-01-01T03:59:38Z</time><extensions><speed>1.033073</speed><course>308.003097</course><hAcc>1.462199</hAcc><vAcc>-1.000000</vAcc></extensions></trkpt>
      <trkpt lon="112.930605" lat="28.181478"><ele>0.000000</ele><time>2026-01-01T03:59:39Z</time><extensions><speed>1.022895</speed><course>300.292403</course><hAcc>1.461244</hAcc><vAcc>-1.000000</vAcc></extensions></trkpt>
      <trkpt lon="112.930595" lat="28.181482"><ele>0.000000</ele><time>2026-01-01T03:59:40Z</time><extensions><speed>1.023904</speed><course>299.820487</course><hAcc>1.459732</hAcc><vAcc>-1.000000</vAcc></extensions></trkpt>
      <trkpt lon="112.930586" lat="28.181486"><ele>0.000000</ele><time>2026-01-01T03:59:41Z</time><extensions><speed>1.033214</speed><course>293.810763</course><hAcc>1.457009</hAcc><vAcc>-1.000000</vAcc></extensions></trkpt>
      <trkpt lon="112.930576" lat="28.181490"><ele>0.000000</ele><time>2026-01-01T03:59:42Z</time><extensions><speed>1.043193</speed><course>293.259649</course><hAcc>1.481745</hAcc><vAcc>-1.000000</vAcc></extensions></trkpt>
      <trkpt lon="112.930567" lat="28.181493"><ele>0.000000</ele><time>2026-01-01T03:59:43Z</time><extensions><speed>1.033110</speed><course>298.372960</course><hAcc>1.514140</hAcc><vAcc>-1.000000</vAcc></extensions></trkpt>
      <trkpt lon="112.930557" lat="28.181497"><ele>0.000000</ele><time>2026-01-01T03:59:44Z</time><extensions><speed>1.039933</speed><course>295.024131</course><hAcc>1.514011</hAcc><vAcc>-1.000000</vAcc></extensions></trkpt>
      <trkpt lon="112.930548" lat="28.181501"><ele>0.000000</ele><time>2026-01-01T03:59:45Z</time><extensions><speed>1.031318</speed><course>299.856845</course><hAcc>1.537122</hAcc><vAcc>-1.000000</vAcc></extensions></trkpt>
      <trkpt lon="112.930538" lat="28.181505"><ele>0.000000</ele><time>2026-01-01T03:59:46Z</time><extensions><speed>1.037312</speed><course>296.233686</course><hAcc>1.532107</hAcc><vAcc>-1.000000</vAcc></extensions></trkpt>
      <trkpt lon="112.930528" lat="28.181509"><ele>0.000000</ele><time>2026-01-01T03:59:47Z</time><extensions><speed>1.025022</speed><course>300.014807</course><hAcc>1.549121</hAcc><vAcc>-1.000000</vAcc></extensions></trkpt>
      <trkpt lon="112.930519" lat="28.181514"><ele>0.000000</ele><time>2026-01-01T03:59:48Z</time><extensions><speed>1.015086</speed><course>297.754538</course><hAcc>1.541410</hAcc><vAcc>-1.000000</vAcc></extensions></trkpt>
      <trkpt lon="112.930510" lat="28.181518"><ele>0.000000</ele><time>2026-01-01T03:59:49Z</time><extensions><speed>0.980523</speed><course>300.261382</course><hAcc>1.557750</hAcc><vAcc>-1.000000</vAcc></extensions></trkpt>
      <trkpt lon="112.930502" lat="28.181522"><ele>0.000000</ele><time>2026-01-01T03:59:50Z</time><extensions><speed>0.912395</speed><course>300.294209</course><hAcc>1.561931</hAcc><vAcc>-1.000000</vAcc></extensions></trkpt>
      <trkpt lon="112.930495" lat="28.181525"><ele>0.000000</ele><time>2026-01-01T03:59:51Z</time><extensions><speed>0.590562</speed><course>294.933894</course><hAcc>1.558740</hAcc><vAcc>-1.000000</vAcc></extensions></trkpt>
      <trkpt lon="112.930489" lat="28.181528"><ele>0.000000</ele><time>2026-01-01T03:59:52Z</time><extensions><speed>0.613752</speed><course>293.957429</course><hAcc>1.575630</hAcc><vAcc>-1.000000</vAcc></extensions></trkpt>
      <trkpt lon="112.930483" lat="28.181530"><ele>0.000000</ele><time>2026-01-01T03:59:53Z</time><extensions><speed>0.612828</speed><course>294.860972</course><hAcc>1.604428</hAcc><vAcc>-1.000000</vAcc></extensions></trkpt>
      <trkpt lon="112.930477" lat="28.181533"><ele>0.000000</ele><time>2026-01-01T03:59:54Z</time><extensions><speed>0.652486</speed><course>296.551785</course><hAcc>1.629909</hAcc><vAcc>-1.000000</vAcc></extensions></trkpt>
      <trkpt lon="112.930470" lat="28.181536"><ele>0.000000</ele><time>2026-01-01T03:59:55Z</time><extensions><speed>0.773438</speed><course>298.085941</course><hAcc>1.648314</hAcc><vAcc>-1.000000</vAcc></extensions></trkpt>
      <trkpt lon="112.930462" lat="28.181540"><ele>0.000000</ele><time>2026-01-01T03:59:56Z</time><extensions><speed>0.845713</speed><course>295.474480</course><hAcc>1.653727</hAcc><vAcc>-1.000000</vAcc></extensions></trkpt>
      <trkpt lon="112.930454" lat="28.181543"><ele>0.000000</ele><time>2026-01-01T03:59:57Z</time><extensions><speed>0.829792</speed><course>295.545192</course><hAcc>1.654029</hAcc><vAcc>-1.000000</vAcc></extensions></trkpt>
      <trkpt lon="112.930447" lat="28.181547"><ele>0.000000</ele><time>2026-01-01T03:59:58Z</time><extensions><speed>0.841762</speed><course>296.160571</course><hAcc>1.657737</hAcc><vAcc>-1.000000</vAcc></extensions></trkpt>
      <trkpt lon="112.930439" lat="28.181551"><ele>0.000000</ele><time>2026-01-01T03:59:59Z</time><extensions><speed>0.872166</speed><course>296.952165</course><hAcc>1.667364</hAcc><vAcc>-1.000000</vAcc></extensions></trkpt>
      <trkpt lon="112.930430" lat="28.181555"><ele>0.000000</ele><time>2026-01-01T04:00:00Z</time><extensions><speed>0.950928</speed><course>297.530947</course><hAcc>1.678943</hAcc><vAcc>-1.000000</vAcc></extensions></trkpt>
      <trkpt lon="112.930422" lat="28.181560"><ele>0.000000</ele><time>2026-01-01T04:00:01Z</time><extensions><speed>0.959140</speed><course>298.117098</course><hAcc>1.682168</hAcc><vAcc>-1.000000</vAcc></extensions></trkpt>
      <trkpt lon="112.930413" lat="28.181564"><ele>0.000000</ele><time>2026-01-01T04:00:02Z</time><extensions><speed>0.957961</speed><course>298.285343</course><hAcc>1.691877</hAcc><vAcc>-1.000000</vAcc></extensions></trkpt>
      <trkpt lon="112.930405" lat="28.181569"><ele>0.000000</ele><time>2026-01-01T04:00:03Z</time><extensions><speed>0.952097</speed><course>297.277333</course><hAcc>1.703646</hAcc><vAcc>-1.000000</vAcc></extensions></trkpt>
      <trkpt lon="112.930396" lat="28.181573"><ele>0.000000</ele><time>2026-01-01T04:00:04Z</time><extensions><speed>0.961596</speed><course>299.113111</course><hAcc>1.694245</hAcc><vAcc>-1.000000</vAcc></extensions></trkpt>
      <trkpt lon="112.930387" lat="28.181578"><ele>0.000000</ele><time>2026-01-01T04:00:05Z</time><extensions><speed>0.960223</speed><course>298.546660</course><hAcc>1.704662</hAcc><vAcc>-1.000000</vAcc></extensions></trkpt>
      <trkpt lon="112.930379" lat="28.181582"><ele>0.000000</ele><time>2026-01-01T04:00:06Z</time><extensions><speed>0.998373</speed><course>300.085366</course><hAcc>1.703634</hAcc><vAcc>-1.000000</vAcc></extensions></trkpt>
      <trkpt lon="112.930370" lat="28.181587"><ele>0.000000</ele><time>2026-01-01T04:00:07Z</time><extensions><speed>1.019454</speed><course>300.402781</course><hAcc>1.714311</hAcc><vAcc>-1.000000</vAcc></extensions></trkpt>
      <trkpt lon="112.930361" lat="28.181592"><ele>0.000000</ele><time>2026-01-01T04:00:08Z</time><extensions><speed>1.038358</speed><course>300.986160</course><hAcc>1.725347</hAcc><vAcc>-1.000000</vAcc></extensions></trkpt>
      <trkpt lon="112.930352" lat="28.181597"><ele>0.000000</ele><time>2026-01-01T04:00:09Z</time><extensions><speed>1.023406</speed><course>300.833294</course><hAcc>1.744593</hAcc><vAcc>-1.000000</vAcc></extensions></trkpt>
      <trkpt lon="112.930343" lat="28.181602"><ele>0.000000</ele><time>2026-01-01T04:00:10Z</time><extensions><speed>1.012461</speed><course>300.237458</course><hAcc>1.762472</hAcc><vAcc>-1.000000</vAcc></extensions></trkpt>
      <trkpt lon="112.930334" lat="28.181607"><ele>0.000000</ele><time>2026-01-01T04:00:11Z</time><extensions><speed>1.007346</speed><course>300.539006</course><hAcc>1.764692</hAcc><vAcc>-1.000000</vAcc></extensions></trkpt>
      <trkpt lon="112.930325" lat="28.181612"><ele>0.000000</ele><time>2026-01-01T04:00:12Z</time><extensions><speed>1.016841</speed><course>302.732592</course><hAcc>1.754436</hAcc><vAcc>-1.000000</vAcc></extensions></trkpt>
      <trkpt lon="112.930317" lat="28.181617"><ele>0.000000</ele><time>2026-01-01T04:00:13Z</time><extensions><speed>0.972986</speed><course>300.547778</course><hAcc>1.791958</hAcc><vAcc>-1.000000</vAcc></extensions></trkpt>
      <trkpt lon="112.930308" lat="28.181621"><ele>0.000000</ele><time>2026-01-01T04:00:14Z</time><extensions><speed>0.951401</speed><course>299.174793</course><hAcc>1.807965</hAcc><vAcc>-1.000000</vAcc></extensions></trkpt>
      <trkpt lon="112.930300" lat="28.181626"><ele>0.000000</ele><time>2026-01-01T04:00:15Z</time><extensions><speed>0.973898</speed><course>298.529864</course><hAcc>1.804633</hAcc><vAcc>-1.000000</vAcc></extensions></trkpt>
      <trkpt lon="112.930291" lat="28.181630"><ele>0.000000</ele><time>2026-01-01T04:00:16Z</time><extensions><speed>0.974708</speed><course>298.237561</course><hAcc>1.796813</hAcc><vAcc>-1.000000</vAcc></extensions></trkpt>
      <trkpt lon="112.930282" lat="28.181634"><ele>0.000000</ele><time>2026-01-01T04:00:17Z</time><extensions><speed>0.959182</speed><course>298.030481</course><hAcc>1.791407</hAcc><vAcc>-1.000000</vAcc></extensions></trkpt>
      <trkpt lon="112.930273" lat="28.181639"><ele>0.000000</ele><time>2026-01-01T04:00:18Z</time><extensions><speed>0.945219</speed><course>297.784892</course><hAcc>1.788913</hAcc><vAcc>-1.000000</vAcc></extensions></trkpt>
      <trkpt lon="112.930265" lat="28.181643"><ele>0.000000</ele><time>2026-01-01T04:00:19Z</time><extensions><speed>0.930574</speed><course>297.880665</course><hAcc>1.783141</hAcc><vAcc>-1.000000</vAcc></extensions></trkpt>
      <trkpt lon="112.930256" lat="28.181647"><ele>0.000000</ele><time>2026-01-01T04:00:20Z</time><extensions><speed>0.949971</speed><course>297.838955</course><hAcc>1.782034</hAcc><vAcc>-1.000000</vAcc></extensions></trkpt>
      <trkpt lon="112.930248" lat="28.181651"><ele>0.000000</ele><time>2026-01-01T04:00:21Z</time><extensions><speed>0.937541</speed><course>297.844319</course><hAcc>1.782417</hAcc><vAcc>-1.000000</vAcc></extensions></trkpt>
      <trkpt lon="112.930239" lat="28.181655"><ele>0.000000</ele><time>2026-01-01T04:00:22Z</time><extensions><speed>0.936433</speed><course>297.845380</course><hAcc>1.781615</hAcc><vAcc>-1.000000</vAcc></extensions></trkpt>
      <trkpt lon="112.930231" lat="28.181659"><ele>0.000000</ele><time>2026-01-01T04:00:23Z</time><extensions><speed>0.929934</speed><course>297.671069</course><hAcc>1.782457</hAcc><vAcc>-1.000000</vAcc></extensions></trkpt>
      <trkpt lon="112.930222" lat="28.181663"><ele>0.000000</ele><time>2026-01-01T04:00:24Z</time><extensions><speed>0.939928</speed><course>297.510518</course><hAcc>1.778432</hAcc><vAcc>-1.000000</vAcc></extensions></trkpt>
      <trkpt lon="112.930212" lat="28.181667"><ele>0.000000</ele><time>2026-01-01T04:00:25Z</time><extensions><speed>0.984009</speed><course>297.106513</course><hAcc>1.778485</hAcc><vAcc>-1.000000</vAcc></extensions></trkpt>
      <trkpt lon="112.930203" lat="28.181671"><ele>0.000000</ele><time>2026-01-01T04:00:26Z</time><extensions><speed>0.974515</speed><course>296.770878</course><hAcc>1.774396</hAcc><vAcc>-1.000000</vAcc></extensions></trkpt>
      <trkpt lon="112.930193" lat="28.181675"><ele>0.000000</ele><time>2026-01-01T04:00:27Z</time><extensions><speed>0.993702</speed><course>296.428683</course><hAcc>1.760287</hAcc><vAcc>-1.000000</vAcc></extensions></trkpt>
      <trkpt lon="112.930184" lat="28.181679"><ele>0.000000</ele><time>2026-01-01T04:00:28Z</time><extensions><speed>0.990591</speed><course>295.975834</course><hAcc>1.744855</hAcc><vAcc>-1.000000</vAcc></extensions></trkpt>
      <trkpt lon="112.930174" lat="28.181682"><ele>0.000000</ele><time>2026-01-01T04:00:29Z</time><extensions><speed>0.971158</speed><course>295.424168</course><hAcc>1.729321</hAcc><vAcc>-1.000000</vAcc></extensions></trkpt>
      <trkpt lon="112.930164" lat="28.181686"><ele>0.000000</ele><time>2026-01-01T04:00:30Z</time><extensions><speed>0.965694</speed><course>294.975725</course><hAcc>1.715302</hAcc><vAcc>-1.000000</vAcc></extensions></trkpt>
      <trkpt lon="112.930154" lat="28.181689"><ele>0.000000</ele><time>2026-01-01T04:00:31Z</time><extensions><speed>0.929957</speed><course>294.822143</course><hAcc>1.703319</hAcc><vAcc>-1.000000</vAcc></extensions></trkpt>
      <trkpt lon="112.930145" lat="28.181693"><ele>0.000000</ele><time>2026-01-01T04:00:32Z</time><extensions><speed>0.927665</speed><course>296.007653</course><hAcc>1.695971</hAcc><vAcc>-1.000000</vAcc></extensions></trkpt>
      <trkpt lon="112.930135" lat="28.181696"><ele>0.000000</ele><time>2026-01-01T04:00:33Z</time><extensions><speed>0.969728</speed><course>296.028103</course><hAcc>1.674486</hAcc><vAcc>-1.000000</vAcc></extensions></trkpt>
      <trkpt lon="112.930126" lat="28.181700"><ele>0.000000</ele><time>2026-01-01T04:00:34Z</time><extensions><speed>1.023770</speed><course>295.927273</course><hAcc>1.656865</hAcc><vAcc>-1.000000</vAcc></extensions></trkpt>
      <trkpt lon="112.930116" lat="28.181703"><ele>0.000000</ele><time>2026-01-01T04:00:35Z</time><extensions><speed>1.043327</speed><course>295.715230</course><hAcc>1.644156</hAcc><vAcc>-1.000000</vAcc></extensions></trkpt>
      <trkpt lon="112.930106" lat="28.181707"><ele>0.000000</ele><time>2026-01-01T04:00:36Z</time><extensions><speed>1.049259</speed><course>295.771782</course><hAcc>1.633519</hAcc><vAcc>-1.000000</vAcc></extensions></trkpt>
      <trkpt lon="112.930096" lat="28.181711"><ele>0.000000</ele><time>2026-01-01T04:00:37Z</time><extensions><speed>1.053478</speed><course>292.643325</course><hAcc>1.618996</hAcc><vAcc>-1.000000</vAcc></extensions></trkpt>
      <trkpt lon="112.930085" lat="28.181714"><ele>0.000000</ele><time>2026-01-01T04:00:38Z</time><extensions><speed>1.113382</speed><course>292.417067</course><hAcc>1.622048</hAcc><vAcc>-1.000000</vAcc></extensions></trkpt>
      <trkpt lon="112.930074" lat="28.181717"><ele>0.000000</ele><time>2026-01-01T04:00:39Z</time><extensions><speed>1.141425</speed><course>291.587239</course><hAcc>1.621944</hAcc><vAcc>-1.000000</vAcc></extensions></trkpt>
      <trkpt lon="112.930062" lat="28.181720"><ele>0.000000</ele><time>2026-01-01T04:00:40Z</time><extensions><speed>1.135205</speed><course>291.589103</course><hAcc>1.630555</hAcc><vAcc>-1.000000</vAcc></extensions></trkpt>
      <trkpt lon="112.930051" lat="28.181724"><ele>0.000000</ele><time>2026-01-01T04:00:41Z</time><extensions><speed>1.152674</speed><course>290.444362</course><hAcc>1.631929</hAcc><vAcc>-1.000000</vAcc></extensions></trkpt>
      <trkpt lon="112.930039" lat="28.181726"><ele>0.000000</ele><time>2026-01-01T04:00:42Z</time><extensions><speed>1.140720</speed><course>289.135345</course><hAcc>1.633183</hAcc><vAcc>-1.000000</vAcc></extensions></trkpt>
      <trkpt lon="112.930027" lat="28.181729"><ele>0.000000</ele><time>2026-01-01T04:00:43Z</time><extensions><speed>1.134091</speed><course>288.776792</course><hAcc>1.636169</hAcc><vAcc>-1.000000</vAcc></extensions></trkpt>
      <trkpt lon="112.930015" lat="28.181732"><ele>0.000000</ele><time>2026-01-01T04:00:44Z</time><extensions><speed>1.074139</speed><course>291.972161</course><hAcc>1.645460</hAcc><vAcc>-1.000000</vAcc></extensions></trkpt>
      <trkpt lon="112.930004" lat="28.181735"><ele>0.000000</ele><time>2026-01-01T04:00:45Z</time><extensions><speed>1.042399</speed><course>294.252774</course><hAcc>1.642260</hAcc><vAcc>-1.000000</vAcc></extensions></trkpt>
      <trkpt lon="112.929993" lat="28.181738"><ele>0.000000</ele><time>2026-01-01T04:00:46Z</time><extensions><speed>1.062418</speed><course>289.683265</course><hAcc>1.621560</hAcc><vAcc>-1.000000</vAcc></extensions></trkpt>
      <trkpt lon="112.929981" lat="28.181740"><ele>0.000000</ele><time>2026-01-01T04:00:47Z</time><extensions><speed>1.069628</speed><course>289.187263</course><hAcc>1.613792</hAcc><vAcc>-1.000000</vAcc></extensions></trkpt>
      <trkpt lon="112.929970" lat="28.181742"><ele>0.000000</ele><time>2026-01-01T04:00:48Z</time><extensions><speed>1.073979</speed><course>288.941138</course><hAcc>1.607979</hAcc><vAcc>-1.000000</vAcc></extensions></trkpt>
      <trkpt lon="112.929959" lat="28.181745"><ele>0.000000</ele><time>2026-01-01T04:00:49Z</time><extensions><speed>1.079988</speed><course>288.910325</course><hAcc>1.601443</hAcc><vAcc>-1.000000</vAcc></extensions></trkpt>
      <trkpt lon="112.929947" lat="28.181747"><ele>0.000000</ele><time>2026-01-01T04:00:50Z</time><extensions><speed>1.097182</speed><course>288.070074</course><hAcc>1.593743</hAcc><vAcc>-1.000000</vAcc></extensions></trkpt>
      <trkpt lon="112.929936" lat="28.181750"><ele>0.000000</ele><time>2026-01-01T04:00:51Z</time><extensions><speed>1.105904</speed><course>294.560183</course><hAcc>1.595363</hAcc><vAcc>-1.000000</vAcc></extensions></trkpt>
      <trkpt lon="112.929925" lat="28.181753"><ele>0.000000</ele><time>2026-01-01T04:00:52Z</time><extensions><speed>1.115349</speed><course>289.927671</course><hAcc>1.577026</hAcc><vAcc>-1.000000</vAcc></extensions></trkpt>
      <trkpt lon="112.929913" lat="28.181756"><ele>0.000000</ele><time>2026-01-01T04:00:53Z</time><extensions><speed>1.158960</speed><course>289.398934</course><hAcc>1.568647</hAcc><vAcc>-1.000000</vAcc></extensions></trkpt>
      <trkpt lon="112.929901" lat="28.181759"><ele>0.000000</ele><time>2026-01-01T04:00:54Z</time><extensions><speed>1.218644</speed><course>289.548388</course><hAcc>1.563383</hAcc><vAcc>-1.000000</vAcc></extensions></trkpt>
      <trkpt lon="112.929889" lat="28.181762"><ele>0.000000</ele><time>2026-01-01T04:00:55Z</time><extensions><speed>1.225721</speed><course>289.170050</course><hAcc>1.558580</hAcc><vAcc>-1.000000</vAcc></extensions></trkpt>
      <trkpt lon="112.929877" lat="28.181765"><ele>0.000000</ele><time>2026-01-01T04:00:56Z</time><extensions><speed>1.216662</speed><course>289.446846</course><hAcc>1.556716</hAcc><vAcc>-1.000000</vAcc></extensions></trkpt>
      <trkpt lon="112.929865" lat="28.181768"><ele>0.000000</ele><time>2026-01-01T04:00:57Z</time><extensions><speed>1.201744</speed><course>292.808583</course><hAcc>1.559608</hAcc><vAcc>-1.000000</vAcc></extensions></trkpt>
      <trkpt lon="112.929854" lat="28.181772"><ele>0.000000</ele><time>2026-01-01T04:00:58Z</time><extensions><speed>1.187406</speed><course>288.921234</course><hAcc>1.548248</hAcc><vAcc>-1.000000</vAcc></extensions></trkpt>
      <trkpt lon="112.929843" lat="28.181775"><ele>0.000000</ele><time>2026-01-01T04:00:59Z</time><extensions><speed>1.170657</speed><course>290.271731</course><hAcc>1.556995</hAcc><vAcc>-1.000000</vAcc></extensions></trkpt>
      <trkpt lon="112.929832" lat="28.181778"><ele>0.000000</ele><time>2026-01-01T04:01:00Z</time><extensions><speed>1.157508</speed><course>291.118835</course><hAcc>1.562471</hAcc><vAcc>-1.000000</vAcc></extensions></trkpt>
      <trkpt lon="112.929821" lat="28.181782"><ele>0.000000</ele><time>2026-01-01T04:01:01Z</time><extensions><speed>1.144354</speed><course>290.381700</course><hAcc>1.561190</hAcc><vAcc>-1.000000</vAcc></extensions></trkpt>
      <trkpt lon="112.929810" lat="28.181785"><ele>0.000000</ele><time>2026-01-01T04:01:02Z</time><extensions><speed>1.110828</speed><course>292.750728</course><hAcc>1.569438</hAcc><vAcc>-1.000000</vAcc></extensions></trkpt>
      <trkpt lon="112.929800" lat="28.181789"><ele>0.000000</ele><time>2026-01-01T04:01:03Z</time><extensions><speed>1.100263</speed><course>293.580511</course><hAcc>1.575306</hAcc><vAcc>-1.000000</vAcc></extensions></trkpt>
      <trkpt lon="112.929790" lat="28.181793"><ele>0.000000</ele><time>2026-01-01T04:01:04Z</time><extensions><speed>1.083289</speed><course>294.897232</course><hAcc>1.589082</hAcc><vAcc>-1.000000</vAcc></extensions></trkpt>
      <trkpt lon="112.929780" lat="28.181797"><ele>0.000000</ele><time>2026-01-01T04:01:05Z</time><extensions><speed>1.045102</speed><course>297.910410</course><hAcc>1.607143</hAcc><vAcc>-1.000000</vAcc></extensions></trkpt>
      <trkpt lon="112.929772" lat="28.181801"><ele>0.000000</ele><time>2026-01-01T04:01:06Z</time><extensions><speed>0.885302</speed><course>298.766634</course><hAcc>1.610402</hAcc><vAcc>-1.000000</vAcc></extensions></trkpt>
      <trkpt lon="112.929764" lat="28.181804"><ele>0.000000</ele><time>2026-01-01T04:01:07Z</time><extensions><speed>0.690489</speed><course>294.067432</course><hAcc>1.587254</hAcc><vAcc>-1.000000</vAcc></extensions></trkpt>
      <trkpt lon="112.929759" lat="28.181806"><ele>0.000000</ele><time>2026-01-01T04:01:08Z</time><extensions><speed>0.235701</speed><course>289.929224</course><hAcc>1.620281</hAcc><vAcc>-1.000000</vAcc></extensions></trkpt>
      <trkpt lon="112.929757" lat="28.181808"><ele>0.000000</ele><time>2026-01-01T04:01:09Z</time><extensions><speed>0.208555</speed><course>293.656275</course><hAcc>1.635909</hAcc><vAcc>-1.000000</vAcc></extensions></trkpt>
      <trkpt lon="112.929755" lat="28.181809"><ele>0.000000</ele><time>2026-01-01T04:01:10Z</time><extensions><speed>0.086374</speed><course>296.323919</course><hAcc>1.640189</hAcc><vAcc>-1.000000</vAcc></extensions></trkpt>
      <trkpt lon="112.929755" lat="28.181811"><ele>0.000000</ele><time>2026-01-01T04:01:11Z</time><extensions><speed>0.061188</speed><course>311.650320</course><hAcc>1.637895</hAcc><vAcc>-1.000000</vAcc></extensions></trkpt>
      <trkpt lon="112.929755" lat="28.181812"><ele>0.000000</ele><time>2026-01-01T04:01:12Z</time><extensions><speed>0.088241</speed><course>319.029662</course><hAcc>1.637271</hAcc><vAcc>-1.000000</vAcc></extensions></trkpt>
      <trkpt lon="112.929755" lat="28.181814"><ele>0.000000</ele><time>2026-01-01T04:01:13Z</time><extensions><speed>0.140352</speed><course>319.261695</course><hAcc>1.633552</hAcc><vAcc>-1.000000</vAcc></extensions></trkpt>
      <trkpt lon="112.929754" lat="28.181817"><ele>0.000000</ele><time>2026-01-01T04:01:14Z</time><extensions><speed>0.308802</speed><course>314.923496</course><hAcc>1.620820</hAcc><vAcc>-1.000000</vAcc></extensions></trkpt>
      <trkpt lon="112.929752" lat="28.181820"><ele>0.000000</ele><time>2026-01-01T04:01:15Z</time><extensions><speed>0.368556</speed><course>317.430171</course><hAcc>1.612299</hAcc><vAcc>-1.000000</vAcc></extensions></trkpt>
      <trkpt lon="112.929751" lat="28.181824"><ele>0.000000</ele><time>2026-01-01T04:01:16Z</time><extensions><speed>0.399913</speed><course>316.595512</course><hAcc>1.608541</hAcc><vAcc>-1.000000</vAcc></extensions></trkpt>
      <trkpt lon="112.929748" lat="28.181828"><ele>0.000000</ele><time>2026-01-01T04:01:17Z</time><extensions><speed>0.626783</speed><course>311.984803</course><hAcc>1.597425</hAcc><vAcc>-1.000000</vAcc></extensions></trkpt>
      <trkpt lon="112.929743" lat="28.181833"><ele>0.000000</ele><time>2026-01-01T04:01:18Z</time><extensions><speed>1.016126</speed><course>301.982321</course><hAcc>1.597404</hAcc><vAcc>-1.000000</vAcc></extensions></trkpt>
      <trkpt lon="112.929734" lat="28.181839"><ele>0.000000</ele><time>2026-01-01T04:01:19Z</time><extensions><speed>1.112467</speed><course>301.715545</course><hAcc>1.589342</hAcc><vAcc>-1.000000</vAcc></extensions></trkpt>
      <trkpt lon="112.929726" lat="28.181847"><ele>0.000000</ele><time>2026-01-01T04:01:20Z</time><extensions><speed>1.153600</speed><course>317.520355</course><hAcc>1.574985</hAcc><vAcc>-1.000000</vAcc></extensions></trkpt>
      <trkpt lon="112.929719" lat="28.181855"><ele>0.000000</ele><time>2026-01-01T04:01:21Z</time><extensions><speed>1.181238</speed><course>319.818023</course><hAcc>1.575101</hAcc><vAcc>-1.000000</vAcc></extensions></trkpt>
      <trkpt lon="112.929711" lat="28.181864"><ele>0.000000</ele><time>2026-01-01T04:01:22Z</time><extensions><speed>1.092098</speed><course>312.980968</course><hAcc>1.588570</hAcc><vAcc>-1.000000</vAcc></extensions></trkpt>
      <trkpt lon="112.929705" lat="28.181872"><ele>0.000000</ele><time>2026-01-01T04:01:23Z</time><extensions><speed>1.100722</speed><course>323.536719</course><hAcc>1.580478</hAcc><vAcc>-1.000000</vAcc></extensions></trkpt>
      <trkpt lon="112.929698" lat="28.181881"><ele>0.000000</ele><time>2026-01-01T04:01:24Z</time><extensions><speed>1.100588</speed><course>320.807076</course><hAcc>1.579410</hAcc><vAcc>-1.000000</vAcc></extensions></trkpt>
      <trkpt lon="112.929692" lat="28.181889"><ele>0.000000</ele><time>2026-01-01T04:01:25Z</time><extensions><speed>1.086638</speed><course>324.634449</course><hAcc>1.567546</hAcc><vAcc>-1.000000</vAcc></extensions></trkpt>
      <trkpt lon="112.929688" lat="28.181899"><ele>0.000000</ele><time>2026-01-01T04:01:26Z</time><extensions><speed>1.133696</speed><course>342.672693</course><hAcc>1.574426</hAcc><vAcc>-1.000000</vAcc></extensions></trkpt>
      <trkpt lon="112.929685" lat="28.181909"><ele>0.000000</ele><time>2026-01-01T04:01:27Z</time><extensions><speed>1.063911</speed><course>333.372507</course><hAcc>1.618822</hAcc><vAcc>-1.000000</vAcc></extensions></trkpt>
      <trkpt lon="112.929680" lat="28.181918"><ele>0.000000</ele><time>2026-01-01T04:01:28Z</time><extensions><speed>1.043514</speed><course>327.183997</course><hAcc>1.641409</hAcc><vAcc>-1.000000</vAcc></extensions></trkpt>
      <trkpt lon="112.929676" lat="28.181927"><ele>0.000000</ele><time>2026-01-01T04:01:29Z</time><extensions><speed>1.102623</speed><course>331.966034</course><hAcc>1.647930</hAcc><vAcc>-1.000000</vAcc></extensions></trkpt>
      <trkpt lon="112.929671" lat="28.181938"><ele>0.000000</ele><time>2026-01-01T04:01:30Z</time><extensions><speed>1.299852</speed><course>334.102734</course><hAcc>1.646386</hAcc><vAcc>-1.000000</vAcc></extensions></trkpt>
      <trkpt lon="112.929666" lat="28.181950"><ele>0.000000</ele><time>2026-01-01T04:01:31Z</time><extensions><speed>1.387812</speed><course>334.781796</course><hAcc>1.648855</hAcc><vAcc>-1.000000</vAcc></extensions></trkpt>
      <trkpt lon="112.929660" lat="28.181962"><ele>0.000000</ele><time>2026-01-01T04:01:32Z</time><extensions><speed>1.402145</speed><course>337.510425</course><hAcc>1.644980</hAcc><vAcc>-1.000000</vAcc></extensions></trkpt>
      <trkpt lon="112.929657" lat="28.181975"><ele>0.000000</ele><time>2026-01-01T04:01:33Z</time><extensions><speed>1.441019</speed><course>347.559165</course><hAcc>1.639148</hAcc><vAcc>-1.000000</vAcc></extensions></trkpt>
      <trkpt lon="112.929654" lat="28.181988"><ele>0.000000</ele><time>2026-01-01T04:01:34Z</time><extensions><speed>1.437005</speed><course>346.895214</course><hAcc>1.642917</hAcc><vAcc>-1.000000</vAcc></extensions></trkpt>
      <trkpt lon="112.929651" lat="28.182001"><ele>0.000000</ele><time>2026-01-01T04:01:35Z</time><extensions><speed>1.467294</speed><course>346.243454</course><hAcc>1.637400</hAcc><vAcc>-1.000000</vAcc></extensions></trkpt>
      <trkpt lon="112.929648" lat="28.182015"><ele>0.000000</ele><time>2026-01-01T04:01:36Z</time><extensions><speed>1.454938</speed><course>346.963667</course><hAcc>1.628941</hAcc><vAcc>-1.000000</vAcc></extensions></trkpt>
      <trkpt lon="112.929646" lat="28.182028"><ele>0.000000</ele><time>2026-01-01T04:01:37Z</time><extensions><speed>1.462484</speed><course>355.919142</course><hAcc>1.620151</hAcc><vAcc>-1.000000</vAcc></extensions></trkpt>
      <trkpt lon="112.929645" lat="28.182042"><ele>0.000000</ele><time>2026-01-01T04:01:38Z</time><extensions><speed>1.443128</speed><course>356.625371</course><hAcc>1.613163</hAcc><vAcc>-1.000000</vAcc></extensions></trkpt>
      <trkpt lon="112.929644" lat="28.182056"><ele>0.000000</ele><time>2026-01-01T04:01:39Z</time><extensions><speed>1.495990</speed><course>356.798329</course><hAcc>1.605541</hAcc><vAcc>-1.000000</vAcc></extensions></trkpt>
      <trkpt lon="112.929644" lat="28.182069"><ele>0.000000</ele><time>2026-01-01T04:01:40Z</time><extensions><speed>1.458493</speed><course>0.795383</course><hAcc>1.597103</hAcc><vAcc>-1.000000</vAcc></extensions></trkpt>
      <trkpt lon="112.929645" lat="28.182083"><ele>0.000000</ele><time>2026-01-01T04:01:41Z</time><extensions><speed>1.448930</speed><course>1.279663</course><hAcc>1.591978</hAcc><vAcc>-1.000000</vAcc></extensions></trkpt>
      <trkpt lon="112.929645" lat="28.182097"><ele>0.000000</ele><time>2026-01-01T04:01:42Z</time><extensions><speed>1.405617</speed><course>0.807691</course><hAcc>1.595042</hAcc><vAcc>-1.000000</vAcc></extensions></trkpt>
      <trkpt lon="112.929646" lat="28.182110"><ele>0.000000</ele><time>2026-01-01T04:01:43Z</time><extensions><speed>1.399670</speed><course>0.345704</course><hAcc>1.592741</hAcc><vAcc>-1.000000</vAcc></extensions></trkpt>
      <trkpt lon="112.929647" lat="28.182123"><ele>0.000000</ele><time>2026-01-01T04:01:44Z</time><extensions><speed>1.394201</speed><course>0.285297</course><hAcc>1.586973</hAcc><vAcc>-1.000000</vAcc></extensions></trkpt>
      <trkpt lon="112.929647" lat="28.182136"><ele>0.000000</ele><time>2026-01-01T04:01:45Z</time><extensions><speed>1.393925</speed><course>0.393599</course><hAcc>1.581344</hAcc><vAcc>-1.000000</vAcc></extensions></trkpt>
      <trkpt lon="112.929648" lat="28.182150"><ele>0.000000</ele><time>2026-01-01T04:01:46Z</time><extensions><speed>1.426036</speed><course>0.411705</course><hAcc>1.576381</hAcc><vAcc>-1.000000</vAcc></extensions></trkpt>
      <trkpt lon="112.929648" lat="28.182163"><ele>0.000000</ele><time>2026-01-01T04:01:47Z</time><extensions><speed>1.458185</speed><course>0.730988</course><hAcc>1.571824</hAcc><vAcc>-1.000000</vAcc></extensions></trkpt>
      <trkpt lon="112.929649" lat="28.182177"><ele>0.000000</ele><time>2026-01-01T04:01:48Z</time><extensions><speed>1.450626</speed><course>0.819718</course><hAcc>1.577313</hAcc><vAcc>-1.000000</vAcc></extensions></trkpt>
      <trkpt lon="112.929649" lat="28.182190"><ele>0.000000</ele><time>2026-01-01T04:01:49Z</time><extensions><speed>1.469381</speed><course>1.036731</course><hAcc>1.578654</hAcc><vAcc>-1.000000</vAcc></extensions></trkpt>
      <trkpt lon="112.929650" lat="28.182204"><ele>0.000000</ele><time>2026-01-01T04:01:50Z</time><extensions><speed>1.463221</speed><course>1.460959</course><hAcc>1.585197</hAcc><vAcc>-1.000000</vAcc></extensions></trkpt>
      <trkpt lon="112.929650" lat="28.182217"><ele>0.000000</ele><time>2026-01-01T04:01:51Z</time><extensions><speed>1.428309</speed><course>1.697003</course><hAcc>1.594353</hAcc><vAcc>-1.000000</vAcc></extensions></trkpt>
      <trkpt lon="112.929651" lat="28.182230"><ele>0.000000</ele><time>2026-01-01T04:01:52Z</time><extensions><speed>1.423489</speed><course>1.610924</course><hAcc>1.601640</hAcc><vAcc>-1.000000</vAcc></extensions></trkpt>
      <trkpt lon="112.929652" lat="28.182243"><ele>0.000000</ele><time>2026-01-01T04:01:53Z</time><extensions><speed>1.401597</speed><course>0.775815</course><hAcc>1.610755</hAcc><vAcc>-1.000000</vAcc></extensions></trkpt>
      <trkpt lon="112.929652" lat="28.182256"><ele>0.000000</ele><time>2026-01-01T04:01:54Z</time><extensions><speed>1.473473</speed><course>0.822293</course><hAcc>1.604807</hAcc><vAcc>-1.000000</vAcc></extensions></trkpt>
      <trkpt lon="112.929653" lat="28.182269"><ele>0.000000</ele><time>2026-01-01T04:01:55Z</time><extensions><speed>1.488958</speed><course>1.019611</course><hAcc>1.599208</hAcc><vAcc>-1.000000</vAcc></extensions></trkpt>
      <trkpt lon="112.929654" lat="28.182283"><ele>0.000000</ele><time>2026-01-01T04:01:56Z</time><extensions><speed>1.497194</speed><course>1.130404</course><hAcc>1.594530</hAcc><vAcc>-1.000000</vAcc></extensions></trkpt>
      <trkpt lon="112.929654" lat="28.182296"><ele>0.000000</ele><time>2026-01-01T04:01:57Z</time><extensions><speed>1.497298</speed><course>0.822902</course><hAcc>1.593229</hAcc><vAcc>-1.000000</vAcc></extensions></trkpt>
      <trkpt lon="112.929655" lat="28.182310"><ele>0.000000</ele><time>2026-01-01T04:01:58Z</time><extensions><speed>1.479376</speed><course>0.745447</course><hAcc>1.595032</hAcc><vAcc>-1.000000</vAcc></extensions></trkpt>
      <trkpt lon="112.929655" lat="28.182323"><ele>0.000000</ele><time>2026-01-01T04:01:59Z</time><extensions><speed>1.450035</speed><course>0.746455</course><hAcc>1.592697</hAcc><vAcc>-1.000000</vAcc></extensions></trkpt>
      <trkpt lon="112.929655" lat="28.182336"><ele>0.000000</ele><time>2026-01-01T04:02:00Z</time><extensions><speed>1.395911</speed><course>1.035268</course><hAcc>1.590679</hAcc><vAcc>-1.000000</vAcc></extensions></trkpt>
      <trkpt lon="112.929655" lat="28.182349"><ele>0.000000</ele><time>2026-01-01T04:02:01Z</time><extensions><speed>1.329667</speed><course>0.823972</course><hAcc>1.588759</hAcc><vAcc>-1.000000</vAcc></extensions></trkpt>
      <trkpt lon="112.929656" lat="28.182361"><ele>0.000000</ele><time>2026-01-01T04:02:02Z</time><extensions><speed>1.316816</speed><course>0.623457</course><hAcc>1.581220</hAcc><vAcc>-1.000000</vAcc></extensions></trkpt>
      <trkpt lon="112.929655" lat="28.182372"><ele>0.000000</ele><time>2026-01-01T04:02:03Z</time><extensions><speed>1.287402</speed><course>0.223128</course><hAcc>1.573786</hAcc><vAcc>-1.000000</vAcc></extensions></trkpt>
      <trkpt lon="112.929655" lat="28.182384"><ele>0.000000</ele><time>2026-01-01T04:02:04Z</time><extensions><speed>1.281306</speed><course>359.463336</course><hAcc>1.563060</hAcc><vAcc>-1.000000</vAcc></extensions></trkpt>
      <trkpt lon="112.929654" lat="28.182395"><ele>0.000000</ele><time>2026-01-01T04:02:05Z</time><extensions><speed>1.267389</speed><course>355.650929</course><hAcc>1.550361</hAcc><vAcc>-1.000000</vAcc></extensions></trkpt>
      <trkpt lon="112.929653" lat="28.182406"><ele>0.000000</ele><time>2026-01-01T04:02:06Z</time><extensions><speed>1.236552</speed><course>354.612871</course><hAcc>1.537505</hAcc><vAcc>-1.000000</vAcc></extensions></trkpt>
      <trkpt lon="112.929651" lat="28.182416"><ele>0.000000</ele><time>2026-01-01T04:02:07Z</time><extensions><speed>1.240396</speed><course>353.677828</course><hAcc>1.524640</hAcc><vAcc>-1.000000</vAcc></extensions></trkpt>
      <trkpt lon="112.929648" lat="28.182427"><ele>0.000000</ele><time>2026-01-01T04:02:08Z</time><extensions><speed>1.243431</speed><course>352.469609</course><hAcc>1.520084</hAcc><vAcc>-1.000000</vAcc></extensions></trkpt>
      <trkpt lon="112.929645" lat="28.182438"><ele>0.000000</ele><time>2026-01-01T04:02:09Z</time><extensions><speed>1.293508</speed><course>345.772748</course><hAcc>1.505648</hAcc><vAcc>-1.000000</vAcc></extensions></trkpt>
      <trkpt lon="112.929641" lat="28.182449"><ele>0.000000</ele><time>2026-01-01T04:02:10Z</time><extensions><speed>1.313819</speed><course>344.689817</course><hAcc>1.495267</hAcc><vAcc>-1.000000</vAcc></extensions></trkpt>
      <trkpt lon="112.929636" lat="28.182459"><ele>0.000000</ele><time>2026-01-01T04:02:11Z</time><extensions><speed>1.290800</speed><course>342.935508</course><hAcc>1.483221</hAcc><vAcc>-1.000000</vAcc></extensions></trkpt>
      <trkpt lon="112.929630" lat="28.182470"><ele>0.000000</ele><time>2026-01-01T04:02:12Z</time><extensions><speed>1.295192</speed><course>330.956812</course><hAcc>1.470408</hAcc><vAcc>-1.000000</vAcc></extensions></trkpt>
      <trkpt lon="112.929623" lat="28.182479"><ele>0.000000</ele><time>2026-01-01T04:02:13Z</time><extensions><speed>1.282153</speed><course>328.994150</course><hAcc>1.461755</hAcc><vAcc>-1.000000</vAcc></extensions></trkpt>
      <trkpt lon="112.929615" lat="28.182489"><ele>0.000000</ele><time>2026-01-01T04:02:14Z</time><extensions><speed>1.257731</speed><course>328.261302</course><hAcc>1.458026</hAcc><vAcc>-1.000000</vAcc></extensions></trkpt>
      <trkpt lon="112.929608" lat="28.182498"><ele>0.000000</ele><time>2026-01-01T04:02:15Z</time><extensions><speed>1.253509</speed><course>327.848633</course><hAcc>1.457807</hAcc><vAcc>-1.000000</vAcc></extensions></trkpt>
      <trkpt lon="112.929600" lat="28.182507"><ele>0.000000</ele><time>2026-01-01T04:02:16Z</time><extensions><speed>1.249564</speed><course>327.408105</course><hAcc>1.458310</hAcc><vAcc>-1.000000</vAcc></extensions></trkpt>
      <trkpt lon="112.929592" lat="28.182516"><ele>0.000000</ele><time>2026-01-01T04:02:17Z</time><extensions><speed>1.252458</speed><course>325.254497</course><hAcc>1.458089</hAcc><vAcc>-1.000000</vAcc></extensions></trkpt>
      <trkpt lon="112.929583" lat="28.182524"><ele>0.000000</ele><time>2026-01-01T04:02:18Z</time><extensions><speed>1.279520</speed><course>312.800763</course><hAcc>1.460400</hAcc><vAcc>-1.000000</vAcc></extensions></trkpt>
      <trkpt lon="112.929573" lat="28.182531"><ele>0.000000</ele><time>2026-01-01T04:02:19Z</time><extensions><speed>1.288921</speed><course>313.384062</course><hAcc>1.466606</hAcc><vAcc>-1.000000</vAcc></extensions></trkpt>
      <trkpt lon="112.929563" lat="28.182538"><ele>0.000000</ele><time>2026-01-01T04:02:20Z</time><extensions><speed>1.303891</speed><course>312.326095</course><hAcc>1.477819</hAcc><vAcc>-1.000000</vAcc></extensions></trkpt>
      <trkpt lon="112.929552" lat="28.182546"><ele>0.000000</ele><time>2026-01-01T04:02:21Z</time><extensions><speed>1.306621</speed><course>312.850466</course><hAcc>1.497400</hAcc><vAcc>-1.000000</vAcc></extensions></trkpt>
      <trkpt lon="112.929541" lat="28.182553"><ele>0.000000</ele><time>2026-01-01T04:02:22Z</time><extensions><speed>1.330739</speed><course>305.104351</course><hAcc>1.503123</hAcc><vAcc>-1.000000</vAcc></extensions></trkpt>
      <trkpt lon="112.929530" lat="28.182559"><ele>0.000000</ele><time>2026-01-01T04:02:23Z</time><extensions><speed>1.302583</speed><course>305.015331</course><hAcc>1.526942</hAcc><vAcc>-1.000000</vAcc></extensions></trkpt>
      <trkpt lon="112.929518" lat="28.182565"><ele>0.000000</ele><time>2026-01-01T04:02:24Z</time><extensions><speed>1.296129</speed><course>302.164711</course><hAcc>1.539828</hAcc><vAcc>-1.000000</vAcc></extensions></trkpt>
      <trkpt lon="112.929506" lat="28.182570"><ele>0.000000</ele><time>2026-01-01T04:02:25Z</time><extensions><speed>1.298766</speed><course>303.360824</course><hAcc>1.559664</hAcc><vAcc>-1.000000</vAcc></extensions></trkpt>
      <trkpt lon="112.929495" lat="28.182576"><ele>0.000000</ele><time>2026-01-01T04:02:26Z</time><extensions><speed>1.303859</speed><course>303.908834</course><hAcc>1.579766</hAcc><vAcc>-1.000000</vAcc></extensions></trkpt>
      <trkpt lon="112.929483" lat="28.182582"><ele>0.000000</ele><time>2026-01-01T04:02:27Z</time><extensions><speed>1.299746</speed><course>303.716948</course><hAcc>1.584179</hAcc><vAcc>-1.000000</vAcc></extensions></trkpt>
      <trkpt lon="112.929472" lat="28.182588"><ele>0.000000</ele><time>2026-01-01T04:02:28Z</time><extensions><speed>1.278393</speed><course>304.912557</course><hAcc>1.588769</hAcc><vAcc>-1.000000</vAcc></extensions></trkpt>
      <trkpt lon="112.929461" lat="28.182594"><ele>0.000000</ele><time>2026-01-01T04:02:29Z</time><extensions><speed>1.267403</speed><course>301.935836</course><hAcc>1.582718</hAcc><vAcc>-1.000000</vAcc></extensions></trkpt>
      <trkpt lon="112.929450" lat="28.182600"><ele>0.000000</ele><time>2026-01-01T04:02:30Z</time><extensions><speed>1.234158</speed><course>304.516704</course><hAcc>1.593515</hAcc><vAcc>-1.000000</vAcc></extensions></trkpt>
      <trkpt lon="112.929439" lat="28.182605"><ele>0.000000</ele><time>2026-01-01T04:02:31Z</time><extensions><speed>1.228683</speed><course>302.768359</course><hAcc>1.602572</hAcc><vAcc>-1.000000</vAcc></extensions></trkpt>
      <trkpt lon="112.929428" lat="28.182611"><ele>0.000000</ele><time>2026-01-01T04:02:32Z</time><extensions><speed>1.216157</speed><course>301.771793</course><hAcc>1.623578</hAcc><vAcc>-1.000000</vAcc></extensions></trkpt>
      <trkpt lon="112.929417" lat="28.182616"><ele>0.000000</ele><time>2026-01-01T04:02:33Z</time><extensions><speed>1.190785</speed><course>302.266806</course><hAcc>1.636515</hAcc><vAcc>-1.000000</vAcc></extensions></trkpt>
      <trkpt lon="112.929407" lat="28.182621"><ele>0.000000</ele><time>2026-01-01T04:02:34Z</time><extensions><speed>1.152876</speed><course>300.761046</course><hAcc>1.641146</hAcc><vAcc>-1.000000</vAcc></extensions></trkpt>
      <trkpt lon="112.929396" lat="28.182626"><ele>0.000000</ele><time>2026-01-01T04:02:35Z</time><extensions><speed>1.154358</speed><course>302.146391</course><hAcc>1.652717</hAcc><vAcc>-1.000000</vAcc></extensions></trkpt>
      <trkpt lon="112.929386" lat="28.182631"><ele>0.000000</ele><time>2026-01-01T04:02:36Z</time><extensions><speed>1.148449</speed><course>304.977571</course><hAcc>1.664064</hAcc><vAcc>-1.000000</vAcc></extensions></trkpt>
      <trkpt lon="112.929377" lat="28.182637"><ele>0.000000</ele><time>2026-01-01T04:02:37Z</time><extensions><speed>1.159173</speed><course>304.231066</course><hAcc>1.662723</hAcc><vAcc>-1.000000</vAcc></extensions></trkpt>
      <trkpt lon="112.929367" lat="28.182642"><ele>0.000000</ele><time>2026-01-01T04:02:38Z</time><extensions><speed>1.155214</speed><course>304.352939</course><hAcc>1.664534</hAcc><vAcc>-1.000000</vAcc></extensions></trkpt>
      <trkpt lon="112.929358" lat="28.182647"><ele>0.000000</ele><time>2026-01-01T04:02:39Z</time><extensions><speed>1.148152</speed><course>303.349593</course><hAcc>1.664435</hAcc><vAcc>-1.000000</vAcc></extensions></trkpt>
      <trkpt lon="112.929348" lat="28.182653"><ele>0.000000</ele><time>2026-01-01T04:02:40Z</time><extensions><speed>1.127527</speed><course>305.955065</course><hAcc>1.677198</hAcc><vAcc>-1.000000</vAcc></extensions></trkpt>
      <trkpt lon="112.929340" lat="28.182658"><ele>0.000000</ele><time>2026-01-01T04:02:41Z</time><extensions><speed>1.105492</speed><course>305.944951</course><hAcc>1.673509</hAcc><vAcc>-1.000000</vAcc></extensions></trkpt>
      <trkpt lon="112.929331" lat="28.182664"><ele>0.000000</ele><time>2026-01-01T04:02:42Z</time><extensions><speed>1.117129</speed><course>307.603536</course><hAcc>1.678734</hAcc><vAcc>-1.000000</vAcc></extensions></trkpt>
      <trkpt lon="112.929323" lat="28.182670"><ele>0.000000</ele><time>2026-01-01T04:02:43Z</time><extensions><speed>1.105422</speed><course>307.726493</course><hAcc>1.674545</hAcc><vAcc>-1.000000</vAcc></extensions></trkpt>
      <trkpt lon="112.929314" lat="28.182676"><ele>0.000000</ele><time>2026-01-01T04:02:44Z</time><extensions><speed>1.071899</speed><course>308.473445</course><hAcc>1.676219</hAcc><vAcc>-1.000000</vAcc></extensions></trkpt>
      <trkpt lon="112.929306" lat="28.182682"><ele>0.000000</ele><time>2026-01-01T04:02:45Z</time><extensions><speed>1.056841</speed><course>309.845702</course><hAcc>1.685332</hAcc><vAcc>-1.000000</vAcc></extensions></trkpt>
      <trkpt lon="112.929299" lat="28.182688"><ele>0.000000</ele><time>2026-01-01T04:02:46Z</time><extensions><speed>1.014520</speed><course>310.735959</course><hAcc>1.686473</hAcc><vAcc>-1.000000</vAcc></extensions></trkpt>
      <trkpt lon="112.929291" lat="28.182695"><ele>0.000000</ele><time>2026-01-01T04:02:47Z</time><extensions><speed>0.999541</speed><course>311.487580</course><hAcc>1.684065</hAcc><vAcc>-1.000000</vAcc></extensions></trkpt>
      <trkpt lon="112.929284" lat="28.182701"><ele>0.000000</ele><time>2026-01-01T04:02:48Z</time><extensions><speed>0.951817</speed><course>312.380091</course><hAcc>1.683426</hAcc><vAcc>-1.000000</vAcc></extensions></trkpt>
      <trkpt lon="112.929277" lat="28.182707"><ele>0.000000</ele><time>2026-01-01T04:02:49Z</time><extensions><speed>0.919827</speed><course>313.232757</course><hAcc>1.690799</hAcc><vAcc>-1.000000</vAcc></extensions></trkpt>
      <trkpt lon="112.929271" lat="28.182713"><ele>0.000000</ele><time>2026-01-01T04:02:50Z</time><extensions><speed>0.864756</speed><course>314.280971</course><hAcc>1.697674</hAcc><vAcc>-1.000000</vAcc></extensions></trkpt>
      <trkpt lon="112.929265" lat="28.182719"><ele>0.000000</ele><time>2026-01-01T04:02:51Z</time><extensions><speed>0.855745</speed><course>315.297499</course><hAcc>1.703529</hAcc><vAcc>-1.000000</vAcc></extensions></trkpt>
      <trkpt lon="112.929259" lat="28.182724"><ele>0.000000</ele><time>2026-01-01T04:02:52Z</time><extensions><speed>0.843125</speed><course>315.384865</course><hAcc>1.714301</hAcc><vAcc>-1.000000</vAcc></extensions></trkpt>
      <trkpt lon="112.929254" lat="28.182730"><ele>0.000000</ele><time>2026-01-01T04:02:53Z</time><extensions><speed>0.784369</speed><course>316.089934</course><hAcc>1.715538</hAcc><vAcc>-1.000000</vAcc></extensions></trkpt>
      <trkpt lon="112.929249" lat="28.182735"><ele>0.000000</ele><time>2026-01-01T04:02:54Z</time><extensions><speed>0.625150</speed><course>317.236808</course><hAcc>1.716631</hAcc><vAcc>-1.000000</vAcc></extensions></trkpt>
      <trkpt lon="112.929245" lat="28.182739"><ele>0.000000</ele><time>2026-01-01T04:02:55Z</time><extensions><speed>0.594764</speed><course>316.656423</course><hAcc>1.716652</hAcc><vAcc>-1.000000</vAcc></extensions></trkpt>
      <trkpt lon="112.929241" lat="28.182743"><ele>0.000000</ele><time>2026-01-01T04:02:56Z</time><extensions><speed>0.546743</speed><course>317.197768</course><hAcc>1.708678</hAcc><vAcc>-1.000000</vAcc></extensions></trkpt>
      <trkpt lon="112.929239" lat="28.182746"><ele>0.000000</ele><time>2026-01-01T04:02:57Z</time><extensions><speed>0.248296</speed><course>321.810288</course><hAcc>1.705647</hAcc><vAcc>-1.000000</vAcc></extensions></trkpt>
      <trkpt lon="112.929238" lat="28.182747"><ele>0.000000</ele><time>2026-01-01T04:02:58Z</time><extensions><speed>0.097106</speed><course>341.275754</course><hAcc>1.694120</hAcc><vAcc>-1.000000</vAcc></extensions></trkpt>
      <trkpt lon="112.929238" lat="28.182748"><ele>0.000000</ele><time>2026-01-01T04:02:59Z</time><extensions><speed>0.059795</speed><course>7.569431</course><hAcc>1.685415</hAcc><vAcc>-1.000000</vAcc></extensions></trkpt>
      <trkpt lon="112.929238" lat="28.182748"><ele>0.000000</ele><time>2026-01-01T04:03:00Z</time><extensions><speed>0.043741</speed><course>25.804072</course><hAcc>1.683088</hAcc><vAcc>-1.000000</vAcc></extensions></trkpt>
      <trkpt lon="112.929238" lat="28.182749"><ele>0.000000</ele><time>2026-01-01T04:03:01Z</time><extensions><speed>0.035186</speed><course>25.115432</course><hAcc>1.680822</hAcc><vAcc>-1.000000</vAcc></extensions></trkpt>
      <trkpt lon="112.929238" lat="28.182749"><ele>0.000000</ele><time>2026-01-01T04:03:02Z</time><extensions><speed>0.031666</speed><course>12.730011</course><hAcc>1.676090</hAcc><vAcc>-1.000000</vAcc></extensions></trkpt>
      <trkpt lon="112.929238" lat="28.182750"><ele>0.000000</ele><time>2026-01-01T04:03:03Z</time><extensions><speed>0.024451</speed><course>21.357607</course><hAcc>1.669454</hAcc><vAcc>-1.000000</vAcc></extensions></trkpt>
      <trkpt lon="112.929238" lat="28.182750"><ele>0.000000</ele><time>2026-01-01T04:03:04Z</time><extensions><speed>0.025205</speed><course>13.010963</course><hAcc>1.656928</hAcc><vAcc>-1.000000</vAcc></extensions></trkpt>
      <trkpt lon="112.929238" lat="28.182750"><ele>0.000000</ele><time>2026-01-01T04:03:05Z</time><extensions><speed>0.021496</speed><course>10.927885</course><hAcc>1.646977</hAcc><vAcc>-1.000000</vAcc></extensions></trkpt>
      <trkpt lon="112.929238" lat="28.182750"><ele>0.000000</ele><time>2026-01-01T04:03:06Z</time><extensions><speed>0.025045</speed><course>349.645451</course><hAcc>1.635010</hAcc><vAcc>-1.000000</vAcc></extensions></trkpt>
      <trkpt lon="112.929237" lat="28.182751"><ele>0.000000</ele><time>2026-01-01T04:03:07Z</time><extensions><speed>0.043385</speed><course>324.891420</course><hAcc>1.627477</hAcc><vAcc>-1.000000</vAcc></extensions></trkpt>
      <trkpt lon="112.929237" lat="28.182751"><ele>0.000000</ele><time>2026-01-01T04:03:08Z</time><extensions><speed>0.054097</speed><course>315.189951</course><hAcc>1.622794</hAcc><vAcc>-1.000000</vAcc></extensions></trkpt>
      <trkpt lon="112.929236" lat="28.182751"><ele>0.000000</ele><time>2026-01-01T04:03:09Z</time><extensions><speed>0.128275</speed><course>310.893097</course><hAcc>1.617254</hAcc><vAcc>-1.000000</vAcc></extensions></trkpt>
      <trkpt lon="112.929233" lat="28.182753"><ele>0.000000</ele><time>2026-01-01T04:03:10Z</time><extensions><speed>0.496147</speed><course>311.109408</course><hAcc>1.606494</hAcc><vAcc>-1.000000</vAcc></extensions></trkpt>
      <trkpt lon="112.929229" lat="28.182757"><ele>0.000000</ele><time>2026-01-01T04:03:11Z</time><extensions><speed>0.660484</speed><course>311.146029</course><hAcc>1.590695</hAcc><vAcc>-1.000000</vAcc></extensions></trkpt>
      <trkpt lon="112.929225" lat="28.182760"><ele>0.000000</ele><time>2026-01-01T04:03:12Z</time><extensions><speed>0.586509</speed><course>310.999084</course><hAcc>1.571512</hAcc><vAcc>-1.000000</vAcc></extensions></trkpt>
      <trkpt lon="112.929222" lat="28.182763"><ele>0.000000</ele><time>2026-01-01T04:03:13Z</time><extensions><speed>0.277770</speed><course>309.800061</course><hAcc>1.551802</hAcc><vAcc>-1.000000</vAcc></extensions></trkpt>
      <trkpt lon="112.929220" lat="28.182764"><ele>0.000000</ele><time>2026-01-01T04:03:14Z</time><extensions><speed>0.273219</speed><course>311.452735</course><hAcc>1.560744</hAcc><vAcc>-1.000000</vAcc></extensions></trkpt>
      <trkpt lon="112.929218" lat="28.182765"><ele>0.000000</ele><time>2026-01-01T04:03:15Z</time><extensions><speed>0.117330</speed><course>309.125224</course><hAcc>1.526023</hAcc><vAcc>-1.000000</vAcc></extensions></trkpt>
      <trkpt lon="112.929218" lat="28.182766"><ele>0.000000</ele><time>2026-01-01T04:03:16Z</time><extensions><speed>0.075159</speed><course>308.412869</course><hAcc>1.514574</hAcc><vAcc>-1.000000</vAcc></extensions></trkpt>
      <trkpt lon="112.929218" lat="28.182766"><ele>0.000000</ele><time>2026-01-01T04:03:17Z</time><extensions><speed>0.010909</speed><course>301.863501</course><hAcc>1.511152</hAcc><vAcc>-1.000000</vAcc></extensions></trkpt>
      <trkpt lon="112.929218" lat="28.182766"><ele>0.000000</ele><time>2026-01-01T04:03:18Z</time><extensions><speed>0.001855</speed><course>318.934492</course><hAcc>1.508516</hAcc><vAcc>-1.000000</vAcc></extensions></trkpt>
      <trkpt lon="112.929218" lat="28.182766"><ele>0.000000</ele><time>2026-01-01T04:03:19Z</time><extensions><speed>0.036027</speed><course>314.673561</course><hAcc>1.504380</hAcc><vAcc>-1.000000</vAcc></extensions></trkpt>
      <trkpt lon="112.929217" lat="28.182766"><ele>0.000000</ele><time>2026-01-01T04:03:20Z</time><extensions><speed>0.068614</speed><course>314.769882</course><hAcc>1.495067</hAcc><vAcc>-1.000000</vAcc></extensions></trkpt>
      <trkpt lon="112.929217" lat="28.182766"><ele>0.000000</ele><time>2026-01-01T04:03:21Z</time><extensions><speed>0.067270</speed><course>314.593036</course><hAcc>1.493550</hAcc><vAcc>-1.000000</vAcc></extensions></trkpt>
      <trkpt lon="112.929217" lat="28.182766"><ele>0.000000</ele><time>2026-01-01T04:03:22Z</time><extensions><speed>0.030142</speed><course>314.815971</course><hAcc>1.492714</hAcc><vAcc>-1.000000</vAcc></extensions></trkpt>
      <trkpt lon="112.929217" lat="28.182766"><ele>0.000000</ele><time>2026-01-01T04:03:23Z</time><extensions><speed>0.012913</speed><course>311.562283</course><hAcc>1.498683</hAcc><vAcc>-1.000000</vAcc></extensions></trkpt>
      <trkpt lon="112.929217" lat="28.182766"><ele>0.000000</ele><time>2026-01-01T04:03:24Z</time><extensions><speed>0.014298</speed><course>311.374927</course><hAcc>1.473779</hAcc><vAcc>-1.000000</vAcc></extensions></trkpt>
      <trkpt lon="112.929217" lat="28.182766"><ele>0.000000</ele><time>2026-01-01T04:03:25Z</time><extensions><speed>0.021604</speed><course>311.379543</course><hAcc>1.455348</hAcc><vAcc>-1.000000</vAcc></extensions></trkpt>
      <trkpt lon="112.929217" lat="28.182766"><ele>0.000000</ele><time>2026-01-01T04:03:26Z</time><extensions><speed>0.010457</speed><course>311.109982</course><hAcc>1.440080</hAcc><vAcc>-1.000000</vAcc></extensions></trkpt>
      <trkpt lon="112.929217" lat="28.182766"><ele>0.000000</ele><time>2026-01-01T04:03:27Z</time><extensions><speed>0.004933</speed><course>310.752109</course><hAcc>1.426730</hAcc><vAcc>-1.000000</vAcc></extensions></trkpt>
      <trkpt lon="112.929217" lat="28.182766"><ele>0.000000</ele><time>2026-01-01T04:03:28Z</time><extensions><speed>0.007250</speed><course>310.812663</course><hAcc>1.415109</hAcc><vAcc>-1.000000</vAcc></extensions></trkpt>
      <trkpt lon="112.929217" lat="28.182766"><ele>0.000000</ele><time>2026-01-01T04:03:29Z</time><extensions><speed>0.002573</speed><course>309.391276</course><hAcc>1.402307</hAcc><vAcc>-1.000000</vAcc></extensions></trkpt>
      <trkpt lon="112.929216" lat="28.182766"><ele>0.000000</ele><time>2026-01-01T04:03:30Z</time><extensions><speed>0.010885</speed><course>310.896833</course><hAcc>1.390388</hAcc><vAcc>-1.000000</vAcc></extensions></trkpt>
      <trkpt lon="112.929216" lat="28.182766"><ele>0.000000</ele><time>2026-01-01T04:03:31Z</time><extensions><speed>0.188558</speed><course>311.456527</course><hAcc>1.378737</hAcc><vAcc>-1.000000</vAcc></extensions></trkpt>
      <trkpt lon="112.929215" lat="28.182767"><ele>0.000000</ele><time>2026-01-01T04:03:32Z</time><extensions><speed>0.031694</speed><course>293.460906</course><hAcc>1.368424</hAcc><vAcc>-1.000000</vAcc></extensions></trkpt>
      <trkpt lon="112.929215" lat="28.182767"><ele>0.000000</ele><time>2026-01-01T04:03:33Z</time><extensions><speed>0.018339</speed><course>274.982042</course><hAcc>1.401119</hAcc><vAcc>-1.000000</vAcc></extensions></trkpt>
      <trkpt lon="112.929215" lat="28.182767"><ele>0.000000</ele><time>2026-01-01T04:03:34Z</time><extensions><speed>0.011601</speed><course>192.331423</course><hAcc>1.444862</hAcc><vAcc>-1.000000</vAcc></extensions></trkpt>
      <trkpt lon="112.929215" lat="28.182766"><ele>0.000000</ele><time>2026-01-01T04:03:35Z</time><extensions><speed>0.020467</speed><course>161.228250</course><hAcc>1.490900</hAcc><vAcc>-1.000000</vAcc></extensions></trkpt>
      <trkpt lon="112.929215" lat="28.182766"><ele>0.000000</ele><time>2026-01-01T04:03:36Z</time><extensions><speed>0.018743</speed><course>158.093846</course><hAcc>1.543057</hAcc><vAcc>-1.000000</vAcc></extensions></trkpt>
      <trkpt lon="112.929215" lat="28.182766"><ele>0.000000</ele><time>2026-01-01T04:03:37Z</time><extensions><speed>0.019305</speed><course>151.212335</course><hAcc>1.590524</hAcc><vAcc>-1.000000</vAcc></extensions></trkpt>
      <trkpt lon="112.929215" lat="28.182766"><ele>0.000000</ele><time>2026-01-01T04:03:38Z</time><extensions><speed>0.004455</speed><course>265.067284</course><hAcc>1.626898</hAcc><vAcc>-1.000000</vAcc></extensions></trkpt>
      <trkpt lon="112.929215" lat="28.182766"><ele>0.000000</ele><time>2026-01-01T04:03:39Z</time><extensions><speed>0.023830</speed><course>308.619057</course><hAcc>1.638018</hAcc><vAcc>-1.000000</vAcc></extensions></trkpt>
      <trkpt lon="112.929215" lat="28.182766"><ele>0.000000</ele><time>2026-01-01T04:03:40Z</time><extensions><speed>0.010595</speed><course>312.729603</course><hAcc>1.638046</hAcc><vAcc>-1.000000</vAcc></extensions></trkpt>
      <trkpt lon="112.929215" lat="28.182766"><ele>0.000000</ele><time>2026-01-01T04:03:41Z</time><extensions><speed>0.008588</speed><course>320.113971</course><hAcc>1.631357</hAcc><vAcc>-1.000000</vAcc></extensions></trkpt>
      <trkpt lon="112.929215" lat="28.182766"><ele>0.000000</ele><time>2026-01-01T04:03:42Z</time><extensions><speed>0.004057</speed><course>350.772221</course><hAcc>1.623493</hAcc><vAcc>-1.000000</vAcc></extensions></trkpt>
      <trkpt lon="112.929215" lat="28.182766"><ele>0.000000</ele><time>2026-01-01T04:03:43Z</time><extensions><speed>0.003191</speed><course>48.040769</course><hAcc>1.626291</hAcc><vAcc>-1.000000</vAcc></extensions></trkpt>
      <trkpt lon="112.929216" lat="28.182766"><ele>0.000000</ele><time>2026-01-01T04:03:44Z</time><extensions><speed>0.004626</speed><course>52.542553</course><hAcc>1.630403</hAcc><vAcc>-1.000000</vAcc></extensions></trkpt>
      <trkpt lon="112.929216" lat="28.182766"><ele>168.235792</ele><time>2026-01-01T04:03:45Z</time><extensions><speed>0.022991</speed><course>352.626364</course><hAcc>1.628343</hAcc><vAcc>0.716051</vAcc></extensions></trkpt>
      <trkpt lon="112.929216" lat="28.182766"><ele>168.322459</ele><time>2026-01-01T04:03:46Z</time><extensions><speed>0.008544</speed><course>70.556605</course><hAcc>1.621208</hAcc><vAcc>0.702510</vAcc></extensions></trkpt>
      <trkpt lon="112.929216" lat="28.182766"><ele>168.399188</ele><time>2026-01-01T04:03:47Z</time><extensions><speed>0.009440</speed><course>102.225060</course><hAcc>1.624942</hAcc><vAcc>0.686823</vAcc></extensions></trkpt>
      <trkpt lon="112.929216" lat="28.182767"><ele>168.468299</ele><time>2026-01-01T04:03:48Z</time><extensions><speed>0.007269</speed><course>62.182214</course><hAcc>1.624814</hAcc><vAcc>0.669337</vAcc></extensions></trkpt>
      <trkpt lon="112.929215" lat="28.182767"><ele>168.531044</ele><time>2026-01-01T04:03:49Z</time><extensions><speed>0.019308</speed><course>353.250278</course><hAcc>1.631839</hAcc><vAcc>0.650748</vAcc></extensions></trkpt>
      <trkpt lon="112.929215" lat="28.182768"><ele>168.587452</ele><time>2026-01-01T04:03:50Z</time><extensions><speed>0.099091</speed><course>338.479534</course><hAcc>1.643129</hAcc><vAcc>0.632151</vAcc></extensions></trkpt>
      <trkpt lon="112.929214" lat="28.182770"><ele>168.636738</ele><time>2026-01-01T04:03:51Z</time><extensions><speed>0.262920</speed><course>337.093927</course><hAcc>1.652331</hAcc><vAcc>0.614817</vAcc></extensions></trkpt>
      <trkpt lon="112.929213" lat="28.182771"><ele>168.678305</ele><time>2026-01-01T04:03:52Z</time><extensions><speed>0.055949</speed><course>334.216143</course><hAcc>1.680937</hAcc><vAcc>0.599716</vAcc></extensions></trkpt>
      <trkpt lon="112.929212" lat="28.182772"><ele>168.712216</ele><time>2026-01-01T04:03:53Z</time><extensions><speed>0.041268</speed><course>326.998723</course><hAcc>1.694489</hAcc><vAcc>0.587303</vAcc></extensions></trkpt>
      <trkpt lon="112.929212" lat="28.182772"><ele>168.738933</ele><time>2026-01-01T04:03:54Z</time><extensions><speed>0.034293</speed><course>322.781569</course><hAcc>1.720380</hAcc><vAcc>0.577627</vAcc></extensions></trkpt>
      <trkpt lon="112.929211" lat="28.182773"><ele>168.759032</ele><time>2026-01-01T04:03:55Z</time><extensions><speed>0.053940</speed><course>320.721201</course><hAcc>1.722629</hAcc><vAcc>0.570451</vAcc></extensions></trkpt>
      <trkpt lon="112.929211" lat="28.182773"><ele>168.773092</ele><time>2026-01-01T04:03:56Z</time><extensions><speed>0.064909</speed><course>321.105509</course><hAcc>1.734288</hAcc><vAcc>0.565381</vAcc></extensions></trkpt>
      <trkpt lon="112.929210" lat="28.182774"><ele>168.781694</ele><time>2026-01-01T04:03:57Z</time><extensions><speed>0.121669</speed><course>325.410931</course><hAcc>1.736688</hAcc><vAcc>0.561972</vAcc></extensions></trkpt>
      <trkpt lon="112.929209" lat="28.182776"><ele>168.785074</ele><time>2026-01-01T04:03:58Z</time><extensions><speed>0.325919</speed><course>332.135022</course><hAcc>1.744900</hAcc><vAcc>0.559795</vAcc></extensions></trkpt>
      <trkpt lon="112.929207" lat="28.182779"><ele>168.783418</ele><time>2026-01-01T04:03:59Z</time><extensions><speed>0.267248</speed><course>333.655182</course><hAcc>1.763869</hAcc><vAcc>0.558484</vAcc></extensions></trkpt>
      <trkpt lon="112.929206" lat="28.182781"><ele>168.777079</ele><time>2026-01-01T04:04:00Z</time><extensions><speed>0.086075</speed><course>325.763667</course><hAcc>1.756196</hAcc><vAcc>0.557747</vAcc></extensions></trkpt>
      <trkpt lon="112.929206" lat="28.182781"><ele>168.766713</ele><time>2026-01-01T04:04:01Z</time><extensions><speed>0.059790</speed><course>328.902143</course><hAcc>1.760277</hAcc><vAcc>0.557367</vAcc></extensions></trkpt>
      <trkpt lon="112.929205" lat="28.182782"><ele>168.752895</ele><time>2026-01-01T04:04:02Z</time><extensions><speed>0.087573</speed><course>332.001460</course><hAcc>1.747502</hAcc><vAcc>0.557189</vAcc></extensions></trkpt>
      <trkpt lon="112.929205" lat="28.182783"><ele>168.736392</ele><time>2026-01-01T04:04:03Z</time><extensions><speed>0.047396</speed><course>323.818451</course><hAcc>1.723023</hAcc><vAcc>0.557118</vAcc></extensions></trkpt>
      <trkpt lon="112.929204" lat="28.182783"><ele>168.717811</ele><time>2026-01-01T04:04:04Z</time><extensions><speed>0.049916</speed><course>324.230853</course><hAcc>1.703297</hAcc><vAcc>0.557102</vAcc></extensions></trkpt>
      <trkpt lon="112.929204" lat="28.182784"><ele>168.697831</ele><time>2026-01-01T04:04:05Z</time><extensions><speed>0.034846</speed><course>328.362830</course><hAcc>1.700055</hAcc><vAcc>0.557102</vAcc></extensions></trkpt>
      <trkpt lon="112.929204" lat="28.182784"><ele>168.677105</ele><time>2026-01-01T04:04:06Z</time><extensions><speed>0.028236</speed><course>333.364638</course><hAcc>1.688128</hAcc><vAcc>0.557100</vAcc></extensions></trkpt>
      <trkpt lon="112.929206" lat="28.182784"><ele>168.656329</ele><time>2026-01-01T04:04:07Z</time><extensions><speed>0.019884</speed><course>6.400946</course><hAcc>1.667768</hAcc><vAcc>0.557093</vAcc></extensions></trkpt>
      <trkpt lon="112.929206" lat="28.182784"><ele>168.636259</ele><time>2026-01-01T04:04:08Z</time><extensions><speed>0.019641</speed><course>27.280675</course><hAcc>1.642092</hAcc><vAcc>0.557079</vAcc></extensions></trkpt>
      <trkpt lon="112.929205" lat="28.182784"><ele>168.617677</ele><time>2026-01-01T04:04:09Z</time><extensions><speed>0.015923</speed><course>32.013374</course><hAcc>1.621180</hAcc><vAcc>0.557060</vAcc></extensions></trkpt>
      <trkpt lon="112.929205" lat="28.182784"><ele>168.601273</ele><time>2026-01-01T04:04:10Z</time><extensions><speed>0.008273</speed><course>28.544595</course><hAcc>1.606461</hAcc><vAcc>0.557039</vAcc></extensions></trkpt>
      <trkpt lon="112.929204" lat="28.182783"><ele>168.587423</ele><time>2026-01-01T04:04:11Z</time><extensions><speed>0.002332</speed><course>228.493753</course><hAcc>1.610873</hAcc><vAcc>0.557019</vAcc></extensions></trkpt>
      <trkpt lon="112.929203" lat="28.182783"><ele>168.576307</ele><time>2026-01-01T04:04:12Z</time><extensions><speed>0.008900</speed><course>236.135527</course><hAcc>1.610922</hAcc><vAcc>0.557000</vAcc></extensions></trkpt>
      <trkpt lon="112.929202" lat="28.182783"><ele>168.567776</ele><time>2026-01-01T04:04:13Z</time><extensions><speed>0.020062</speed><course>293.531873</course><hAcc>1.616972</hAcc><vAcc>0.556985</vAcc></extensions></trkpt>
      <trkpt lon="112.929201" lat="28.182783"><ele>168.561427</ele><time>2026-01-01T04:04:14Z</time><extensions><speed>0.150968</speed><course>331.224773</course><hAcc>1.630452</hAcc><vAcc>0.556972</vAcc></extensions></trkpt>
      <trkpt lon="112.929200" lat="28.182784"><ele>168.556729</ele><time>2026-01-01T04:04:15Z</time><extensions><speed>0.109856</speed><course>325.960656</course><hAcc>1.641571</hAcc><vAcc>0.556963</vAcc></extensions></trkpt>
      <trkpt lon="112.929199" lat="28.182785"><ele>168.553142</ele><time>2026-01-01T04:04:16Z</time><extensions><speed>0.212875</speed><course>321.327011</course><hAcc>1.642372</hAcc><vAcc>0.556956</vAcc></extensions></trkpt>
      <trkpt lon="112.929196" lat="28.182786"><ele>168.550079</ele><time>2026-01-01T04:04:17Z</time><extensions><speed>0.370449</speed><course>284.737782</course><hAcc>1.610937</hAcc><vAcc>0.556951</vAcc></extensions></trkpt>
      <trkpt lon="112.929192" lat="28.182787"><ele>168.546872</ele><time>2026-01-01T04:04:18Z</time><extensions><speed>0.550553</speed><course>270.198134</course><hAcc>1.651717</hAcc><vAcc>0.556948</vAcc></extensions></trkpt>
      <trkpt lon="112.929185" lat="28.182787"><ele>168.542811</ele><time>2026-01-01T04:04:19Z</time><extensions><speed>0.763987</speed><course>277.970714</course><hAcc>1.736855</hAcc><vAcc>0.556946</vAcc></extensions></trkpt>
      <trkpt lon="112.929175" lat="28.182789"><ele>168.537252</ele><time>2026-01-01T04:04:20Z</time><extensions><speed>1.167258</speed><course>278.955615</course><hAcc>1.803236</hAcc><vAcc>0.556945</vAcc></extensions></trkpt>
      <trkpt lon="112.929162" lat="28.182791"><ele>168.529520</ele><time>2026-01-01T04:04:21Z</time><extensions><speed>1.369934</speed><course>281.546215</course><hAcc>1.878933</hAcc><vAcc>0.556944</vAcc></extensions></trkpt>
      <trkpt lon="112.929148" lat="28.182794"><ele>168.519071</ele><time>2026-01-01T04:04:22Z</time><extensions><speed>1.503663</speed><course>283.182055</course><hAcc>1.949590</hAcc><vAcc>0.556944</vAcc></extensions></trkpt>
      <trkpt lon="112.929133" lat="28.182797"><ele>168.505446</ele><time>2026-01-01T04:04:23Z</time><extensions><speed>1.543931</speed><course>285.514562</course><hAcc>2.002650</hAcc><vAcc>0.556943</vAcc></extensions></trkpt>
      <trkpt lon="112.929117" lat="28.182801"><ele>168.488251</ele><time>2026-01-01T04:04:24Z</time><extensions><speed>1.582103</speed><course>288.072906</course><hAcc>2.033440</hAcc><vAcc>0.556943</vAcc></extensions></trkpt>
      <trkpt lon="112.929102" lat="28.182806"><ele>168.467206</ele><time>2026-01-01T04:04:25Z</time><extensions><speed>1.473941</speed><course>291.306375</course><hAcc>2.053851</hAcc><vAcc>0.556943</vAcc></extensions></trkpt>
      <trkpt lon="112.929089" lat="28.182810"><ele>168.442595</ele><time>2026-01-01T04:04:26Z</time><extensions><speed>1.269888</speed><course>293.680010</course><hAcc>2.070426</hAcc><vAcc>0.556943</vAcc></extensions></trkpt>
      <trkpt lon="112.929078" lat="28.182815"><ele>168.414820</ele><time>2026-01-01T04:04:27Z</time><extensions><speed>1.239171</speed><course>290.159715</course><hAcc>2.079720</hAcc><vAcc>0.556943</vAcc></extensions></trkpt>
      <trkpt lon="112.929065" lat="28.182818"><ele>168.384261</ele><time>2026-01-01T04:04:28Z</time><extensions><speed>1.418000</speed><course>285.174105</course><hAcc>2.074950</hAcc><vAcc>0.556943</vAcc></extensions></trkpt>
      <trkpt lon="112.929051" lat="28.182822"><ele>168.351185</ele><time>2026-01-01T04:04:29Z</time><extensions><speed>1.477300</speed><course>290.482468</course><hAcc>2.046166</hAcc><vAcc>0.556943</vAcc></extensions></trkpt>
      <trkpt lon="112.929037" lat="28.182827"><ele>168.315946</ele><time>2026-01-01T04:04:30Z</time><extensions><speed>1.447040</speed><course>290.641333</course><hAcc>2.035816</hAcc><vAcc>0.556943</vAcc></extensions></trkpt>
      <trkpt lon="112.929023" lat="28.182832"><ele>168.278825</ele><time>2026-01-01T04:04:31Z</time><extensions><speed>1.414044</speed><course>288.948753</course><hAcc>2.034536</hAcc><vAcc>0.556942</vAcc></extensions></trkpt>
      <trkpt lon="112.929009" lat="28.182835"><ele>168.240117</ele><time>2026-01-01T04:04:32Z</time><extensions><speed>1.365733</speed><course>286.031090</course><hAcc>2.032926</hAcc><vAcc>0.556942</vAcc></extensions></trkpt>
      <trkpt lon="112.928996" lat="28.182839"><ele>168.200104</ele><time>2026-01-01T04:04:33Z</time><extensions><speed>1.309764</speed><course>287.291907</course><hAcc>2.031296</hAcc><vAcc>0.556943</vAcc></extensions></trkpt>
      <trkpt lon="112.928984" lat="28.182843"><ele>168.158889</ele><time>2026-01-01T04:04:34Z</time><extensions><speed>1.213554</speed><course>294.323597</course><hAcc>2.030833</hAcc><vAcc>0.556943</vAcc></extensions></trkpt>
      <trkpt lon="112.928974" lat="28.182848"><ele>168.116522</ele><time>2026-01-01T04:04:35Z</time><extensions><speed>1.183274</speed><course>306.186547</course><hAcc>2.024210</hAcc><vAcc>0.556943</vAcc></extensions></trkpt>
      <trkpt lon="112.928965" lat="28.182855"><ele>168.073019</ele><time>2026-01-01T04:04:36Z</time><extensions><speed>1.157561</speed><course>312.927769</course><hAcc>2.012548</hAcc><vAcc>0.556943</vAcc></extensions></trkpt>
      <trkpt lon="112.928956" lat="28.182862"><ele>168.028283</ele><time>2026-01-01T04:04:37Z</time><extensions><speed>1.136315</speed><course>313.988224</course><hAcc>1.994143</hAcc><vAcc>0.556943</vAcc></extensions></trkpt>
      <trkpt lon="112.928948" lat="28.182870"><ele>167.982115</ele><time>2026-01-01T04:04:38Z</time><extensions><speed>1.127896</speed><course>315.818129</course><hAcc>1.965051</hAcc><vAcc>0.556943</vAcc></extensions></trkpt>
      <trkpt lon="112.928940" lat="28.182877"><ele>167.934532</ele><time>2026-01-01T04:04:39Z</time><extensions><speed>1.154520</speed><course>316.885354</course><hAcc>1.919037</hAcc><vAcc>0.556943</vAcc></extensions></trkpt>
      <trkpt lon="112.928932" lat="28.182885"><ele>167.885574</ele><time>2026-01-01T04:04:40Z</time><extensions><speed>1.148657</speed><course>314.179656</course><hAcc>1.863943</hAcc><vAcc>0.556943</vAcc></extensions></trkpt>
      <trkpt lon="112.928923" lat="28.182892"><ele>167.835067</ele><time>2026-01-01T04:04:41Z</time><extensions><speed>1.155014</speed><course>310.937900</course><hAcc>1.821726</hAcc><vAcc>0.556943</vAcc></extensions></trkpt>
      <trkpt lon="112.928914" lat="28.182898"><ele>167.782722</ele><time>2026-01-01T04:04:42Z</time><extensions><speed>1.162973</speed><course>309.273495</course><hAcc>1.813419</hAcc><vAcc>0.556943</vAcc></extensions></trkpt>
      <trkpt lon="112.928905" lat="28.182905"><ele>167.728369</ele><time>2026-01-01T04:04:43Z</time><extensions><speed>1.158739</speed><course>308.302009</course><hAcc>1.788532</hAcc><vAcc>0.556943</vAcc></extensions></trkpt>
      <trkpt lon="112.928896" lat="28.182912"><ele>167.671926</ele><time>2026-01-01T04:04:44Z</time><extensions><speed>1.133232</speed><course>309.641605</course><hAcc>1.752157</hAcc><vAcc>0.556943</vAcc></extensions></trkpt>
      <trkpt lon="112.928888" lat="28.182918"><ele>167.613371</ele><time>2026-01-01T04:04:45Z</time><extensions><speed>1.113522</speed><course>312.328180</course><hAcc>1.720923</hAcc><vAcc>0.556943</vAcc></extensions></trkpt>
      <trkpt lon="112.928879" lat="28.182925"><ele>167.552533</ele><time>2026-01-01T04:04:46Z</time><extensions><speed>1.134680</speed><course>312.173788</course><hAcc>1.705704</hAcc><vAcc>0.556943</vAcc></extensions></trkpt>
      <trkpt lon="112.928871" lat="28.182933"><ele>167.489021</ele><time>2026-01-01T04:04:47Z</time><extensions><speed>1.151018</speed><course>314.824057</course><hAcc>1.690832</hAcc><vAcc>0.556943</vAcc></extensions></trkpt>
      <trkpt lon="112.928863" lat="28.182940"><ele>167.422389</ele><time>2026-01-01T04:04:48Z</time><extensions><speed>1.136843</speed><course>318.074484</course><hAcc>1.681541</hAcc><vAcc>0.556943</vAcc></extensions></trkpt>
      <trkpt lon="112.928855" lat="28.182948"><ele>167.351785</ele><time>2026-01-01T04:04:49Z</time><extensions><speed>1.101899</speed><course>320.024697</course><hAcc>1.678406</hAcc><vAcc>0.556943</vAcc></extensions></trkpt>
      <trkpt lon="112.928848" lat="28.182956"><ele>167.276301</ele><time>2026-01-01T04:04:50Z</time><extensions><speed>1.069270</speed><course>321.599649</course><hAcc>1.677343</hAcc><vAcc>0.556943</vAcc></extensions></trkpt>
      <trkpt lon="112.928842" lat="28.182964"><ele>167.195049</ele><time>2026-01-01T04:04:51Z</time><extensions><speed>1.124794</speed><course>328.214563</course><hAcc>1.674648</hAcc><vAcc>0.556943</vAcc></extensions></trkpt>
      <trkpt lon="112.928837" lat="28.182973"><ele>167.107230</ele><time>2026-01-01T04:04:52Z</time><extensions><speed>1.211495</speed><course>334.356686</course><hAcc>1.676687</hAcc><vAcc>0.556943</vAcc></extensions></trkpt>
      <trkpt lon="112.928832" lat="28.182984"><ele>167.012197</ele><time>2026-01-01T04:04:53Z</time><extensions><speed>1.236584</speed><course>336.659453</course><hAcc>1.678470</hAcc><vAcc>0.556943</vAcc></extensions></trkpt>
      <trkpt lon="112.928828" lat="28.182994"><ele>166.909430</ele><time>2026-01-01T04:04:54Z</time><extensions><speed>1.234436</speed><course>344.746986</course><hAcc>1.674775</hAcc><vAcc>0.556943</vAcc></extensions></trkpt>
      <trkpt lon="112.928826" lat="28.183005"><ele>166.798557</ele><time>2026-01-01T04:04:55Z</time><extensions><speed>1.143038</speed><course>355.730591</course><hAcc>1.672506</hAcc><vAcc>0.556943</vAcc></extensions></trkpt>
      <trkpt lon="112.928826" lat="28.183015"><ele>166.679324</ele><time>2026-01-01T04:04:56Z</time><extensions><speed>1.176685</speed><course>0.754811</course><hAcc>1.666331</hAcc><vAcc>0.556943</vAcc></extensions></trkpt>
      <trkpt lon="112.928827" lat="28.183026"><ele>166.551553</ele><time>2026-01-01T04:04:57Z</time><extensions><speed>1.218545</speed><course>1.786372</course><hAcc>1.661765</hAcc><vAcc>0.556943</vAcc></extensions></trkpt>
      <trkpt lon="112.928828" lat="28.183037"><ele>166.415271</ele><time>2026-01-01T04:04:58Z</time><extensions><speed>1.199291</speed><course>6.702044</course><hAcc>1.658599</hAcc><vAcc>0.556943</vAcc></extensions></trkpt>
      <trkpt lon="112.928831" lat="28.183047"><ele>166.270677</ele><time>2026-01-01T04:04:59Z</time><extensions><speed>1.118280</speed><course>14.517360</course><hAcc>1.657212</hAcc><vAcc>0.556943</vAcc></extensions></trkpt>
      <trkpt lon="112.928835" lat="28.183056"><ele>166.118136</ele><time>2026-01-01T04:05:00Z</time><extensions><speed>1.036497</speed><course>23.388443</course><hAcc>1.657092</hAcc><vAcc>0.556943</vAcc></extensions></trkpt>
      <trkpt lon="112.928840" lat="28.183065"><ele>165.958168</ele><time>2026-01-01T04:05:01Z</time><extensions><speed>1.123521</speed><course>29.566580</course><hAcc>1.642589</hAcc><vAcc>0.556943</vAcc></extensions></trkpt>
      <trkpt lon="112.928847" lat="28.183074"><ele>165.791525</ele><time>2026-01-01T04:05:02Z</time><extensions><speed>1.181365</speed><course>34.442494</course><hAcc>1.641405</hAcc><vAcc>0.556943</vAcc></extensions></trkpt>
      <trkpt lon="112.928854" lat="28.183083"><ele>165.618981</ele><time>2026-01-01T04:05:03Z</time><extensions><speed>1.186938</speed><course>41.377821</course><hAcc>1.654425</hAcc><vAcc>0.556943</vAcc></extensions></trkpt>
      <trkpt lon="112.928863" lat="28.183091"><ele>165.441325</ele><time>2026-01-01T04:05:04Z</time><extensions><speed>1.132916</speed><course>52.301631</course><hAcc>1.655179</hAcc><vAcc>0.556943</vAcc></extensions></trkpt>
      <trkpt lon="112.928873" lat="28.183097"><ele>165.259339</ele><time>2026-01-01T04:05:05Z</time><extensions><speed>1.232803</speed><course>59.376647</course><hAcc>1.656783</hAcc><vAcc>0.556943</vAcc></extensions></trkpt>
      <trkpt lon="112.928885" lat="28.183103"><ele>165.073803</ele><time>2026-01-01T04:05:06Z</time><extensions><speed>1.342846</speed><course>64.395460</course><hAcc>1.648662</hAcc><vAcc>0.556943</vAcc></extensions></trkpt>
      <trkpt lon="112.928898" lat="28.183107"><ele>164.885908</ele><time>2026-01-01T04:05:07Z</time><extensions><speed>1.295664</speed><course>69.195222</course><hAcc>1.650395</hAcc><vAcc>0.556943</vAcc></extensions></trkpt>
      <trkpt lon="112.928910" lat="28.183111"><ele>164.696806</ele><time>2026-01-01T04:05:08Z</time><extensions><speed>1.233151</speed><course>71.988704</course><hAcc>1.659109</hAcc><vAcc>0.556943</vAcc></extensions></trkpt>
      <trkpt lon="112.928922" lat="28.183115"><ele>164.507536</ele><time>2026-01-01T04:05:09Z</time><extensions><speed>1.228273</speed><course>69.873325</course><hAcc>1.664224</hAcc><vAcc>0.556943</vAcc></extensions></trkpt>
      <trkpt lon="112.928934" lat="28.183119"><ele>164.319012</ele><time>2026-01-01T04:05:10Z</time><extensions><speed>1.214718</speed><course>67.859853</course><hAcc>1.672443</hAcc><vAcc>0.556943</vAcc></extensions></trkpt>
      <trkpt lon="112.928946" lat="28.183124"><ele>164.132068</ele><time>2026-01-01T04:05:11Z</time><extensions><speed>1.268709</speed><course>66.753633</course><hAcc>1.671177</hAcc><vAcc>0.556943</vAcc></extensions></trkpt>
      <trkpt lon="112.928958" lat="28.183128"><ele>163.947377</ele><time>2026-01-01T04:05:12Z</time><extensions><speed>1.260495</speed><course>64.597043</course><hAcc>1.670978</hAcc><vAcc>0.556943</vAcc></extensions></trkpt>
      <trkpt lon="112.928970" lat="28.183133"><ele>163.765469</ele><time>2026-01-01T04:05:13Z</time><extensions><speed>1.266887</speed><course>61.724949</course><hAcc>1.678702</hAcc><vAcc>0.556943</vAcc></extensions></trkpt>
      <trkpt lon="112.928981" lat="28.183139"><ele>163.586766</ele><time>2026-01-01T04:05:14Z</time><extensions><speed>1.259813</speed><course>62.110297</course><hAcc>1.684484</hAcc><vAcc>0.556943</vAcc></extensions></trkpt>
      <trkpt lon="112.928993" lat="28.183144"><ele>163.411606</ele><time>2026-01-01T04:05:15Z</time><extensions><speed>1.284364</speed><course>64.766883</course><hAcc>1.688673</hAcc><vAcc>0.556943</vAcc></extensions></trkpt>
      <trkpt lon="112.929005" lat="28.183148"><ele>163.240161</ele><time>2026-01-01T04:05:16Z</time><extensions><speed>1.242390</speed><course>66.772662</course><hAcc>1.688300</hAcc><vAcc>0.556943</vAcc></extensions></trkpt>
      <trkpt lon="112.929016" lat="28.183152"><ele>163.072489</ele><time>2026-01-01T04:05:17Z</time><extensions><speed>1.167851</speed><course>71.596247</course><hAcc>1.681810</hAcc><vAcc>0.556943</vAcc></extensions></trkpt>
      <trkpt lon="112.929027" lat="28.183154"><ele>162.908483</ele><time>2026-01-01T04:05:18Z</time><extensions><speed>1.012272</speed><course>77.901557</course><hAcc>1.669809</hAcc><vAcc>0.556943</vAcc></extensions></trkpt>
      <trkpt lon="112.929037" lat="28.183156"><ele>162.747800</ele><time>2026-01-01T04:05:19Z</time><extensions><speed>0.938160</speed><course>82.491646</course><hAcc>1.679866</hAcc><vAcc>0.556943</vAcc></extensions></trkpt>
      <trkpt lon="112.929046" lat="28.183157"><ele>162.589768</ele><time>2026-01-01T04:05:20Z</time><extensions><speed>1.035766</speed><course>81.172967</course><hAcc>1.678277</hAcc><vAcc>0.556943</vAcc></extensions></trkpt>
      <trkpt lon="112.929057" lat="28.183158"><ele>162.433732</ele><time>2026-01-01T04:05:21Z</time><extensions><speed>1.107613</speed><course>81.801220</course><hAcc>1.652668</hAcc><vAcc>0.556943</vAcc></extensions></trkpt>
      <trkpt lon="112.929069" lat="28.183159"><ele>162.279032</ele><time>2026-01-01T04:05:22Z</time><extensions><speed>1.160849</speed><course>84.295963</course><hAcc>1.637528</hAcc><vAcc>0.556943</vAcc></extensions></trkpt>
      <trkpt lon="112.929082" lat="28.183160"><ele>162.125024</ele><time>2026-01-01T04:05:23Z</time><extensions><speed>1.280733</speed><course>87.285672</course><hAcc>1.637472</hAcc><vAcc>0.556943</vAcc></extensions></trkpt>
      <trkpt lon="112.929095" lat="28.183159"><ele>161.971107</ele><time>2026-01-01T04:05:24Z</time><extensions><speed>1.371781</speed><course>96.252576</course><hAcc>1.668713</hAcc><vAcc>0.556943</vAcc></extensions></trkpt>
      <trkpt lon="112.929109" lat="28.183158"><ele>161.816784</ele><time>2026-01-01T04:05:25Z</time><extensions><speed>1.248958</speed><course>93.632493</course><hAcc>1.655076</hAcc><vAcc>0.556943</vAcc></extensions></trkpt>
      <trkpt lon="112.929120" lat="28.183157"><ele>161.661565</ele><time>2026-01-01T04:05:26Z</time><extensions><speed>0.925705</speed><course>98.678044</course><hAcc>1.630422</hAcc><vAcc>0.556943</vAcc></extensions></trkpt>
      <trkpt lon="112.929128" lat="28.183156"><ele>161.505111</ele><time>2026-01-01T04:05:27Z</time><extensions><speed>0.841649</speed><course>106.906700</course><hAcc>1.597292</hAcc><vAcc>0.556943</vAcc></extensions></trkpt>
      <trkpt lon="112.929136" lat="28.183154"><ele>161.347200</ele><time>2026-01-01T04:05:28Z</time><extensions><speed>0.803250</speed><course>108.883541</course><hAcc>1.605600</hAcc><vAcc>0.556943</vAcc></extensions></trkpt>
      <trkpt lon="112.929144" lat="28.183152"><ele>161.187706</ele><time>2026-01-01T04:05:29Z</time><extensions><speed>0.842128</speed><course>104.697393</course><hAcc>1.643235</hAcc><vAcc>0.556943</vAcc></extensions></trkpt>
      <trkpt lon="112.929152" lat="28.183150"><ele>161.026600</ele><time>2026-01-01T04:05:30Z</time><extensions><speed>0.837944</speed><course>108.477659</course><hAcc>1.634465</hAcc><vAcc>0.556943</vAcc></extensions></trkpt>
      <trkpt lon="112.929161" lat="28.183148"><ele>160.864019</ele><time>2026-01-01T04:05:31Z</time><extensions><speed>0.913230</speed><course>109.281091</course><hAcc>1.630665</hAcc><vAcc>0.556943</vAcc></extensions></trkpt>
      <trkpt lon="112.929170" lat="28.183146"><ele>160.700346</ele><time>2026-01-01T04:05:32Z</time><extensions><speed>0.966626</speed><course>103.748897</course><hAcc>1.640901</hAcc><vAcc>0.556943</vAcc></extensions></trkpt>
      <trkpt lon="112.929180" lat="28.183145"><ele>160.536139</ele><time>2026-01-01T04:05:33Z</time><extensions><speed>0.915408</speed><course>95.470200</course><hAcc>1.645952</hAcc><vAcc>0.556943</vAcc></extensions></trkpt>
      <trkpt lon="112.929188" lat="28.183145"><ele>160.371985</ele><time>2026-01-01T04:05:34Z</time><extensions><speed>0.772174</speed><course>81.378779</course><hAcc>1.632960</hAcc><vAcc>0.556943</vAcc></extensions></trkpt>
      <trkpt lon="112.929196" lat="28.183147"><ele>160.208224</ele><time>2026-01-01T04:05:35Z</time><extensions><speed>0.766787</speed><course>61.666746</course><hAcc>1.620602</hAcc><vAcc>0.556943</vAcc></extensions></trkpt>
      <trkpt lon="112.929203" lat="28.183152"><ele>160.045150</ele><time>2026-01-01T04:05:36Z</time><extensions><speed>0.905019</speed><course>54.355563</course><hAcc>1.627501</hAcc><vAcc>0.556943</vAcc></extensions></trkpt>
      <trkpt lon="112.929212" lat="28.183157"><ele>159.882914</ele><time>2026-01-01T04:05:37Z</time><extensions><speed>1.032373</speed><course>56.924399</course><hAcc>1.659318</hAcc><vAcc>0.556943</vAcc></extensions></trkpt>
      <trkpt lon="112.929221" lat="28.183162"><ele>159.721491</ele><time>2026-01-01T04:05:38Z</time><extensions><speed>1.138495</speed><course>62.714043</course><hAcc>1.677066</hAcc><vAcc>0.556943</vAcc></extensions></trkpt>
      <trkpt lon="112.929231" lat="28.183166"><ele>159.560763</ele><time>2026-01-01T04:05:39Z</time><extensions><speed>1.000107</speed><course>65.084322</course><hAcc>1.659685</hAcc><vAcc>0.556943</vAcc></extensions></trkpt>
      <trkpt lon="112.929240" lat="28.183169"><ele>159.400414</ele><time>2026-01-01T04:05:40Z</time><extensions><speed>0.877404</speed><course>71.312180</course><hAcc>1.652107</hAcc><vAcc>0.556943</vAcc></extensions></trkpt>
      <trkpt lon="112.929248" lat="28.183171"><ele>159.240049</ele><time>2026-01-01T04:05:41Z</time><extensions><speed>0.733248</speed><course>62.748395</course><hAcc>1.647165</hAcc><vAcc>0.556943</vAcc></extensions></trkpt>
      <trkpt lon="112.929255" lat="28.183174"><ele>159.079336</ele><time>2026-01-01T04:05:42Z</time><extensions><speed>0.795120</speed><course>64.392339</course><hAcc>1.669213</hAcc><vAcc>0.556943</vAcc></extensions></trkpt>
      <trkpt lon="112.929264" lat="28.183177"><ele>158.918160</ele><time>2026-01-01T04:05:43Z</time><extensions><speed>0.975562</speed><course>68.465500</course><hAcc>1.657222</hAcc><vAcc>0.556943</vAcc></extensions></trkpt>
      <trkpt lon="112.929274" lat="28.183180"><ele>158.756369</ele><time>2026-01-01T04:05:44Z</time><extensions><speed>1.091683</speed><course>71.612279</course><hAcc>1.647194</hAcc><vAcc>0.556943</vAcc></extensions></trkpt>
      <trkpt lon="112.929285" lat="28.183183"><ele>158.593498</ele><time>2026-01-01T04:05:45Z</time><extensions><speed>1.169474</speed><course>74.027438</course><hAcc>1.653777</hAcc><vAcc>0.556943</vAcc></extensions></trkpt>
      <trkpt lon="112.929297" lat="28.183185"><ele>158.429060</ele><time>2026-01-01T04:05:46Z</time><extensions><speed>1.180838</speed><course>79.363437</course><hAcc>1.655047</hAcc><vAcc>0.556943</vAcc></extensions></trkpt>
      <trkpt lon="112.929309" lat="28.183186"><ele>158.262701</ele><time>2026-01-01T04:05:47Z</time><extensions><speed>1.170220</speed><course>85.551471</course><hAcc>1.651661</hAcc><vAcc>0.556943</vAcc></extensions></trkpt>
      <trkpt lon="112.929321" lat="28.183186"><ele>158.094244</ele><time>2026-01-01T04:05:48Z</time><extensions><speed>1.124193</speed><course>91.556067</course><hAcc>1.645723</hAcc><vAcc>0.556943</vAcc></extensions></trkpt>
      <trkpt lon="112.929333" lat="28.183185"><ele>157.923606</ele><time>2026-01-01T04:05:49Z</time><extensions><speed>1.096385</speed><course>97.336468</course><hAcc>1.645735</hAcc><vAcc>0.556943</vAcc></extensions></trkpt>
      <trkpt lon="112.929343" lat="28.183183"><ele>157.750678</ele><time>2026-01-01T04:05:50Z</time><extensions><speed>1.016846</speed><course>102.390968</course><hAcc>1.657877</hAcc><vAcc>0.556943</vAcc></extensions></trkpt>
      <trkpt lon="112.929353" lat="28.183181"><ele>157.575349</ele><time>2026-01-01T04:05:51Z</time><extensions><speed>0.947047</speed><course>103.264223</course><hAcc>1.673669</hAcc><vAcc>0.556943</vAcc></extensions></trkpt>
      <trkpt lon="112.929364" lat="28.183179"><ele>157.397519</ele><time>2026-01-01T04:05:52Z</time><extensions><speed>1.056582</speed><course>106.275096</course><hAcc>1.654364</hAcc><vAcc>0.556943</vAcc></extensions></trkpt>
      <trkpt lon="112.929374" lat="28.183176"><ele>157.217108</ele><time>2026-01-01T04:05:53Z</time><extensions><speed>1.071560</speed><course>109.885657</course><hAcc>1.648670</hAcc><vAcc>0.556943</vAcc></extensions></trkpt>
      <trkpt lon="112.929384" lat="28.183172"><ele>157.034001</ele><time>2026-01-01T04:05:54Z</time><extensions><speed>1.078798</speed><course>112.045127</course><hAcc>1.662996</hAcc><vAcc>0.556943</vAcc></extensions></trkpt>
      <trkpt lon="112.929395" lat="28.183168"><ele>156.848066</ele><time>2026-01-01T04:05:55Z</time><extensions><speed>1.132163</speed><course>115.381173</course><hAcc>1.675271</hAcc><vAcc>0.556943</vAcc></extensions></trkpt>
      <trkpt lon="112.929406" lat="28.183163"><ele>156.659216</ele><time>2026-01-01T04:05:56Z</time><extensions><speed>1.156804</speed><course>116.424740</course><hAcc>1.683981</hAcc><vAcc>0.556943</vAcc></extensions></trkpt>
      <trkpt lon="112.929416" lat="28.183159"><ele>156.467460</ele><time>2026-01-01T04:05:57Z</time><extensions><speed>1.075444</speed><course>115.867264</course><hAcc>1.705147</hAcc><vAcc>0.556943</vAcc></extensions></trkpt>
      <trkpt lon="112.929426" lat="28.183155"><ele>156.272887</ele><time>2026-01-01T04:05:58Z</time><extensions><speed>1.061258</speed><course>115.260908</course><hAcc>1.722939</hAcc><vAcc>0.556943</vAcc></extensions></trkpt>
      <trkpt lon="112.929437" lat="28.183150"><ele>156.075628</ele><time>2026-01-01T04:05:59Z</time><extensions><speed>1.131663</speed><course>115.806535</course><hAcc>1.717029</hAcc><vAcc>0.556943</vAcc></extensions></trkpt>
      <trkpt lon="112.929447" lat="28.183146"><ele>155.875762</ele><time>2026-01-01T04:06:00Z</time><extensions><speed>1.118529</speed><course>113.979249</course><hAcc>1.709635</hAcc><vAcc>0.556943</vAcc></extensions></trkpt>
      <trkpt lon="112.929458" lat="28.183142"><ele>155.673286</ele><time>2026-01-01T04:06:01Z</time><extensions><speed>1.086122</speed><course>111.482763</course><hAcc>1.723097</hAcc><vAcc>0.556943</vAcc></extensions></trkpt>
      <trkpt lon="112.929468" lat="28.183139"><ele>155.468228</ele><time>2026-01-01T04:06:02Z</time><extensions><speed>1.019332</speed><course>110.217464</course><hAcc>1.744298</hAcc><vAcc>0.556943</vAcc></extensions></trkpt>
      <trkpt lon="112.929478" lat="28.183135"><ele>155.260918</ele><time>2026-01-01T04:06:03Z</time><extensions><speed>1.028881</speed><course>110.778028</course><hAcc>1.740487</hAcc><vAcc>0.556943</vAcc></extensions></trkpt>
      <trkpt lon="112.929488" lat="28.183132"><ele>155.051713</ele><time>2026-01-01T04:06:04Z</time><extensions><speed>0.995590</speed><course>110.800373</course><hAcc>1.756098</hAcc><vAcc>0.556943</vAcc></extensions></trkpt>
      <trkpt lon="112.929498" lat="28.183129"><ele>154.840988</ele><time>2026-01-01T04:06:05Z</time><extensions><speed>1.086225</speed><course>109.407791</course><hAcc>1.750101</hAcc><vAcc>0.556943</vAcc></extensions></trkpt>
      <trkpt lon="112.929509" lat="28.183125"><ele>154.629187</ele><time>2026-01-01T04:06:06Z</time><extensions><speed>1.140153</speed><course>110.224756</course><hAcc>1.739881</hAcc><vAcc>0.556943</vAcc></extensions></trkpt>
      <trkpt lon="112.929521" lat="28.183122"><ele>154.416757</ele><time>2026-01-01T04:06:07Z</time><extensions><speed>1.218461</speed><course>110.317819</course><hAcc>1.733419</hAcc><vAcc>0.556943</vAcc></extensions></trkpt>
      <trkpt lon="112.929533" lat="28.183118"><ele>154.204085</ele><time>2026-01-01T04:06:08Z</time><extensions><speed>1.272691</speed><course>107.892453</course><hAcc>1.730219</hAcc><vAcc>0.556943</vAcc></extensions></trkpt>
      <trkpt lon="112.929546" lat="28.183114"><ele>153.991539</ele><time>2026-01-01T04:06:09Z</time><extensions><speed>1.303444</speed><course>106.320904</course><hAcc>1.727541</hAcc><vAcc>0.556943</vAcc></extensions></trkpt>
      <trkpt lon="112.929559" lat="28.183111"><ele>153.779467</ele><time>2026-01-01T04:06:10Z</time><extensions><speed>1.267443</speed><course>106.318402</course><hAcc>1.725110</hAcc><vAcc>0.556943</vAcc></extensions></trkpt>
      <trkpt lon="112.929571" lat="28.183108"><ele>153.568085</ele><time>2026-01-01T04:06:11Z</time><extensions><speed>1.146476</speed><course>106.030858</course><hAcc>1.725672</hAcc><vAcc>0.556943</vAcc></extensions></trkpt>
      <trkpt lon="112.929581" lat="28.183105"><ele>153.357591</ele><time>2026-01-01T04:06:12Z</time><extensions><speed>1.025404</speed><course>104.993372</course><hAcc>1.728066</hAcc><vAcc>0.556943</vAcc></extensions></trkpt>
      <trkpt lon="112.929591" lat="28.183103"><ele>153.148270</ele><time>2026-01-01T04:06:13Z</time><extensions><speed>0.930845</speed><course>106.448476</course><hAcc>1.727581</hAcc><vAcc>0.556943</vAcc></extensions></trkpt>
      <trkpt lon="112.929601" lat="28.183100"><ele>152.940383</ele><time>2026-01-01T04:06:14Z</time><extensions><speed>1.024392</speed><course>106.273345</course><hAcc>1.698105</hAcc><vAcc>0.556943</vAcc></extensions></trkpt>
      <trkpt lon="112.929611" lat="28.183098"><ele>152.734061</ele><time>2026-01-01T04:06:15Z</time><extensions><speed>1.061727</speed><course>107.077532</course><hAcc>1.700534</hAcc><vAcc>0.556943</vAcc></extensions></trkpt>
      <trkpt lon="112.929622" lat="28.183095"><ele>152.529243</ele><time>2026-01-01T04:06:16Z</time><extensions><speed>1.146825</speed><course>106.190635</course><hAcc>1.707010</hAcc><vAcc>0.556943</vAcc></extensions></trkpt>
      <trkpt lon="112.929633" lat="28.183092"><ele>152.325814</ele><time>2026-01-01T04:06:17Z</time><extensions><speed>1.156915</speed><course>106.207127</course><hAcc>1.709722</hAcc><vAcc>0.556943</vAcc></extensions></trkpt>
      <trkpt lon="112.929644" lat="28.183089"><ele>152.123586</ele><time>2026-01-01T04:06:18Z</time><extensions><speed>1.087831</speed><course>108.697287</course><hAcc>1.700481</hAcc><vAcc>0.556943</vAcc></extensions></trkpt>
      <trkpt lon="112.929655" lat="28.183085"><ele>151.922331</ele><time>2026-01-01T04:06:19Z</time><extensions><speed>0.983394</speed><course>110.150986</course><hAcc>1.702497</hAcc><vAcc>0.556943</vAcc></extensions></trkpt>
      <trkpt lon="112.929664" lat="28.183082"><ele>151.721856</ele><time>2026-01-01T04:06:20Z</time><extensions><speed>0.934936</speed><course>113.451552</course><hAcc>1.705046</hAcc><vAcc>0.556943</vAcc></extensions></trkpt>
      <trkpt lon="112.929673" lat="28.183079"><ele>151.521972</ele><time>2026-01-01T04:06:21Z</time><extensions><speed>0.910833</speed><course>115.295868</course><hAcc>1.698322</hAcc><vAcc>0.556943</vAcc></extensions></trkpt>
      <trkpt lon="112.929682" lat="28.183075"><ele>151.322517</ele><time>2026-01-01T04:06:22Z</time><extensions><speed>1.015862</speed><course>116.154585</course><hAcc>1.673098</hAcc><vAcc>0.556943</vAcc></extensions></trkpt>
      <trkpt lon="112.929691" lat="28.183070"><ele>151.123486</ele><time>2026-01-01T04:06:23Z</time><extensions><speed>1.087796</speed><course>116.966662</course><hAcc>1.672871</hAcc><vAcc>0.556943</vAcc></extensions></trkpt>
      <trkpt lon="112.929701" lat="28.183066"><ele>150.925136</ele><time>2026-01-01T04:06:24Z</time><extensions><speed>1.093765</speed><course>116.839453</course><hAcc>1.664816</hAcc><vAcc>0.556943</vAcc></extensions></trkpt>
      <trkpt lon="112.929711" lat="28.183061"><ele>150.727675</ele><time>2026-01-01T04:06:25Z</time><extensions><speed>1.086149</speed><course>116.971080</course><hAcc>1.644763</hAcc><vAcc>0.556943</vAcc></extensions></trkpt>
      <trkpt lon="112.929722" lat="28.183056"><ele>150.531216</ele><time>2026-01-01T04:06:26Z</time><extensions><speed>1.174106</speed><course>115.349265</course><hAcc>1.616672</hAcc><vAcc>0.556943</vAcc></extensions></trkpt>
      <trkpt lon="112.929733" lat="28.183052"><ele>150.335881</ele><time>2026-01-01T04:06:27Z</time><extensions><speed>1.219002</speed><course>112.426247</course><hAcc>1.590822</hAcc><vAcc>0.556943</vAcc></extensions></trkpt>
      <trkpt lon="112.929745" lat="28.183048"><ele>150.141774</ele><time>2026-01-01T04:06:28Z</time><extensions><speed>1.104794</speed><course>106.134609</course><hAcc>1.577520</hAcc><vAcc>0.556943</vAcc></extensions></trkpt>
      <trkpt lon="112.929755" lat="28.183046"><ele>149.948813</ele><time>2026-01-01T04:06:29Z</time><extensions><speed>0.991955</speed><course>104.709289</course><hAcc>1.588492</hAcc><vAcc>0.556943</vAcc></extensions></trkpt>
      <trkpt lon="112.929765" lat="28.183043"><ele>149.756959</ele><time>2026-01-01T04:06:30Z</time><extensions><speed>1.054931</speed><course>108.031587</course><hAcc>1.561513</hAcc><vAcc>0.556943</vAcc></extensions></trkpt>
      <trkpt lon="112.929776" lat="28.183040"><ele>149.566304</ele><time>2026-01-01T04:06:31Z</time><extensions><speed>1.126305</speed><course>111.734995</course><hAcc>1.520788</hAcc><vAcc>0.556943</vAcc></extensions></trkpt>
      <trkpt lon="112.929786" lat="28.183036"><ele>149.376976</ele><time>2026-01-01T04:06:32Z</time><extensions><speed>1.066182</speed><course>114.580325</course><hAcc>1.491046</hAcc><vAcc>0.556943</vAcc></extensions></trkpt>
      <trkpt lon="112.929796" lat="28.183032"><ele>149.189026</ele><time>2026-01-01T04:06:33Z</time><extensions><speed>1.041949</speed><course>117.461670</course><hAcc>1.474293</hAcc><vAcc>0.556942</vAcc></extensions></trkpt>
      <trkpt lon="112.929805" lat="28.183027"><ele>149.002520</ele><time>2026-01-01T04:06:34Z</time><extensions><speed>0.929416</speed><course>116.633939</course><hAcc>1.514625</hAcc><vAcc>0.556942</vAcc></extensions></trkpt>
      <trkpt lon="112.929813" lat="28.183024"><ele>148.817402</ele><time>2026-01-01T04:06:35Z</time><extensions><speed>0.941561</speed><course>115.921303</course><hAcc>1.477260</hAcc><vAcc>0.556941</vAcc></extensions></trkpt>
      <trkpt lon="112.929821" lat="28.183020"><ele>148.633512</ele><time>2026-01-01T04:06:36Z</time><extensions><speed>0.842892</speed><course>115.996642</course><hAcc>1.487632</hAcc><vAcc>0.556940</vAcc></extensions></trkpt>
      <trkpt lon="112.929830" lat="28.183017"><ele>148.450655</ele><time>2026-01-01T04:06:37Z</time><extensions><speed>0.919660</speed><course>112.338753</course><hAcc>1.481150</hAcc><vAcc>0.556939</vAcc></extensions></trkpt>
      <trkpt lon="112.929839" lat="28.183014"><ele>148.268692</ele><time>2026-01-01T04:06:38Z</time><extensions><speed>0.998537</speed><course>112.975485</course><hAcc>1.446722</hAcc><vAcc>0.556939</vAcc></extensions></trkpt>
      <trkpt lon="112.929847" lat="28.183010"><ele>148.087250</ele><time>2026-01-01T04:06:39Z</time><extensions><speed>0.943254</speed><course>113.510298</course><hAcc>1.450495</hAcc><vAcc>0.556937</vAcc></extensions></trkpt>
      <trkpt lon="112.929856" lat="28.183007"><ele>147.906068</ele><time>2026-01-01T04:06:40Z</time><extensions><speed>0.886870</speed><course>112.945254</course><hAcc>1.480308</hAcc><vAcc>0.556937</vAcc></extensions></trkpt>
      <trkpt lon="112.929864" lat="28.183004"><ele>147.725090</ele><time>2026-01-01T04:06:41Z</time><extensions><speed>0.868117</speed><course>115.794527</course><hAcc>1.488702</hAcc><vAcc>0.556939</vAcc></extensions></trkpt>
      <trkpt lon="112.929872" lat="28.183000"><ele>147.544760</ele><time>2026-01-01T04:06:42Z</time><extensions><speed>0.927721</speed><course>119.344195</course><hAcc>1.510887</hAcc><vAcc>0.556940</vAcc></extensions></trkpt>
      <trkpt lon="112.929879" lat="28.182996"><ele>147.365430</ele><time>2026-01-01T04:06:43Z</time><extensions><speed>0.861716</speed><course>122.791277</course><hAcc>1.491877</hAcc><vAcc>0.556941</vAcc></extensions></trkpt>
      <trkpt lon="112.929886" lat="28.182992"><ele>147.188198</ele><time>2026-01-01T04:06:44Z</time><extensions><speed>0.701677</speed><course>121.816668</course><hAcc>1.505099</hAcc><vAcc>0.556941</vAcc></extensions></trkpt>
      <trkpt lon="112.929892" lat="28.182989"><ele>147.014259</ele><time>2026-01-01T04:06:45Z</time><extensions><speed>0.605381</speed><course>120.040150</course><hAcc>1.548015</hAcc><vAcc>0.556942</vAcc></extensions></trkpt>
      <trkpt lon="112.929896" lat="28.182987"><ele>146.844709</ele><time>2026-01-01T04:06:46Z</time><extensions><speed>0.508511</speed><course>121.404829</course><hAcc>1.547100</hAcc><vAcc>0.556942</vAcc></extensions></trkpt>
      <trkpt lon="112.929901" lat="28.182984"><ele>146.680408</ele><time>2026-01-01T04:06:47Z</time><extensions><speed>0.456386</speed><course>122.073688</course><hAcc>1.589191</hAcc><vAcc>0.556943</vAcc></extensions></trkpt>
      <trkpt lon="112.929904" lat="28.182982"><ele>146.522289</ele><time>2026-01-01T04:06:48Z</time><extensions><speed>0.309695</speed><course>121.187923</course><hAcc>1.616509</hAcc><vAcc>0.556944</vAcc></extensions></trkpt>
      <trkpt lon="112.929906" lat="28.182981"><ele>146.370489</ele><time>2026-01-01T04:06:49Z</time><extensions><speed>0.147448</speed><course>128.550459</course><hAcc>1.651477</hAcc><vAcc>0.556944</vAcc></extensions></trkpt>
      <trkpt lon="112.929906" lat="28.182981"><ele>146.224834</ele><time>2026-01-01T04:06:50Z</time><extensions><speed>0.093974</speed><course>263.066425</course><hAcc>1.673754</hAcc><vAcc>0.556945</vAcc></extensions></trkpt>
      <trkpt lon="112.929905" lat="28.182981"><ele>146.085000</ele><time>2026-01-01T04:06:51Z</time><extensions><speed>0.112477</speed><course>280.365038</course><hAcc>1.687076</hAcc><vAcc>0.556945</vAcc></extensions></trkpt>
      <trkpt lon="112.929904" lat="28.182981"><ele>145.950200</ele><time>2026-01-01T04:06:52Z</time><extensions><speed>0.067367</speed><course>271.535011</course><hAcc>1.689090</hAcc><vAcc>0.556945</vAcc></extensions></trkpt>
      <trkpt lon="112.929904" lat="28.182980"><ele>145.819273</ele><time>2026-01-01T04:06:53Z</time><extensions><speed>0.133181</speed><course>129.825275</course><hAcc>1.682530</hAcc><vAcc>0.556945</vAcc></extensions></trkpt>
      <trkpt lon="112.929907" lat="28.182979"><ele>145.691281</ele><time>2026-01-01T04:06:54Z</time><extensions><speed>0.474758</speed><course>120.448250</course><hAcc>1.682127</hAcc><vAcc>0.556945</vAcc></extensions></trkpt>
      <trkpt lon="112.929912" lat="28.182976"><ele>145.565279</ele><time>2026-01-01T04:06:55Z</time><extensions><speed>0.720497</speed><course>122.803404</course><hAcc>1.694025</hAcc><vAcc>0.556945</vAcc></extensions></trkpt>
      <trkpt lon="112.929919" lat="28.182972"><ele>145.440077</ele><time>2026-01-01T04:06:56Z</time><extensions><speed>0.768324</speed><course>126.255123</course><hAcc>1.672565</hAcc><vAcc>0.556945</vAcc></extensions></trkpt>
      <trkpt lon="112.929925" lat="28.182968"><ele>145.314222</ele><time>2026-01-01T04:06:57Z</time><extensions><speed>0.756187</speed><course>128.029458</course><hAcc>1.629370</hAcc><vAcc>0.556945</vAcc></extensions></trkpt>
      <trkpt lon="112.929931" lat="28.182964"><ele>145.186521</ele><time>2026-01-01T04:06:58Z</time><extensions><speed>0.706885</speed><course>129.523151</course><hAcc>1.613012</hAcc><vAcc>0.556945</vAcc></extensions></trkpt>
      <trkpt lon="112.929936" lat="28.182960"><ele>145.055871</ele><time>2026-01-01T04:06:59Z</time><extensions><speed>0.689073</speed><course>130.089509</course><hAcc>1.622677</hAcc><vAcc>0.556945</vAcc></extensions></trkpt>
      <trkpt lon="112.929941" lat="28.182956"><ele>144.921382</ele><time>2026-01-01T04:07:00Z</time><extensions><speed>0.561489</speed><course>129.171316</course><hAcc>1.631516</hAcc><vAcc>0.556945</vAcc></extensions></trkpt>
      <trkpt lon="112.929946" lat="28.182953"><ele>144.782652</ele><time>2026-01-01T04:07:01Z</time><extensions><speed>0.596822</speed><course>124.091305</course><hAcc>1.594508</hAcc><vAcc>0.556945</vAcc></extensions></trkpt>
      <trkpt lon="112.929952" lat="28.182950"><ele>144.639998</ele><time>2026-01-01T04:07:02Z</time><extensions><speed>0.771398</speed><course>119.652547</course><hAcc>1.567874</hAcc><vAcc>0.556945</vAcc></extensions></trkpt>
      <trkpt lon="112.929959" lat="28.182947"><ele>144.493889</ele><time>2026-01-01T04:07:03Z</time><extensions><speed>0.788549</speed><course>114.594652</course><hAcc>1.593597</hAcc><vAcc>0.556945</vAcc></extensions></trkpt>
      <trkpt lon="112.929967" lat="28.182944"><ele>144.344812</ele><time>2026-01-01T04:07:04Z</time><extensions><speed>0.793963</speed><course>110.729859</course><hAcc>1.593667</hAcc><vAcc>0.556945</vAcc></extensions></trkpt>
      <trkpt lon="112.929974" lat="28.182941"><ele>144.193156</ele><time>2026-01-01T04:07:05Z</time><extensions><speed>0.815973</speed><course>104.482385</course><hAcc>1.558990</hAcc><vAcc>0.556945</vAcc></extensions></trkpt>
      <trkpt lon="112.929983" lat="28.182940"><ele>144.039138</ele><time>2026-01-01T04:07:06Z</time><extensions><speed>0.807221</speed><course>100.137571</course><hAcc>1.562278</hAcc><vAcc>0.556945</vAcc></extensions></trkpt>
      <trkpt lon="112.929991" lat="28.182938"><ele>143.882506</ele><time>2026-01-01T04:07:07Z</time><extensions><speed>0.806665</speed><course>99.791754</course><hAcc>1.549583</hAcc><vAcc>0.556944</vAcc></extensions></trkpt>
      <trkpt lon="112.929999" lat="28.182937"><ele>143.722983</ele><time>2026-01-01T04:07:08Z</time><extensions><speed>0.867532</speed><course>103.194531</course><hAcc>1.541300</hAcc><vAcc>0.556944</vAcc></extensions></trkpt>
      <trkpt lon="112.930008" lat="28.182935"><ele>143.560394</ele><time>2026-01-01T04:07:09Z</time><extensions><speed>0.870488</speed><course>108.340328</course><hAcc>1.541194</hAcc><vAcc>0.556944</vAcc></extensions></trkpt>
      <trkpt lon="112.930017" lat="28.182932"><ele>143.394671</ele><time>2026-01-01T04:07:10Z</time><extensions><speed>0.918674</speed><course>113.664673</course><hAcc>1.521178</hAcc><vAcc>0.556944</vAcc></extensions></trkpt>
      <trkpt lon="112.930025" lat="28.182928"><ele>143.225850</ele><time>2026-01-01T04:07:11Z</time><extensions><speed>0.915569</speed><course>116.923180</course><hAcc>1.516768</hAcc><vAcc>0.556944</vAcc></extensions></trkpt>
      <trkpt lon="112.930034" lat="28.182925"><ele>143.053941</ele><time>2026-01-01T04:07:12Z</time><extensions><speed>0.927368</speed><course>117.084107</course><hAcc>1.497496</hAcc><vAcc>0.556944</vAcc></extensions></trkpt>
      <trkpt lon="112.930042" lat="28.182921"><ele>142.878878</ele><time>2026-01-01T04:07:13Z</time><extensions><speed>0.923175</speed><course>115.855843</course><hAcc>1.493175</hAcc><vAcc>0.556944</vAcc></extensions></trkpt>
      <trkpt lon="112.930051" lat="28.182917"><ele>142.700604</ele><time>2026-01-01T04:07:14Z</time><extensions><speed>0.928082</speed><course>114.737113</course><hAcc>1.487720</hAcc><vAcc>0.556944</vAcc></extensions></trkpt>
      <trkpt lon="112.930060" lat="28.182914"><ele>142.519493</ele><time>2026-01-01T04:07:15Z</time><extensions><speed>0.933011</speed><course>114.273565</course><hAcc>1.497951</hAcc><vAcc>0.556944</vAcc></extensions></trkpt>
      <trkpt lon="112.930069" lat="28.182911"><ele>142.335891</ele><time>2026-01-01T04:07:16Z</time><extensions><speed>0.930782</speed><course>114.055516</course><hAcc>1.495710</hAcc><vAcc>0.556944</vAcc></extensions></trkpt>
      <trkpt lon="112.930078" lat="28.182907"><ele>142.149988</ele><time>2026-01-01T04:07:17Z</time><extensions><speed>0.914668</speed><course>115.910965</course><hAcc>1.510121</hAcc><vAcc>0.556944</vAcc></extensions></trkpt>
      <trkpt lon="112.930086" lat="28.182903"><ele>141.961952</ele><time>2026-01-01T04:07:18Z</time><extensions><speed>0.961476</speed><course>115.068299</course><hAcc>1.490824</hAcc><vAcc>0.556944</vAcc></extensions></trkpt>
      <trkpt lon="112.930095" lat="28.182900"><ele>141.772081</ele><time>2026-01-01T04:07:19Z</time><extensions><speed>0.865763</speed><course>115.406498</course><hAcc>1.497146</hAcc><vAcc>0.556944</vAcc></extensions></trkpt>
      <trkpt lon="112.930104" lat="28.182897"><ele>141.580718</ele><time>2026-01-01T04:07:20Z</time><extensions><speed>0.902072</speed><course>110.930322</course><hAcc>1.497545</hAcc><vAcc>0.556944</vAcc></extensions></trkpt>
      <trkpt lon="112.930112" lat="28.182894"><ele>141.388244</ele><time>2026-01-01T04:07:21Z</time><extensions><speed>0.910405</speed><course>110.983592</course><hAcc>1.530659</hAcc><vAcc>0.556944</vAcc></extensions></trkpt>
      <trkpt lon="112.930121" lat="28.182891"><ele>141.195072</ele><time>2026-01-01T04:07:22Z</time><extensions><speed>0.993973</speed><course>111.094383</course><hAcc>1.558261</hAcc><vAcc>0.556944</vAcc></extensions></trkpt>
      <trkpt lon="112.930131" lat="28.182888"><ele>141.001606</ele><time>2026-01-01T04:07:23Z</time><extensions><speed>1.004774</speed><course>109.280727</course><hAcc>1.586657</hAcc><vAcc>0.556944</vAcc></extensions></trkpt>
      <trkpt lon="112.930140" lat="28.182885"><ele>140.808142</ele><time>2026-01-01T04:07:24Z</time><extensions><speed>0.946526</speed><course>106.317888</course><hAcc>1.608593</hAcc><vAcc>0.556944</vAcc></extensions></trkpt>
      <trkpt lon="112.930150" lat="28.182883"><ele>140.614943</ele><time>2026-01-01T04:07:25Z</time><extensions><speed>1.048106</speed><course>102.202039</course><hAcc>1.599050</hAcc><vAcc>0.556944</vAcc></extensions></trkpt>
      <trkpt lon="112.930160" lat="28.182881"><ele>140.422122</ele><time>2026-01-01T04:07:26Z</time><extensions><speed>1.005034</speed><course>104.300330</course><hAcc>1.626714</hAcc><vAcc>0.556944</vAcc></extensions></trkpt>
      <trkpt lon="112.930170" lat="28.182878"><ele>140.229740</ele><time>2026-01-01T04:07:27Z</time><extensions><speed>0.982130</speed><course>107.345676</course><hAcc>1.647176</hAcc><vAcc>0.556944</vAcc></extensions></trkpt>
      <trkpt lon="112.930180" lat="28.182875"><ele>140.037925</ele><time>2026-01-01T04:07:28Z</time><extensions><speed>0.965479</speed><course>111.198273</course><hAcc>1.650472</hAcc><vAcc>0.556944</vAcc></extensions></trkpt>
      <trkpt lon="112.930188" lat="28.182872"><ele>139.846845</ele><time>2026-01-01T04:07:29Z</time><extensions><speed>0.910830</speed><course>115.008529</course><hAcc>1.647981</hAcc><vAcc>0.556943</vAcc></extensions></trkpt>
      <trkpt lon="112.930196" lat="28.182868"><ele>139.656655</ele><time>2026-01-01T04:07:30Z</time><extensions><speed>0.730290</speed><course>119.889099</course><hAcc>1.654042</hAcc><vAcc>0.556943</vAcc></extensions></trkpt>
      <trkpt lon="112.930202" lat="28.182865"><ele>139.467524</ele><time>2026-01-01T04:07:31Z</time><extensions><speed>0.653917</speed><course>126.529095</course><hAcc>1.660434</hAcc><vAcc>0.556943</vAcc></extensions></trkpt>
      <trkpt lon="112.930207" lat="28.182861"><ele>139.279614</ele><time>2026-01-01T04:07:32Z</time><extensions><speed>0.625871</speed><course>127.211966</course><hAcc>1.662112</hAcc><vAcc>0.556943</vAcc></extensions></trkpt>
      <trkpt lon="112.930212" lat="28.182857"><ele>139.093008</ele><time>2026-01-01T04:07:33Z</time><extensions><speed>0.676315</speed><course>125.666866</course><hAcc>1.665021</hAcc><vAcc>0.556943</vAcc></extensions></trkpt>
      <trkpt lon="112.930219" lat="28.182854"><ele>138.907747</ele><time>2026-01-01T04:07:34Z</time><extensions><speed>0.774936</speed><course>124.268464</course><hAcc>1.660032</hAcc><vAcc>0.556943</vAcc></extensions></trkpt>
      <trkpt lon="112.930226" lat="28.182849"><ele>138.723954</ele><time>2026-01-01T04:07:35Z</time><extensions><speed>0.914777</speed><course>125.324095</course><hAcc>1.658487</hAcc><vAcc>0.556943</vAcc></extensions></trkpt>
      <trkpt lon="112.930234" lat="28.182844"><ele>138.541763</ele><time>2026-01-01T04:07:36Z</time><extensions><speed>1.030797</speed><course>124.855094</course><hAcc>1.661911</hAcc><vAcc>0.556943</vAcc></extensions></trkpt>
      <trkpt lon="112.930243" lat="28.182838"><ele>138.361249</ele><time>2026-01-01T04:07:37Z</time><extensions><speed>1.050237</speed><course>128.007565</course><hAcc>1.669892</hAcc><vAcc>0.556943</vAcc></extensions></trkpt>
      <trkpt lon="112.930251" lat="28.182832"><ele>138.182764</ele><time>2026-01-01T04:07:38Z</time><extensions><speed>1.073425</speed><course>132.339171</course><hAcc>1.673285</hAcc><vAcc>0.556943</vAcc></extensions></trkpt>
      <trkpt lon="112.930259" lat="28.182826"><ele>138.006607</ele><time>2026-01-01T04:07:39Z</time><extensions><speed>1.085626</speed><course>133.730651</course><hAcc>1.671600</hAcc><vAcc>0.556943</vAcc></extensions></trkpt>
      <trkpt lon="112.930268" lat="28.182819"><ele>137.832947</ele><time>2026-01-01T04:07:40Z</time><extensions><speed>1.081896</speed><course>132.367716</course><hAcc>1.671551</hAcc><vAcc>0.556943</vAcc></extensions></trkpt>
      <trkpt lon="112.930276" lat="28.182813"><ele>137.661848</ele><time>2026-01-01T04:07:41Z</time><extensions><speed>1.019320</speed><course>131.603685</course><hAcc>1.670799</hAcc><vAcc>0.556943</vAcc></extensions></trkpt>
      <trkpt lon="112.930283" lat="28.182807"><ele>137.493403</ele><time>2026-01-01T04:07:42Z</time><extensions><speed>0.947564</speed><course>131.325529</course><hAcc>1.669397</hAcc><vAcc>0.556943</vAcc></extensions></trkpt>
      <trkpt lon="112.930291" lat="28.182801"><ele>137.327284</ele><time>2026-01-01T04:07:43Z</time><extensions><speed>0.993926</speed><course>127.980612</course><hAcc>1.659155</hAcc><vAcc>0.556943</vAcc></extensions></trkpt>
      <trkpt lon="112.930300" lat="28.182795"><ele>137.163150</ele><time>2026-01-01T04:07:44Z</time><extensions><speed>1.014341</speed><course>125.675689</course><hAcc>1.662109</hAcc><vAcc>0.556943</vAcc></extensions></trkpt>
      <trkpt lon="112.930308" lat="28.182790"><ele>137.000900</ele><time>2026-01-01T04:07:45Z</time><extensions><speed>0.987673</speed><course>124.681510</course><hAcc>1.632518</hAcc><vAcc>0.556943</vAcc></extensions></trkpt>
      <trkpt lon="112.930316" lat="28.182785"><ele>136.840769</ele><time>2026-01-01T04:07:46Z</time><extensions><speed>0.923997</speed><course>122.421196</course><hAcc>1.609961</hAcc><vAcc>0.556943</vAcc></extensions></trkpt>
      <trkpt lon="112.930324" lat="28.182780"><ele>136.682856</ele><time>2026-01-01T04:07:47Z</time><extensions><speed>0.774256</speed><course>120.466785</course><hAcc>1.626732</hAcc><vAcc>0.556943</vAcc></extensions></trkpt>
      <trkpt lon="112.930331" lat="28.182776"><ele>136.526912</ele><time>2026-01-01T04:07:48Z</time><extensions><speed>0.829295</speed><course>122.187904</course><hAcc>1.620868</hAcc><vAcc>0.556943</vAcc></extensions></trkpt>
      <trkpt lon="112.930339" lat="28.182772"><ele>136.372583</ele><time>2026-01-01T04:07:49Z</time><extensions><speed>0.870968</speed><course>127.050408</course><hAcc>1.618076</hAcc><vAcc>0.556943</vAcc></extensions></trkpt>
      <trkpt lon="112.930346" lat="28.182766"><ele>136.219549</ele><time>2026-01-01T04:07:50Z</time><extensions><speed>0.870889</speed><course>130.298739</course><hAcc>1.616582</hAcc><vAcc>0.556943</vAcc></extensions></trkpt>
      <trkpt lon="112.930354" lat="28.182760"><ele>136.067662</ele><time>2026-01-01T04:07:51Z</time><extensions><speed>1.065703</speed><course>132.121560</course><hAcc>1.584540</hAcc><vAcc>0.556943</vAcc></extensions></trkpt>
      <trkpt lon="112.930363" lat="28.182753"><ele>135.916885</ele><time>2026-01-01T04:07:52Z</time><extensions><speed>1.196068</speed><course>133.276144</course><hAcc>1.561998</hAcc><vAcc>0.556943</vAcc></extensions></trkpt>
      <trkpt lon="112.930372" lat="28.182745"><ele>135.767383</ele><time>2026-01-01T04:07:53Z</time><extensions><speed>1.196815</speed><course>134.707669</course><hAcc>1.556322</hAcc><vAcc>0.556943</vAcc></extensions></trkpt>
      <trkpt lon="112.930381" lat="28.182738"><ele>135.619451</ele><time>2026-01-01T04:07:54Z</time><extensions><speed>1.155768</speed><course>135.515642</course><hAcc>1.551340</hAcc><vAcc>0.556943</vAcc></extensions></trkpt>
      <trkpt lon="112.930390" lat="28.182730"><ele>135.473412</ele><time>2026-01-01T04:07:55Z</time><extensions><speed>1.290684</speed><course>135.421683</course><hAcc>1.521278</hAcc><vAcc>0.556943</vAcc></extensions></trkpt>
      <trkpt lon="112.930398" lat="28.182722"><ele>135.329506</ele><time>2026-01-01T04:07:56Z</time><extensions><speed>1.129465</speed><course>137.659545</course><hAcc>1.532830</hAcc><vAcc>0.556943</vAcc></extensions></trkpt>
      <trkpt lon="112.930407" lat="28.182714"><ele>135.187852</ele><time>2026-01-01T04:07:57Z</time><extensions><speed>1.218152</speed><course>137.099640</course><hAcc>1.498052</hAcc><vAcc>0.556943</vAcc></extensions></trkpt>
      <trkpt lon="112.930416" lat="28.182705"><ele>135.048616</ele><time>2026-01-01T04:07:58Z</time><extensions><speed>1.296185</speed><course>136.586725</course><hAcc>1.501685</hAcc><vAcc>0.556943</vAcc></extensions></trkpt>
      <trkpt lon="112.930425" lat="28.182697"><ele>134.911993</ele><time>2026-01-01T04:07:59Z</time><extensions><speed>1.302237</speed><course>133.954469</course><hAcc>1.504614</hAcc><vAcc>0.556943</vAcc></extensions></trkpt>
      <trkpt lon="112.930435" lat="28.182689"><ele>134.778134</ele><time>2026-01-01T04:08:00Z</time><extensions><speed>1.286456</speed><course>129.636612</course><hAcc>1.511374</hAcc><vAcc>0.556943</vAcc></extensions></trkpt>
      <trkpt lon="112.930446" lat="28.182681"><ele>134.646954</ele><time>2026-01-01T04:08:01Z</time><extensions><speed>1.316161</speed><course>130.295418</course><hAcc>1.504031</hAcc><vAcc>0.556943</vAcc></extensions></trkpt>
      <trkpt lon="112.930457" lat="28.182673"><ele>134.518334</ele><time>2026-01-01T04:08:02Z</time><extensions><speed>1.471189</speed><course>130.742431</course><hAcc>1.490352</hAcc><vAcc>0.556943</vAcc></extensions></trkpt>
      <trkpt lon="112.930468" lat="28.182664"><ele>134.392283</ele><time>2026-01-01T04:08:03Z</time><extensions><speed>1.404748</speed><course>131.981026</course><hAcc>1.507806</hAcc><vAcc>0.556943</vAcc></extensions></trkpt>
      <trkpt lon="112.930478" lat="28.182656"><ele>134.268899</ele><time>2026-01-01T04:08:04Z</time><extensions><speed>1.300074</speed><course>133.176695</course><hAcc>1.519074</hAcc><vAcc>0.556943</vAcc></extensions></trkpt>
      <trkpt lon="112.930488" lat="28.182648"><ele>134.148232</ele><time>2026-01-01T04:08:05Z</time><extensions><speed>1.322089</speed><course>133.715472</course><hAcc>1.516589</hAcc><vAcc>0.556943</vAcc></extensions></trkpt>
      <trkpt lon="112.930498" lat="28.182640"><ele>134.030023</ele><time>2026-01-01T04:08:06Z</time><extensions><speed>1.369128</speed><course>132.595784</course><hAcc>1.521020</hAcc><vAcc>0.556943</vAcc></extensions></trkpt>
      <trkpt lon="112.930509" lat="28.182631"><ele>133.914010</ele><time>2026-01-01T04:08:07Z</time><extensions><speed>1.442656</speed><course>130.493418</course><hAcc>1.502818</hAcc><vAcc>0.556943</vAcc></extensions></trkpt>
      <trkpt lon="112.930521" lat="28.182622"><ele>133.799966</ele><time>2026-01-01T04:08:08Z</time><extensions><speed>1.550770</speed><course>129.630549</course><hAcc>1.484795</hAcc><vAcc>0.556943</vAcc></extensions></trkpt>
      <trkpt lon="112.930533" lat="28.182613"><ele>133.687714</ele><time>2026-01-01T04:08:09Z</time><extensions><speed>1.593671</speed><course>129.826316</course><hAcc>1.482639</hAcc><vAcc>0.556943</vAcc></extensions></trkpt>
      <trkpt lon="112.930545" lat="28.182604"><ele>133.577056</ele><time>2026-01-01T04:08:10Z</time><extensions><speed>1.584070</speed><course>133.316163</course><hAcc>1.469117</hAcc><vAcc>0.556943</vAcc></extensions></trkpt>
      <trkpt lon="112.930557" lat="28.182594"><ele>133.468118</ele><time>2026-01-01T04:08:11Z</time><extensions><speed>1.595690</speed><course>135.406381</course><hAcc>1.473663</hAcc><vAcc>0.556943</vAcc></extensions></trkpt>
      <trkpt lon="112.930569" lat="28.182584"><ele>133.361066</ele><time>2026-01-01T04:08:12Z</time><extensions><speed>1.585979</speed><course>133.739178</course><hAcc>1.458314</hAcc><vAcc>0.556943</vAcc></extensions></trkpt>
      <trkpt lon="112.930580" lat="28.182574"><ele>133.255994</ele><time>2026-01-01T04:08:13Z</time><extensions><speed>1.536530</speed><course>130.428454</course><hAcc>1.436369</hAcc><vAcc>0.556943</vAcc></extensions></trkpt>
      <trkpt lon="112.930592" lat="28.182566"><ele>133.152836</ele><time>2026-01-01T04:08:14Z</time><extensions><speed>1.483145</speed><course>127.882595</course><hAcc>1.421429</hAcc><vAcc>0.556943</vAcc></extensions></trkpt>
      <trkpt lon="112.930605" lat="28.182558"><ele>133.051528</ele><time>2026-01-01T04:08:15Z</time><extensions><speed>1.505127</speed><course>126.503491</course><hAcc>1.426100</hAcc><vAcc>0.556943</vAcc></extensions></trkpt>
      <trkpt lon="112.930617" lat="28.182549"><ele>132.951951</ele><time>2026-01-01T04:08:16Z</time><extensions><speed>1.513340</speed><course>127.409148</course><hAcc>1.452506</hAcc><vAcc>0.556943</vAcc></extensions></trkpt>
      <trkpt lon="112.930629" lat="28.182541"><ele>132.854019</ele><time>2026-01-01T04:08:17Z</time><extensions><speed>1.458959</speed><course>126.235690</course><hAcc>1.438394</hAcc><vAcc>0.556943</vAcc></extensions></trkpt>
      <trkpt lon="112.930641" lat="28.182534"><ele>132.757655</ele><time>2026-01-01T04:08:18Z</time><extensions><speed>1.299414</speed><course>125.446583</course><hAcc>1.425352</hAcc><vAcc>0.556943</vAcc></extensions></trkpt>
      <trkpt lon="112.930651" lat="28.182528"><ele>132.662733</ele><time>2026-01-01T04:08:19Z</time><extensions><speed>1.115988</speed><course>122.585469</course><hAcc>1.431438</hAcc><vAcc>0.556943</vAcc></extensions></trkpt>
      <trkpt lon="112.930660" lat="28.182523"><ele>132.569062</ele><time>2026-01-01T04:08:20Z</time><extensions><speed>1.055490</speed><course>124.934964</course><hAcc>1.456071</hAcc><vAcc>0.556943</vAcc></extensions></trkpt>
      <trkpt lon="112.930669" lat="28.182517"><ele>132.476691</ele><time>2026-01-01T04:08:21Z</time><extensions><speed>1.074621</speed><course>129.740843</course><hAcc>1.470743</hAcc><vAcc>0.556943</vAcc></extensions></trkpt>
      <trkpt lon="112.930678" lat="28.182510"><ele>132.385695</ele><time>2026-01-01T04:08:22Z</time><extensions><speed>1.135979</speed><course>132.154856</course><hAcc>1.478551</hAcc><vAcc>0.556943</vAcc></extensions></trkpt>
      <trkpt lon="112.930686" lat="28.182503"><ele>132.295994</ele><time>2026-01-01T04:08:23Z</time><extensions><speed>1.150234</speed><course>133.597221</course><hAcc>1.494724</hAcc><vAcc>0.556943</vAcc></extensions></trkpt>
      <trkpt lon="112.930695" lat="28.182496"><ele>132.206971</ele><time>2026-01-01T04:08:24Z</time><extensions><speed>1.139239</speed><course>132.332514</course><hAcc>1.514758</hAcc><vAcc>0.556943</vAcc></extensions></trkpt>
      <trkpt lon="112.930704" lat="28.182490"><ele>132.118108</ele><time>2026-01-01T04:08:25Z</time><extensions><speed>1.158058</speed><course>129.433591</course><hAcc>1.531629</hAcc><vAcc>0.556943</vAcc></extensions></trkpt>
      <trkpt lon="112.930713" lat="28.182484"><ele>132.029222</ele><time>2026-01-01T04:08:26Z</time><extensions><speed>1.082064</speed><course>125.657332</course><hAcc>1.540533</hAcc><vAcc>0.556943</vAcc></extensions></trkpt>
      <trkpt lon="112.930721" lat="28.182478"><ele>131.940337</ele><time>2026-01-01T04:08:27Z</time><extensions><speed>1.029865</speed><course>124.246239</course><hAcc>1.547926</hAcc><vAcc>0.556943</vAcc></extensions></trkpt>
      <trkpt lon="112.930730" lat="28.182473"><ele>131.851498</ele><time>2026-01-01T04:08:28Z</time><extensions><speed>1.019819</speed><course>124.689649</course><hAcc>1.550917</hAcc><vAcc>0.556943</vAcc></extensions></trkpt>
      <trkpt lon="112.930738" lat="28.182468"><ele>131.762541</ele><time>2026-01-01T04:08:29Z</time><extensions><speed>0.983210</speed><course>126.189112</course><hAcc>1.549507</hAcc><vAcc>0.556943</vAcc></extensions></trkpt>
      <trkpt lon="112.930746" lat="28.182462"><ele>131.673306</ele><time>2026-01-01T04:08:30Z</time><extensions><speed>0.980124</speed><course>129.883936</course><hAcc>1.544821</hAcc><vAcc>0.556943</vAcc></extensions></trkpt>
      <trkpt lon="112.930754" lat="28.182456"><ele>131.583773</ele><time>2026-01-01T04:08:31Z</time><extensions><speed>1.146678</speed><course>130.734204</course><hAcc>1.528054</hAcc><vAcc>0.556943</vAcc></extensions></trkpt>
      <trkpt lon="112.930764" lat="28.182449"><ele>131.494030</ele><time>2026-01-01T04:08:32Z</time><extensions><speed>1.398538</speed><course>129.326055</course><hAcc>1.514038</hAcc><vAcc>0.556943</vAcc></extensions></trkpt>
      <trkpt lon="112.930775" lat="28.182441"><ele>131.404149</ele><time>2026-01-01T04:08:33Z</time><extensions><speed>1.442838</speed><course>125.339827</course><hAcc>1.517111</hAcc><vAcc>0.556943</vAcc></extensions></trkpt>
      <trkpt lon="112.930787" lat="28.182434"><ele>131.313837</ele><time>2026-01-01T04:08:34Z</time><extensions><speed>1.410489</speed><course>123.207519</course><hAcc>1.503190</hAcc><vAcc>0.556943</vAcc></extensions></trkpt>
      <trkpt lon="112.930799" lat="28.182428"><ele>131.222930</ele><time>2026-01-01T04:08:35Z</time><extensions><speed>1.337030</speed><course>122.626081</course><hAcc>1.493103</hAcc><vAcc>0.556943</vAcc></extensions></trkpt>
      <trkpt lon="112.930810" lat="28.182421"><ele>131.131437</ele><time>2026-01-01T04:08:36Z</time><extensions><speed>1.349800</speed><course>125.184984</course><hAcc>1.507773</hAcc><vAcc>0.556943</vAcc></extensions></trkpt>
      <trkpt lon="112.930820" lat="28.182414"><ele>131.039507</ele><time>2026-01-01T04:08:37Z</time><extensions><speed>1.151676</speed><course>128.502430</course><hAcc>1.496807</hAcc><vAcc>0.556943</vAcc></extensions></trkpt>
      <trkpt lon="112.930829" lat="28.182408"><ele>130.947240</ele><time>2026-01-01T04:08:38Z</time><extensions><speed>0.924213</speed><course>129.803769</course><hAcc>1.491378</hAcc><vAcc>0.556943</vAcc></extensions></trkpt>
      <trkpt lon="112.930836" lat="28.182403"><ele>130.854654</ele><time>2026-01-01T04:08:39Z</time><extensions><speed>0.930689</speed><course>128.930932</course><hAcc>1.508875</hAcc><vAcc>0.556943</vAcc></extensions></trkpt>
      <trkpt lon="112.930844" lat="28.182398"><ele>130.761759</ele><time>2026-01-01T04:08:40Z</time><extensions><speed>0.974674</speed><course>126.196945</course><hAcc>1.516631</hAcc><vAcc>0.556943</vAcc></extensions></trkpt>
      <trkpt lon="112.930852" lat="28.182393"><ele>130.668479</ele><time>2026-01-01T04:08:41Z</time><extensions><speed>0.980141</speed><course>122.125721</course><hAcc>1.509726</hAcc><vAcc>0.556943</vAcc></extensions></trkpt>
      <trkpt lon="112.930860" lat="28.182389"><ele>130.574564</ele><time>2026-01-01T04:08:42Z</time><extensions><speed>0.944753</speed><course>117.978536</course><hAcc>1.517981</hAcc><vAcc>0.556942</vAcc></extensions></trkpt>
      <trkpt lon="112.930869" lat="28.182385"><ele>130.479746</ele><time>2026-01-01T04:08:43Z</time><extensions><speed>0.995564</speed><course>114.367129</course><hAcc>1.519861</hAcc><vAcc>0.556942</vAcc></extensions></trkpt>
      <trkpt lon="112.930878" lat="28.182382"><ele>130.383928</ele><time>2026-01-01T04:08:44Z</time><extensions><speed>0.959729</speed><course>111.194047</course><hAcc>1.521866</hAcc><vAcc>0.556942</vAcc></extensions></trkpt>
      <trkpt lon="112.930887" lat="28.182379"><ele>130.287103</ele><time>2026-01-01T04:08:45Z</time><extensions><speed>0.822009</speed><course>105.016044</course><hAcc>1.528235</hAcc><vAcc>0.556942</vAcc></extensions></trkpt>
      <trkpt lon="112.930895" lat="28.182378"><ele>130.189341</ele><time>2026-01-01T04:08:46Z</time><extensions><speed>0.808761</speed><course>101.695641</course><hAcc>1.532536</hAcc><vAcc>0.556942</vAcc></extensions></trkpt>
      <trkpt lon="112.930903" lat="28.182376"><ele>130.090779</ele><time>2026-01-01T04:08:47Z</time><extensions><speed>0.861871</speed><course>99.301385</course><hAcc>1.538679</hAcc><vAcc>0.556942</vAcc></extensions></trkpt>
      <trkpt lon="112.930912" lat="28.182375"><ele>129.991534</ele><time>2026-01-01T04:08:48Z</time><extensions><speed>0.927334</speed><course>98.860372</course><hAcc>1.539191</hAcc><vAcc>0.556942</vAcc></extensions></trkpt>
      <trkpt lon="112.930921" lat="28.182374"><ele>129.891974</ele><time>2026-01-01T04:08:49Z</time><extensions><speed>0.968147</speed><course>98.303817</course><hAcc>1.538367</hAcc><vAcc>0.556943</vAcc></extensions></trkpt>
      <trkpt lon="112.930931" lat="28.182372"><ele>129.792597</ele><time>2026-01-01T04:08:50Z</time><extensions><speed>0.969883</speed><course>100.625765</course><hAcc>1.535061</hAcc><vAcc>0.556943</vAcc></extensions></trkpt>
      <trkpt lon="112.930941" lat="28.182370"><ele>129.693867</ele><time>2026-01-01T04:08:51Z</time><extensions><speed>0.978514</speed><course>103.883372</course><hAcc>1.533542</hAcc><vAcc>0.556943</vAcc></extensions></trkpt>
      <trkpt lon="112.930951" lat="28.182368"><ele>129.595793</ele><time>2026-01-01T04:08:52Z</time><extensions><speed>1.030616</speed><course>105.211816</course><hAcc>1.534602</hAcc><vAcc>0.556943</vAcc></extensions></trkpt>
      <trkpt lon="112.930961" lat="28.182366"><ele>129.498450</ele><time>2026-01-01T04:08:53Z</time><extensions><speed>1.081737</speed><course>106.420429</course><hAcc>1.533118</hAcc><vAcc>0.556943</vAcc></extensions></trkpt>
      <trkpt lon="112.930972" lat="28.182363"><ele>129.401960</ele><time>2026-01-01T04:08:54Z</time><extensions><speed>1.101452</speed><course>106.267633</course><hAcc>1.526730</hAcc><vAcc>0.556942</vAcc></extensions></trkpt>
      <trkpt lon="112.930983" lat="28.182360"><ele>129.306426</ele><time>2026-01-01T04:08:55Z</time><extensions><speed>1.144491</speed><course>108.508524</course><hAcc>1.518547</hAcc><vAcc>0.556942</vAcc></extensions></trkpt>
      <trkpt lon="112.930994" lat="28.182357"><ele>129.211868</ele><time>2026-01-01T04:08:56Z</time><extensions><speed>0.988212</speed><course>110.184409</course><hAcc>1.506857</hAcc><vAcc>0.556942</vAcc></extensions></trkpt>
      <trkpt lon="112.931003" lat="28.182354"><ele>129.118542</ele><time>2026-01-01T04:08:57Z</time><extensions><speed>0.914016</speed><course>110.210864</course><hAcc>1.496573</hAcc><vAcc>0.556943</vAcc></extensions></trkpt>
      <trkpt lon="112.931012" lat="28.182351"><ele>129.026576</ele><time>2026-01-01T04:08:58Z</time><extensions><speed>0.983501</speed><course>107.567167</course><hAcc>1.485636</hAcc><vAcc>0.556943</vAcc></extensions></trkpt>
      <trkpt lon="112.931022" lat="28.182349"><ele>128.935709</ele><time>2026-01-01T04:08:59Z</time><extensions><speed>1.061847</speed><course>105.484591</course><hAcc>1.486422</hAcc><vAcc>0.556943</vAcc></extensions></trkpt>
      <trkpt lon="112.931033" lat="28.182347"><ele>128.845301</ele><time>2026-01-01T04:09:00Z</time><extensions><speed>1.105244</speed><course>100.914278</course><hAcc>1.481231</hAcc><vAcc>0.556943</vAcc></extensions></trkpt>
      <trkpt lon="112.931044" lat="28.182345"><ele>128.754712</ele><time>2026-01-01T04:09:01Z</time><extensions><speed>1.149522</speed><course>94.469928</course><hAcc>1.473849</hAcc><vAcc>0.556943</vAcc></extensions></trkpt>
      <trkpt lon="112.931056" lat="28.182345"><ele>128.663744</ele><time>2026-01-01T04:09:02Z</time><extensions><speed>1.189307</speed><course>89.167794</course><hAcc>1.472390</hAcc><vAcc>0.556943</vAcc></extensions></trkpt>
      <trkpt lon="112.931068" lat="28.182345"><ele>128.572324</ele><time>2026-01-01T04:09:03Z</time><extensions><speed>1.182232</speed><course>86.529268</course><hAcc>1.472389</hAcc><vAcc>0.556943</vAcc></extensions></trkpt>
      <trkpt lon="112.931080" lat="28.182346"><ele>128.480324</ele><time>2026-01-01T04:09:04Z</time><extensions><speed>1.129119</speed><course>85.642472</course><hAcc>1.472013</hAcc><vAcc>0.556943</vAcc></extensions></trkpt>
      <trkpt lon="112.931091" lat="28.182347"><ele>128.387423</ele><time>2026-01-01T04:09:05Z</time><extensions><speed>1.048098</speed><course>86.843091</course><hAcc>1.473038</hAcc><vAcc>0.556943</vAcc></extensions></trkpt>
      <trkpt lon="112.931102" lat="28.182348"><ele>128.293318</ele><time>2026-01-01T04:09:06Z</time><extensions><speed>1.072512</speed><course>85.012869</course><hAcc>1.474938</hAcc><vAcc>0.556943</vAcc></extensions></trkpt>
      <trkpt lon="112.931113" lat="28.182348"><ele>128.198146</ele><time>2026-01-01T04:09:07Z</time><extensions><speed>1.092706</speed><course>83.979280</course><hAcc>1.480061</hAcc><vAcc>0.556943</vAcc></extensions></trkpt>
      <trkpt lon="112.931124" lat="28.182349"><ele>128.102086</ele><time>2026-01-01T04:09:08Z</time><extensions><speed>1.131261</speed><course>84.649565</course><hAcc>1.484114</hAcc><vAcc>0.556943</vAcc></extensions></trkpt>
      <trkpt lon="112.931135" lat="28.182350"><ele>128.005313</ele><time>2026-01-01T04:09:09Z</time><extensions><speed>1.140283</speed><course>87.025946</course><hAcc>1.490135</hAcc><vAcc>0.556943</vAcc></extensions></trkpt>
      <trkpt lon="112.931147" lat="28.182350"><ele>127.908018</ele><time>2026-01-01T04:09:10Z</time><extensions><speed>1.153519</speed><course>91.127722</course><hAcc>1.493144</hAcc><vAcc>0.556943</vAcc></extensions></trkpt>
      <trkpt lon="112.931159" lat="28.182350"><ele>127.810504</ele><time>2026-01-01T04:09:11Z</time><extensions><speed>1.152684</speed><course>92.684561</course><hAcc>1.492970</hAcc><vAcc>0.556943</vAcc></extensions></trkpt>
      <trkpt lon="112.931170" lat="28.182349"><ele>127.713626</ele><time>2026-01-01T04:09:12Z</time><extensions><speed>1.066967</speed><course>95.607950</course><hAcc>1.490472</hAcc><vAcc>0.556943</vAcc></extensions></trkpt>
      <trkpt lon="112.931180" lat="28.182348"><ele>127.618385</ele><time>2026-01-01T04:09:13Z</time><extensions><speed>1.008162</speed><course>96.038450</course><hAcc>1.488288</hAcc><vAcc>0.556943</vAcc></extensions></trkpt>
      <trkpt lon="112.931190" lat="28.182348"><ele>127.525696</ele><time>2026-01-01T04:09:14Z</time><extensions><speed>0.932305</speed><course>94.903920</course><hAcc>1.491477</hAcc><vAcc>0.556943</vAcc></extensions></trkpt>
      <trkpt lon="112.931199" lat="28.182347"><ele>127.436183</ele><time>2026-01-01T04:09:15Z</time><extensions><speed>0.732240</speed><course>92.078676</course><hAcc>1.508526</hAcc><vAcc>0.556943</vAcc></extensions></trkpt>
      <trkpt lon="112.931204" lat="28.182347"><ele>127.350480</ele><time>2026-01-01T04:09:16Z</time><extensions><speed>0.344711</speed><course>77.019239</course><hAcc>1.534081</hAcc><vAcc>0.556943</vAcc></extensions></trkpt>
      <trkpt lon="112.931205" lat="28.182348"><ele>127.268802</ele><time>2026-01-01T04:09:17Z</time><extensions><speed>0.113927</speed><course>330.329221</course><hAcc>1.540971</hAcc><vAcc>0.556943</vAcc></extensions></trkpt>
      <trkpt lon="112.931204" lat="28.182349"><ele>127.191032</ele><time>2026-01-01T04:09:18Z</time><extensions><speed>0.210225</speed><course>305.285214</course><hAcc>1.567855</hAcc><vAcc>0.556943</vAcc></extensions></trkpt>
      <trkpt lon="112.931203" lat="28.182351"><ele>127.116870</ele><time>2026-01-01T04:09:19Z</time><extensions><speed>0.208091</speed><course>317.859035</course><hAcc>1.610717</hAcc><vAcc>0.556943</vAcc></extensions></trkpt>
      <trkpt lon="112.931202" lat="28.182352"><ele>127.045756</ele><time>2026-01-01T04:09:20Z</time><extensions><speed>0.224988</speed><course>356.123750</course><hAcc>1.638937</hAcc><vAcc>0.556943</vAcc></extensions></trkpt>
      <trkpt lon="112.931203" lat="28.182355"><ele>126.976970</ele><time>2026-01-01T04:09:21Z</time><extensions><speed>0.393346</speed><course>32.381358</course><hAcc>1.643666</hAcc><vAcc>0.556943</vAcc></extensions></trkpt>
      <trkpt lon="112.931207" lat="28.182358"><ele>126.909689</ele><time>2026-01-01T04:09:22Z</time><extensions><speed>0.650367</speed><course>52.468759</course><hAcc>1.650427</hAcc><vAcc>0.556943</vAcc></extensions></trkpt>
      <trkpt lon="112.931214" lat="28.182361"><ele>126.842969</ele><time>2026-01-01T04:09:23Z</time><extensions><speed>0.911685</speed><course>68.147408</course><hAcc>1.663522</hAcc><vAcc>0.556943</vAcc></extensions></trkpt>
      <trkpt lon="112.931224" lat="28.182364"><ele>126.775758</ele><time>2026-01-01T04:09:24Z</time><extensions><speed>1.055254</speed><course>75.670041</course><hAcc>1.650915</hAcc><vAcc>0.556943</vAcc></extensions></trkpt>
      <trkpt lon="112.931235" lat="28.182366"><ele>126.707345</ele><time>2026-01-01T04:09:25Z</time><extensions><speed>1.092156</speed><course>75.944004</course><hAcc>1.631184</hAcc><vAcc>0.556943</vAcc></extensions></trkpt>
      <trkpt lon="112.931245" lat="28.182368"><ele>126.637162</ele><time>2026-01-01T04:09:26Z</time><extensions><speed>1.033822</speed><course>78.355310</course><hAcc>1.608774</hAcc><vAcc>0.556943</vAcc></extensions></trkpt>
      <trkpt lon="112.931256" lat="28.182370"><ele>126.564557</ele><time>2026-01-01T04:09:27Z</time><extensions><speed>1.045237</speed><course>81.438356</course><hAcc>1.592924</hAcc><vAcc>0.556943</vAcc></extensions></trkpt>
      <trkpt lon="112.931267" lat="28.182371"><ele>126.488765</ele><time>2026-01-01T04:09:28Z</time><extensions><speed>1.158670</speed><course>83.902090</course><hAcc>1.584381</hAcc><vAcc>0.556943</vAcc></extensions></trkpt>
      <trkpt lon="112.931279" lat="28.182372"><ele>126.409308</ele><time>2026-01-01T04:09:29Z</time><extensions><speed>1.128863</speed><course>85.882032</course><hAcc>1.577323</hAcc><vAcc>0.556943</vAcc></extensions></trkpt>
      <trkpt lon="112.931291" lat="28.182372"><ele>126.326383</ele><time>2026-01-01T04:09:30Z</time><extensions><speed>1.108686</speed><course>88.686604</course><hAcc>1.572498</hAcc><vAcc>0.556943</vAcc></extensions></trkpt>
      <trkpt lon="112.931302" lat="28.182372"><ele>126.240348</ele><time>2026-01-01T04:09:31Z</time><extensions><speed>1.155931</speed><course>89.956780</course><hAcc>1.571634</hAcc><vAcc>0.556943</vAcc></extensions></trkpt>
      <trkpt lon="112.931315" lat="28.182373"><ele>126.151495</ele><time>2026-01-01T04:09:32Z</time><extensions><speed>1.191244</speed><course>87.381341</course><hAcc>1.574760</hAcc><vAcc>0.556943</vAcc></extensions></trkpt>
      <trkpt lon="112.931327" lat="28.182373"><ele>126.059890</ele><time>2026-01-01T04:09:33Z</time><extensions><speed>1.208466</speed><course>84.758149</course><hAcc>1.581341</hAcc><vAcc>0.556943</vAcc></extensions></trkpt>
      <trkpt lon="112.931339" lat="28.182374"><ele>125.965569</ele><time>2026-01-01T04:09:34Z</time><extensions><speed>1.219954</speed><course>85.672769</course><hAcc>1.586030</hAcc><vAcc>0.556943</vAcc></extensions></trkpt>
      <trkpt lon="112.931352" lat="28.182375"><ele>125.868625</ele><time>2026-01-01T04:09:35Z</time><extensions><speed>1.288484</speed><course>86.410491</course><hAcc>1.588338</hAcc><vAcc>0.556943</vAcc></extensions></trkpt>
      <trkpt lon="112.931366" lat="28.182376"><ele>125.769130</ele><time>2026-01-01T04:09:36Z</time><extensions><speed>1.315217</speed><course>85.548451</course><hAcc>1.588384</hAcc><vAcc>0.556943</vAcc></extensions></trkpt>
      <trkpt lon="112.931379" lat="28.182377"><ele>125.667141</ele><time>2026-01-01T04:09:37Z</time><extensions><speed>1.346687</speed><course>85.178124</course><hAcc>1.589316</hAcc><vAcc>0.556943</vAcc></extensions></trkpt>
      <trkpt lon="112.931394" lat="28.182378"><ele>125.562716</ele><time>2026-01-01T04:09:38Z</time><extensions><speed>1.393705</speed><course>88.142659</course><hAcc>1.586619</hAcc><vAcc>0.556943</vAcc></extensions></trkpt>
      <trkpt lon="112.931408" lat="28.182378"><ele>125.456010</ele><time>2026-01-01T04:09:39Z</time><extensions><speed>1.352619</speed><course>92.973809</course><hAcc>1.583874</hAcc><vAcc>0.556943</vAcc></extensions></trkpt>
      <trkpt lon="112.931421" lat="28.182377"><ele>125.347426</ele><time>2026-01-01T04:09:40Z</time><extensions><speed>1.357776</speed><course>95.991650</course><hAcc>1.582903</hAcc><vAcc>0.556943</vAcc></extensions></trkpt>
      <trkpt lon="112.931435" lat="28.182376"><ele>125.237409</ele><time>2026-01-01T04:09:41Z</time><extensions><speed>1.327474</speed><course>93.759688</course><hAcc>1.582429</hAcc><vAcc>0.556943</vAcc></extensions></trkpt>
      <trkpt lon="112.931448" lat="28.182375"><ele>125.126391</ele><time>2026-01-01T04:09:42Z</time><extensions><speed>1.256015</speed><course>88.850330</course><hAcc>1.579303</hAcc><vAcc>0.556943</vAcc></extensions></trkpt>
      <trkpt lon="112.931461" lat="28.182376"><ele>125.014997</ele><time>2026-01-01T04:09:43Z</time><extensions><speed>1.208174</speed><course>81.979337</course><hAcc>1.576807</hAcc><vAcc>0.556943</vAcc></extensions></trkpt>
      <trkpt lon="112.931473" lat="28.182378"><ele>124.903879</ele><time>2026-01-01T04:09:44Z</time><extensions><speed>1.252715</speed><course>77.960605</course><hAcc>1.574545</hAcc><vAcc>0.556943</vAcc></extensions></trkpt>
      <trkpt lon="112.931486" lat="28.182380"><ele>124.793749</ele><time>2026-01-01T04:09:45Z</time><extensions><speed>1.211176</speed><course>77.651634</course><hAcc>1.569974</hAcc><vAcc>0.556943</vAcc></extensions></trkpt>
      <trkpt lon="112.931498" lat="28.182382"><ele>124.685342</ele><time>2026-01-01T04:09:46Z</time><extensions><speed>1.191550</speed><course>79.766134</course><hAcc>1.562839</hAcc><vAcc>0.556943</vAcc></extensions></trkpt>
      <trkpt lon="112.931509" lat="28.182384"><ele>124.579330</ele><time>2026-01-01T04:09:47Z</time><extensions><speed>1.129634</speed><course>82.199294</course><hAcc>1.551842</hAcc><vAcc>0.556943</vAcc></extensions></trkpt>
      <trkpt lon="112.931520" lat="28.182385"><ele>124.475838</ele><time>2026-01-01T04:09:48Z</time><extensions><speed>1.124293</speed><course>83.059709</course><hAcc>1.537312</hAcc><vAcc>0.556943</vAcc></extensions></trkpt>
      <trkpt lon="112.931532" lat="28.182387"><ele>124.374959</ele><time>2026-01-01T04:09:49Z</time><extensions><speed>1.062625</speed><course>83.410766</course><hAcc>1.523173</hAcc><vAcc>0.556943</vAcc></extensions></trkpt>
      <trkpt lon="112.931542" lat="28.182388"><ele>124.276556</ele><time>2026-01-01T04:09:50Z</time><extensions><speed>0.956691</speed><course>83.975855</course><hAcc>1.521886</hAcc><vAcc>0.556943</vAcc></extensions></trkpt>
      <trkpt lon="112.931551" lat="28.182388"><ele>124.180219</ele><time>2026-01-01T04:09:51Z</time><extensions><speed>0.784400</speed><course>89.153318</course><hAcc>1.527972</hAcc><vAcc>0.556943</vAcc></extensions></trkpt>
      <trkpt lon="112.931558" lat="28.182388"><ele>124.085366</ele><time>2026-01-01T04:09:52Z</time><extensions><speed>0.741006</speed><course>97.416159</course><hAcc>1.506864</hAcc><vAcc>0.556943</vAcc></extensions></trkpt>
      <trkpt lon="112.931567" lat="28.182387"><ele>123.991855</ele><time>2026-01-01T04:09:53Z</time><extensions><speed>0.919399</speed><course>101.217328</course><hAcc>1.518627</hAcc><vAcc>0.556943</vAcc></extensions></trkpt>
      <trkpt lon="112.931577" lat="28.182385"><ele>123.899401</ele><time>2026-01-01T04:09:54Z</time><extensions><speed>1.131456</speed><course>104.722002</course><hAcc>1.518958</hAcc><vAcc>0.556943</vAcc></extensions></trkpt>
      <trkpt lon="112.931589" lat="28.182383"><ele>123.807603</ele><time>2026-01-01T04:09:55Z</time><extensions><speed>1.177194</speed><course>103.042492</course><hAcc>1.515495</hAcc><vAcc>0.556943</vAcc></extensions></trkpt>
      <trkpt lon="112.931600" lat="28.182381"><ele>123.716002</ele><time>2026-01-01T04:09:56Z</time><extensions><speed>1.073209</speed><course>98.920984</course><hAcc>1.522258</hAcc><vAcc>0.556943</vAcc></extensions></trkpt>
      <trkpt lon="112.931611" lat="28.182380"><ele>123.624222</ele><time>2026-01-01T04:09:57Z</time><extensions><speed>1.017755</speed><course>93.431758</course><hAcc>1.528816</hAcc><vAcc>0.556943</vAcc></extensions></trkpt>
      <trkpt lon="112.931621" lat="28.182380"><ele>123.531677</ele><time>2026-01-01T04:09:58Z</time><extensions><speed>1.047912</speed><course>86.686171</course><hAcc>1.528021</hAcc><vAcc>0.556943</vAcc></extensions></trkpt>
      <trkpt lon="112.931632" lat="28.182381"><ele>123.437960</ele><time>2026-01-01T04:09:59Z</time><extensions><speed>1.082167</speed><course>80.520916</course><hAcc>1.525556</hAcc><vAcc>0.556943</vAcc></extensions></trkpt>
      <trkpt lon="112.931643" lat="28.182383"><ele>123.342994</ele><time>2026-01-01T04:10:00Z</time><extensions><speed>1.121291</speed><course>76.199064</course><hAcc>1.519513</hAcc><vAcc>0.556943</vAcc></extensions></trkpt>
      <trkpt lon="112.931655" lat="28.182386"><ele>123.247124</ele><time>2026-01-01T04:10:01Z</time><extensions><speed>1.202446</speed><course>75.355503</course><hAcc>1.512567</hAcc><vAcc>0.556943</vAcc></extensions></trkpt>
      <trkpt lon="112.931668" lat="28.182388"><ele>123.150725</ele><time>2026-01-01T04:10:02Z</time><extensions><speed>1.329002</speed><course>75.701342</course><hAcc>1.508575</hAcc><vAcc>0.556943</vAcc></extensions></trkpt>
      <trkpt lon="112.931682" lat="28.182391"><ele>123.053991</ele><time>2026-01-01T04:10:03Z</time><extensions><speed>1.433730</speed><course>76.613748</course><hAcc>1.497013</hAcc><vAcc>0.556943</vAcc></extensions></trkpt>
      <trkpt lon="112.931696" lat="28.182394"><ele>122.956962</ele><time>2026-01-01T04:10:04Z</time><extensions><speed>1.401981</speed><course>77.080451</course><hAcc>1.485351</hAcc><vAcc>0.556943</vAcc></extensions></trkpt>
      <trkpt lon="112.931709" lat="28.182397"><ele>122.859665</ele><time>2026-01-01T04:10:05Z</time><extensions><speed>1.297181</speed><course>77.307541</course><hAcc>1.477628</hAcc><vAcc>0.556943</vAcc></extensions></trkpt>
      <trkpt lon="112.931722" lat="28.182399"><ele>122.762423</ele><time>2026-01-01T04:10:06Z</time><extensions><speed>1.233231</speed><course>82.784525</course><hAcc>1.475048</hAcc><vAcc>0.556943</vAcc></extensions></trkpt>
      <trkpt lon="112.931735" lat="28.182400"><ele>122.665558</ele><time>2026-01-01T04:10:07Z</time><extensions><speed>1.294829</speed><course>90.716805</course><hAcc>1.474251</hAcc><vAcc>0.556943</vAcc></extensions></trkpt>
      <trkpt lon="112.931750" lat="28.182399"><ele>122.569411</ele><time>2026-01-01T04:10:08Z</time><extensions><speed>1.491120</speed><course>93.546572</course><hAcc>1.456531</hAcc><vAcc>0.556943</vAcc></extensions></trkpt>
      <trkpt lon="112.931765" lat="28.182398"><ele>122.474387</ele><time>2026-01-01T04:10:09Z</time><extensions><speed>1.557968</speed><course>94.397331</course><hAcc>1.439162</hAcc><vAcc>0.556943</vAcc></extensions></trkpt>
      <trkpt lon="112.931781" lat="28.182396"><ele>122.380923</ele><time>2026-01-01T04:10:10Z</time><extensions><speed>1.503672</speed><course>96.538477</course><hAcc>1.436735</hAcc><vAcc>0.556943</vAcc></extensions></trkpt>
      <trkpt lon="112.931796" lat="28.182395"><ele>122.289331</ele><time>2026-01-01T04:10:11Z</time><extensions><speed>1.445160</speed><course>97.492389</course><hAcc>1.439561</hAcc><vAcc>0.556943</vAcc></extensions></trkpt>
      <trkpt lon="112.931811" lat="28.182393"><ele>122.199852</ele><time>2026-01-01T04:10:12Z</time><extensions><speed>1.429298</speed><course>97.976961</course><hAcc>1.433611</hAcc><vAcc>0.556943</vAcc></extensions></trkpt>
      <trkpt lon="112.931825" lat="28.182391"><ele>122.112628</ele><time>2026-01-01T04:10:13Z</time><extensions><speed>1.246464</speed><course>97.892920</course><hAcc>1.445717</hAcc><vAcc>0.556943</vAcc></extensions></trkpt>
      <trkpt lon="112.931837" lat="28.182390"><ele>122.027721</ele><time>2026-01-01T04:10:14Z</time><extensions><speed>1.228263</speed><course>94.757168</course><hAcc>1.437876</hAcc><vAcc>0.556943</vAcc></extensions></trkpt>
      <trkpt lon="112.931850" lat="28.182389"><ele>121.945105</ele><time>2026-01-01T04:10:15Z</time><extensions><speed>1.281139</speed><course>95.501854</course><hAcc>1.442668</hAcc><vAcc>0.556943</vAcc></extensions></trkpt>
      <trkpt lon="112.931863" lat="28.182387"><ele>121.864393</ele><time>2026-01-01T04:10:16Z</time><extensions><speed>1.345138</speed><course>98.828064</course><hAcc>1.447748</hAcc><vAcc>0.556943</vAcc></extensions></trkpt>
      <trkpt lon="112.931877" lat="28.182385"><ele>121.785084</ele><time>2026-01-01T04:10:17Z</time><extensions><speed>1.392104</speed><course>103.506858</course><hAcc>1.448106</hAcc><vAcc>0.556943</vAcc></extensions></trkpt>
      <trkpt lon="112.931891" lat="28.182382"><ele>121.706700</ele><time>2026-01-01T04:10:18Z</time><extensions><speed>1.382722</speed><course>105.710953</course><hAcc>1.467523</hAcc><vAcc>0.556943</vAcc></extensions></trkpt>
      <trkpt lon="112.931904" lat="28.182379"><ele>121.628854</ele><time>2026-01-01T04:10:19Z</time><extensions><speed>1.311024</speed><course>103.507442</course><hAcc>1.496071</hAcc><vAcc>0.556943</vAcc></extensions></trkpt>
      <trkpt lon="112.931917" lat="28.182377"><ele>121.551159</ele><time>2026-01-01T04:10:20Z</time><extensions><speed>1.357255</speed><course>99.312272</course><hAcc>1.496338</hAcc><vAcc>0.556943</vAcc></extensions></trkpt>
      <trkpt lon="112.931931" lat="28.182375"><ele>121.473141</ele><time>2026-01-01T04:10:21Z</time><extensions><speed>1.398995</speed><course>95.204588</course><hAcc>1.500373</hAcc><vAcc>0.556943</vAcc></extensions></trkpt>
      <trkpt lon="112.931945" lat="28.182375"><ele>121.394395</ele><time>2026-01-01T04:10:22Z</time><extensions><speed>1.322546</speed><course>91.744866</course><hAcc>1.506212</hAcc><vAcc>0.556943</vAcc></extensions></trkpt>
      <trkpt lon="112.931958" lat="28.182374"><ele>121.314348</ele><time>2026-01-01T04:10:23Z</time><extensions><speed>1.275298</speed><course>90.505848</course><hAcc>1.511799</hAcc><vAcc>0.556943</vAcc></extensions></trkpt>
      <trkpt lon="112.931970" lat="28.182374"><ele>121.232107</ele><time>2026-01-01T04:10:24Z</time><extensions><speed>1.240072</speed><course>89.434793</course><hAcc>1.515929</hAcc><vAcc>0.556943</vAcc></extensions></trkpt>
      <trkpt lon="112.931982" lat="28.182374"><ele>121.146893</ele><time>2026-01-01T04:10:25Z</time><extensions><speed>1.115383</speed><course>90.425727</course><hAcc>1.521232</hAcc><vAcc>0.556943</vAcc></extensions></trkpt>
      <trkpt lon="112.931993" lat="28.182374"><ele>121.058904</ele><time>2026-01-01T04:10:26Z</time><extensions><speed>0.977626</speed><course>90.908031</course><hAcc>1.524138</hAcc><vAcc>0.556943</vAcc></extensions></trkpt>
      <trkpt lon="112.932003" lat="28.182375"><ele>120.968563</ele><time>2026-01-01T04:10:27Z</time><extensions><speed>1.062059</speed><course>82.115976</course><hAcc>1.508537</hAcc><vAcc>0.556943</vAcc></extensions></trkpt>
      <trkpt lon="112.932014" lat="28.182376"><ele>120.876336</ele><time>2026-01-01T04:10:28Z</time><extensions><speed>1.196942</speed><course>75.540843</course><hAcc>1.488642</hAcc><vAcc>0.556943</vAcc></extensions></trkpt>
      <trkpt lon="112.932026" lat="28.182379"><ele>120.782704</ele><time>2026-01-01T04:10:29Z</time><extensions><speed>1.274979</speed><course>73.999827</course><hAcc>1.467380</hAcc><vAcc>0.556943</vAcc></extensions></trkpt>
      <trkpt lon="112.932039" lat="28.182382"><ele>120.688177</ele><time>2026-01-01T04:10:30Z</time><extensions><speed>1.337740</speed><course>72.483827</course><hAcc>1.445854</hAcc><vAcc>0.556943</vAcc></extensions></trkpt>
      <trkpt lon="112.932052" lat="28.182386"><ele>120.593245</ele><time>2026-01-01T04:10:31Z</time><extensions><speed>1.449968</speed><course>70.956828</course><hAcc>1.445936</hAcc><vAcc>0.556943</vAcc></extensions></trkpt>
      <trkpt lon="112.932066" lat="28.182390"><ele>120.498463</ele><time>2026-01-01T04:10:32Z</time><extensions><speed>1.409386</speed><course>72.821740</course><hAcc>1.445767</hAcc><vAcc>0.556943</vAcc></extensions></trkpt>
      <trkpt lon="112.932079" lat="28.182393"><ele>120.404514</ele><time>2026-01-01T04:10:33Z</time><extensions><speed>1.213172</speed><course>77.472294</course><hAcc>1.423701</hAcc><vAcc>0.556943</vAcc></extensions></trkpt>
      <trkpt lon="112.932091" lat="28.182395"><ele>120.312222</ele><time>2026-01-01T04:10:34Z</time><extensions><speed>0.931848</speed><course>88.060659</course><hAcc>1.419912</hAcc><vAcc>0.556943</vAcc></extensions></trkpt>
      <trkpt lon="112.932100" lat="28.182395"><ele>120.222428</ele><time>2026-01-01T04:10:35Z</time><extensions><speed>0.847438</speed><course>93.039163</course><hAcc>1.473274</hAcc><vAcc>0.556943</vAcc></extensions></trkpt>
      <trkpt lon="112.932109" lat="28.182394"><ele>120.135746</ele><time>2026-01-01T04:10:36Z</time><extensions><speed>0.929839</speed><course>99.377506</course><hAcc>1.474963</hAcc><vAcc>0.556943</vAcc></extensions></trkpt>
      <trkpt lon="112.932118" lat="28.182392"><ele>120.052459</ele><time>2026-01-01T04:10:37Z</time><extensions><speed>0.875035</speed><course>104.243333</course><hAcc>1.440895</hAcc><vAcc>0.556943</vAcc></extensions></trkpt>
      <trkpt lon="112.932127" lat="28.182390"><ele>119.972560</ele><time>2026-01-01T04:10:38Z</time><extensions><speed>0.899217</speed><course>104.083098</course><hAcc>1.456945</hAcc><vAcc>0.556943</vAcc></extensions></trkpt>
      <trkpt lon="112.932136" lat="28.182389"><ele>119.895801</ele><time>2026-01-01T04:10:39Z</time><extensions><speed>0.927240</speed><course>99.695750</course><hAcc>1.489381</hAcc><vAcc>0.556943</vAcc></extensions></trkpt>
      <trkpt lon="112.932146" lat="28.182388"><ele>119.821792</ele><time>2026-01-01T04:10:40Z</time><extensions><speed>0.986949</speed><course>92.872443</course><hAcc>1.519536</hAcc><vAcc>0.556943</vAcc></extensions></trkpt>
      <trkpt lon="112.932157" lat="28.182388"><ele>119.750005</ele><time>2026-01-01T04:10:41Z</time><extensions><speed>1.054053</speed><course>87.007385</course><hAcc>1.553763</hAcc><vAcc>0.556943</vAcc></extensions></trkpt>
      <trkpt lon="112.932169" lat="28.182389"><ele>119.679838</ele><time>2026-01-01T04:10:42Z</time><extensions><speed>1.223371</speed><course>84.942685</course><hAcc>1.546432</hAcc><vAcc>0.556943</vAcc></extensions></trkpt>
      <trkpt lon="112.932182" lat="28.182390"><ele>119.610692</ele><time>2026-01-01T04:10:43Z</time><extensions><speed>1.346970</speed><course>84.193360</course><hAcc>1.530685</hAcc><vAcc>0.556943</vAcc></extensions></trkpt>
      <trkpt lon="112.932196" lat="28.182392"><ele>119.542348</ele><time>2026-01-01T04:10:44Z</time><extensions><speed>1.340050</speed><course>81.187168</course><hAcc>1.519465</hAcc><vAcc>0.556943</vAcc></extensions></trkpt>
      <trkpt lon="112.932209" lat="28.182394"><ele>119.474608</ele><time>2026-01-01T04:10:45Z</time><extensions><speed>1.237996</speed><course>78.343826</course><hAcc>1.522829</hAcc><vAcc>0.556943</vAcc></extensions></trkpt>
      <trkpt lon="112.932222" lat="28.182397"><ele>119.407183</ele><time>2026-01-01T04:10:46Z</time><extensions><speed>1.246891</speed><course>76.858809</course><hAcc>1.530131</hAcc><vAcc>0.556943</vAcc></extensions></trkpt>
      <trkpt lon="112.932235" lat="28.182399"><ele>119.339670</ele><time>2026-01-01T04:10:47Z</time><extensions><speed>1.362691</speed><course>75.463635</course><hAcc>1.529274</hAcc><vAcc>0.556942</vAcc></extensions></trkpt>
      <trkpt lon="112.932249" lat="28.182403"><ele>119.271768</ele><time>2026-01-01T04:10:48Z</time><extensions><speed>1.491290</speed><course>73.717592</course><hAcc>1.529559</hAcc><vAcc>0.556942</vAcc></extensions></trkpt>
      <trkpt lon="112.932263" lat="28.182407"><ele>119.203285</ele><time>2026-01-01T04:10:49Z</time><extensions><speed>1.488990</speed><course>72.541595</course><hAcc>1.530116</hAcc><vAcc>0.556941</vAcc></extensions></trkpt>
      <trkpt lon="112.932278" lat="28.182411"><ele>119.134104</ele><time>2026-01-01T04:10:50Z</time><extensions><speed>1.491141</speed><course>71.615555</course><hAcc>1.527355</hAcc><vAcc>0.556940</vAcc></extensions></trkpt>
      <trkpt lon="112.932292" lat="28.182415"><ele>119.063961</ele><time>2026-01-01T04:10:51Z</time><extensions><speed>1.452204</speed><course>69.843722</course><hAcc>1.526704</hAcc><vAcc>0.556939</vAcc></extensions></trkpt>
      <trkpt lon="112.932305" lat="28.182420"><ele>118.992250</ele><time>2026-01-01T04:10:52Z</time><extensions><speed>1.302663</speed><course>67.187494</course><hAcc>1.527803</hAcc><vAcc>0.556938</vAcc></extensions></trkpt>
      <trkpt lon="112.932318" lat="28.182425"><ele>118.918392</ele><time>2026-01-01T04:10:53Z</time><extensions><speed>1.332691</speed><course>67.287345</course><hAcc>1.515644</hAcc><vAcc>0.556937</vAcc></extensions></trkpt>
      <trkpt lon="112.932331" lat="28.182429"><ele>118.841700</ele><time>2026-01-01T04:10:54Z</time><extensions><speed>1.384343</speed><course>69.855051</course><hAcc>1.510263</hAcc><vAcc>0.556935</vAcc></extensions></trkpt>
      <trkpt lon="112.932344" lat="28.182433"><ele>118.761419</ele><time>2026-01-01T04:10:55Z</time><extensions><speed>1.379620</speed><course>71.836954</course><hAcc>1.501964</hAcc><vAcc>0.556933</vAcc></extensions></trkpt>
      <trkpt lon="112.932357" lat="28.182437"><ele>118.676825</ele><time>2026-01-01T04:10:56Z</time><extensions><speed>1.294064</speed><course>73.369984</course><hAcc>1.490147</hAcc><vAcc>0.556932</vAcc></extensions></trkpt>
      <trkpt lon="112.932370" lat="28.182440"><ele>118.587280</ele><time>2026-01-01T04:10:57Z</time><extensions><speed>1.270963</speed><course>74.666761</course><hAcc>1.482008</hAcc><vAcc>0.556934</vAcc></extensions></trkpt>
      <trkpt lon="112.932382" lat="28.182443"><ele>118.492232</ele><time>2026-01-01T04:10:58Z</time><extensions><speed>1.240469</speed><course>73.352865</course><hAcc>1.488403</hAcc><vAcc>0.556937</vAcc></extensions></trkpt>
      <trkpt lon="112.932394" lat="28.182447"><ele>118.391552</ele><time>2026-01-01T04:10:59Z</time><extensions><speed>1.239806</speed><course>71.260104</course><hAcc>1.498126</hAcc><vAcc>0.556940</vAcc></extensions></trkpt>
      <trkpt lon="112.932406" lat="28.182451"><ele>118.285334</ele><time>2026-01-01T04:11:00Z</time><extensions><speed>1.295581</speed><course>64.796953</course><hAcc>1.479948</hAcc><vAcc>0.556942</vAcc></extensions></trkpt>
      <trkpt lon="112.932418" lat="28.182457"><ele>118.173975</ele><time>2026-01-01T04:11:01Z</time><extensions><speed>1.358823</speed><course>59.270916</course><hAcc>1.476870</hAcc><vAcc>0.556944</vAcc></extensions></trkpt>
      <trkpt lon="112.932430" lat="28.182463"><ele>118.058996</ele><time>2026-01-01T04:11:02Z</time><extensions><speed>1.329570</speed><course>57.716301</course><hAcc>1.481535</hAcc><vAcc>0.556945</vAcc></extensions></trkpt>
      <trkpt lon="112.932441" lat="28.182469"><ele>117.942091</ele><time>2026-01-01T04:11:03Z</time><extensions><speed>1.272109</speed><course>59.830297</course><hAcc>1.480511</hAcc><vAcc>0.556945</vAcc></extensions></trkpt>
      <trkpt lon="112.932453" lat="28.182475"><ele>117.824382</ele><time>2026-01-01T04:11:04Z</time><extensions><speed>1.241047</speed><course>63.338607</course><hAcc>1.467557</hAcc><vAcc>0.556946</vAcc></extensions></trkpt>
      <trkpt lon="112.932465" lat="28.182480"><ele>117.706610</ele><time>2026-01-01T04:11:05Z</time><extensions><speed>1.318091</speed><course>65.749036</course><hAcc>1.446263</hAcc><vAcc>0.556946</vAcc></extensions></trkpt>
      <trkpt lon="112.932477" lat="28.182484"><ele>117.589551</ele><time>2026-01-01T04:11:06Z</time><extensions><speed>1.294584</speed><course>68.930200</course><hAcc>1.432160</hAcc><vAcc>0.556946</vAcc></extensions></trkpt>
      <trkpt lon="112.932489" lat="28.182489"><ele>117.473345</ele><time>2026-01-01T04:11:07Z</time><extensions><speed>1.171876</speed><course>67.161911</course><hAcc>1.452226</hAcc><vAcc>0.556946</vAcc></extensions></trkpt>
      <trkpt lon="112.932499" lat="28.182493"><ele>117.357997</ele><time>2026-01-01T04:11:08Z</time><extensions><speed>1.069867</speed><course>60.978616</course><hAcc>1.459191</hAcc><vAcc>0.556946</vAcc></extensions></trkpt>
      <trkpt lon="112.932509" lat="28.182498"><ele>117.243976</ele><time>2026-01-01T04:11:09Z</time><extensions><speed>1.175363</speed><course>57.189171</course><hAcc>1.444571</hAcc><vAcc>0.556946</vAcc></extensions></trkpt>
      <trkpt lon="112.932520" lat="28.182504"><ele>117.132140</ele><time>2026-01-01T04:11:10Z</time><extensions><speed>1.277487</speed><course>63.238615</course><hAcc>1.411359</hAcc><vAcc>0.556946</vAcc></extensions></trkpt>
      <trkpt lon="112.932532" lat="28.182509"><ele>117.022944</ele><time>2026-01-01T04:11:11Z</time><extensions><speed>1.371588</speed><course>66.914266</course><hAcc>1.419882</hAcc><vAcc>0.556946</vAcc></extensions></trkpt>
      <trkpt lon="112.932546" lat="28.182513"><ele>116.916298</ele><time>2026-01-01T04:11:12Z</time><extensions><speed>1.415799</speed><course>69.530333</course><hAcc>1.451665</hAcc><vAcc>0.556946</vAcc></extensions></trkpt>
      <trkpt lon="112.932559" lat="28.182518"><ele>116.811882</ele><time>2026-01-01T04:11:13Z</time><extensions><speed>1.435932</speed><course>70.134238</course><hAcc>1.449221</hAcc><vAcc>0.556946</vAcc></extensions></trkpt>
      <trkpt lon="112.932573" lat="28.182522"><ele>116.709210</ele><time>2026-01-01T04:11:14Z</time><extensions><speed>1.456653</speed><course>70.689893</course><hAcc>1.447486</hAcc><vAcc>0.556946</vAcc></extensions></trkpt>
      <trkpt lon="112.932588" lat="28.182526"><ele>116.607787</ele><time>2026-01-01T04:11:15Z</time><extensions><speed>1.525727</speed><course>71.310270</course><hAcc>1.461672</hAcc><vAcc>0.556945</vAcc></extensions></trkpt>
      <trkpt lon="112.932603" lat="28.182531"><ele>116.507464</ele><time>2026-01-01T04:11:16Z</time><extensions><speed>1.448137</speed><course>68.745186</course><hAcc>1.500808</hAcc><vAcc>0.556945</vAcc></extensions></trkpt>
      <trkpt lon="112.932616" lat="28.182535"><ele>116.408275</ele><time>2026-01-01T04:11:17Z</time><extensions><speed>1.287459</speed><course>67.160013</course><hAcc>1.498442</hAcc><vAcc>0.556945</vAcc></extensions></trkpt>
      <trkpt lon="112.932626" lat="28.182539"><ele>116.310391</ele><time>2026-01-01T04:11:18Z</time><extensions><speed>0.915199</speed><course>63.500154</course><hAcc>1.505026</hAcc><vAcc>0.556945</vAcc></extensions></trkpt>
      <trkpt lon="112.932634" lat="28.182543"><ele>116.213921</ele><time>2026-01-01T04:11:19Z</time><extensions><speed>0.833101</speed><course>60.009252</course><hAcc>1.475631</hAcc><vAcc>0.556945</vAcc></extensions></trkpt>
      <trkpt lon="112.932642" lat="28.182547"><ele>116.118689</ele><time>2026-01-01T04:11:20Z</time><extensions><speed>1.056427</speed><course>61.048005</course><hAcc>1.478415</hAcc><vAcc>0.556945</vAcc></extensions></trkpt>
      <trkpt lon="112.932653" lat="28.182552"><ele>116.024208</ele><time>2026-01-01T04:11:21Z</time><extensions><speed>1.352276</speed><course>66.495426</course><hAcc>1.490063</hAcc><vAcc>0.556945</vAcc></extensions></trkpt>
      <trkpt lon="112.932667" lat="28.182556"><ele>115.930334</ele><time>2026-01-01T04:11:22Z</time><extensions><speed>1.531752</speed><course>72.923237</course><hAcc>1.493209</hAcc><vAcc>0.556945</vAcc></extensions></trkpt>
      <trkpt lon="112.932682" lat="28.182559"><ele>115.837047</ele><time>2026-01-01T04:11:23Z</time><extensions><speed>1.535402</speed><course>82.155796</course><hAcc>1.497859</hAcc><vAcc>0.556945</vAcc></extensions></trkpt>
      <trkpt lon="112.932698" lat="28.182560"><ele>115.744323</ele><time>2026-01-01T04:11:24Z</time><extensions><speed>1.554017</speed><course>89.817072</course><hAcc>1.488515</hAcc><vAcc>0.556944</vAcc></extensions></trkpt>
      <trkpt lon="112.932713" lat="28.182559"><ele>115.652080</ele><time>2026-01-01T04:11:25Z</time><extensions><speed>1.577316</speed><course>96.446904</course><hAcc>1.472655</hAcc><vAcc>0.556944</vAcc></extensions></trkpt>
      <trkpt lon="112.932729" lat="28.182557"><ele>115.560427</ele><time>2026-01-01T04:11:26Z</time><extensions><speed>1.570168</speed><course>101.245388</course><hAcc>1.460690</hAcc><vAcc>0.556944</vAcc></extensions></trkpt>
      <trkpt lon="112.932744" lat="28.182553"><ele>115.469256</ele><time>2026-01-01T04:11:27Z</time><extensions><speed>1.472235</speed><course>105.334392</course><hAcc>1.469757</hAcc><vAcc>0.556944</vAcc></extensions></trkpt>
      <trkpt lon="112.932758" lat="28.182550"><ele>115.378376</ele><time>2026-01-01T04:11:28Z</time><extensions><speed>1.432931</speed><course>106.844487</course><hAcc>1.465482</hAcc><vAcc>0.556944</vAcc></extensions></trkpt>
      <trkpt lon="112.932771" lat="28.182545"><ele>115.287754</ele><time>2026-01-01T04:11:29Z</time><extensions><speed>1.283196</speed><course>113.953928</course><hAcc>1.470492</hAcc><vAcc>0.556944</vAcc></extensions></trkpt>
      <trkpt lon="112.932782" lat="28.182540"><ele>115.198401</ele><time>2026-01-01T04:11:30Z</time><extensions><speed>1.145111</speed><course>126.637437</course><hAcc>1.474831</hAcc><vAcc>0.556944</vAcc></extensions></trkpt>
      <trkpt lon="112.932789" lat="28.182533"><ele>115.111188</ele><time>2026-01-01T04:11:31Z</time><extensions><speed>0.956887</speed><course>139.486199</course><hAcc>1.487044</hAcc><vAcc>0.556944</vAcc></extensions></trkpt>
      <trkpt lon="112.932795" lat="28.182527"><ele>115.027015</ele><time>2026-01-01T04:11:32Z</time><extensions><speed>0.850226</speed><course>146.229778</course><hAcc>1.500955</hAcc><vAcc>0.556944</vAcc></extensions></trkpt>
      <trkpt lon="112.932799" lat="28.182521"><ele>114.946746</ele><time>2026-01-01T04:11:33Z</time><extensions><speed>0.754651</speed><course>149.021043</course><hAcc>1.531843</hAcc><vAcc>0.556944</vAcc></extensions></trkpt>
      <trkpt lon="112.932803" lat="28.182515"><ele>114.871086</ele><time>2026-01-01T04:11:34Z</time><extensions><speed>0.678050</speed><course>153.323920</course><hAcc>1.566474</hAcc><vAcc>0.556944</vAcc></extensions></trkpt>
      <trkpt lon="112.932804" lat="28.182510"><ele>114.800799</ele><time>2026-01-01T04:11:35Z</time><extensions><speed>0.522121</speed><course>180.302587</course><hAcc>1.576150</hAcc><vAcc>0.556944</vAcc></extensions></trkpt>
      <trkpt lon="112.932804" lat="28.182505"><ele>114.736684</ele><time>2026-01-01T04:11:36Z</time><extensions><speed>0.529969</speed><course>194.402717</course><hAcc>1.608250</hAcc><vAcc>0.556944</vAcc></extensions></trkpt>
      <trkpt lon="112.932802" lat="28.182501"><ele>114.679416</ele><time>2026-01-01T04:11:37Z</time><extensions><speed>0.475350</speed><course>201.764108</course><hAcc>1.645945</hAcc><vAcc>0.556944</vAcc></extensions></trkpt>
      <trkpt lon="112.932800" lat="28.182497"><ele>114.629460</ele><time>2026-01-01T04:11:38Z</time><extensions><speed>0.470797</speed><course>203.150147</course><hAcc>1.684584</hAcc><vAcc>0.556944</vAcc></extensions></trkpt>
      <trkpt lon="112.932798" lat="28.182494"><ele>114.587257</ele><time>2026-01-01T04:11:39Z</time><extensions><speed>0.412249</speed><course>204.115621</course><hAcc>1.719221</hAcc><vAcc>0.556944</vAcc></extensions></trkpt>
      <trkpt lon="112.932797" lat="28.182491"><ele>114.552955</ele><time>2026-01-01T04:11:40Z</time><extensions><speed>0.274765</speed><course>207.861363</course><hAcc>1.749201</hAcc><vAcc>0.556944</vAcc></extensions></trkpt>
      <trkpt lon="112.932796" lat="28.182489"><ele>114.526336</ele><time>2026-01-01T04:11:41Z</time><extensions><speed>0.147962</speed><course>215.178482</course><hAcc>1.771776</hAcc><vAcc>0.556944</vAcc></extensions></trkpt>
      <trkpt lon="112.932795" lat="28.182489"><ele>114.506818</ele><time>2026-01-01T04:11:42Z</time><extensions><speed>0.051212</speed><course>235.228123</course><hAcc>1.788837</hAcc><vAcc>0.556944</vAcc></extensions></trkpt>
      <trkpt lon="112.932795" lat="28.182489"><ele>114.493535</ele><time>2026-01-01T04:11:43Z</time><extensions><speed>0.012240</speed><course>327.134582</course><hAcc>1.800611</hAcc><vAcc>0.556944</vAcc></extensions></trkpt>
      <trkpt lon="112.932795" lat="28.182489"><ele>114.485389</ele><time>2026-01-01T04:11:44Z</time><extensions><speed>0.022623</speed><course>37.009832</course><hAcc>1.811779</hAcc><vAcc>0.556944</vAcc></extensions></trkpt>
      <trkpt lon="112.932795" lat="28.182489"><ele>114.481179</ele><time>2026-01-01T04:11:45Z</time><extensions><speed>0.070298</speed><course>15.044511</course><hAcc>1.824497</hAcc><vAcc>0.556944</vAcc></extensions></trkpt>
      <trkpt lon="112.932795" lat="28.182490"><ele>114.479684</ele><time>2026-01-01T04:11:46Z</time><extensions><speed>0.083357</speed><course>6.785983</course><hAcc>1.833266</hAcc><vAcc>0.556944</vAcc></extensions></trkpt>
      <trkpt lon="112.932795" lat="28.182491"><ele>114.479817</ele><time>2026-01-01T04:11:47Z</time><extensions><speed>0.127796</speed><course>358.581351</course><hAcc>1.842288</hAcc><vAcc>0.556943</vAcc></extensions></trkpt>
      <trkpt lon="112.932795" lat="28.182492"><ele>114.480834</ele><time>2026-01-01T04:11:48Z</time><extensions><speed>0.137331</speed><course>355.551923</course><hAcc>1.851268</hAcc><vAcc>0.556943</vAcc></extensions></trkpt>
      <trkpt lon="112.932795" lat="28.182494"><ele>114.482214</ele><time>2026-01-01T04:11:49Z</time><extensions><speed>0.163888</speed><course>357.396957</course><hAcc>1.864681</hAcc><vAcc>0.556943</vAcc></extensions></trkpt>
      <trkpt lon="112.932795" lat="28.182495"><ele>114.483737</ele><time>2026-01-01T04:11:50Z</time><extensions><speed>0.177242</speed><course>0.268152</course><hAcc>1.877635</hAcc><vAcc>0.556943</vAcc></extensions></trkpt>
      <trkpt lon="112.932795" lat="28.182497"><ele>114.485412</ele><time>2026-01-01T04:11:51Z</time><extensions><speed>0.188053</speed><course>2.037751</course><hAcc>1.888673</hAcc><vAcc>0.556943</vAcc></extensions></trkpt>
      <trkpt lon="112.932795" lat="28.182499"><ele>114.487307</ele><time>2026-01-01T04:11:52Z</time><extensions><speed>0.192315</speed><course>359.948407</course><hAcc>1.895784</hAcc><vAcc>0.556943</vAcc></extensions></trkpt>
      <trkpt lon="112.932795" lat="28.182501"><ele>114.489025</ele><time>2026-01-01T04:11:53Z</time><extensions><speed>0.201648</speed><course>354.352762</course><hAcc>1.900172</hAcc><vAcc>0.556943</vAcc></extensions></trkpt>
      <trkpt lon="112.932795" lat="28.182503"><ele>114.490269</ele><time>2026-01-01T04:11:54Z</time><extensions><speed>0.233489</speed><course>349.423657</course><hAcc>1.905399</hAcc><vAcc>0.556943</vAcc></extensions></trkpt>
      <trkpt lon="112.932794" lat="28.182505"><ele>114.490366</ele><time>2026-01-01T04:11:55Z</time><extensions><speed>0.261161</speed><course>346.642304</course><hAcc>1.906411</hAcc><vAcc>0.556943</vAcc></extensions></trkpt>
      <trkpt lon="112.932794" lat="28.182507"><ele>114.488359</ele><time>2026-01-01T04:11:56Z</time><extensions><speed>0.298317</speed><course>347.957650</course><hAcc>1.904274</hAcc><vAcc>0.556943</vAcc></extensions></trkpt>
      <trkpt lon="112.932793" lat="28.182510"><ele>114.483286</ele><time>2026-01-01T04:11:57Z</time><extensions><speed>0.334246</speed><course>352.622085</course><hAcc>1.901641</hAcc><vAcc>0.556943</vAcc></extensions></trkpt>
      <trkpt lon="112.932793" lat="28.182513"><ele>114.474869</ele><time>2026-01-01T04:11:58Z</time><extensions><speed>0.355559</speed><course>358.281297</course><hAcc>1.896491</hAcc><vAcc>0.556943</vAcc></extensions></trkpt>
      <trkpt lon="112.932793" lat="28.182517"><ele>114.462707</ele><time>2026-01-01T04:11:59Z</time><extensions><speed>0.377600</speed><course>4.593263</course><hAcc>1.891132</hAcc><vAcc>0.556943</vAcc></extensions></trkpt>
      <trkpt lon="112.932794" lat="28.182520"><ele>114.446379</ele><time>2026-01-01T04:12:00Z</time><extensions><speed>0.363409</speed><course>11.834362</course><hAcc>1.885629</hAcc><vAcc>0.556943</vAcc></extensions></trkpt>
      <trkpt lon="112.932795" lat="28.182523"><ele>114.425515</ele><time>2026-01-01T04:12:01Z</time><extensions><speed>0.330706</speed><course>20.821001</course><hAcc>1.881172</hAcc><vAcc>0.556943</vAcc></extensions></trkpt>
      <trkpt lon="112.932796" lat="28.182526"><ele>114.399873</ele><time>2026-01-01T04:12:02Z</time><extensions><speed>0.291002</speed><course>33.820100</course><hAcc>1.878241</hAcc><vAcc>0.556943</vAcc></extensions></trkpt>
      <trkpt lon="112.932798" lat="28.182527"><ele>114.369806</ele><time>2026-01-01T04:12:03Z</time><extensions><speed>0.255724</speed><course>57.343417</course><hAcc>1.872937</hAcc><vAcc>0.556943</vAcc></extensions></trkpt>
      <trkpt lon="112.932800" lat="28.182529"><ele>114.335991</ele><time>2026-01-01T04:12:04Z</time><extensions><speed>0.259500</speed><course>66.139756</course><hAcc>1.864901</hAcc><vAcc>0.556943</vAcc></extensions></trkpt>
      <trkpt lon="112.932803" lat="28.182530"><ele>114.299418</ele><time>2026-01-01T04:12:05Z</time><extensions><speed>0.266592</speed><course>71.983422</course><hAcc>1.857424</hAcc><vAcc>0.556943</vAcc></extensions></trkpt>
      <trkpt lon="112.932806" lat="28.182530"><ele>114.261342</ele><time>2026-01-01T04:12:06Z</time><extensions><speed>0.267037</speed><course>75.483445</course><hAcc>1.854845</hAcc><vAcc>0.556943</vAcc></extensions></trkpt>
      <trkpt lon="112.932808" lat="28.182531"><ele>114.223156</ele><time>2026-01-01T04:12:07Z</time><extensions><speed>0.253022</speed><course>66.743228</course><hAcc>1.858114</hAcc><vAcc>0.556943</vAcc></extensions></trkpt>
      <trkpt lon="112.932811" lat="28.182532"><ele>114.185943</ele><time>2026-01-01T04:12:08Z</time><extensions><speed>0.243603</speed><course>70.632967</course><hAcc>1.859392</hAcc><vAcc>0.556943</vAcc></extensions></trkpt>
      <trkpt lon="112.932813" lat="28.182533"><ele>114.150548</ele><time>2026-01-01T04:12:09Z</time><extensions><speed>0.236945</speed><course>71.118739</course><hAcc>1.864486</hAcc><vAcc>0.556943</vAcc></extensions></trkpt>
      <trkpt lon="112.932815" lat="28.182534"><ele>114.117622</ele><time>2026-01-01T04:12:10Z</time><extensions><speed>0.235662</speed><course>54.346283</course><hAcc>1.877394</hAcc><vAcc>0.556943</vAcc></extensions></trkpt>
      <trkpt lon="112.932817" lat="28.182535"><ele>114.087680</ele><time>2026-01-01T04:12:11Z</time><extensions><speed>0.237856</speed><course>49.047208</course><hAcc>1.887289</hAcc><vAcc>0.556943</vAcc></extensions></trkpt>
      <trkpt lon="112.932819" lat="28.182537"><ele>114.061004</ele><time>2026-01-01T04:12:12Z</time><extensions><speed>0.234897</speed><course>45.390141</course><hAcc>1.895512</hAcc><vAcc>0.556943</vAcc></extensions></trkpt>
      <trkpt lon="112.932820" lat="28.182538"><ele>114.037661</ele><time>2026-01-01T04:12:13Z</time><extensions><speed>0.224916</speed><course>44.290185</course><hAcc>1.901134</hAcc><vAcc>0.556942</vAcc></extensions></trkpt>
      <trkpt lon="112.932822" lat="28.182539"><ele>114.017512</ele><time>2026-01-01T04:12:14Z</time><extensions><speed>0.202231</speed><course>48.830981</course><hAcc>1.903695</hAcc><vAcc>0.556940</vAcc></extensions></trkpt>
      <trkpt lon="112.932823" lat="28.182540"><ele>114.000263</ele><time>2026-01-01T04:12:15Z</time><extensions><speed>0.176369</speed><course>56.714154</course><hAcc>1.903915</hAcc><vAcc>0.556938</vAcc></extensions></trkpt>
      <trkpt lon="112.932825" lat="28.182541"><ele>113.985566</ele><time>2026-01-01T04:12:16Z</time><extensions><speed>0.150630</speed><course>52.127448</course><hAcc>1.905981</hAcc><vAcc>0.556936</vAcc></extensions></trkpt>
      <trkpt lon="112.932826" lat="28.182542"><ele>113.973054</ele><time>2026-01-01T04:12:17Z</time><extensions><speed>0.106282</speed><course>73.138522</course><hAcc>1.906422</hAcc><vAcc>0.556932</vAcc></extensions></trkpt>
      <trkpt lon="112.932827" lat="28.182542"><ele>113.962395</ele><time>2026-01-01T04:12:18Z</time><extensions><speed>0.065677</speed><course>62.023574</course><hAcc>1.911090</hAcc><vAcc>0.556929</vAcc></extensions></trkpt>
      <trkpt lon="112.932827" lat="28.182542"><ele>113.953337</ele><time>2026-01-01T04:12:19Z</time><extensions><speed>0.034458</speed><course>43.284771</course><hAcc>1.920412</hAcc><vAcc>0.556924</vAcc></extensions></trkpt>
      <trkpt lon="112.932827" lat="28.182542"><ele>113.945706</ele><time>2026-01-01T04:12:20Z</time><extensions><speed>0.020277</speed><course>0.399933</course><hAcc>1.938006</hAcc><vAcc>0.556917</vAcc></extensions></trkpt>
      <trkpt lon="112.932827" lat="28.182542"><ele>113.939366</ele><time>2026-01-01T04:12:21Z</time><extensions><speed>0.010286</speed><course>261.738222</course><hAcc>1.961691</hAcc><vAcc>0.556908</vAcc></extensions></trkpt>
      <trkpt lon="112.932827" lat="28.182542"><ele>113.934241</ele><time>2026-01-01T04:12:22Z</time><extensions><speed>0.030503</speed><course>208.146667</course><hAcc>1.994493</hAcc><vAcc>0.556907</vAcc></extensions></trkpt>
      <trkpt lon="112.932827" lat="28.182542"><ele>113.930148</ele><time>2026-01-01T04:12:23Z</time><extensions><speed>0.049396</speed><course>197.528317</course><hAcc>2.034570</hAcc><vAcc>0.556917</vAcc></extensions></trkpt>
      <trkpt lon="112.932827" lat="28.182541"><ele>113.927014</ele><time>2026-01-01T04:12:24Z</time><extensions><speed>0.065565</speed><course>193.316461</course><hAcc>2.058797</hAcc><vAcc>0.556923</vAcc></extensions></trkpt>
      <trkpt lon="112.932827" lat="28.182541"><ele>113.924723</ele><time>2026-01-01T04:12:25Z</time><extensions><speed>0.059095</speed><course>193.542780</course><hAcc>2.095890</hAcc><vAcc>0.556928</vAcc></extensions></trkpt>
      <trkpt lon="112.932826" lat="28.182540"><ele>113.923096</ele><time>2026-01-01T04:12:26Z</time><extensions><speed>0.048342</speed><course>192.601783</course><hAcc>2.139259</hAcc><vAcc>0.556932</vAcc></extensions></trkpt>
      <trkpt lon="112.932826" lat="28.182540"><ele>113.921953</ele><time>2026-01-01T04:12:27Z</time><extensions><speed>0.031498</speed><course>188.114415</course><hAcc>2.180188</hAcc><vAcc>0.556935</vAcc></extensions></trkpt>
      <trkpt lon="112.932827" lat="28.182540"><ele>113.920940</ele><time>2026-01-01T04:12:28Z</time><extensions><speed>0.014019</speed><course>158.052440</course><hAcc>2.213421</hAcc><vAcc>0.556937</vAcc></extensions></trkpt>
      <trkpt lon="112.932827" lat="28.182541"><ele>113.919505</ele><time>2026-01-01T04:12:29Z</time><extensions><speed>0.017601</speed><course>69.861965</course><hAcc>2.242274</hAcc><vAcc>0.556938</vAcc></extensions></trkpt>
      <trkpt lon="112.932828" lat="28.182541"><ele>113.917119</ele><time>2026-01-01T04:12:30Z</time><extensions><speed>0.039629</speed><course>49.459746</course><hAcc>2.269888</hAcc><vAcc>0.556940</vAcc></extensions></trkpt>
      <trkpt lon="112.932828" lat="28.182542"><ele>113.913086</ele><time>2026-01-01T04:12:31Z</time><extensions><speed>0.065709</speed><course>47.284206</course><hAcc>2.289415</hAcc><vAcc>0.556941</vAcc></extensions></trkpt>
      <trkpt lon="112.932829" lat="28.182542"><ele>113.906717</ele><time>2026-01-01T04:12:32Z</time><extensions><speed>0.092301</speed><course>48.370411</course><hAcc>2.305754</hAcc><vAcc>0.556941</vAcc></extensions></trkpt>
      <trkpt lon="112.932830" lat="28.182543"><ele>113.897432</ele><time>2026-01-01T04:12:33Z</time><extensions><speed>0.139736</speed><course>51.054131</course><hAcc>2.300718</hAcc><vAcc>0.556942</vAcc></extensions></trkpt>
      <trkpt lon="112.932832" lat="28.182544"><ele>113.884855</ele><time>2026-01-01T04:12:34Z</time><extensions><speed>0.185062</speed><course>55.809254</course><hAcc>2.298362</hAcc><vAcc>0.556942</vAcc></extensions></trkpt>
      <trkpt lon="112.932834" lat="28.182545"><ele>113.868642</ele><time>2026-01-01T04:12:35Z</time><extensions><speed>0.232976</speed><course>64.201402</course><hAcc>2.296156</hAcc><vAcc>0.556943</vAcc></extensions></trkpt>
      <trkpt lon="112.932836" lat="28.182546"><ele>113.848717</ele><time>2026-01-01T04:12:36Z</time><extensions><speed>0.292701</speed><course>79.156544</course><hAcc>2.288123</hAcc><vAcc>0.556943</vAcc></extensions></trkpt>
      <trkpt lon="112.932840" lat="28.182546"><ele>113.825154</ele><time>2026-01-01T04:12:37Z</time><extensions><speed>0.335919</speed><course>80.418067</course><hAcc>2.279562</hAcc><vAcc>0.556943</vAcc></extensions></trkpt>
      <trkpt lon="112.932843" lat="28.182547"><ele>113.798232</ele><time>2026-01-01T04:12:38Z</time><extensions><speed>0.359500</speed><course>82.883143</course><hAcc>2.267238</hAcc><vAcc>0.556943</vAcc></extensions></trkpt>
      <trkpt lon="112.932847" lat="28.182547"><ele>113.768595</ele><time>2026-01-01T04:12:39Z</time><extensions><speed>0.366207</speed><course>87.078995</course><hAcc>2.249063</hAcc><vAcc>0.556943</vAcc></extensions></trkpt>
      <trkpt lon="112.932850" lat="28.182547"><ele>113.737055</ele><time>2026-01-01T04:12:40Z</time><extensions><speed>0.352705</speed><course>93.376040</course><hAcc>2.227721</hAcc><vAcc>0.556943</vAcc></extensions></trkpt>
      <trkpt lon="112.932854" lat="28.182547"><ele>113.704531</ele><time>2026-01-01T04:12:41Z</time><extensions><speed>0.333896</speed><course>103.335480</course><hAcc>2.203854</hAcc><vAcc>0.556943</vAcc></extensions></trkpt>
      <trkpt lon="112.932857" lat="28.182546"><ele>113.672015</ele><time>2026-01-01T04:12:42Z</time><extensions><speed>0.282949</speed><course>109.608806</course><hAcc>2.181564</hAcc><vAcc>0.556943</vAcc></extensions></trkpt>
      <trkpt lon="112.932859" lat="28.182545"><ele>113.640513</ele><time>2026-01-01T04:12:43Z</time><extensions><speed>0.201057</speed><course>109.819193</course><hAcc>2.162129</hAcc><vAcc>0.556943</vAcc></extensions></trkpt>
      <trkpt lon="112.932861" lat="28.182544"><ele>113.610947</ele><time>2026-01-01T04:12:44Z</time><extensions><speed>0.119008</speed><course>105.791829</course><hAcc>2.146777</hAcc><vAcc>0.556943</vAcc></extensions></trkpt>
      <trkpt lon="112.932861" lat="28.182544"><ele>113.584093</ele><time>2026-01-01T04:12:45Z</time><extensions><speed>0.046400</speed><course>94.553434</course><hAcc>2.140263</hAcc><vAcc>0.556943</vAcc></extensions></trkpt>
      <trkpt lon="112.932862" lat="28.182544"><ele>113.560551</ele><time>2026-01-01T04:12:46Z</time><extensions><speed>0.014801</speed><course>163.004660</course><hAcc>2.130662</hAcc><vAcc>0.556943</vAcc></extensions></trkpt>
      <trkpt lon="112.932861" lat="28.182544"><ele>113.540714</ele><time>2026-01-01T04:12:47Z</time><extensions><speed>0.036308</speed><course>221.528880</course><hAcc>2.123300</hAcc><vAcc>0.556943</vAcc></extensions></trkpt>
      <trkpt lon="112.932861" lat="28.182544"><ele>113.524765</ele><time>2026-01-01T04:12:48Z</time><extensions><speed>0.056106</speed><course>227.664222</course><hAcc>2.118894</hAcc><vAcc>0.556943</vAcc></extensions></trkpt>
      <trkpt lon="112.932861" lat="28.182543"><ele>113.512678</ele><time>2026-01-01T04:12:49Z</time><extensions><speed>0.074466</speed><course>222.736428</course><hAcc>2.112645</hAcc><vAcc>0.556943</vAcc></extensions></trkpt>
      <trkpt lon="112.932860" lat="28.182542"><ele>113.504261</ele><time>2026-01-01T04:12:50Z</time><extensions><speed>0.093574</speed><course>216.455474</course><hAcc>2.104674</hAcc><vAcc>0.556943</vAcc></extensions></trkpt>
      <trkpt lon="112.932859" lat="28.182542"><ele>113.499209</ele><time>2026-01-01T04:12:51Z</time><extensions><speed>0.111800</speed><course>210.259887</course><hAcc>2.096671</hAcc><vAcc>0.556943</vAcc></extensions></trkpt>
      <trkpt lon="112.932859" lat="28.182541"><ele>113.497151</ele><time>2026-01-01T04:12:52Z</time><extensions><speed>0.122795</speed><course>202.719136</course><hAcc>2.094070</hAcc><vAcc>0.556943</vAcc></extensions></trkpt>
      <trkpt lon="112.932858" lat="28.182540"><ele>113.497692</ele><time>2026-01-01T04:12:53Z</time><extensions><speed>0.087028</speed><course>207.610980</course><hAcc>2.105679</hAcc><vAcc>0.556943</vAcc></extensions></trkpt>
      <trkpt lon="112.932858" lat="28.182539"><ele>113.500477</ele><time>2026-01-01T04:12:54Z</time><extensions><speed>0.060883</speed><course>210.724421</course><hAcc>2.118101</hAcc><vAcc>0.556943</vAcc></extensions></trkpt>
      <trkpt lon="112.932858" lat="28.182539"><ele>113.505162</ele><time>2026-01-01T04:12:55Z</time><extensions><speed>0.044727</speed><course>212.624635</course><hAcc>2.127370</hAcc><vAcc>0.556942</vAcc></extensions></trkpt>
      <trkpt lon="112.932857" lat="28.182538"><ele>113.511402</ele><time>2026-01-01T04:12:56Z</time><extensions><speed>0.039401</speed><course>215.095102</course><hAcc>2.133215</hAcc><vAcc>0.556942</vAcc></extensions></trkpt>
      <trkpt lon="112.932857" lat="28.182538"><ele>113.518843</ele><time>2026-01-01T04:12:57Z</time><extensions><speed>0.048878</speed><course>217.010710</course><hAcc>2.116453</hAcc><vAcc>0.556942</vAcc></extensions></trkpt>
      <trkpt lon="112.932857" lat="28.182537"><ele>113.527167</ele><time>2026-01-01T04:12:58Z</time><extensions><speed>0.056229</speed><course>218.429216</course><hAcc>2.117286</hAcc><vAcc>0.556943</vAcc></extensions></trkpt>
      <trkpt lon="112.932856" lat="28.182537"><ele>113.536093</ele><time>2026-01-01T04:12:59Z</time><extensions><speed>0.064394</speed><course>219.562490</course><hAcc>2.132888</hAcc><vAcc>0.556943</vAcc></extensions></trkpt>
      <trkpt lon="112.932856" lat="28.182536"><ele>113.545374</ele><time>2026-01-01T04:13:00Z</time><extensions><speed>0.075375</speed><course>220.426756</course><hAcc>2.151455</hAcc><vAcc>0.556943</vAcc></extensions></trkpt>
      <trkpt lon="112.932855" lat="28.182536"><ele>113.554821</ele><time>2026-01-01T04:13:01Z</time><extensions><speed>0.090299</speed><course>221.017591</course><hAcc>2.168366</hAcc><vAcc>0.556943</vAcc></extensions></trkpt>
      <trkpt lon="112.932854" lat="28.182535"><ele>113.564312</ele><time>2026-01-01T04:13:02Z</time><extensions><speed>0.109874</speed><course>221.357538</course><hAcc>2.182342</hAcc><vAcc>0.556943</vAcc></extensions></trkpt>
      <trkpt lon="112.932853" lat="28.182534"><ele>113.573752</ele><time>2026-01-01T04:13:03Z</time><extensions><speed>0.133735</speed><course>221.471393</course><hAcc>2.193304</hAcc><vAcc>0.556943</vAcc></extensions></trkpt>
      <trkpt lon="112.932852" lat="28.182533"><ele>113.583116</ele><time>2026-01-01T04:13:04Z</time><extensions><speed>0.159479</speed><course>221.352605</course><hAcc>2.201240</hAcc><vAcc>0.556943</vAcc></extensions></trkpt>
      <trkpt lon="112.932851" lat="28.182532"><ele>113.592409</ele><time>2026-01-01T04:13:05Z</time><extensions><speed>0.182012</speed><course>220.899479</course><hAcc>2.204803</hAcc><vAcc>0.556943</vAcc></extensions></trkpt>
      <trkpt lon="112.932850" lat="28.182531"><ele>113.601649</ele><time>2026-01-01T04:13:06Z</time><extensions><speed>0.187174</speed><course>219.704440</course><hAcc>2.205216</hAcc><vAcc>0.556943</vAcc></extensions></trkpt>
      <trkpt lon="112.932849" lat="28.182529"><ele>113.610837</ele><time>2026-01-01T04:13:07Z</time><extensions><speed>0.163239</speed><course>220.049130</course><hAcc>2.208802</hAcc><vAcc>0.556943</vAcc></extensions></trkpt>
      <trkpt lon="112.932848" lat="28.182528"><ele>113.620006</ele><time>2026-01-01T04:13:08Z</time><extensions><speed>0.136746</speed><course>219.125225</course><hAcc>2.210180</hAcc><vAcc>0.556943</vAcc></extensions></trkpt>
      <trkpt lon="112.932847" lat="28.182527"><ele>113.629227</ele><time>2026-01-01T04:13:09Z</time><extensions><speed>0.113925</speed><course>217.162886</course><hAcc>2.207477</hAcc><vAcc>0.556943</vAcc></extensions></trkpt>
      <trkpt lon="112.932846" lat="28.182526"><ele>113.638587</ele><time>2026-01-01T04:13:10Z</time><extensions><speed>0.097195</speed><course>214.169460</course><hAcc>2.200253</hAcc><vAcc>0.556943</vAcc></extensions></trkpt>
      <trkpt lon="112.932846" lat="28.182525"><ele>113.648172</ele><time>2026-01-01T04:13:11Z</time><extensions><speed>0.084225</speed><course>210.300300</course><hAcc>2.192327</hAcc><vAcc>0.556943</vAcc></extensions></trkpt>
      <trkpt lon="112.932845" lat="28.182525"><ele>113.658076</ele><time>2026-01-01T04:13:12Z</time><extensions><speed>0.075464</speed><course>205.815081</course><hAcc>2.183528</hAcc><vAcc>0.556943</vAcc></extensions></trkpt>
      <trkpt lon="112.932845" lat="28.182524"><ele>113.668366</ele><time>2026-01-01T04:13:13Z</time><extensions><speed>0.072583</speed><course>201.236857</course><hAcc>2.173305</hAcc><vAcc>0.556943</vAcc></extensions></trkpt>
      <trkpt lon="112.932845" lat="28.182523"><ele>113.679036</ele><time>2026-01-01T04:13:14Z</time><extensions><speed>0.071327</speed><course>197.115755</course><hAcc>2.172594</hAcc><vAcc>0.556943</vAcc></extensions></trkpt>
      <trkpt lon="112.932845" lat="28.182523"><ele>113.690025</ele><time>2026-01-01T04:13:15Z</time><extensions><speed>0.065998</speed><course>193.476412</course><hAcc>2.185506</hAcc><vAcc>0.556943</vAcc></extensions></trkpt>
      <trkpt lon="112.932845" lat="28.182522"><ele>113.701255</ele><time>2026-01-01T04:13:16Z</time><extensions><speed>0.071202</speed><course>190.464440</course><hAcc>2.183461</hAcc><vAcc>0.556943</vAcc></extensions></trkpt>
      <trkpt lon="112.932844" lat="28.182522"><ele>113.712685</ele><time>2026-01-01T04:13:17Z</time><extensions><speed>0.082200</speed><course>189.047258</course><hAcc>2.170109</hAcc><vAcc>0.556943</vAcc></extensions></trkpt>
      <trkpt lon="112.932844" lat="28.182521"><ele>113.724270</ele><time>2026-01-01T04:13:18Z</time><extensions><speed>0.063454</speed><course>189.758776</course><hAcc>2.182578</hAcc><vAcc>0.556943</vAcc></extensions></trkpt>
      <trkpt lon="112.932844" lat="28.182520"><ele>113.735992</ele><time>2026-01-01T04:13:19Z</time><extensions><speed>0.062324</speed><course>191.746442</course><hAcc>2.171060</hAcc><vAcc>0.556943</vAcc></extensions></trkpt>
      <trkpt lon="112.932844" lat="28.182520"><ele>113.747856</ele><time>2026-01-01T04:13:20Z</time><extensions><speed>0.053469</speed><course>195.183480</course><hAcc>2.170524</hAcc><vAcc>0.556943</vAcc></extensions></trkpt>
      <trkpt lon="112.932844" lat="28.182519"><ele>113.759864</ele><time>2026-01-01T04:13:21Z</time><extensions><speed>0.042146</speed><course>200.244362</course><hAcc>2.180921</hAcc><vAcc>0.556943</vAcc></extensions></trkpt>
      <trkpt lon="112.932844" lat="28.182519"><ele>113.771957</ele><time>2026-01-01T04:13:22Z</time><extensions><speed>0.031842</speed><course>209.430480</course><hAcc>2.192062</hAcc><vAcc>0.556943</vAcc></extensions></trkpt>
      <trkpt lon="112.932843" lat="28.182519"><ele>113.784079</ele><time>2026-01-01T04:13:23Z</time><extensions><speed>0.024180</speed><course>225.695656</course><hAcc>2.200141</hAcc><vAcc>0.556943</vAcc></extensions></trkpt>
      <trkpt lon="112.932843" lat="28.182519"><ele>113.796186</ele><time>2026-01-01T04:13:24Z</time><extensions><speed>0.020758</speed><course>249.409261</course><hAcc>2.205398</hAcc><vAcc>0.556943</vAcc></extensions></trkpt>
      <trkpt lon="112.932843" lat="28.182519"><ele>113.808246</ele><time>2026-01-01T04:13:25Z</time><extensions><speed>0.020660</speed><course>274.417343</course><hAcc>2.209205</hAcc><vAcc>0.556943</vAcc></extensions></trkpt>
      <trkpt lon="112.932843" lat="28.182519"><ele>113.820245</ele><time>2026-01-01T04:13:26Z</time><extensions><speed>0.021801</speed><course>290.411158</course><hAcc>2.211667</hAcc><vAcc>0.556943</vAcc></extensions></trkpt>
      <trkpt lon="112.932843" lat="28.182519"><ele>113.832163</ele><time>2026-01-01T04:13:27Z</time><extensions><speed>0.017575</speed><course>294.993873</course><hAcc>2.214973</hAcc><vAcc>0.556943</vAcc></extensions></trkpt>
      <trkpt lon="112.932843" lat="28.182519"><ele>113.843975</ele><time>2026-01-01T04:13:28Z</time><extensions><speed>0.018283</speed><course>326.274209</course><hAcc>2.225515</hAcc><vAcc>0.556943</vAcc></extensions></trkpt>
      <trkpt lon="112.932843" lat="28.182519"><ele>113.855646</ele><time>2026-01-01T04:13:29Z</time><extensions><speed>0.019484</speed><course>355.705811</course><hAcc>2.239882</hAcc><vAcc>0.556943</vAcc></extensions></trkpt>
      <trkpt lon="112.932843" lat="28.182520"><ele>113.867127</ele><time>2026-01-01T04:13:30Z</time><extensions><speed>0.026568</speed><course>18.292654</course><hAcc>2.256219</hAcc><vAcc>0.556943</vAcc></extensions></trkpt>
      <trkpt lon="112.932843" lat="28.182520"><ele>113.878365</ele><time>2026-01-01T04:13:31Z</time><extensions><speed>0.033827</speed><course>28.762854</course><hAcc>2.274065</hAcc><vAcc>0.556943</vAcc></extensions></trkpt>
      <trkpt lon="112.932843" lat="28.182520"><ele>113.889320</ele><time>2026-01-01T04:13:32Z</time><extensions><speed>0.042118</speed><course>29.555237</course><hAcc>2.293555</hAcc><vAcc>0.556943</vAcc></extensions></trkpt>
      <trkpt lon="112.932843" lat="28.182521"><ele>113.899969</ele><time>2026-01-01T04:13:33Z</time><extensions><speed>0.049627</speed><course>29.599411</course><hAcc>2.311851</hAcc><vAcc>0.556943</vAcc></extensions></trkpt>
      <trkpt lon="112.932844" lat="28.182521"><ele>113.910302</ele><time>2026-01-01T04:13:34Z</time><extensions><speed>0.056745</speed><course>29.078740</course><hAcc>2.325753</hAcc><vAcc>0.556943</vAcc></extensions></trkpt>
      <trkpt lon="112.932844" lat="28.182522"><ele>113.920298</ele><time>2026-01-01T04:13:35Z</time><extensions><speed>0.061977</speed><course>27.714649</course><hAcc>2.334040</hAcc><vAcc>0.556943</vAcc></extensions></trkpt>
      <trkpt lon="112.932844" lat="28.182522"><ele>113.929952</ele><time>2026-01-01T04:13:36Z</time><extensions><speed>0.065346</speed><course>25.597795</course><hAcc>2.338235</hAcc><vAcc>0.556943</vAcc></extensions></trkpt>
      <trkpt lon="112.932844" lat="28.182523"><ele>113.939254</ele><time>2026-01-01T04:13:37Z</time><extensions><speed>0.069084</speed><course>23.317265</course><hAcc>2.339656</hAcc><vAcc>0.556943</vAcc></extensions></trkpt>
      <trkpt lon="112.932845" lat="28.182524"><ele>113.948198</ele><time>2026-01-01T04:13:38Z</time><extensions><speed>0.073409</speed><course>21.282810</course><hAcc>2.338990</hAcc><vAcc>0.556943</vAcc></extensions></trkpt>
      <trkpt lon="112.932845" lat="28.182524"><ele>113.956782</ele><time>2026-01-01T04:13:39Z</time><extensions><speed>0.076663</speed><course>19.743332</course><hAcc>2.336526</hAcc><vAcc>0.556943</vAcc></extensions></trkpt>
      <trkpt lon="112.932845" lat="28.182525"><ele>113.965045</ele><time>2026-01-01T04:13:40Z</time><extensions><speed>0.077130</speed><course>20.560905</course><hAcc>2.332328</hAcc><vAcc>0.556943</vAcc></extensions></trkpt>
      <trkpt lon="112.932846" lat="28.182526"><ele>113.973021</ele><time>2026-01-01T04:13:41Z</time><extensions><speed>0.072610</speed><course>21.117819</course><hAcc>2.326655</hAcc><vAcc>0.556943</vAcc></extensions></trkpt>
      <trkpt lon="112.932846" lat="28.182526"><ele>113.980721</ele><time>2026-01-01T04:13:42Z</time><extensions><speed>0.067343</speed><course>21.347002</course><hAcc>2.319931</hAcc><vAcc>0.556943</vAcc></extensions></trkpt>
      <trkpt lon="112.932846" lat="28.182527"><ele>113.988135</ele><time>2026-01-01T04:13:43Z</time><extensions><speed>0.063201</speed><course>20.930140</course><hAcc>2.312879</hAcc><vAcc>0.556943</vAcc></extensions></trkpt>
      <trkpt lon="112.932847" lat="28.182528"><ele>113.995255</ele><time>2026-01-01T04:13:44Z</time><extensions><speed>0.062945</speed><course>21.912906</course><hAcc>2.304755</hAcc><vAcc>0.556943</vAcc></extensions></trkpt>
      <trkpt lon="112.932847" lat="28.182528"><ele>114.002053</ele><time>2026-01-01T04:13:45Z</time><extensions><speed>0.063565</speed><course>23.500080</course><hAcc>2.302213</hAcc><vAcc>0.556943</vAcc></extensions></trkpt>
      <trkpt lon="112.932847" lat="28.182529"><ele>114.008504</ele><time>2026-01-01T04:13:46Z</time><extensions><speed>0.066063</speed><course>24.091030</course><hAcc>2.307056</hAcc><vAcc>0.556943</vAcc></extensions></trkpt>
      <trkpt lon="112.932848" lat="28.182530"><ele>114.014639</ele><time>2026-01-01T04:13:47Z</time><extensions><speed>0.065440</speed><course>25.764442</course><hAcc>2.323056</hAcc><vAcc>0.556943</vAcc></extensions></trkpt>
      <trkpt lon="112.932848" lat="28.182530"><ele>114.020551</ele><time>2026-01-01T04:13:48Z</time><extensions><speed>0.069755</speed><course>28.287582</course><hAcc>2.329980</hAcc><vAcc>0.556943</vAcc></extensions></trkpt>
      <trkpt lon="112.932848" lat="28.182531"><ele>114.026327</ele><time>2026-01-01T04:13:49Z</time><extensions><speed>0.091997</speed><course>32.322705</course><hAcc>2.308270</hAcc><vAcc>0.556943</vAcc></extensions></trkpt>
      <trkpt lon="112.932849" lat="28.182532"><ele>114.032029</ele><time>2026-01-01T04:13:50Z</time><extensions><speed>0.094276</speed><course>41.395099</course><hAcc>2.297712</hAcc><vAcc>0.556943</vAcc></extensions></trkpt>
      <trkpt lon="112.932850" lat="28.182532"><ele>114.037710</ele><time>2026-01-01T04:13:51Z</time><extensions><speed>0.085094</speed><course>59.045990</course><hAcc>2.299040</hAcc><vAcc>0.556943</vAcc></extensions></trkpt>
      <trkpt lon="112.932851" lat="28.182532"><ele>114.043369</ele><time>2026-01-01T04:13:52Z</time><extensions><speed>0.092517</speed><course>97.361116</course><hAcc>2.300138</hAcc><vAcc>0.556943</vAcc></extensions></trkpt>
      <trkpt lon="112.932852" lat="28.182532"><ele>114.048895</ele><time>2026-01-01T04:13:53Z</time><extensions><speed>0.119488</speed><course>116.074208</course><hAcc>2.291994</hAcc><vAcc>0.556943</vAcc></extensions></trkpt>
      <trkpt lon="112.932853" lat="28.182532"><ele>114.054195</ele><time>2026-01-01T04:13:54Z</time><extensions><speed>0.151819</speed><course>127.748170</course><hAcc>2.275064</hAcc><vAcc>0.556943</vAcc></extensions></trkpt>
      <trkpt lon="112.932854" lat="28.182531"><ele>114.059188</ele><time>2026-01-01T04:13:55Z</time><extensions><speed>0.100415</speed><course>112.583534</course><hAcc>2.260495</hAcc><vAcc>0.556943</vAcc></extensions></trkpt>
      <trkpt lon="112.932855" lat="28.182531"><ele>114.063794</ele><time>2026-01-01T04:13:56Z</time><extensions><speed>0.084793</speed><course>111.542993</course><hAcc>2.251276</hAcc><vAcc>0.556943</vAcc></extensions></trkpt>
      <trkpt lon="112.932855" lat="28.182531"><ele>114.067980</ele><time>2026-01-01T04:13:57Z</time><extensions><speed>0.052499</speed><course>81.051774</course><hAcc>2.246883</hAcc><vAcc>0.556943</vAcc></extensions></trkpt>
      <trkpt lon="112.932856" lat="28.182531"><ele>114.071882</ele><time>2026-01-01T04:13:58Z</time><extensions><speed>0.052369</speed><course>77.745933</course><hAcc>2.214517</hAcc><vAcc>0.556943</vAcc></extensions></trkpt>
      <trkpt lon="112.932856" lat="28.182531"><ele>114.075606</ele><time>2026-01-01T04:13:59Z</time><extensions><speed>0.048856</speed><course>71.324926</course><hAcc>2.188171</hAcc><vAcc>0.556943</vAcc></extensions></trkpt>
      <trkpt lon="112.932857" lat="28.182531"><ele>114.079229</ele><time>2026-01-01T04:14:00Z</time><extensions><speed>0.053830</speed><course>101.732536</course><hAcc>2.166257</hAcc><vAcc>0.556943</vAcc></extensions></trkpt>
      <trkpt lon="112.932857" lat="28.182531"><ele>114.082835</ele><time>2026-01-01T04:14:01Z</time><extensions><speed>0.094557</speed><course>132.129574</course><hAcc>2.156299</hAcc><vAcc>0.556943</vAcc></extensions></trkpt>
      <trkpt lon="112.932858" lat="28.182530"><ele>114.086528</ele><time>2026-01-01T04:14:02Z</time><extensions><speed>0.137307</speed><course>139.643970</course><hAcc>2.170403</hAcc><vAcc>0.556943</vAcc></extensions></trkpt>
      <trkpt lon="112.932860" lat="28.182529"><ele>114.090331</ele><time>2026-01-01T04:14:03Z</time><extensions><speed>0.349684</speed><course>147.189665</course><hAcc>2.176291</hAcc><vAcc>0.556943</vAcc></extensions></trkpt>
      <trkpt lon="112.932861" lat="28.182527"><ele>114.094320</ele><time>2026-01-01T04:14:04Z</time><extensions><speed>0.169360</speed><course>144.356019</course><hAcc>2.155570</hAcc><vAcc>0.556943</vAcc></extensions></trkpt>
      <trkpt lon="112.932862" lat="28.182526"><ele>114.098618</ele><time>2026-01-01T04:14:05Z</time><extensions><speed>0.028702</speed><course>92.811347</course><hAcc>2.140385</hAcc><vAcc>0.556943</vAcc></extensions></trkpt>
      <trkpt lon="112.932862" lat="28.182527"><ele>114.103346</ele><time>2026-01-01T04:14:06Z</time><extensions><speed>0.058780</speed><course>356.927969</course><hAcc>2.145731</hAcc><vAcc>0.556943</vAcc></extensions></trkpt>
      <trkpt lon="112.932862" lat="28.182527"><ele>114.108578</ele><time>2026-01-01T04:14:07Z</time><extensions><speed>0.082897</speed><course>348.647196</course><hAcc>2.152934</hAcc><vAcc>0.556943</vAcc></extensions></trkpt>
      <trkpt lon="112.932861" lat="28.182528"><ele>114.114368</ele><time>2026-01-01T04:14:08Z</time><extensions><speed>0.093075</speed><course>345.147879</course><hAcc>2.166154</hAcc><vAcc>0.556943</vAcc></extensions></trkpt>
      <trkpt lon="112.932861" lat="28.182529"><ele>114.120686</ele><time>2026-01-01T04:14:09Z</time><extensions><speed>0.096636</speed><course>342.712040</course><hAcc>2.179168</hAcc><vAcc>0.556943</vAcc></extensions></trkpt>
      <trkpt lon="112.932860" lat="28.182530"><ele>114.127376</ele><time>2026-01-01T04:14:10Z</time><extensions><speed>0.100658</speed><course>341.969252</course><hAcc>2.188250</hAcc><vAcc>0.556943</vAcc></extensions></trkpt>
      <trkpt lon="112.932860" lat="28.182531"><ele>114.134202</ele><time>2026-01-01T04:14:11Z</time><extensions><speed>0.107600</speed><course>342.914151</course><hAcc>2.192271</hAcc><vAcc>0.556943</vAcc></extensions></trkpt>
      <trkpt lon="112.932860" lat="28.182533"><ele>114.140940</ele><time>2026-01-01T04:14:12Z</time><extensions><speed>0.115757</speed><course>344.433949</course><hAcc>2.192342</hAcc><vAcc>0.556943</vAcc></extensions></trkpt>
      <trkpt lon="112.932860" lat="28.182534"><ele>114.147511</ele><time>2026-01-01T04:14:13Z</time><extensions><speed>0.119454</speed><course>345.479931</course><hAcc>2.190768</hAcc><vAcc>0.556943</vAcc></extensions></trkpt>
      <trkpt lon="112.932859" lat="28.182535"><ele>114.153877</ele><time>2026-01-01T04:14:14Z</time><extensions><speed>0.113097</speed><course>346.377189</course><hAcc>2.196794</hAcc><vAcc>0.556943</vAcc></extensions></trkpt>
      <trkpt lon="112.932859" lat="28.182536"><ele>114.159795</ele><time>2026-01-01T04:14:15Z</time><extensions><speed>0.107853</speed><course>352.545676</course><hAcc>2.183212</hAcc><vAcc>0.556943</vAcc></extensions></trkpt>
      <trkpt lon="112.932859" lat="28.182538"><ele>114.164676</ele><time>2026-01-01T04:14:16Z</time><extensions><speed>0.107706</speed><course>4.830882</course><hAcc>2.165966</hAcc><vAcc>0.556943</vAcc></extensions></trkpt>
      <trkpt lon="112.932860" lat="28.182539"><ele>114.167960</ele><time>2026-01-01T04:14:17Z</time><extensions><speed>0.119643</speed><course>22.789648</course><hAcc>2.158527</hAcc><vAcc>0.556943</vAcc></extensions></trkpt>
      <trkpt lon="112.932860" lat="28.182541"><ele>114.168704</ele><time>2026-01-01T04:14:18Z</time><extensions><speed>0.210160</speed><course>15.553777</course><hAcc>2.153716</hAcc><vAcc>0.556943</vAcc></extensions></trkpt>
      <trkpt lon="112.932862" lat="28.182543"><ele>114.165919</ele><time>2026-01-01T04:14:19Z</time><extensions><speed>0.283711</speed><course>24.306232</course><hAcc>2.132768</hAcc><vAcc>0.556943</vAcc></extensions></trkpt>
      <trkpt lon="112.932863" lat="28.182546"><ele>114.158695</ele><time>2026-01-01T04:14:20Z</time><extensions><speed>0.345960</speed><course>36.313074</course><hAcc>2.102994</hAcc><vAcc>0.556943</vAcc></extensions></trkpt>
      <trkpt lon="112.932866" lat="28.182549"><ele>114.146310</ele><time>2026-01-01T04:14:21Z</time><extensions><speed>0.460481</speed><course>38.517529</course><hAcc>2.057906</hAcc><vAcc>0.556943</vAcc></extensions></trkpt>
      <trkpt lon="112.932870" lat="28.182553"><ele>114.128076</ele><time>2026-01-01T04:14:22Z</time><extensions><speed>0.579852</speed><course>45.079032</course><hAcc>2.001673</hAcc><vAcc>0.556943</vAcc></extensions></trkpt>
      <trkpt lon="112.932875" lat="28.182557"><ele>114.103511</ele><time>2026-01-01T04:14:23Z</time><extensions><speed>0.734389</speed><course>55.768019</course><hAcc>1.946071</hAcc><vAcc>0.556943</vAcc></extensions></trkpt>
      <trkpt lon="112.932882" lat="28.182561"><ele>114.072274</ele><time>2026-01-01T04:14:24Z</time><extensions><speed>0.969807</speed><course>55.736985</course><hAcc>1.902468</hAcc><vAcc>0.556943</vAcc></extensions></trkpt>
      <trkpt lon="112.932891" lat="28.182567"><ele>114.034163</ele><time>2026-01-01T04:14:25Z</time><extensions><speed>1.097541</speed><course>52.901081</course><hAcc>1.866950</hAcc><vAcc>0.556943</vAcc></extensions></trkpt>
      <trkpt lon="112.932900" lat="28.182573"><ele>113.989124</ele><time>2026-01-01T04:14:26Z</time><extensions><speed>1.217877</speed><course>51.463668</course><hAcc>1.818866</hAcc><vAcc>0.556943</vAcc></extensions></trkpt>
      <trkpt lon="112.932910" lat="28.182580"><ele>113.937395</ele><time>2026-01-01T04:14:27Z</time><extensions><speed>1.277364</speed><course>53.204483</course><hAcc>1.780125</hAcc><vAcc>0.556943</vAcc></extensions></trkpt>
      <trkpt lon="112.932920" lat="28.182587"><ele>113.879607</ele><time>2026-01-01T04:14:28Z</time><extensions><speed>1.219360</speed><course>55.231019</course><hAcc>1.745332</hAcc><vAcc>0.556943</vAcc></extensions></trkpt>
      <trkpt lon="112.932929" lat="28.182593"><ele>113.816670</ele><time>2026-01-01T04:14:29Z</time><extensions><speed>1.138200</speed><course>57.665320</course><hAcc>1.705605</hAcc><vAcc>0.556943</vAcc></extensions></trkpt>
      <trkpt lon="112.932939" lat="28.182598"><ele>113.749629</ele><time>2026-01-01T04:14:30Z</time><extensions><speed>1.066165</speed><course>58.543163</course><hAcc>1.686804</hAcc><vAcc>0.556943</vAcc></extensions></trkpt>
      <trkpt lon="112.932948" lat="28.182603"><ele>113.679656</ele><time>2026-01-01T04:14:31Z</time><extensions><speed>1.074952</speed><course>62.471090</course><hAcc>1.688403</hAcc><vAcc>0.556943</vAcc></extensions></trkpt>
      <trkpt lon="112.932959" lat="28.182608"><ele>113.607855</ele><time>2026-01-01T04:14:32Z</time><extensions><speed>1.217568</speed><course>65.358080</course><hAcc>1.666946</hAcc><vAcc>0.556943</vAcc></extensions></trkpt>
      <trkpt lon="112.932970" lat="28.182612"><ele>113.535047</ele><time>2026-01-01T04:14:33Z</time><extensions><speed>1.256870</speed><course>68.014135</course><hAcc>1.655499</hAcc><vAcc>0.556943</vAcc></extensions></trkpt>
      <trkpt lon="112.932982" lat="28.182616"><ele>113.461793</ele><time>2026-01-01T04:14:34Z</time><extensions><speed>1.169069</speed><course>70.411469</course><hAcc>1.654050</hAcc><vAcc>0.556943</vAcc></extensions></trkpt>
      <trkpt lon="112.932992" lat="28.182620"><ele>113.388528</ele><time>2026-01-01T04:14:35Z</time><extensions><speed>0.993189</speed><course>70.536795</course><hAcc>1.644194</hAcc><vAcc>0.556943</vAcc></extensions></trkpt>
      <trkpt lon="112.933000" lat="28.182623"><ele>113.315572</ele><time>2026-01-01T04:14:36Z</time><extensions><speed>0.701400</speed><course>62.192259</course><hAcc>1.603777</hAcc><vAcc>0.556943</vAcc></extensions></trkpt>
      <trkpt lon="112.933006" lat="28.182626"><ele>113.243135</ele><time>2026-01-01T04:14:37Z</time><extensions><speed>0.630707</speed><course>48.485795</course><hAcc>1.579032</hAcc><vAcc>0.556943</vAcc></extensions></trkpt>
      <trkpt lon="112.933011" lat="28.182631"><ele>113.171406</ele><time>2026-01-01T04:14:38Z</time><extensions><speed>0.792031</speed><course>39.441409</course><hAcc>1.576916</hAcc><vAcc>0.556943</vAcc></extensions></trkpt>
      <trkpt lon="112.933018" lat="28.182637"><ele>113.100556</ele><time>2026-01-01T04:14:39Z</time><extensions><speed>1.215597</speed><course>44.543571</course><hAcc>1.591201</hAcc><vAcc>0.556943</vAcc></extensions></trkpt>
      <trkpt lon="112.933027" lat="28.182645"><ele>113.030634</ele><time>2026-01-01T04:14:40Z</time><extensions><speed>1.278857</speed><course>46.702873</course><hAcc>1.579308</hAcc><vAcc>0.556943</vAcc></extensions></trkpt>
      <trkpt lon="112.933037" lat="28.182652"><ele>112.961298</ele><time>2026-01-01T04:14:41Z</time><extensions><speed>1.118019</speed><course>53.542241</course><hAcc>1.571299</hAcc><vAcc>0.556943</vAcc></extensions></trkpt>
      <trkpt lon="112.933046" lat="28.182658"><ele>112.892145</ele><time>2026-01-01T04:14:42Z</time><extensions><speed>1.107889</speed><course>59.232406</course><hAcc>1.548002</hAcc><vAcc>0.556943</vAcc></extensions></trkpt>
      <trkpt lon="112.933057" lat="28.182663"><ele>112.822740</ele><time>2026-01-01T04:14:43Z</time><extensions><speed>1.157467</speed><course>62.837259</course><hAcc>1.540076</hAcc><vAcc>0.556943</vAcc></extensions></trkpt>
      <trkpt lon="112.933068" lat="28.182668"><ele>112.752638</ele><time>2026-01-01T04:14:44Z</time><extensions><speed>1.213227</speed><course>66.627891</course><hAcc>1.537503</hAcc><vAcc>0.556943</vAcc></extensions></trkpt>
      <trkpt lon="112.933080" lat="28.182672"><ele>112.681461</ele><time>2026-01-01T04:14:45Z</time><extensions><speed>1.254808</speed><course>70.545273</course><hAcc>1.540302</hAcc><vAcc>0.556943</vAcc></extensions></trkpt>
      <trkpt lon="112.933091" lat="28.182675"><ele>112.609086</ele><time>2026-01-01T04:14:46Z</time><extensions><speed>1.160984</speed><course>75.086486</course><hAcc>1.539531</hAcc><vAcc>0.556943</vAcc></extensions></trkpt>
      <trkpt lon="112.933102" lat="28.182677"><ele>112.535453</ele><time>2026-01-01T04:14:47Z</time><extensions><speed>1.020196</speed><course>78.773716</course><hAcc>1.536302</hAcc><vAcc>0.556943</vAcc></extensions></trkpt>
      <trkpt lon="112.933113" lat="28.182679"><ele>112.460501</ele><time>2026-01-01T04:14:48Z</time><extensions><speed>1.073334</speed><course>80.043484</course><hAcc>1.527514</hAcc><vAcc>0.556943</vAcc></extensions></trkpt>
      <trkpt lon="112.933124" lat="28.182681"><ele>112.384154</ele><time>2026-01-01T04:14:49Z</time><extensions><speed>1.181452</speed><course>77.399670</course><hAcc>1.520324</hAcc><vAcc>0.556943</vAcc></extensions></trkpt>
      <trkpt lon="112.933137" lat="28.182683"><ele>112.306360</ele><time>2026-01-01T04:14:50Z</time><extensions><speed>1.254002</speed><course>74.639147</course><hAcc>1.509250</hAcc><vAcc>0.556943</vAcc></extensions></trkpt>
      <trkpt lon="112.933149" lat="28.182687"><ele>112.227189</ele><time>2026-01-01T04:14:51Z</time><extensions><speed>1.247414</speed><course>73.481149</course><hAcc>1.496924</hAcc><vAcc>0.556943</vAcc></extensions></trkpt>
      <trkpt lon="112.933161" lat="28.182690"><ele>112.146837</ele><time>2026-01-01T04:14:52Z</time><extensions><speed>1.237278</speed><course>74.014276</course><hAcc>1.490902</hAcc><vAcc>0.556943</vAcc></extensions></trkpt>
      <trkpt lon="112.933174" lat="28.182693"><ele>112.065523</ele><time>2026-01-01T04:14:53Z</time><extensions><speed>1.329879</speed><course>77.236266</course><hAcc>1.489384</hAcc><vAcc>0.556943</vAcc></extensions></trkpt>
      <trkpt lon="112.933188" lat="28.182695"><ele>111.983190</ele><time>2026-01-01T04:14:54Z</time><extensions><speed>1.385944</speed><course>78.717957</course><hAcc>1.492617</hAcc><vAcc>0.556943</vAcc></extensions></trkpt>
      <trkpt lon="112.933201" lat="28.182698"><ele>111.899823</ele><time>2026-01-01T04:14:55Z</time><extensions><speed>1.278939</speed><course>82.062227</course><hAcc>1.488678</hAcc><vAcc>0.556943</vAcc></extensions></trkpt>
      <trkpt lon="112.933214" lat="28.182699"><ele>111.815445</ele><time>2026-01-01T04:14:56Z</time><extensions><speed>1.232905</speed><course>87.119526</course><hAcc>1.466047</hAcc><vAcc>0.556943</vAcc></extensions></trkpt>
      <trkpt lon="112.933226" lat="28.182700"><ele>111.730051</ele><time>2026-01-01T04:14:57Z</time><extensions><speed>1.180215</speed><course>86.822588</course><hAcc>1.454419</hAcc><vAcc>0.556943</vAcc></extensions></trkpt>
      <trkpt lon="112.933238" lat="28.182700"><ele>111.643555</ele><time>2026-01-01T04:14:58Z</time><extensions><speed>1.139467</speed><course>83.833226</course><hAcc>1.457305</hAcc><vAcc>0.556943</vAcc></extensions></trkpt>
      <trkpt lon="112.933250" lat="28.182702"><ele>111.555818</ele><time>2026-01-01T04:14:59Z</time><extensions><speed>1.098791</speed><course>81.413946</course><hAcc>1.457274</hAcc><vAcc>0.556943</vAcc></extensions></trkpt>
      <trkpt lon="112.933261" lat="28.182704"><ele>111.466665</ele><time>2026-01-01T04:15:00Z</time><extensions><speed>1.117868</speed><course>78.715226</course><hAcc>1.458796</hAcc><vAcc>0.556943</vAcc></extensions></trkpt>
      <trkpt lon="112.933272" lat="28.182705"><ele>111.376008</ele><time>2026-01-01T04:15:01Z</time><extensions><speed>1.096547</speed><course>78.851437</course><hAcc>1.455448</hAcc><vAcc>0.556942</vAcc></extensions></trkpt>
      <trkpt lon="112.933283" lat="28.182707"><ele>111.283864</ele><time>2026-01-01T04:15:02Z</time><extensions><speed>1.085371</speed><course>78.114743</course><hAcc>1.451391</hAcc><vAcc>0.556942</vAcc></extensions></trkpt>
      <trkpt lon="112.933294" lat="28.182709"><ele>111.190286</ele><time>2026-01-01T04:15:03Z</time><extensions><speed>1.046044</speed><course>77.899594</course><hAcc>1.452675</hAcc><vAcc>0.556943</vAcc></extensions></trkpt>
      <trkpt lon="112.933304" lat="28.182711"><ele>111.095464</ele><time>2026-01-01T04:15:04Z</time><extensions><speed>0.983951</speed><course>76.153347</course><hAcc>1.449263</hAcc><vAcc>0.556943</vAcc></extensions></trkpt>
      <trkpt lon="112.933314" lat="28.182714"><ele>110.999706</ele><time>2026-01-01T04:15:05Z</time><extensions><speed>1.018896</speed><course>76.443958</course><hAcc>1.436884</hAcc><vAcc>0.556943</vAcc></extensions></trkpt>
      <trkpt lon="112.933325" lat="28.182716"><ele>110.903605</ele><time>2026-01-01T04:15:06Z</time><extensions><speed>1.146738</speed><course>77.725851</course><hAcc>1.451706</hAcc><vAcc>0.556943</vAcc></extensions></trkpt>
      <trkpt lon="112.933336" lat="28.182718"><ele>110.808104</ele><time>2026-01-01T04:15:07Z</time><extensions><speed>1.180861</speed><course>76.076581</course><hAcc>1.461283</hAcc><vAcc>0.556943</vAcc></extensions></trkpt>
      <trkpt lon="112.933349" lat="28.182721"><ele>110.714128</ele><time>2026-01-01T04:15:08Z</time><extensions><speed>1.428081</speed><course>74.588359</course><hAcc>1.458602</hAcc><vAcc>0.556943</vAcc></extensions></trkpt>
      <trkpt lon="112.933363" lat="28.182724"><ele>110.622392</ele><time>2026-01-01T04:15:09Z</time><extensions><speed>1.342254</speed><course>75.631686</course><hAcc>1.484276</hAcc><vAcc>0.556943</vAcc></extensions></trkpt>
      <trkpt lon="112.933375" lat="28.182726"><ele>110.533553</ele><time>2026-01-01T04:15:10Z</time><extensions><speed>1.111884</speed><course>82.301255</course><hAcc>1.464808</hAcc><vAcc>0.556943</vAcc></extensions></trkpt>
      <trkpt lon="112.933386" lat="28.182727"><ele>110.447814</ele><time>2026-01-01T04:15:11Z</time><extensions><speed>1.043799</speed><course>86.096411</course><hAcc>1.457664</hAcc><vAcc>0.556943</vAcc></extensions></trkpt>
      <trkpt lon="112.933397" lat="28.182728"><ele>110.364488</ele><time>2026-01-01T04:15:12Z</time><extensions><speed>0.980358</speed><course>86.077618</course><hAcc>1.457783</hAcc><vAcc>0.556943</vAcc></extensions></trkpt>
      <trkpt lon="112.933407" lat="28.182729"><ele>110.282807</ele><time>2026-01-01T04:15:13Z</time><extensions><speed>1.025144</speed><course>81.616837</course><hAcc>1.467350</hAcc><vAcc>0.556943</vAcc></extensions></trkpt>
      <trkpt lon="112.933417" lat="28.182731"><ele>110.202264</ele><time>2026-01-01T04:15:14Z</time><extensions><speed>1.016095</speed><course>75.965097</course><hAcc>1.499696</hAcc><vAcc>0.556943</vAcc></extensions></trkpt>
      <trkpt lon="112.933428" lat="28.182733"><ele>110.122288</ele><time>2026-01-01T04:15:15Z</time><extensions><speed>1.032421</speed><course>77.806468</course><hAcc>1.498862</hAcc><vAcc>0.556943</vAcc></extensions></trkpt>
      <trkpt lon="112.933439" lat="28.182734"><ele>110.042076</ele><time>2026-01-01T04:15:16Z</time><extensions><speed>1.184437</speed><course>88.293350</course><hAcc>1.465495</hAcc><vAcc>0.556943</vAcc></extensions></trkpt>
      <trkpt lon="112.933451" lat="28.182734"><ele>109.960453</ele><time>2026-01-01T04:15:17Z</time><extensions><speed>1.271947</speed><course>93.586504</course><hAcc>1.454763</hAcc><vAcc>0.556943</vAcc></extensions></trkpt>
      <trkpt lon="112.933465" lat="28.182733"><ele>109.876163</ele><time>2026-01-01T04:15:18Z</time><extensions><speed>1.297071</speed><course>97.575321</course><hAcc>1.464409</hAcc><vAcc>0.556943</vAcc></extensions></trkpt>
      <trkpt lon="112.933478" lat="28.182731"><ele>109.787844</ele><time>2026-01-01T04:15:19Z</time><extensions><speed>1.314741</speed><course>98.355725</course><hAcc>1.480551</hAcc><vAcc>0.556943</vAcc></extensions></trkpt>
      <trkpt lon="112.933491" lat="28.182730"><ele>109.694242</ele><time>2026-01-01T04:15:20Z</time><extensions><speed>1.322410</speed><course>96.730574</course><hAcc>1.483036</hAcc><vAcc>0.556943</vAcc></extensions></trkpt>
      <trkpt lon="112.933505" lat="28.182728"><ele>109.594508</ele><time>2026-01-01T04:15:21Z</time><extensions><speed>1.335886</speed><course>95.346190</course><hAcc>1.464392</hAcc><vAcc>0.556943</vAcc></extensions></trkpt>
      <trkpt lon="112.933519" lat="28.182728"><ele>109.488910</ele><time>2026-01-01T04:15:22Z</time><extensions><speed>1.358650</speed><course>93.501771</course><hAcc>1.459568</hAcc><vAcc>0.556943</vAcc></extensions></trkpt>
      <trkpt lon="112.933532" lat="28.182727"><ele>109.378055</ele><time>2026-01-01T04:15:23Z</time><extensions><speed>1.350051</speed><course>90.607897</course><hAcc>1.465782</hAcc><vAcc>0.556943</vAcc></extensions></trkpt>
      <trkpt lon="112.933546" lat="28.182727"><ele>109.262730</ele><time>2026-01-01T04:15:24Z</time><extensions><speed>1.254533</speed><course>87.976372</course><hAcc>1.471578</hAcc><vAcc>0.556943</vAcc></extensions></trkpt>
      <trkpt lon="112.933558" lat="28.182728"><ele>109.143794</ele><time>2026-01-01T04:15:25Z</time><extensions><speed>1.212106</speed><course>87.486982</course><hAcc>1.460011</hAcc><vAcc>0.556943</vAcc></extensions></trkpt>
      <trkpt lon="112.933571" lat="28.182728"><ele>109.022181</ele><time>2026-01-01T04:15:26Z</time><extensions><speed>1.199906</speed><course>91.274036</course><hAcc>1.448886</hAcc><vAcc>0.556943</vAcc></extensions></trkpt>
      <trkpt lon="112.933583" lat="28.182727"><ele>108.898657</ele><time>2026-01-01T04:15:27Z</time><extensions><speed>1.285874</speed><course>92.910907</course><hAcc>1.444503</hAcc><vAcc>0.556943</vAcc></extensions></trkpt>
      <trkpt lon="112.933597" lat="28.182726"><ele>108.774057</ele><time>2026-01-01T04:15:28Z</time><extensions><speed>1.322680</speed><course>94.869079</course><hAcc>1.439300</hAcc><vAcc>0.556943</vAcc></extensions></trkpt>
      <trkpt lon="112.933610" lat="28.182725"><ele>108.649306</ele><time>2026-01-01T04:15:29Z</time><extensions><speed>1.258326</speed><course>95.456576</course><hAcc>1.451420</hAcc><vAcc>0.556943</vAcc></extensions></trkpt>
      <trkpt lon="112.933622" lat="28.182724"><ele>108.525363</ele><time>2026-01-01T04:15:30Z</time><extensions><speed>1.171613</speed><course>95.724011</course><hAcc>1.453666</hAcc><vAcc>0.556943</vAcc></extensions></trkpt>
      <trkpt lon="112.933634" lat="28.182723"><ele>108.403039</ele><time>2026-01-01T04:15:31Z</time><extensions><speed>1.179577</speed><course>95.777750</course><hAcc>1.450340</hAcc><vAcc>0.556943</vAcc></extensions></trkpt>
      <trkpt lon="112.933647" lat="28.182722"><ele>108.282891</ele><time>2026-01-01T04:15:32Z</time><extensions><speed>1.287021</speed><course>95.621425</course><hAcc>1.441326</hAcc><vAcc>0.556943</vAcc></extensions></trkpt>
      <trkpt lon="112.933660" lat="28.182721"><ele>108.165180</ele><time>2026-01-01T04:15:33Z</time><extensions><speed>1.341470</speed><course>94.380647</course><hAcc>1.435706</hAcc><vAcc>0.556943</vAcc></extensions></trkpt>
      <trkpt lon="112.933674" lat="28.182720"><ele>108.049875</ele><time>2026-01-01T04:15:34Z</time><extensions><speed>1.315184</speed><course>94.675067</course><hAcc>1.442386</hAcc><vAcc>0.556943</vAcc></extensions></trkpt>
      <trkpt lon="112.933687" lat="28.182719"><ele>107.936709</ele><time>2026-01-01T04:15:35Z</time><extensions><speed>1.266482</speed><course>94.610842</course><hAcc>1.452148</hAcc><vAcc>0.556943</vAcc></extensions></trkpt>
      <trkpt lon="112.933700" lat="28.182718"><ele>107.825358</ele><time>2026-01-01T04:15:36Z</time><extensions><speed>1.269008</speed><course>96.552730</course><hAcc>1.444256</hAcc><vAcc>0.556943</vAcc></extensions></trkpt>
      <trkpt lon="112.933712" lat="28.182717"><ele>107.715653</ele><time>2026-01-01T04:15:37Z</time><extensions><speed>1.275191</speed><course>97.820444</course><hAcc>1.437758</hAcc><vAcc>0.556943</vAcc></extensions></trkpt>
      <trkpt lon="112.933726" lat="28.182715"><ele>107.607485</ele><time>2026-01-01T04:15:38Z</time><extensions><speed>1.333561</speed><course>98.446687</course><hAcc>1.432962</hAcc><vAcc>0.556943</vAcc></extensions></trkpt>
      <trkpt lon="112.933739" lat="28.182713"><ele>107.500713</ele><time>2026-01-01T04:15:39Z</time><extensions><speed>1.332731</speed><course>98.091890</course><hAcc>1.426711</hAcc><vAcc>0.556943</vAcc></extensions></trkpt>
      <trkpt lon="112.933753" lat="28.182711"><ele>107.395030</ele><time>2026-01-01T04:15:40Z</time><extensions><speed>1.331447</speed><course>99.379713</course><hAcc>1.412868</hAcc><vAcc>0.556943</vAcc></extensions></trkpt>
      <trkpt lon="112.933766" lat="28.182709"><ele>107.290130</ele><time>2026-01-01T04:15:41Z</time><extensions><speed>1.367479</speed><course>98.085581</course><hAcc>1.407869</hAcc><vAcc>0.556943</vAcc></extensions></trkpt>
      <trkpt lon="112.933780" lat="28.182708"><ele>107.185618</ele><time>2026-01-01T04:15:42Z</time><extensions><speed>1.394409</speed><course>95.189653</course><hAcc>1.430727</hAcc><vAcc>0.556943</vAcc></extensions></trkpt>
      <trkpt lon="112.933795" lat="28.182707"><ele>107.081072</ele><time>2026-01-01T04:15:43Z</time><extensions><speed>1.350136</speed><course>93.022159</course><hAcc>1.446636</hAcc><vAcc>0.556943</vAcc></extensions></trkpt>
      <trkpt lon="112.933807" lat="28.182706"><ele>106.976058</ele><time>2026-01-01T04:15:44Z</time><extensions><speed>1.160304</speed><course>90.777364</course><hAcc>1.421331</hAcc><vAcc>0.556943</vAcc></extensions></trkpt>
      <trkpt lon="112.933819" lat="28.182706"><ele>106.869814</ele><time>2026-01-01T04:15:45Z</time><extensions><speed>1.048084</speed><course>92.615012</course><hAcc>1.409148</hAcc><vAcc>0.556943</vAcc></extensions></trkpt>
      <trkpt lon="112.933830" lat="28.182705"><ele>106.761635</ele><time>2026-01-01T04:15:46Z</time><extensions><speed>1.096627</speed><course>94.532246</course><hAcc>1.434588</hAcc><vAcc>0.556943</vAcc></extensions></trkpt>
      <trkpt lon="112.933842" lat="28.182704"><ele>106.650763</ele><time>2026-01-01T04:15:47Z</time><extensions><speed>1.278446</speed><course>95.891588</course><hAcc>1.440039</hAcc><vAcc>0.556943</vAcc></extensions></trkpt>
      <trkpt lon="112.933855" lat="28.182703"><ele>106.536386</ele><time>2026-01-01T04:15:48Z</time><extensions><speed>1.386241</speed><course>95.148526</course><hAcc>1.441262</hAcc><vAcc>0.556943</vAcc></extensions></trkpt>
      <trkpt lon="112.933870" lat="28.182702"><ele>106.417720</ele><time>2026-01-01T04:15:49Z</time><extensions><speed>1.429472</speed><course>96.422971</course><hAcc>1.444770</hAcc><vAcc>0.556943</vAcc></extensions></trkpt>
      <trkpt lon="112.933884" lat="28.182700"><ele>106.293704</ele><time>2026-01-01T04:15:50Z</time><extensions><speed>1.425559</speed><course>98.114118</course><hAcc>1.459591</hAcc><vAcc>0.556943</vAcc></extensions></trkpt>
      <trkpt lon="112.933898" lat="28.182698"><ele>106.163405</ele><time>2026-01-01T04:15:51Z</time><extensions><speed>1.453709</speed><course>101.922214</course><hAcc>1.448411</hAcc><vAcc>0.556943</vAcc></extensions></trkpt>
      <trkpt lon="112.933912" lat="28.182695"><ele>106.026140</ele><time>2026-01-01T04:15:52Z</time><extensions><speed>1.416375</speed><course>106.676453</course><hAcc>1.439594</hAcc><vAcc>0.556943</vAcc></extensions></trkpt>
      <trkpt lon="112.933926" lat="28.182691"><ele>105.881553</ele><time>2026-01-01T04:15:53Z</time><extensions><speed>1.358890</speed><course>109.802874</course><hAcc>1.447022</hAcc><vAcc>0.556943</vAcc></extensions></trkpt>
      <trkpt lon="112.933939" lat="28.182687"><ele>105.729451</ele><time>2026-01-01T04:15:54Z</time><extensions><speed>1.274177</speed><course>109.682268</course><hAcc>1.457008</hAcc><vAcc>0.556943</vAcc></extensions></trkpt>
      <trkpt lon="112.933950" lat="28.182684"><ele>105.569698</ele><time>2026-01-01T04:15:55Z</time><extensions><speed>1.158234</speed><course>104.804961</course><hAcc>1.466349</hAcc><vAcc>0.556943</vAcc></extensions></trkpt>
      <trkpt lon="112.933962" lat="28.182682"><ele>105.402346</ele><time>2026-01-01T04:15:56Z</time><extensions><speed>1.100531</speed><course>98.907065</course><hAcc>1.464985</hAcc><vAcc>0.556943</vAcc></extensions></trkpt>
      <trkpt lon="112.933973" lat="28.182681"><ele>105.227629</ele><time>2026-01-01T04:15:57Z</time><extensions><speed>1.206875</speed><course>94.653490</course><hAcc>1.447371</hAcc><vAcc>0.556943</vAcc></extensions></trkpt>
      <trkpt lon="112.933986" lat="28.182681"><ele>105.045878</ele><time>2026-01-01T04:15:58Z</time><extensions><speed>1.340875</speed><course>88.819010</course><hAcc>1.439519</hAcc><vAcc>0.556943</vAcc></extensions></trkpt>
      <trkpt lon="112.933999" lat="28.182681"><ele>104.857562</ele><time>2026-01-01T04:15:59Z</time><extensions><speed>1.324006</speed><course>87.324474</course><hAcc>1.445108</hAcc><vAcc>0.556943</vAcc></extensions></trkpt>
      <trkpt lon="112.934012" lat="28.182682"><ele>104.663355</ele><time>2026-01-01T04:16:00Z</time><extensions><speed>1.188816</speed><course>86.173421</course><hAcc>1.409538</hAcc><vAcc>0.556943</vAcc></extensions></trkpt>
      <trkpt lon="112.934024" lat="28.182683"><ele>104.464047</ele><time>2026-01-01T04:16:01Z</time><extensions><speed>1.278647</speed><course>86.889651</course><hAcc>1.383632</hAcc><vAcc>0.556943</vAcc></extensions></trkpt>
      <trkpt lon="112.934037" lat="28.182683"><ele>104.260463</ele><time>2026-01-01T04:16:02Z</time><extensions><speed>1.403760</speed><course>88.938737</course><hAcc>1.388574</hAcc><vAcc>0.556943</vAcc></extensions></trkpt>
      <trkpt lon="112.934052" lat="28.182683"><ele>104.053544</ele><time>2026-01-01T04:16:03Z</time><extensions><speed>1.421044</speed><course>92.099752</course><hAcc>1.393450</hAcc><vAcc>0.556943</vAcc></extensions></trkpt>
      <trkpt lon="112.934066" lat="28.182683"><ele>103.844137</ele><time>2026-01-01T04:16:04Z</time><extensions><speed>1.381814</speed><course>92.806721</course><hAcc>1.369140</hAcc><vAcc>0.556943</vAcc></extensions></trkpt>
      <trkpt lon="112.934080" lat="28.182682"><ele>103.633087</ele><time>2026-01-01T04:16:05Z</time><extensions><speed>1.287894</speed><course>92.314638</course><hAcc>1.345740</hAcc><vAcc>0.556943</vAcc></extensions></trkpt>
      <trkpt lon="112.934093" lat="28.182682"><ele>103.421263</ele><time>2026-01-01T04:16:06Z</time><extensions><speed>1.366364</speed><course>92.497767</course><hAcc>1.365897</hAcc><vAcc>0.556943</vAcc></extensions></trkpt>
      <trkpt lon="112.934107" lat="28.182681"><ele>103.209495</ele><time>2026-01-01T04:16:07Z</time><extensions><speed>1.336949</speed><course>93.351080</course><hAcc>1.379748</hAcc><vAcc>0.556943</vAcc></extensions></trkpt>
      <trkpt lon="112.934121" lat="28.182680"><ele>102.997950</ele><time>2026-01-01T04:16:08Z</time><extensions><speed>1.283342</speed><course>98.319161</course><hAcc>1.377762</hAcc><vAcc>0.556943</vAcc></extensions></trkpt>
      <trkpt lon="112.934131" lat="28.182678"><ele>102.786686</ele><time>2026-01-01T04:16:09Z</time><extensions><speed>0.828137</speed><course>98.250876</course><hAcc>1.368318</hAcc><vAcc>0.556943</vAcc></extensions></trkpt>
      <trkpt lon="112.934140" lat="28.182678"><ele>102.575867</ele><time>2026-01-01T04:16:10Z</time><extensions><speed>0.751349</speed><course>96.203342</course><hAcc>1.373563</hAcc><vAcc>0.556943</vAcc></extensions></trkpt>
      <trkpt lon="112.934148" lat="28.182677"><ele>102.365908</ele><time>2026-01-01T04:16:11Z</time><extensions><speed>0.904019</speed><course>98.783154</course><hAcc>1.416320</hAcc><vAcc>0.556943</vAcc></extensions></trkpt>
      <trkpt lon="112.934158" lat="28.182675"><ele>102.157061</ele><time>2026-01-01T04:16:12Z</time><extensions><speed>1.101968</speed><course>101.745486</course><hAcc>1.436405</hAcc><vAcc>0.556943</vAcc></extensions></trkpt>
      <trkpt lon="112.934170" lat="28.182672"><ele>101.949844</ele><time>2026-01-01T04:16:13Z</time><extensions><speed>1.297383</speed><course>103.328676</course><hAcc>1.443773</hAcc><vAcc>0.556943</vAcc></extensions></trkpt>
      <trkpt lon="112.934184" lat="28.182669"><ele>101.744740</ele><time>2026-01-01T04:16:14Z</time><extensions><speed>1.487381</speed><course>104.188122</course><hAcc>1.447436</hAcc><vAcc>0.556943</vAcc></extensions></trkpt>
      <trkpt lon="112.934199" lat="28.182666"><ele>101.542021</ele><time>2026-01-01T04:16:15Z</time><extensions><speed>1.572395</speed><course>106.537214</course><hAcc>1.452154</hAcc><vAcc>0.556943</vAcc></extensions></trkpt>
      <trkpt lon="112.934215" lat="28.182661"><ele>101.341523</ele><time>2026-01-01T04:16:16Z</time><extensions><speed>1.632217</speed><course>109.419128</course><hAcc>1.458407</hAcc><vAcc>0.556943</vAcc></extensions></trkpt>
      <trkpt lon="112.934231" lat="28.182655"><ele>101.143142</ele><time>2026-01-01T04:16:17Z</time><extensions><speed>1.681766</speed><course>112.866504</course><hAcc>1.471674</hAcc><vAcc>0.556943</vAcc></extensions></trkpt>
      <trkpt lon="112.934247" lat="28.182649"><ele>100.947179</ele><time>2026-01-01T04:16:18Z</time><extensions><speed>1.596441</speed><course>115.099129</course><hAcc>1.494347</hAcc><vAcc>0.556943</vAcc></extensions></trkpt>
      <trkpt lon="112.934261" lat="28.182643"><ele>100.754183</ele><time>2026-01-01T04:16:19Z</time><extensions><speed>1.416556</speed><course>115.715885</course><hAcc>1.492937</hAcc><vAcc>0.556943</vAcc></extensions></trkpt>
      <trkpt lon="112.934274" lat="28.182638"><ele>100.564728</ele><time>2026-01-01T04:16:20Z</time><extensions><speed>1.308340</speed><course>116.086484</course><hAcc>1.498307</hAcc><vAcc>0.556943</vAcc></extensions></trkpt>
      <trkpt lon="112.934285" lat="28.182632"><ele>100.379250</ele><time>2026-01-01T04:16:21Z</time><extensions><speed>1.249382</speed><course>119.804342</course><hAcc>1.511343</hAcc><vAcc>0.556943</vAcc></extensions></trkpt>
      <trkpt lon="112.934296" lat="28.182626"><ele>100.198018</ele><time>2026-01-01T04:16:22Z</time><extensions><speed>1.165478</speed><course>124.522594</course><hAcc>1.527547</hAcc><vAcc>0.556943</vAcc></extensions></trkpt>
      <trkpt lon="112.934306" lat="28.182620"><ele>100.020676</ele><time>2026-01-01T04:16:23Z</time><extensions><speed>1.214796</speed><course>124.912524</course><hAcc>1.522890</hAcc><vAcc>0.556943</vAcc></extensions></trkpt>
      <trkpt lon="112.934316" lat="28.182614"><ele>99.846391</ele><time>2026-01-01T04:16:24Z</time><extensions><speed>1.180740</speed><course>124.228512</course><hAcc>1.544535</hAcc><vAcc>0.556943</vAcc></extensions></trkpt>
      <trkpt lon="112.934326" lat="28.182608"><ele>99.674233</ele><time>2026-01-01T04:16:25Z</time><extensions><speed>1.065803</speed><course>124.754307</course><hAcc>1.572669</hAcc><vAcc>0.556943</vAcc></extensions></trkpt>
      <trkpt lon="112.934335" lat="28.182602"><ele>99.503249</ele><time>2026-01-01T04:16:26Z</time><extensions><speed>1.031163</speed><course>132.219482</course><hAcc>1.593522</hAcc><vAcc>0.556943</vAcc></extensions></trkpt>
      <trkpt lon="112.934343" lat="28.182595"><ele>99.332506</ele><time>2026-01-01T04:16:27Z</time><extensions><speed>1.152467</speed><course>134.694293</course><hAcc>1.580421</hAcc><vAcc>0.556943</vAcc></extensions></trkpt>
      <trkpt lon="112.934352" lat="28.182587"><ele>99.161411</ele><time>2026-01-01T04:16:28Z</time><extensions><speed>1.350801</speed><course>131.280221</course><hAcc>1.554554</hAcc><vAcc>0.556943</vAcc></extensions></trkpt>
      <trkpt lon="112.934363" lat="28.182579"><ele>98.989688</ele><time>2026-01-01T04:16:29Z</time><extensions><speed>1.399343</speed><course>128.407264</course><hAcc>1.557445</hAcc><vAcc>0.556943</vAcc></extensions></trkpt>
      <trkpt lon="112.934375" lat="28.182572"><ele>98.817032</ele><time>2026-01-01T04:16:30Z</time><extensions><speed>1.381180</speed><course>126.503893</course><hAcc>1.579931</hAcc><vAcc>0.556943</vAcc></extensions></trkpt>
      <trkpt lon="112.934386" lat="28.182565"><ele>98.643142</ele><time>2026-01-01T04:16:31Z</time><extensions><speed>1.327119</speed><course>125.394682</course><hAcc>1.582670</hAcc><vAcc>0.556943</vAcc></extensions></trkpt>
      <trkpt lon="112.934397" lat="28.182558"><ele>98.467863</ele><time>2026-01-01T04:16:32Z</time><extensions><speed>1.191603</speed><course>125.342200</course><hAcc>1.577892</hAcc><vAcc>0.556943</vAcc></extensions></trkpt>
      <trkpt lon="112.934406" lat="28.182552"><ele>98.291100</ele><time>2026-01-01T04:16:33Z</time><extensions><speed>0.950059</speed><course>123.995675</course><hAcc>1.588277</hAcc><vAcc>0.556943</vAcc></extensions></trkpt>
      <trkpt lon="112.934414" lat="28.182547"><ele>98.112710</ele><time>2026-01-01T04:16:34Z</time><extensions><speed>0.954557</speed><course>122.422671</course><hAcc>1.588431</hAcc><vAcc>0.556943</vAcc></extensions></trkpt>
      <trkpt lon="112.934423" lat="28.182542"><ele>97.932807</ele><time>2026-01-01T04:16:35Z</time><extensions><speed>1.145692</speed><course>121.455036</course><hAcc>1.568310</hAcc><vAcc>0.556943</vAcc></extensions></trkpt>
      <trkpt lon="112.934433" lat="28.182537"><ele>97.751861</ele><time>2026-01-01T04:16:36Z</time><extensions><speed>1.133629</speed><course>123.089423</course><hAcc>1.555578</hAcc><vAcc>0.556943</vAcc></extensions></trkpt>
      <trkpt lon="112.934443" lat="28.182531"><ele>97.570404</ele><time>2026-01-01T04:16:37Z</time><extensions><speed>1.052252</speed><course>123.247876</course><hAcc>1.545299</hAcc><vAcc>0.556943</vAcc></extensions></trkpt>
      <trkpt lon="112.934452" lat="28.182527"><ele>97.388936</ele><time>2026-01-01T04:16:38Z</time><extensions><speed>0.971183</speed><course>121.335615</course><hAcc>1.562261</hAcc><vAcc>0.556943</vAcc></extensions></trkpt>
      <trkpt lon="112.934461" lat="28.182521"><ele>97.208001</ele><time>2026-01-01T04:16:39Z</time><extensions><speed>1.183446</speed><course>121.193556</course><hAcc>1.552922</hAcc><vAcc>0.556943</vAcc></extensions></trkpt>
      <trkpt lon="112.934471" lat="28.182516"><ele>97.027928</ele><time>2026-01-01T04:16:40Z</time><extensions><speed>1.219847</speed><course>124.102736</course><hAcc>1.543035</hAcc><vAcc>0.556943</vAcc></extensions></trkpt>
      <trkpt lon="112.934481" lat="28.182509"><ele>96.848746</ele><time>2026-01-01T04:16:41Z</time><extensions><speed>1.081018</speed><course>128.848705</course><hAcc>1.551314</hAcc><vAcc>0.556943</vAcc></extensions></trkpt>
      <trkpt lon="112.934490" lat="28.182503"><ele>96.670368</ele><time>2026-01-01T04:16:42Z</time><extensions><speed>1.117170</speed><course>129.073558</course><hAcc>1.529179</hAcc><vAcc>0.556943</vAcc></extensions></trkpt>
      <trkpt lon="112.934499" lat="28.182497"><ele>96.492765</ele><time>2026-01-01T04:16:43Z</time><extensions><speed>1.149678</speed><course>126.613784</course><hAcc>1.521431</hAcc><vAcc>0.556943</vAcc></extensions></trkpt>
      <trkpt lon="112.934509" lat="28.182490"><ele>96.316172</ele><time>2026-01-01T04:16:44Z</time><extensions><speed>1.220566</speed><course>125.844985</course><hAcc>1.524847</hAcc><vAcc>0.556943</vAcc></extensions></trkpt>
      <trkpt lon="112.934519" lat="28.182484"><ele>96.140890</ele><time>2026-01-01T04:16:45Z</time><extensions><speed>1.212401</speed><course>125.475226</course><hAcc>1.527828</hAcc><vAcc>0.556943</vAcc></extensions></trkpt>
      <trkpt lon="112.934529" lat="28.182477"><ele>95.967364</ele><time>2026-01-01T04:16:46Z</time><extensions><speed>1.226567</speed><course>126.319312</course><hAcc>1.524360</hAcc><vAcc>0.556943</vAcc></extensions></trkpt>
      <trkpt lon="112.934539" lat="28.182470"><ele>95.796072</ele><time>2026-01-01T04:16:47Z</time><extensions><speed>1.237647</speed><course>128.370311</course><hAcc>1.522335</hAcc><vAcc>0.556943</vAcc></extensions></trkpt>
      <trkpt lon="112.934549" lat="28.182463"><ele>95.627018</ele><time>2026-01-01T04:16:48Z</time><extensions><speed>1.201973</speed><course>128.641149</course><hAcc>1.519789</hAcc><vAcc>0.556943</vAcc></extensions></trkpt>
      <trkpt lon="112.934558" lat="28.182457"><ele>95.447106</ele><time>2026-01-01T04:16:49Z</time><extensions><speed>1.097750</speed><course>129.072505</course><hAcc>1.510594</hAcc><vAcc>0.556943</vAcc></extensions></trkpt>
      <trkpt lon="112.934566" lat="28.182451"><ele>95.243905</ele><time>2026-01-01T04:16:50Z</time><extensions><speed>0.967309</speed><course>130.759062</course><hAcc>1.495072</hAcc><vAcc>0.556943</vAcc></extensions></trkpt>
      <trkpt lon="112.934574" lat="28.182445"><ele>95.004796</ele><time>2026-01-01T04:16:51Z</time><extensions><speed>1.084671</speed><course>130.376933</course><hAcc>1.494686</hAcc><vAcc>0.556943</vAcc></extensions></trkpt>
      <trkpt lon="112.934584" lat="28.182438"><ele>94.716983</ele><time>2026-01-01T04:16:52Z</time><extensions><speed>1.284528</speed><course>126.431119</course><hAcc>1.496707</hAcc><vAcc>0.556943</vAcc></extensions></trkpt>
      <trkpt lon="112.934594" lat="28.182431"><ele>94.367576</ele><time>2026-01-01T04:16:53Z</time><extensions><speed>1.208305</speed><course>125.867307</course><hAcc>1.493435</hAcc><vAcc>0.556943</vAcc></extensions></trkpt>
      <trkpt lon="112.934604" lat="28.182425"><ele>93.955585</ele><time>2026-01-01T04:16:54Z</time><extensions><speed>1.221133</speed><course>128.295786</course><hAcc>1.477820</hAcc><vAcc>0.556943</vAcc></extensions></trkpt>
      <trkpt lon="112.934613" lat="28.182417"><ele>93.481195</ele><time>2026-01-01T04:16:55Z</time><extensions><speed>1.231663</speed><course>134.422018</course><hAcc>1.473971</hAcc><vAcc>0.556943</vAcc></extensions></trkpt>
      <trkpt lon="112.934622" lat="28.182409"><ele>92.945609</ele><time>2026-01-01T04:16:56Z</time><extensions><speed>1.255602</speed><course>137.302300</course><hAcc>1.475195</hAcc><vAcc>0.556943</vAcc></extensions></trkpt>
      <trkpt lon="112.934631" lat="28.182401"><ele>92.351968</ele><time>2026-01-01T04:16:57Z</time><extensions><speed>1.246507</speed><course>137.704424</course><hAcc>1.474999</hAcc><vAcc>0.556943</vAcc></extensions></trkpt>
      <trkpt lon="112.934639" lat="28.182393"><ele>91.706391</ele><time>2026-01-01T04:16:58Z</time><extensions><speed>1.186972</speed><course>138.451550</course><hAcc>1.473314</hAcc><vAcc>0.556943</vAcc></extensions></trkpt>
      <trkpt lon="112.934647" lat="28.182385"><ele>91.019166</ele><time>2026-01-01T04:16:59Z</time><extensions><speed>1.150402</speed><course>137.712464</course><hAcc>1.466972</hAcc><vAcc>0.556943</vAcc></extensions></trkpt>
      <trkpt lon="112.934655" lat="28.182377"><ele>90.305133</ele><time>2026-01-01T04:17:00Z</time><extensions><speed>1.174343</speed><course>134.976589</course><hAcc>1.460251</hAcc><vAcc>0.556943</vAcc></extensions></trkpt>
      <trkpt lon="112.934664" lat="28.182370"><ele>89.582308</ele><time>2026-01-01T04:17:01Z</time><extensions><speed>1.232202</speed><course>130.580088</course><hAcc>1.442402</hAcc><vAcc>0.556943</vAcc></extensions></trkpt>
      <trkpt lon="112.934674" lat="28.182363"><ele>88.869664</ele><time>2026-01-01T04:17:02Z</time><extensions><speed>1.321947</speed><course>127.557671</course><hAcc>1.425299</hAcc><vAcc>0.556943</vAcc></extensions></trkpt>
      <trkpt lon="112.934686" lat="28.182356"><ele>88.184942</ele><time>2026-01-01T04:17:03Z</time><extensions><speed>1.400941</speed><course>125.350569</course><hAcc>1.401376</hAcc><vAcc>0.556943</vAcc></extensions></trkpt>
      <trkpt lon="112.934697" lat="28.182349"><ele>87.542428</ele><time>2026-01-01T04:17:04Z</time><extensions><speed>1.484026</speed><course>126.572584</course><hAcc>1.392284</hAcc><vAcc>0.556943</vAcc></extensions></trkpt>
      <trkpt lon="112.934709" lat="28.182341"><ele>86.951481</ele><time>2026-01-01T04:17:05Z</time><extensions><speed>1.515021</speed><course>127.113395</course><hAcc>1.373132</hAcc><vAcc>0.556943</vAcc></extensions></trkpt>
      <trkpt lon="112.934722" lat="28.182333"><ele>86.416706</ele><time>2026-01-01T04:17:06Z</time><extensions><speed>1.556369</speed><course>125.155964</course><hAcc>1.366496</hAcc><vAcc>0.556943</vAcc></extensions></trkpt>
      <trkpt lon="112.934734" lat="28.182326"><ele>85.939034</ele><time>2026-01-01T04:17:07Z</time><extensions><speed>1.523572</speed><course>124.930768</course><hAcc>1.347087</hAcc><vAcc>0.556942</vAcc></extensions></trkpt>
      <trkpt lon="112.934747" lat="28.182318"><ele>85.516720</ele><time>2026-01-01T04:17:08Z</time><extensions><speed>1.486669</speed><course>126.842573</course><hAcc>1.337773</hAcc><vAcc>0.556942</vAcc></extensions></trkpt>
      <trkpt lon="112.934758" lat="28.182310"><ele>85.145961</ele><time>2026-01-01T04:17:09Z</time><extensions><speed>1.405099</speed><course>134.771406</course><hAcc>1.341225</hAcc><vAcc>0.556942</vAcc></extensions></trkpt>
      <trkpt lon="112.934768" lat="28.182301"><ele>84.821659</ele><time>2026-01-01T04:17:10Z</time><extensions><speed>1.420753</speed><course>136.343823</course><hAcc>1.331267</hAcc><vAcc>0.556942</vAcc></extensions></trkpt>
      <trkpt lon="112.934778" lat="28.182292"><ele>84.538069</ele><time>2026-01-01T04:17:11Z</time><extensions><speed>1.378565</speed><course>130.356275</course><hAcc>1.317266</hAcc><vAcc>0.556942</vAcc></extensions></trkpt>
      <trkpt lon="112.934788" lat="28.182285"><ele>84.289210</ele><time>2026-01-01T04:17:12Z</time><extensions><speed>1.372155</speed><course>128.577349</course><hAcc>1.327467</hAcc><vAcc>0.556942</vAcc></extensions></trkpt>
      <trkpt lon="112.934799" lat="28.182277"><ele>84.069173</ele><time>2026-01-01T04:17:13Z</time><extensions><speed>1.369454</speed><course>130.894064</course><hAcc>1.349355</hAcc><vAcc>0.556942</vAcc></extensions></trkpt>
      <trkpt lon="112.934809" lat="28.182269"><ele>83.872343</ele><time>2026-01-01T04:17:14Z</time><extensions><speed>1.342938</speed><course>132.303472</course><hAcc>1.341588</hAcc><vAcc>0.556941</vAcc></extensions></trkpt>
      <trkpt lon="112.934819" lat="28.182261"><ele>83.693534</ele><time>2026-01-01T04:17:15Z</time><extensions><speed>1.398907</speed><course>131.525803</course><hAcc>1.360070</hAcc><vAcc>0.556941</vAcc></extensions></trkpt>
      <trkpt lon="112.934830" lat="28.182253"><ele>83.528102</ele><time>2026-01-01T04:17:16Z</time><extensions><speed>1.398458</speed><course>124.882095</course><hAcc>1.374866</hAcc><vAcc>0.556942</vAcc></extensions></trkpt>
      <trkpt lon="112.934841" lat="28.182247"><ele>83.371992</ele><time>2026-01-01T04:17:17Z</time><extensions><speed>1.356572</speed><course>120.703730</course><hAcc>1.358638</hAcc><vAcc>0.556942</vAcc></extensions></trkpt>
      <trkpt lon="112.934853" lat="28.182240"><ele>83.221774</ele><time>2026-01-01T04:17:18Z</time><extensions><speed>1.402205</speed><course>121.605961</course><hAcc>1.376117</hAcc><vAcc>0.556943</vAcc></extensions></trkpt>
      <trkpt lon="112.934865" lat="28.182233"><ele>83.074648</ele><time>2026-01-01T04:17:19Z</time><extensions><speed>1.437209</speed><course>128.310969</course><hAcc>1.388477</hAcc><vAcc>0.556943</vAcc></extensions></trkpt>
      <trkpt lon="112.934876" lat="28.182225"><ele>82.928428</ele><time>2026-01-01T04:17:20Z</time><extensions><speed>1.422857</speed><course>134.228262</course><hAcc>1.396138</hAcc><vAcc>0.556943</vAcc></extensions></trkpt>
      <trkpt lon="112.934886" lat="28.182216"><ele>82.781501</ele><time>2026-01-01T04:17:21Z</time><extensions><speed>1.421322</speed><course>137.098977</course><hAcc>1.406715</hAcc><vAcc>0.556943</vAcc></extensions></trkpt>
      <trkpt lon="112.934895" lat="28.182207"><ele>82.632738</ele><time>2026-01-01T04:17:22Z</time><extensions><speed>1.381345</speed><course>137.791965</course><hAcc>1.394272</hAcc><vAcc>0.556944</vAcc></extensions></trkpt>
      <trkpt lon="112.934904" lat="28.182198"><ele>82.481406</ele><time>2026-01-01T04:17:23Z</time><extensions><speed>1.376763</speed><course>134.772857</course><hAcc>1.389128</hAcc><vAcc>0.556944</vAcc></extensions></trkpt>
      <trkpt lon="112.934914" lat="28.182190"><ele>82.319595</ele><time>2026-01-01T04:17:24Z</time><extensions><speed>1.372081</speed><course>129.786838</course><hAcc>1.396633</hAcc><vAcc>0.557229</vAcc></extensions></trkpt>
      <trkpt lon="112.934925" lat="28.182183"><ele>82.142780</ele><time>2026-01-01T04:17:25Z</time><extensions><speed>1.411309</speed><course>122.663765</course><hAcc>1.392836</hAcc><vAcc>0.558530</vAcc></extensions></trkpt>
      <trkpt lon="112.934937" lat="28.182177"><ele>81.945626</ele><time>2026-01-01T04:17:26Z</time><extensions><speed>1.456046</speed><course>120.351770</course><hAcc>1.396716</hAcc><vAcc>0.561865</vAcc></extensions></trkpt>
      <trkpt lon="112.934949" lat="28.182171"><ele>81.724614</ele><time>2026-01-01T04:17:27Z</time><extensions><speed>1.427490</speed><course>122.008514</course><hAcc>1.395794</hAcc><vAcc>0.568368</vAcc></extensions></trkpt>
      <trkpt lon="112.934961" lat="28.182165"><ele>81.478967</ele><time>2026-01-01T04:17:28Z</time><extensions><speed>1.372041</speed><course>122.687735</course><hAcc>1.391241</hAcc><vAcc>0.579068</vAcc></extensions></trkpt>
      <trkpt lon="112.934972" lat="28.182159"><ele>81.194515</ele><time>2026-01-01T04:17:29Z</time><extensions><speed>1.355000</speed><course>119.970214</course><hAcc>1.382137</hAcc><vAcc>0.598113</vAcc></extensions></trkpt>
      <trkpt lon="112.934984" lat="28.182153"><ele>80.882147</ele><time>2026-01-01T04:17:30Z</time><extensions><speed>1.331851</speed><course>119.795415</course><hAcc>1.395154</hAcc><vAcc>0.627469</vAcc></extensions></trkpt>
      <trkpt lon="112.934996" lat="28.182147"><ele>80.540370</ele><time>2026-01-01T04:17:31Z</time><extensions><speed>1.343673</speed><course>121.889967</course><hAcc>1.411912</hAcc><vAcc>0.670281</vAcc></extensions></trkpt>
      <trkpt lon="112.935007" lat="28.182140"><ele>80.168601</ele><time>2026-01-01T04:17:32Z</time><extensions><speed>1.364309</speed><course>127.027875</course><hAcc>1.441008</hAcc><vAcc>0.729351</vAcc></extensions></trkpt>
      <trkpt lon="112.935017" lat="28.182131"><ele>79.767574</ele><time>2026-01-01T04:17:33Z</time><extensions><speed>1.351232</speed><course>141.919511</course><hAcc>1.473527</hAcc><vAcc>0.806602</vAcc></extensions></trkpt>
      <trkpt lon="112.935025" lat="28.182121"><ele>79.339830</ele><time>2026-01-01T04:17:34Z</time><extensions><speed>1.349743</speed><course>151.486154</course><hAcc>1.516855</hAcc><vAcc>0.902734</vAcc></extensions></trkpt>
      <trkpt lon="112.935031" lat="28.182111"><ele>78.889603</ele><time>2026-01-01T04:17:35Z</time><extensions><speed>1.303608</speed><course>151.577792</course><hAcc>1.577838</hAcc><vAcc>1.017571</vAcc></extensions></trkpt>
      <trkpt lon="112.935038" lat="28.182101"><ele>78.421854</ele><time>2026-01-01T04:17:36Z</time><extensions><speed>1.263131</speed><course>146.561648</course><hAcc>1.661903</hAcc><vAcc>1.151014</vAcc></extensions></trkpt>
      <trkpt lon="112.935045" lat="28.182092"><ele>77.941610</ele><time>2026-01-01T04:17:37Z</time><extensions><speed>1.139192</speed><course>144.623831</course><hAcc>1.769148</hAcc><vAcc>1.303439</vAcc></extensions></trkpt>
      <trkpt lon="112.935051" lat="28.182085"><ele>77.453863</ele><time>2026-01-01T04:17:38Z</time><extensions><speed>0.897173</speed><course>139.524904</course><hAcc>1.977136</hAcc><vAcc>1.475519</vAcc></extensions></trkpt>
    </trkseg>
  </trk>
</gpx>