<?xml version="1.0" encoding="UTF-8"?>
<gpx version="1.1" creator="Apple Health Export" xmlns="http://www.topografix.com/GPX/1/1" xmlns:xsi="http://www.w3.org/2001/XMLSchema-instance" xsi:schemaLocation="http://www.topografix.com/GPX/1/1 http://www.topografix.com/GPX/1/1/gpx.xsd">
  <metadata>
    <time>2026-04-04T03:21:59Z</time>
  </metadata>
  <trk>
    <name>Route 2026-01-15 8:36pm</name>
    <trkseg>
      <trkpt lon="121.344427" lat="31.231662"><ele>6.193104</ele><time>2026-01-15T12:10:33Z</time><extensions><speed>1.658509</speed><course>268.755232</course><hAcc>4.686491</hAcc><vAcc>3.324416</vAcc></extensions></trkpt>
      <trkpt lon="121.344403" lat="31.231661"><ele>6.160046</ele><time>2026-01-15T12:10:34Z</time><extensions><speed>1.881580</speed><course>268.692925</course><hAcc>4.057144</hAcc><vAcc>3.060461</vAcc></extensions></trkpt>
      <trkpt lon="121.344383" lat="31.231661"><ele>6.132656</ele><time>2026-01-15T12:10:35Z</time><extensions><speed>1.925204</speed><course>269.614304</course><hAcc>3.734594</hAcc><vAcc>2.870010</vAcc></extensions></trkpt>
      <trkpt lon="121.344363" lat="31.231661"><ele>6.108161</ele><time>2026-01-15T12:10:36Z</time><extensions><speed>1.906782</speed><course>271.348325</course><hAcc>3.541690</hAcc><vAcc>2.692741</vAcc></extensions></trkpt>
      <trkpt lon="121.344344" lat="31.231662"><ele>6.080969</ele><time>2026-01-15T12:10:37Z</time><extensions><speed>1.821605</speed><course>273.116155</course><hAcc>3.451894</hAcc><vAcc>2.528076</vAcc></extensions></trkpt>
      <trkpt lon="121.344325" lat="31.231663"><ele>6.054685</ele><time>2026-01-15T12:10:38Z</time><extensions><speed>1.683037</speed><course>275.191538</course><hAcc>3.427521</hAcc><vAcc>2.375650</vAcc></extensions></trkpt>
      <trkpt lon="121.344308" lat="31.231666"><ele>6.027191</ele><time>2026-01-15T12:10:39Z</time><extensions><speed>1.707371</speed><course>283.437031</course><hAcc>3.411934</hAcc><vAcc>2.235573</vAcc></extensions></trkpt>
      <trkpt lon="121.344290" lat="31.231669"><ele>5.999348</ele><time>2026-01-15T12:10:40Z</time><extensions><speed>1.856920</speed><course>280.949289</course><hAcc>3.393397</hAcc><vAcc>2.108400</vAcc></extensions></trkpt>
      <trkpt lon="121.344269" lat="31.231672"><ele>5.970137</ele><time>2026-01-15T12:10:41Z</time><extensions><speed>2.237505</speed><course>280.980120</course><hAcc>3.375063</hAcc><vAcc>1.994691</vAcc></extensions></trkpt>
      <trkpt lon="121.344244" lat="31.231677"><ele>5.940231</ele><time>2026-01-15T12:10:42Z</time><extensions><speed>2.548060</speed><course>281.464317</course><hAcc>3.357378</hAcc><vAcc>1.894956</vAcc></extensions></trkpt>
      <trkpt lon="121.344217" lat="31.231681"><ele>5.908932</ele><time>2026-01-15T12:10:43Z</time><extensions><speed>2.624361</speed><course>277.890937</course><hAcc>3.341924</hAcc><vAcc>1.809552</vAcc></extensions></trkpt>
      <trkpt lon="121.344190" lat="31.231684"><ele>5.875962</ele><time>2026-01-15T12:10:44Z</time><extensions><speed>2.619058</speed><course>276.278695</course><hAcc>3.326891</hAcc><vAcc>1.738520</vAcc></extensions></trkpt>
      <trkpt lon="121.344163" lat="31.231686"><ele>5.841534</ele><time>2026-01-15T12:10:45Z</time><extensions><speed>2.514780</speed><course>275.003101</course><hAcc>3.308758</hAcc><vAcc>1.681507</vAcc></extensions></trkpt>
      <trkpt lon="121.344137" lat="31.231689"><ele>5.806313</ele><time>2026-01-15T12:10:46Z</time><extensions><speed>2.473195</speed><course>280.009619</course><hAcc>3.281499</hAcc><vAcc>1.637715</vAcc></extensions></trkpt>
      <trkpt lon="121.344112" lat="31.231695"><ele>5.770077</ele><time>2026-01-15T12:10:47Z</time><extensions><speed>2.469116</speed><course>290.640792</course><hAcc>3.244872</hAcc><vAcc>1.605890</vAcc></extensions></trkpt>
      <trkpt lon="121.344089" lat="31.231704"><ele>5.733020</ele><time>2026-01-15T12:10:48Z</time><extensions><speed>2.455971</speed><course>299.853803</course><hAcc>3.213298</hAcc><vAcc>1.584445</vAcc></extensions></trkpt>
      <trkpt lon="121.344067" lat="31.231715"><ele>5.695262</ele><time>2026-01-15T12:10:49Z</time><extensions><speed>2.438912</speed><course>301.650772</course><hAcc>3.192222</hAcc><vAcc>1.571752</vAcc></extensions></trkpt>
      <trkpt lon="121.344045" lat="31.231726"><ele>5.656947</ele><time>2026-01-15T12:10:50Z</time><extensions><speed>2.391398</speed><course>297.887858</course><hAcc>3.178876</hAcc><vAcc>1.566299</vAcc></extensions></trkpt>
      <trkpt lon="121.344023" lat="31.231736"><ele>5.618301</ele><time>2026-01-15T12:10:51Z</time><extensions><speed>2.330495</speed><course>297.112112</course><hAcc>3.169966</hAcc><vAcc>1.566732</vAcc></extensions></trkpt>
      <trkpt lon="121.344002" lat="31.231745"><ele>5.579418</ele><time>2026-01-15T12:10:52Z</time><extensions><speed>2.227597</speed><course>292.472263</course><hAcc>3.163105</hAcc><vAcc>1.571878</vAcc></extensions></trkpt>
      <trkpt lon="121.343980" lat="31.231751"><ele>5.540544</ele><time>2026-01-15T12:10:53Z</time><extensions><speed>2.132724</speed><course>288.092109</course><hAcc>3.156415</hAcc><vAcc>1.580749</vAcc></extensions></trkpt>
      <trkpt lon="121.343960" lat="31.231757"><ele>5.501646</ele><time>2026-01-15T12:10:54Z</time><extensions><speed>2.013802</speed><course>288.074399</course><hAcc>3.149481</hAcc><vAcc>1.592536</vAcc></extensions></trkpt>
      <trkpt lon="121.343940" lat="31.231763"><ele>5.462892</ele><time>2026-01-15T12:10:55Z</time><extensions><speed>1.968287</speed><course>288.777983</course><hAcc>3.142444</hAcc><vAcc>1.606595</vAcc></extensions></trkpt>
      <trkpt lon="121.343921" lat="31.231769"><ele>5.424347</ele><time>2026-01-15T12:10:56Z</time><extensions><speed>1.943568</speed><course>292.536476</course><hAcc>3.135367</hAcc><vAcc>1.622425</vAcc></extensions></trkpt>
      <trkpt lon="121.343902" lat="31.231777"><ele>5.386549</ele><time>2026-01-15T12:10:57Z</time><extensions><speed>1.946137</speed><course>298.504183</course><hAcc>3.128428</hAcc><vAcc>1.639653</vAcc></extensions></trkpt>
      <trkpt lon="121.343885" lat="31.231786"><ele>5.349525</ele><time>2026-01-15T12:10:58Z</time><extensions><speed>1.984540</speed><course>307.106743</course><hAcc>3.121754</hAcc><vAcc>1.658020</vAcc></extensions></trkpt>
      <trkpt lon="121.343870" lat="31.231798"><ele>5.313857</ele><time>2026-01-15T12:10:59Z</time><extensions><speed>2.033499</speed><course>317.768539</course><hAcc>3.115374</hAcc><vAcc>1.677358</vAcc></extensions></trkpt>
      <trkpt lon="121.343857" lat="31.231813"><ele>5.279610</ele><time>2026-01-15T12:11:00Z</time><extensions><speed>2.090608</speed><course>328.596452</course><hAcc>3.109259</hAcc><vAcc>1.697577</vAcc></extensions></trkpt>
      <trkpt lon="121.343847" lat="31.231830"><ele>5.247970</ele><time>2026-01-15T12:11:01Z</time><extensions><speed>2.190294</speed><course>337.163106</course><hAcc>3.103240</hAcc><vAcc>1.718642</vAcc></extensions></trkpt>
      <trkpt lon="121.343839" lat="31.231849"><ele>5.218517</ele><time>2026-01-15T12:11:02Z</time><extensions><speed>2.334511</speed><course>343.612588</course><hAcc>3.096640</hAcc><vAcc>1.740555</vAcc></extensions></trkpt>
      <trkpt lon="121.343833" lat="31.231870"><ele>5.192397</ele><time>2026-01-15T12:11:03Z</time><extensions><speed>2.439602</speed><course>348.024989</course><hAcc>3.087905</hAcc><vAcc>1.763335</vAcc></extensions></trkpt>
      <trkpt lon="121.343828" lat="31.231892"><ele>5.169404</ele><time>2026-01-15T12:11:04Z</time><extensions><speed>2.493896</speed><course>350.956296</course><hAcc>3.074349</hAcc><vAcc>1.786988</vAcc></extensions></trkpt>
      <trkpt lon="121.343824" lat="31.231914"><ele>5.150470</ele><time>2026-01-15T12:11:05Z</time><extensions><speed>2.525203</speed><course>351.808731</course><hAcc>3.051913</hAcc><vAcc>1.811470</vAcc></extensions></trkpt>
      <trkpt lon="121.343820" lat="31.231937"><ele>5.135955</ele><time>2026-01-15T12:11:06Z</time><extensions><speed>2.550169</speed><course>351.925409</course><hAcc>3.015745</hAcc><vAcc>1.836651</vAcc></extensions></trkpt>
      <trkpt lon="121.343817" lat="31.231960"><ele>5.124808</ele><time>2026-01-15T12:11:07Z</time><extensions><speed>2.538739</speed><course>352.041833</course><hAcc>2.965503</hAcc><vAcc>1.862291</vAcc></extensions></trkpt>
      <trkpt lon="121.343813" lat="31.231982"><ele>5.118242</ele><time>2026-01-15T12:11:08Z</time><extensions><speed>2.490900</speed><course>352.025663</course><hAcc>2.918134</hAcc><vAcc>1.888071</vAcc></extensions></trkpt>
      <trkpt lon="121.343809" lat="31.232004"><ele>5.115993</ele><time>2026-01-15T12:11:09Z</time><extensions><speed>2.458302</speed><course>352.226962</course><hAcc>2.881152</hAcc><vAcc>1.913658</vAcc></extensions></trkpt>
      <trkpt lon="121.343806" lat="31.232026"><ele>5.117926</ele><time>2026-01-15T12:11:10Z</time><extensions><speed>2.434811</speed><course>352.526359</course><hAcc>2.850802</hAcc><vAcc>1.938743</vAcc></extensions></trkpt>
      <trkpt lon="121.343803" lat="31.232048"><ele>5.125058</ele><time>2026-01-15T12:11:11Z</time><extensions><speed>2.431585</speed><course>353.384821</course><hAcc>2.815638</hAcc><vAcc>1.963047</vAcc></extensions></trkpt>
      <trkpt lon="121.343800" lat="31.232069"><ele>5.136406</ele><time>2026-01-15T12:11:12Z</time><extensions><speed>2.415850</speed><course>354.518136</course><hAcc>2.771656</hAcc><vAcc>1.986335</vAcc></extensions></trkpt>
      <trkpt lon="121.343798" lat="31.232091"><ele>5.152217</ele><time>2026-01-15T12:11:13Z</time><extensions><speed>2.389286</speed><course>355.521075</course><hAcc>2.718535</hAcc><vAcc>2.008429</vAcc></extensions></trkpt>
      <trkpt lon="121.343796" lat="31.232113"><ele>5.172216</ele><time>2026-01-15T12:11:14Z</time><extensions><speed>2.425999</speed><course>356.031638</course><hAcc>2.655954</hAcc><vAcc>2.029193</vAcc></extensions></trkpt>
      <trkpt lon="121.343795" lat="31.232134"><ele>5.196235</ele><time>2026-01-15T12:11:15Z</time><extensions><speed>2.437624</speed><course>357.179553</course><hAcc>2.587088</hAcc><vAcc>2.048536</vAcc></extensions></trkpt>
      <trkpt lon="121.343793" lat="31.232156"><ele>5.224161</ele><time>2026-01-15T12:11:16Z</time><extensions><speed>2.431735</speed><course>357.522155</course><hAcc>2.512332</hAcc><vAcc>2.066400</vAcc></extensions></trkpt>
      <trkpt lon="121.343792" lat="31.232178"><ele>5.256168</ele><time>2026-01-15T12:11:17Z</time><extensions><speed>2.422393</speed><course>357.297470</course><hAcc>2.430097</hAcc><vAcc>2.082761</vAcc></extensions></trkpt>
      <trkpt lon="121.343791" lat="31.232200"><ele>5.291667</ele><time>2026-01-15T12:11:18Z</time><extensions><speed>2.371269</speed><course>358.125338</course><hAcc>2.342715</hAcc><vAcc>2.097622</vAcc></extensions></trkpt>
      <trkpt lon="121.343790" lat="31.232221"><ele>5.330937</ele><time>2026-01-15T12:11:19Z</time><extensions><speed>2.335208</speed><course>358.397604</course><hAcc>2.253410</hAcc><vAcc>2.111006</vAcc></extensions></trkpt>
      <trkpt lon="121.343790" lat="31.232242"><ele>5.373384</ele><time>2026-01-15T12:11:20Z</time><extensions><speed>2.338519</speed><course>358.464730</course><hAcc>2.166539</hAcc><vAcc>2.122956</vAcc></extensions></trkpt>
      <trkpt lon="121.343789" lat="31.232263"><ele>5.419097</ele><time>2026-01-15T12:11:21Z</time><extensions><speed>2.348195</speed><course>359.059788</course><hAcc>2.085442</hAcc><vAcc>2.133529</vAcc></extensions></trkpt>
      <trkpt lon="121.343789" lat="31.232284"><ele>5.467858</ele><time>2026-01-15T12:11:22Z</time><extensions><speed>2.391322</speed><course>359.062091</course><hAcc>2.012569</hAcc><vAcc>2.142789</vAcc></extensions></trkpt>
      <trkpt lon="121.343788" lat="31.232306"><ele>5.518939</ele><time>2026-01-15T12:11:23Z</time><extensions><speed>2.452779</speed><course>359.131948</course><hAcc>1.952907</hAcc><vAcc>2.150809</vAcc></extensions></trkpt>
      <trkpt lon="121.343788" lat="31.232328"><ele>5.572440</ele><time>2026-01-15T12:11:24Z</time><extensions><speed>2.497251</speed><course>358.916110</course><hAcc>1.908039</hAcc><vAcc>2.157668</vAcc></extensions></trkpt>
      <trkpt lon="121.343787" lat="31.232351"><ele>5.627995</ele><time>2026-01-15T12:11:25Z</time><extensions><speed>2.560923</speed><course>358.623008</course><hAcc>1.877633</hAcc><vAcc>2.163453</vAcc></extensions></trkpt>
      <trkpt lon="121.343787" lat="31.232374"><ele>5.685698</ele><time>2026-01-15T12:11:26Z</time><extensions><speed>2.598052</speed><course>358.655651</course><hAcc>1.861320</hAcc><vAcc>2.168253</vAcc></extensions></trkpt>
      <trkpt lon="121.343785" lat="31.232398"><ele>5.745264</ele><time>2026-01-15T12:11:27Z</time><extensions><speed>2.611758</speed><course>355.632343</course><hAcc>1.855043</hAcc><vAcc>2.172155</vAcc></extensions></trkpt>
      <trkpt lon="121.343784" lat="31.232421"><ele>5.806553</ele><time>2026-01-15T12:11:28Z</time><extensions><speed>2.656762</speed><course>356.551291</course><hAcc>1.860366</hAcc><vAcc>2.175245</vAcc></extensions></trkpt>
      <trkpt lon="121.343783" lat="31.232445"><ele>5.869452</ele><time>2026-01-15T12:11:29Z</time><extensions><speed>2.703070</speed><course>359.075273</course><hAcc>1.880837</hAcc><vAcc>2.177606</vAcc></extensions></trkpt>
      <trkpt lon="121.343782" lat="31.232470"><ele>5.933703</ele><time>2026-01-15T12:11:30Z</time><extensions><speed>2.814838</speed><course>0.426476</course><hAcc>1.914945</hAcc><vAcc>2.179314</vAcc></extensions></trkpt>
      <trkpt lon="121.343783" lat="31.232496"><ele>5.999317</ele><time>2026-01-15T12:11:31Z</time><extensions><speed>2.882290</speed><course>2.000687</course><hAcc>1.962974</hAcc><vAcc>2.180437</vAcc></extensions></trkpt>
      <trkpt lon="121.343784" lat="31.232522"><ele>6.065903</ele><time>2026-01-15T12:11:32Z</time><extensions><speed>2.942434</speed><course>2.813534</course><hAcc>2.023494</hAcc><vAcc>2.181035</vAcc></extensions></trkpt>
      <trkpt lon="121.343786" lat="31.232549"><ele>6.133333</ele><time>2026-01-15T12:11:33Z</time><extensions><speed>2.963492</speed><course>2.761234</course><hAcc>2.097410</hAcc><vAcc>2.181159</vAcc></extensions></trkpt>
      <trkpt lon="121.343787" lat="31.232575"><ele>6.201362</ele><time>2026-01-15T12:11:34Z</time><extensions><speed>2.869030</speed><course>2.228840</course><hAcc>2.181491</hAcc><vAcc>2.180852</vAcc></extensions></trkpt>
      <trkpt lon="121.343788" lat="31.232601"><ele>6.269624</ele><time>2026-01-15T12:11:35Z</time><extensions><speed>2.834415</speed><course>0.897174</course><hAcc>2.269158</hAcc><vAcc>2.180150</vAcc></extensions></trkpt>
      <trkpt lon="121.343788" lat="31.232626"><ele>6.337929</ele><time>2026-01-15T12:11:36Z</time><extensions><speed>2.787455</speed><course>359.968435</course><hAcc>2.356482</hAcc><vAcc>2.179079</vAcc></extensions></trkpt>
      <trkpt lon="121.343788" lat="31.232651"><ele>6.405864</ele><time>2026-01-15T12:11:37Z</time><extensions><speed>2.756062</speed><course>359.313953</course><hAcc>2.439713</hAcc><vAcc>2.177659</vAcc></extensions></trkpt>
      <trkpt lon="121.343787" lat="31.232676"><ele>6.473300</ele><time>2026-01-15T12:11:38Z</time><extensions><speed>2.784181</speed><course>358.665624</course><hAcc>2.516370</hAcc><vAcc>2.175902</vAcc></extensions></trkpt>
      <trkpt lon="121.343787" lat="31.232701"><ele>6.539777</ele><time>2026-01-15T12:11:39Z</time><extensions><speed>2.792441</speed><course>358.838369</course><hAcc>2.588473</hAcc><vAcc>2.173815</vAcc></extensions></trkpt>
      <trkpt lon="121.343786" lat="31.232726"><ele>6.604887</ele><time>2026-01-15T12:11:40Z</time><extensions><speed>2.790726</speed><course>358.696310</course><hAcc>2.661027</hAcc><vAcc>2.171399</vAcc></extensions></trkpt>
      <trkpt lon="121.343786" lat="31.232752"><ele>6.668408</ele><time>2026-01-15T12:11:41Z</time><extensions><speed>2.781054</speed><course>358.748289</course><hAcc>2.734097</hAcc><vAcc>2.168654</vAcc></extensions></trkpt>
      <trkpt lon="121.343785" lat="31.232776"><ele>6.730008</ele><time>2026-01-15T12:11:42Z</time><extensions><speed>2.701340</speed><course>359.497342</course><hAcc>2.804222</hAcc><vAcc>2.165586</vAcc></extensions></trkpt>
      <trkpt lon="121.343785" lat="31.232801"><ele>6.789591</ele><time>2026-01-15T12:11:43Z</time><extensions><speed>2.680617</speed><course>359.922514</course><hAcc>2.864694</hAcc><vAcc>2.162200</vAcc></extensions></trkpt>
      <trkpt lon="121.343785" lat="31.232825"><ele>6.846839</ele><time>2026-01-15T12:11:44Z</time><extensions><speed>2.708464</speed><course>358.704639</course><hAcc>2.916423</hAcc><vAcc>2.158505</vAcc></extensions></trkpt>
      <trkpt lon="121.343784" lat="31.232850"><ele>6.901992</ele><time>2026-01-15T12:11:45Z</time><extensions><speed>2.762239</speed><course>357.482817</course><hAcc>2.962997</hAcc><vAcc>2.154513</vAcc></extensions></trkpt>
      <trkpt lon="121.343782" lat="31.232875"><ele>6.954744</ele><time>2026-01-15T12:11:46Z</time><extensions><speed>2.788265</speed><course>356.375020</course><hAcc>3.006638</hAcc><vAcc>2.150236</vAcc></extensions></trkpt>
      <trkpt lon="121.343780" lat="31.232900"><ele>7.005380</ele><time>2026-01-15T12:11:47Z</time><extensions><speed>2.781556</speed><course>355.934416</course><hAcc>3.046423</hAcc><vAcc>2.145687</vAcc></extensions></trkpt>
      <trkpt lon="121.343778" lat="31.232925"><ele>7.053279</ele><time>2026-01-15T12:11:48Z</time><extensions><speed>2.808232</speed><course>355.547526</course><hAcc>3.082638</hAcc><vAcc>2.140882</vAcc></extensions></trkpt>
      <trkpt lon="121.343776" lat="31.232950"><ele>7.099036</ele><time>2026-01-15T12:11:49Z</time><extensions><speed>2.780484</speed><course>355.535316</course><hAcc>3.116307</hAcc><vAcc>2.135838</vAcc></extensions></trkpt>
      <trkpt lon="121.343773" lat="31.232975"><ele>7.141989</ele><time>2026-01-15T12:11:50Z</time><extensions><speed>2.773103</speed><course>355.250354</course><hAcc>3.146777</hAcc><vAcc>2.130574</vAcc></extensions></trkpt>
      <trkpt lon="121.343771" lat="31.233000"><ele>7.182719</ele><time>2026-01-15T12:11:51Z</time><extensions><speed>2.779414</speed><course>354.911445</course><hAcc>3.175531</hAcc><vAcc>2.125108</vAcc></extensions></trkpt>
      <trkpt lon="121.343768" lat="31.233025"><ele>7.220686</ele><time>2026-01-15T12:11:52Z</time><extensions><speed>2.785744</speed><course>355.047756</course><hAcc>3.203056</hAcc><vAcc>2.119460</vAcc></extensions></trkpt>
      <trkpt lon="121.343766" lat="31.233050"><ele>7.256202</ele><time>2026-01-15T12:11:53Z</time><extensions><speed>2.821642</speed><course>355.153850</course><hAcc>3.229279</hAcc><vAcc>2.113651</vAcc></extensions></trkpt>
      <trkpt lon="121.343763" lat="31.233075"><ele>7.289361</ele><time>2026-01-15T12:11:54Z</time><extensions><speed>2.842607</speed><course>355.365622</course><hAcc>3.253041</hAcc><vAcc>2.107693</vAcc></extensions></trkpt>
      <trkpt lon="121.343761" lat="31.233101"><ele>7.319314</ele><time>2026-01-15T12:11:55Z</time><extensions><speed>2.865319</speed><course>355.376057</course><hAcc>3.273787</hAcc><vAcc>2.101608</vAcc></extensions></trkpt>
      <trkpt lon="121.343758" lat="31.233127"><ele>7.346448</ele><time>2026-01-15T12:11:56Z</time><extensions><speed>2.891040</speed><course>355.058968</course><hAcc>3.291110</hAcc><vAcc>2.095377</vAcc></extensions></trkpt>
      <trkpt lon="121.343756" lat="31.233153"><ele>7.370729</ele><time>2026-01-15T12:11:57Z</time><extensions><speed>2.902601</speed><course>355.535472</course><hAcc>3.305044</hAcc><vAcc>2.089001</vAcc></extensions></trkpt>
      <trkpt lon="121.343753" lat="31.233179"><ele>7.392184</ele><time>2026-01-15T12:11:58Z</time><extensions><speed>2.918534</speed><course>355.583218</course><hAcc>3.316888</hAcc><vAcc>2.082500</vAcc></extensions></trkpt>
      <trkpt lon="121.343751" lat="31.233205"><ele>7.410955</ele><time>2026-01-15T12:11:59Z</time><extensions><speed>2.938857</speed><course>355.491708</course><hAcc>3.326370</hAcc><vAcc>2.075912</vAcc></extensions></trkpt>
      <trkpt lon="121.343749" lat="31.233232"><ele>7.427215</ele><time>2026-01-15T12:12:00Z</time><extensions><speed>2.940722</speed><course>355.567548</course><hAcc>3.332504</hAcc><vAcc>2.069300</vAcc></extensions></trkpt>
      <trkpt lon="121.343746" lat="31.233258"><ele>7.441011</ele><time>2026-01-15T12:12:01Z</time><extensions><speed>2.929532</speed><course>355.295233</course><hAcc>3.334764</hAcc><vAcc>2.062743</vAcc></extensions></trkpt>
      <trkpt lon="121.343744" lat="31.233284"><ele>7.452178</ele><time>2026-01-15T12:12:02Z</time><extensions><speed>2.921126</speed><course>355.524386</course><hAcc>3.331621</hAcc><vAcc>2.056327</vAcc></extensions></trkpt>
      <trkpt lon="121.343741" lat="31.233310"><ele>7.460756</ele><time>2026-01-15T12:12:03Z</time><extensions><speed>2.895691</speed><course>355.634750</course><hAcc>3.327880</hAcc><vAcc>2.050127</vAcc></extensions></trkpt>
      <trkpt lon="121.343739" lat="31.233336"><ele>7.466842</ele><time>2026-01-15T12:12:04Z</time><extensions><speed>2.900848</speed><course>355.499619</course><hAcc>3.327050</hAcc><vAcc>2.044205</vAcc></extensions></trkpt>
      <trkpt lon="121.343737" lat="31.233362"><ele>7.470529</ele><time>2026-01-15T12:12:05Z</time><extensions><speed>2.843953</speed><course>355.495338</course><hAcc>3.329223</hAcc><vAcc>2.038603</vAcc></extensions></trkpt>
      <trkpt lon="121.343734" lat="31.233388"><ele>7.477603</ele><time>2026-01-15T12:12:06Z</time><extensions><speed>2.839601</speed><course>355.516854</course><hAcc>3.329771</hAcc><vAcc>2.033510</vAcc></extensions></trkpt>
      <trkpt lon="121.343732" lat="31.233413"><ele>7.478516</ele><time>2026-01-15T12:12:07Z</time><extensions><speed>2.840890</speed><course>355.784012</course><hAcc>3.325720</hAcc><vAcc>2.028783</vAcc></extensions></trkpt>
      <trkpt lon="121.343730" lat="31.233439"><ele>7.476883</ele><time>2026-01-15T12:12:08Z</time><extensions><speed>2.846300</speed><course>355.663281</course><hAcc>3.317516</hAcc><vAcc>2.024357</vAcc></extensions></trkpt>
      <trkpt lon="121.343728" lat="31.233464"><ele>7.472576</ele><time>2026-01-15T12:12:09Z</time><extensions><speed>2.874219</speed><course>355.246461</course><hAcc>3.304729</hAcc><vAcc>2.020181</vAcc></extensions></trkpt>
      <trkpt lon="121.343725" lat="31.233490"><ele>7.465611</ele><time>2026-01-15T12:12:10Z</time><extensions><speed>2.857619</speed><course>355.626077</course><hAcc>3.288850</hAcc><vAcc>2.016180</vAcc></extensions></trkpt>
      <trkpt lon="121.343723" lat="31.233516"><ele>7.456139</ele><time>2026-01-15T12:12:11Z</time><extensions><speed>2.854939</speed><course>355.833474</course><hAcc>3.271439</hAcc><vAcc>2.012249</vAcc></extensions></trkpt>
      <trkpt lon="121.343721" lat="31.233541"><ele>7.444187</ele><time>2026-01-15T12:12:12Z</time><extensions><speed>2.833019</speed><course>356.160485</course><hAcc>3.251651</hAcc><vAcc>2.008266</vAcc></extensions></trkpt>
      <trkpt lon="121.343719" lat="31.233566"><ele>7.429757</ele><time>2026-01-15T12:12:13Z</time><extensions><speed>2.810580</speed><course>356.809849</course><hAcc>3.228409</hAcc><vAcc>2.004098</vAcc></extensions></trkpt>
      <trkpt lon="121.343717" lat="31.233592"><ele>7.412743</ele><time>2026-01-15T12:12:14Z</time><extensions><speed>2.802148</speed><course>356.999256</course><hAcc>3.202465</hAcc><vAcc>1.999603</vAcc></extensions></trkpt>
      <trkpt lon="121.343716" lat="31.233617"><ele>7.393223</ele><time>2026-01-15T12:12:15Z</time><extensions><speed>2.822107</speed><course>357.105735</course><hAcc>3.173885</hAcc><vAcc>1.994633</vAcc></extensions></trkpt>
      <trkpt lon="121.343715" lat="31.233642"><ele>7.371544</ele><time>2026-01-15T12:12:16Z</time><extensions><speed>2.836902</speed><course>357.324432</course><hAcc>3.144195</hAcc><vAcc>1.989026</vAcc></extensions></trkpt>
      <trkpt lon="121.343713" lat="31.233668"><ele>7.347503</ele><time>2026-01-15T12:12:17Z</time><extensions><speed>2.839545</speed><course>357.103553</course><hAcc>3.112639</hAcc><vAcc>1.982604</vAcc></extensions></trkpt>
      <trkpt lon="121.343712" lat="31.233693"><ele>7.321733</ele><time>2026-01-15T12:12:18Z</time><extensions><speed>2.823676</speed><course>357.345964</course><hAcc>3.077801</hAcc><vAcc>1.975166</vAcc></extensions></trkpt>
      <trkpt lon="121.343710" lat="31.233719"><ele>7.294294</ele><time>2026-01-15T12:12:19Z</time><extensions><speed>2.878713</speed><course>357.445896</course><hAcc>3.038734</hAcc><vAcc>1.966491</vAcc></extensions></trkpt>
      <trkpt lon="121.343709" lat="31.233744"><ele>7.265362</ele><time>2026-01-15T12:12:20Z</time><extensions><speed>2.855404</speed><course>357.762837</course><hAcc>2.996722</hAcc><vAcc>1.956350</vAcc></extensions></trkpt>
      <trkpt lon="121.343708" lat="31.233770"><ele>7.235499</ele><time>2026-01-15T12:12:21Z</time><extensions><speed>2.842490</speed><course>357.997356</course><hAcc>2.951240</hAcc><vAcc>1.944506</vAcc></extensions></trkpt>
      <trkpt lon="121.343707" lat="31.233796"><ele>7.204884</ele><time>2026-01-15T12:12:22Z</time><extensions><speed>2.830095</speed><course>357.726645</course><hAcc>2.901290</hAcc><vAcc>1.930726</vAcc></extensions></trkpt>
      <trkpt lon="121.343706" lat="31.233821"><ele>7.173738</ele><time>2026-01-15T12:12:23Z</time><extensions><speed>2.798487</speed><course>357.458926</course><hAcc>2.849105</hAcc><vAcc>1.914772</vAcc></extensions></trkpt>
      <trkpt lon="121.343704" lat="31.233846"><ele>7.142357</ele><time>2026-01-15T12:12:24Z</time><extensions><speed>2.780030</speed><course>356.675155</course><hAcc>2.794881</hAcc><vAcc>1.896403</vAcc></extensions></trkpt>
      <trkpt lon="121.343702" lat="31.233871"><ele>7.110861</ele><time>2026-01-15T12:12:25Z</time><extensions><speed>2.728059</speed><course>355.926465</course><hAcc>2.738339</hAcc><vAcc>1.875377</vAcc></extensions></trkpt>
      <trkpt lon="121.343700" lat="31.233895"><ele>7.079260</ele><time>2026-01-15T12:12:26Z</time><extensions><speed>2.743256</speed><course>355.137107</course><hAcc>2.677732</hAcc><vAcc>1.851450</vAcc></extensions></trkpt>
      <trkpt lon="121.343697" lat="31.233920"><ele>7.031319</ele><time>2026-01-15T12:12:27Z</time><extensions><speed>2.801450</speed><course>353.623564</course><hAcc>2.612785</hAcc><vAcc>1.824153</vAcc></extensions></trkpt>
      <trkpt lon="121.343694" lat="31.233945"><ele>6.996282</ele><time>2026-01-15T12:12:28Z</time><extensions><speed>2.842891</speed><course>353.054919</course><hAcc>2.543313</hAcc><vAcc>1.793639</vAcc></extensions></trkpt>
      <trkpt lon="121.343690" lat="31.233971"><ele>6.963406</ele><time>2026-01-15T12:12:29Z</time><extensions><speed>2.884352</speed><course>352.860052</course><hAcc>2.472246</hAcc><vAcc>1.759519</vAcc></extensions></trkpt>
      <trkpt lon="121.343686" lat="31.233997"><ele>6.931453</ele><time>2026-01-15T12:12:30Z</time><extensions><speed>2.897108</speed><course>352.282671</course><hAcc>2.400883</hAcc><vAcc>1.721550</vAcc></extensions></trkpt>
      <trkpt lon="121.343682" lat="31.234022"><ele>6.900043</ele><time>2026-01-15T12:12:31Z</time><extensions><speed>2.894649</speed><course>352.133547</course><hAcc>2.330242</hAcc><vAcc>1.679522</vAcc></extensions></trkpt>
      <trkpt lon="121.343678" lat="31.234048"><ele>6.869067</ele><time>2026-01-15T12:12:32Z</time><extensions><speed>2.893134</speed><course>352.162186</course><hAcc>2.263802</hAcc><vAcc>1.633259</vAcc></extensions></trkpt>
      <trkpt lon="121.343674" lat="31.234074"><ele>6.838541</ele><time>2026-01-15T12:12:33Z</time><extensions><speed>2.841197</speed><course>352.957360</course><hAcc>2.202770</hAcc><vAcc>1.582625</vAcc></extensions></trkpt>
      <trkpt lon="121.343671" lat="31.234099"><ele>6.808491</ele><time>2026-01-15T12:12:34Z</time><extensions><speed>2.824103</speed><course>353.669042</course><hAcc>2.146396</hAcc><vAcc>1.527529</vAcc></extensions></trkpt>
      <trkpt lon="121.343667" lat="31.234124"><ele>6.778978</ele><time>2026-01-15T12:12:35Z</time><extensions><speed>2.819464</speed><course>354.149601</course><hAcc>2.094419</hAcc><vAcc>1.467942</vAcc></extensions></trkpt>
      <trkpt lon="121.343665" lat="31.234149"><ele>6.750036</ele><time>2026-01-15T12:12:36Z</time><extensions><speed>2.799170</speed><course>354.818052</course><hAcc>2.045458</hAcc><vAcc>1.403909</vAcc></extensions></trkpt>
      <trkpt lon="121.343662" lat="31.234175"><ele>6.721680</ele><time>2026-01-15T12:12:37Z</time><extensions><speed>2.830708</speed><course>355.072105</course><hAcc>1.995623</hAcc><vAcc>1.335576</vAcc></extensions></trkpt>
      <trkpt lon="121.343659" lat="31.234200"><ele>6.693913</ele><time>2026-01-15T12:12:38Z</time><extensions><speed>2.855908</speed><course>355.159730</course><hAcc>1.944853</hAcc><vAcc>1.263226</vAcc></extensions></trkpt>
      <trkpt lon="121.343657" lat="31.234226"><ele>6.666729</ele><time>2026-01-15T12:12:39Z</time><extensions><speed>2.950067</speed><course>355.390154</course><hAcc>1.895754</hAcc><vAcc>1.187325</vAcc></extensions></trkpt>
      <trkpt lon="121.343654" lat="31.234253"><ele>6.640102</ele><time>2026-01-15T12:12:40Z</time><extensions><speed>3.015493</speed><course>355.325726</course><hAcc>1.852030</hAcc><vAcc>1.108588</vAcc></extensions></trkpt>
      <trkpt lon="121.343652" lat="31.234280"><ele>6.614019</ele><time>2026-01-15T12:12:41Z</time><extensions><speed>3.024197</speed><course>355.555696</course><hAcc>1.813861</hAcc><vAcc>1.028071</vAcc></extensions></trkpt>
      <trkpt lon="121.343650" lat="31.234307"><ele>6.588473</ele><time>2026-01-15T12:12:42Z</time><extensions><speed>3.018435</speed><course>355.792328</course><hAcc>1.779517</hAcc><vAcc>0.947279</vAcc></extensions></trkpt>
      <trkpt lon="121.343647" lat="31.234334"><ele>6.563459</ele><time>2026-01-15T12:12:43Z</time><extensions><speed>2.998941</speed><course>355.853509</course><hAcc>1.742927</hAcc><vAcc>0.868304</vAcc></extensions></trkpt>
      <trkpt lon="121.343645" lat="31.234356"><ele>6.543719</ele><time>2026-01-15T12:12:44Z</time><extensions><speed>3.011443</speed><course>355.917144</course><hAcc>1.715159</hAcc><vAcc>0.809074</vAcc></extensions></trkpt>
      <trkpt lon="121.343643" lat="31.234383"><ele>6.519365</ele><time>2026-01-15T12:12:45Z</time><extensions><speed>3.023342</speed><course>355.396784</course><hAcc>1.681765</hAcc><vAcc>0.743871</vAcc></extensions></trkpt>
      <trkpt lon="121.343640" lat="31.234410"><ele>6.495113</ele><time>2026-01-15T12:12:46Z</time><extensions><speed>2.972989</speed><course>354.679773</course><hAcc>1.640172</hAcc><vAcc>0.689252</vAcc></extensions></trkpt>
      <trkpt lon="121.343637" lat="31.234436"><ele>6.470579</ele><time>2026-01-15T12:12:47Z</time><extensions><speed>2.959135</speed><course>354.017290</course><hAcc>1.591519</hAcc><vAcc>0.646995</vAcc></extensions></trkpt>
      <trkpt lon="121.343634" lat="31.234463"><ele>6.445242</ele><time>2026-01-15T12:12:48Z</time><extensions><speed>2.936548</speed><course>353.340501</course><hAcc>1.537995</hAcc><vAcc>0.617937</vAcc></extensions></trkpt>
      <trkpt lon="121.343630" lat="31.234489"><ele>6.418590</ele><time>2026-01-15T12:12:49Z</time><extensions><speed>2.913622</speed><course>352.828721</course><hAcc>1.489048</hAcc><vAcc>0.602213</vAcc></extensions></trkpt>
      <trkpt lon="121.343626" lat="31.234515"><ele>6.390122</ele><time>2026-01-15T12:12:50Z</time><extensions><speed>2.941805</speed><course>351.822069</course><hAcc>1.464314</hAcc><vAcc>0.599549</vAcc></extensions></trkpt>
      <trkpt lon="121.343621" lat="31.234541"><ele>6.359439</ele><time>2026-01-15T12:12:51Z</time><extensions><speed>2.988609</speed><course>350.592683</course><hAcc>1.471046</hAcc><vAcc>0.609489</vAcc></extensions></trkpt>
      <trkpt lon="121.343617" lat="31.234568"><ele>6.326288</ele><time>2026-01-15T12:12:52Z</time><extensions><speed>2.960560</speed><course>352.270109</course><hAcc>1.475783</hAcc><vAcc>0.631489</vAcc></extensions></trkpt>
      <trkpt lon="121.343612" lat="31.234594"><ele>6.290621</ele><time>2026-01-15T12:12:53Z</time><extensions><speed>2.941437</speed><course>351.782686</course><hAcc>1.483662</hAcc><vAcc>0.664827</vAcc></extensions></trkpt>
      <trkpt lon="121.343608" lat="31.234621"><ele>6.252695</ele><time>2026-01-15T12:12:54Z</time><extensions><speed>2.916899</speed><course>353.254422</course><hAcc>1.504466</hAcc><vAcc>0.708389</vAcc></extensions></trkpt>
      <trkpt lon="121.343605" lat="31.234647"><ele>6.213064</ele><time>2026-01-15T12:12:55Z</time><extensions><speed>2.905183</speed><course>354.673973</course><hAcc>1.540152</hAcc><vAcc>0.760424</vAcc></extensions></trkpt>
      <trkpt lon="121.343602" lat="31.234677"><ele>6.166803</ele><time>2026-01-15T12:12:56Z</time><extensions><speed>2.889899</speed><course>353.882588</course><hAcc>1.592415</hAcc><vAcc>0.825586</vAcc></extensions></trkpt>
      <trkpt lon="121.343599" lat="31.234703"><ele>6.129451</ele><time>2026-01-15T12:12:57Z</time><extensions><speed>2.901630</speed><course>354.609495</course><hAcc>1.644798</hAcc><vAcc>0.882628</vAcc></extensions></trkpt>
      <trkpt lon="121.343596" lat="31.234729"><ele>6.093420</ele><time>2026-01-15T12:12:58Z</time><extensions><speed>2.904769</speed><course>355.055941</course><hAcc>1.729331</hAcc><vAcc>0.938898</vAcc></extensions></trkpt>
      <trkpt lon="121.343594" lat="31.234755"><ele>6.060532</ele><time>2026-01-15T12:12:59Z</time><extensions><speed>2.900211</speed><course>356.154358</course><hAcc>1.832150</hAcc><vAcc>0.991957</vAcc></extensions></trkpt>
      <trkpt lon="121.343592" lat="31.234781"><ele>6.031585</ele><time>2026-01-15T12:13:00Z</time><extensions><speed>2.885017</speed><course>357.792649</course><hAcc>1.935808</hAcc><vAcc>1.040076</vAcc></extensions></trkpt>
      <trkpt lon="121.343591" lat="31.234807"><ele>6.007205</ele><time>2026-01-15T12:13:01Z</time><extensions><speed>2.879207</speed><course>359.314005</course><hAcc>2.030662</hAcc><vAcc>1.082051</vAcc></extensions></trkpt>
      <trkpt lon="121.343591" lat="31.234832"><ele>5.987915</ele><time>2026-01-15T12:13:02Z</time><extensions><speed>2.876674</speed><course>1.279238</course><hAcc>2.112922</hAcc><vAcc>1.117057</vAcc></extensions></trkpt>
      <trkpt lon="121.343592" lat="31.234858"><ele>5.974180</ele><time>2026-01-15T12:13:03Z</time><extensions><speed>2.881414</speed><course>1.669661</course><hAcc>2.181794</hAcc><vAcc>1.144550</vAcc></extensions></trkpt>
      <trkpt lon="121.343593" lat="31.234884"><ele>5.966382</ele><time>2026-01-15T12:13:04Z</time><extensions><speed>2.892257</speed><course>2.499786</course><hAcc>2.237669</hAcc><vAcc>1.164181</vAcc></extensions></trkpt>
      <trkpt lon="121.343596" lat="31.234910"><ele>5.964810</ele><time>2026-01-15T12:13:05Z</time><extensions><speed>2.936739</speed><course>6.334909</course><hAcc>2.281129</hAcc><vAcc>1.175743</vAcc></extensions></trkpt>
      <trkpt lon="121.343599" lat="31.234937"><ele>5.969640</ele><time>2026-01-15T12:13:06Z</time><extensions><speed>2.965301</speed><course>4.900677</course><hAcc>2.313156</hAcc><vAcc>1.179135</vAcc></extensions></trkpt>
      <trkpt lon="121.343601" lat="31.234963"><ele>5.980942</ele><time>2026-01-15T12:13:07Z</time><extensions><speed>2.976589</speed><course>4.632062</course><hAcc>2.335250</hAcc><vAcc>1.174340</vAcc></extensions></trkpt>
      <trkpt lon="121.343603" lat="31.234990"><ele>5.998671</ele><time>2026-01-15T12:13:08Z</time><extensions><speed>2.983355</speed><course>3.899013</course><hAcc>2.348536</hAcc><vAcc>1.161425</vAcc></extensions></trkpt>
      <trkpt lon="121.343605" lat="31.235017"><ele>6.022659</ele><time>2026-01-15T12:13:09Z</time><extensions><speed>2.993303</speed><course>2.862563</course><hAcc>2.353701</hAcc><vAcc>1.140539</vAcc></extensions></trkpt>
      <trkpt lon="121.343607" lat="31.235044"><ele>6.052624</ele><time>2026-01-15T12:13:10Z</time><extensions><speed>3.009611</speed><course>2.083200</course><hAcc>2.351221</hAcc><vAcc>1.111933</vAcc></extensions></trkpt>
      <trkpt lon="121.343607" lat="31.235071"><ele>6.088139</ele><time>2026-01-15T12:13:11Z</time><extensions><speed>3.021527</speed><course>0.696779</course><hAcc>2.341423</hAcc><vAcc>1.075982</vAcc></extensions></trkpt>
      <trkpt lon="121.343608" lat="31.235098"><ele>6.128624</ele><time>2026-01-15T12:13:12Z</time><extensions><speed>3.008695</speed><course>359.983224</course><hAcc>2.324392</hAcc><vAcc>1.033236</vAcc></extensions></trkpt>
      <trkpt lon="121.343607" lat="31.235125"><ele>6.173320</ele><time>2026-01-15T12:13:13Z</time><extensions><speed>2.986991</speed><course>359.412186</course><hAcc>2.299675</hAcc><vAcc>0.984478</vAcc></extensions></trkpt>
      <trkpt lon="121.343607" lat="31.235152"><ele>6.221345</ele><time>2026-01-15T12:13:14Z</time><extensions><speed>2.970003</speed><course>358.425884</course><hAcc>2.265685</hAcc><vAcc>0.930814</vAcc></extensions></trkpt>
      <trkpt lon="121.343606" lat="31.235179"><ele>6.271645</ele><time>2026-01-15T12:13:15Z</time><extensions><speed>2.960131</speed><course>357.785708</course><hAcc>2.218852</hAcc><vAcc>0.873777</vAcc></extensions></trkpt>
      <trkpt lon="121.343604" lat="31.235205"><ele>6.322938</ele><time>2026-01-15T12:13:16Z</time><extensions><speed>2.984419</speed><course>357.083595</course><hAcc>2.153236</hAcc><vAcc>0.815447</vAcc></extensions></trkpt>
      <trkpt lon="121.343603" lat="31.235230"><ele>6.369130</ele><time>2026-01-15T12:13:17Z</time><extensions><speed>3.003726</speed><course>356.471377</course><hAcc>2.081202</hAcc><vAcc>0.764512</vAcc></extensions></trkpt>
      <trkpt lon="121.343601" lat="31.235257"><ele>6.418533</ele><time>2026-01-15T12:13:18Z</time><extensions><speed>2.972153</speed><course>356.014931</course><hAcc>2.009144</hAcc><vAcc>0.713351</vAcc></extensions></trkpt>
      <trkpt lon="121.343599" lat="31.235283"><ele>6.465044</ele><time>2026-01-15T12:13:19Z</time><extensions><speed>2.918257</speed><course>355.644584</course><hAcc>1.953844</hAcc><vAcc>0.669041</vAcc></extensions></trkpt>
      <trkpt lon="121.343596" lat="31.235309"><ele>6.508077</ele><time>2026-01-15T12:13:20Z</time><extensions><speed>2.878461</speed><course>355.515823</course><hAcc>1.914205</hAcc><vAcc>0.632857</vAcc></extensions></trkpt>
      <trkpt lon="121.343594" lat="31.235335"><ele>6.547493</ele><time>2026-01-15T12:13:21Z</time><extensions><speed>2.850339</speed><course>355.745191</course><hAcc>1.888986</hAcc><vAcc>0.605022</vAcc></extensions></trkpt>
      <trkpt lon="121.343592" lat="31.235360"><ele>6.583538</ele><time>2026-01-15T12:13:22Z</time><extensions><speed>2.814035</speed><course>356.026639</course><hAcc>1.876237</hAcc><vAcc>0.584981</vAcc></extensions></trkpt>
      <trkpt lon="121.343590" lat="31.235386"><ele>6.616715</ele><time>2026-01-15T12:13:23Z</time><extensions><speed>2.823075</speed><course>356.516584</course><hAcc>1.866989</hAcc><vAcc>0.571769</vAcc></extensions></trkpt>
      <trkpt lon="121.343588" lat="31.235411"><ele>6.647630</ele><time>2026-01-15T12:13:24Z</time><extensions><speed>2.853143</speed><course>356.209377</course><hAcc>1.858820</hAcc><vAcc>0.564381</vAcc></extensions></trkpt>
      <trkpt lon="121.343586" lat="31.235437"><ele>6.677138</ele><time>2026-01-15T12:13:25Z</time><extensions><speed>2.846541</speed><course>355.315905</course><hAcc>1.853484</hAcc><vAcc>0.562085</vAcc></extensions></trkpt>
      <trkpt lon="121.343583" lat="31.235463"><ele>6.705939</ele><time>2026-01-15T12:13:26Z</time><extensions><speed>2.866161</speed><course>354.672495</course><hAcc>1.853218</hAcc><vAcc>0.564609</vAcc></extensions></trkpt>
      <trkpt lon="121.343580" lat="31.235488"><ele>6.734980</ele><time>2026-01-15T12:13:27Z</time><extensions><speed>2.846235</speed><course>353.600888</course><hAcc>1.860478</hAcc><vAcc>0.572207</vAcc></extensions></trkpt>
      <trkpt lon="121.343577" lat="31.235513"><ele>6.764808</ele><time>2026-01-15T12:13:28Z</time><extensions><speed>2.812666</speed><course>352.858715</course><hAcc>1.877790</hAcc><vAcc>0.585596</vAcc></extensions></trkpt>
      <trkpt lon="121.343573" lat="31.235539"><ele>6.796198</ele><time>2026-01-15T12:13:29Z</time><extensions><speed>2.808534</speed><course>352.683804</course><hAcc>1.906602</hAcc><vAcc>0.605761</vAcc></extensions></trkpt>
      <trkpt lon="121.343569" lat="31.235564"><ele>6.829706</ele><time>2026-01-15T12:13:30Z</time><extensions><speed>2.799556</speed><course>352.524389</course><hAcc>1.947624</hAcc><vAcc>0.633651</vAcc></extensions></trkpt>
      <trkpt lon="121.343565" lat="31.235589"><ele>6.865588</ele><time>2026-01-15T12:13:31Z</time><extensions><speed>2.833292</speed><course>352.879677</course><hAcc>2.000267</hAcc><vAcc>0.669814</vAcc></extensions></trkpt>
      <trkpt lon="121.343562" lat="31.235614"><ele>6.904217</ele><time>2026-01-15T12:13:32Z</time><extensions><speed>2.867258</speed><course>353.204911</course><hAcc>2.064394</hAcc><vAcc>0.714038</vAcc></extensions></trkpt>
      <trkpt lon="121.343558" lat="31.235640"><ele>6.945423</ele><time>2026-01-15T12:13:33Z</time><extensions><speed>2.849747</speed><course>353.554915</course><hAcc>2.140488</hAcc><vAcc>0.765090</vAcc></extensions></trkpt>
      <trkpt lon="121.343555" lat="31.235667"><ele>6.990647</ele><time>2026-01-15T12:13:34Z</time><extensions><speed>2.854065</speed><course>354.010238</course><hAcc>2.224173</hAcc><vAcc>0.822399</vAcc></extensions></trkpt>
      <trkpt lon="121.343552" lat="31.235692"><ele>7.035454</ele><time>2026-01-15T12:13:35Z</time><extensions><speed>2.825207</speed><course>353.918797</course><hAcc>2.303505</hAcc><vAcc>0.878205</vAcc></extensions></trkpt>
      <trkpt lon="121.343549" lat="31.235717"><ele>7.080796</ele><time>2026-01-15T12:13:36Z</time><extensions><speed>2.799239</speed><course>354.326637</course><hAcc>2.379364</hAcc><vAcc>0.932503</vAcc></extensions></trkpt>
      <trkpt lon="121.343546" lat="31.235742"><ele>7.126123</ele><time>2026-01-15T12:13:37Z</time><extensions><speed>2.775020</speed><course>354.777335</course><hAcc>2.450082</hAcc><vAcc>0.983290</vAcc></extensions></trkpt>
      <trkpt lon="121.343543" lat="31.235767"><ele>7.170935</ele><time>2026-01-15T12:13:38Z</time><extensions><speed>2.777221</speed><course>355.179902</course><hAcc>2.513785</hAcc><vAcc>1.029275</vAcc></extensions></trkpt>
      <trkpt lon="121.343541" lat="31.235792"><ele>7.214894</ele><time>2026-01-15T12:13:39Z</time><extensions><speed>2.797884</speed><course>355.936638</course><hAcc>2.567654</hAcc><vAcc>1.069759</vAcc></extensions></trkpt>
      <trkpt lon="121.343539" lat="31.235817"><ele>7.257699</ele><time>2026-01-15T12:13:40Z</time><extensions><speed>2.814345</speed><course>355.823448</course><hAcc>2.611323</hAcc><vAcc>1.104547</vAcc></extensions></trkpt>
      <trkpt lon="121.343537" lat="31.235843"><ele>7.299335</ele><time>2026-01-15T12:13:41Z</time><extensions><speed>2.838560</speed><course>355.931057</course><hAcc>2.647847</hAcc><vAcc>1.133888</vAcc></extensions></trkpt>
      <trkpt lon="121.343535" lat="31.235868"><ele>7.339651</ele><time>2026-01-15T12:13:42Z</time><extensions><speed>2.865668</speed><course>355.720963</course><hAcc>2.678166</hAcc><vAcc>1.158441</vAcc></extensions></trkpt>
      <trkpt lon="121.343532" lat="31.235894"><ele>7.378998</ele><time>2026-01-15T12:13:43Z</time><extensions><speed>2.885336</speed><course>355.250582</course><hAcc>2.702158</hAcc><vAcc>1.179241</vAcc></extensions></trkpt>
      <trkpt lon="121.343530" lat="31.235920"><ele>7.417528</ele><time>2026-01-15T12:13:44Z</time><extensions><speed>2.892343</speed><course>355.504415</course><hAcc>2.720491</hAcc><vAcc>1.197676</vAcc></extensions></trkpt>
      <trkpt lon="121.343528" lat="31.235946"><ele>7.455665</ele><time>2026-01-15T12:13:45Z</time><extensions><speed>2.867089</speed><course>355.481947</course><hAcc>2.733257</hAcc><vAcc>1.215449</vAcc></extensions></trkpt>
      <trkpt lon="121.343525" lat="31.235971"><ele>7.493980</ele><time>2026-01-15T12:13:46Z</time><extensions><speed>2.856286</speed><course>355.647315</course><hAcc>2.740201</hAcc><vAcc>1.234504</vAcc></extensions></trkpt>
      <trkpt lon="121.343523" lat="31.235997"><ele>7.533168</ele><time>2026-01-15T12:13:47Z</time><extensions><speed>2.830526</speed><course>356.003848</course><hAcc>2.740611</hAcc><vAcc>1.256918</vAcc></extensions></trkpt>
      <trkpt lon="121.343521" lat="31.236022"><ele>7.573765</ele><time>2026-01-15T12:13:47Z</time><extensions><speed>2.821843</speed><course>356.421074</course><hAcc>2.732680</hAcc><vAcc>1.283991</vAcc></extensions></trkpt>
      <trkpt lon="121.343520" lat="31.236048"><ele>7.615320</ele><time>2026-01-15T12:13:48Z</time><extensions><speed>2.855906</speed><course>357.409444</course><hAcc>2.717376</hAcc><vAcc>1.315391</vAcc></extensions></trkpt>
      <trkpt lon="121.343518" lat="31.236073"><ele>7.657322</ele><time>2026-01-15T12:13:49Z</time><extensions><speed>2.841962</speed><course>357.902083</course><hAcc>2.695910</hAcc><vAcc>1.349971</vAcc></extensions></trkpt>
      <trkpt lon="121.343517" lat="31.236099"><ele>7.699210</ele><time>2026-01-15T12:13:50Z</time><extensions><speed>2.809134</speed><course>358.412287</course><hAcc>2.668785</hAcc><vAcc>1.386639</vAcc></extensions></trkpt>
      <trkpt lon="121.343517" lat="31.236124"><ele>7.740208</ele><time>2026-01-15T12:13:51Z</time><extensions><speed>2.818104</speed><course>359.152054</course><hAcc>2.634591</hAcc><vAcc>1.424435</vAcc></extensions></trkpt>
      <trkpt lon="121.343516" lat="31.236149"><ele>7.779615</ele><time>2026-01-15T12:13:52Z</time><extensions><speed>2.823521</speed><course>359.605207</course><hAcc>2.590892</hAcc><vAcc>1.462587</vAcc></extensions></trkpt>
      <trkpt lon="121.343516" lat="31.236175"><ele>7.817120</ele><time>2026-01-15T12:13:53Z</time><extensions><speed>2.843797</speed><course>0.160436</course><hAcc>2.538234</hAcc><vAcc>1.500523</vAcc></extensions></trkpt>
      <trkpt lon="121.343516" lat="31.236200"><ele>7.852540</ele><time>2026-01-15T12:13:54Z</time><extensions><speed>2.852256</speed><course>0.375016</course><hAcc>2.478277</hAcc><vAcc>1.537870</vAcc></extensions></trkpt>
      <trkpt lon="121.343517" lat="31.236226"><ele>7.885677</ele><time>2026-01-15T12:13:55Z</time><extensions><speed>2.889098</speed><course>0.572102</course><hAcc>2.412061</hAcc><vAcc>1.574423</vAcc></extensions></trkpt>
      <trkpt lon="121.343517" lat="31.236252"><ele>7.915295</ele><time>2026-01-15T12:13:56Z</time><extensions><speed>2.955034</speed><course>1.162204</course><hAcc>2.340403</hAcc><vAcc>1.610118</vAcc></extensions></trkpt>
      <trkpt lon="121.343518" lat="31.236279"><ele>7.942588</ele><time>2026-01-15T12:13:57Z</time><extensions><speed>2.980498</speed><course>1.276552</course><hAcc>2.263818</hAcc><vAcc>1.644989</vAcc></extensions></trkpt>
      <trkpt lon="121.343519" lat="31.236306"><ele>7.965781</ele><time>2026-01-15T12:13:58Z</time><extensions><speed>2.982502</speed><course>1.697060</course><hAcc>2.187283</hAcc><vAcc>1.679137</vAcc></extensions></trkpt>
      <trkpt lon="121.343520" lat="31.236333"><ele>7.985599</ele><time>2026-01-15T12:13:59Z</time><extensions><speed>2.957061</speed><course>2.247418</course><hAcc>2.116645</hAcc><vAcc>1.712685</vAcc></extensions></trkpt>
      <trkpt lon="121.343521" lat="31.236359"><ele>8.000626</ele><time>2026-01-15T12:14:00Z</time><extensions><speed>2.931285</speed><course>2.325842</course><hAcc>2.055912</hAcc><vAcc>1.745750</vAcc></extensions></trkpt>
      <trkpt lon="121.343522" lat="31.236386"><ele>8.013584</ele><time>2026-01-15T12:14:01Z</time><extensions><speed>2.957236</speed><course>2.804440</course><hAcc>2.007007</hAcc><vAcc>1.778424</vAcc></extensions></trkpt>
      <trkpt lon="121.343524" lat="31.236412"><ele>8.022126</ele><time>2026-01-15T12:14:02Z</time><extensions><speed>2.927333</speed><course>2.755510</course><hAcc>1.971942</hAcc><vAcc>1.810757</vAcc></extensions></trkpt>
      <trkpt lon="121.343525" lat="31.236438"><ele>8.028520</ele><time>2026-01-15T12:14:03Z</time><extensions><speed>2.906783</speed><course>2.462411</course><hAcc>1.949941</hAcc><vAcc>1.842752</vAcc></extensions></trkpt>
      <trkpt lon="121.343526" lat="31.236464"><ele>8.030469</ele><time>2026-01-15T12:14:04Z</time><extensions><speed>2.886336</speed><course>2.303091</course><hAcc>1.940924</hAcc><vAcc>1.874382</vAcc></extensions></trkpt>
      <trkpt lon="121.343527" lat="31.236490"><ele>8.031428</ele><time>2026-01-15T12:14:05Z</time><extensions><speed>2.807112</speed><course>0.994392</course><hAcc>1.946088</hAcc><vAcc>1.905589</vAcc></extensions></trkpt>
      <trkpt lon="121.343527" lat="31.236515"><ele>8.030539</ele><time>2026-01-15T12:14:06Z</time><extensions><speed>2.745732</speed><course>359.481943</course><hAcc>1.964521</hAcc><vAcc>1.936288</vAcc></extensions></trkpt>
      <trkpt lon="121.343527" lat="31.236539"><ele>8.028198</ele><time>2026-01-15T12:14:07Z</time><extensions><speed>2.712913</speed><course>357.274470</course><hAcc>1.996170</hAcc><vAcc>1.966377</vAcc></extensions></trkpt>
      <trkpt lon="121.343526" lat="31.236564"><ele>8.026069</ele><time>2026-01-15T12:14:08Z</time><extensions><speed>2.727277</speed><course>358.383638</course><hAcc>2.039262</hAcc><vAcc>1.995744</vAcc></extensions></trkpt>
      <trkpt lon="121.343525" lat="31.236588"><ele>8.024061</ele><time>2026-01-15T12:14:09Z</time><extensions><speed>2.749326</speed><course>0.189405</course><hAcc>2.088920</hAcc><vAcc>2.024276</vAcc></extensions></trkpt>
      <trkpt lon="121.343526" lat="31.236613"><ele>8.020390</ele><time>2026-01-15T12:14:10Z</time><extensions><speed>2.750195</speed><course>1.652063</course><hAcc>2.141869</hAcc><vAcc>2.051856</vAcc></extensions></trkpt>
      <trkpt lon="121.343527" lat="31.236638"><ele>8.018614</ele><time>2026-01-15T12:14:11Z</time><extensions><speed>2.767199</speed><course>3.181557</course><hAcc>2.193828</hAcc><vAcc>2.078392</vAcc></extensions></trkpt>
      <trkpt lon="121.343529" lat="31.236663"><ele>8.018237</ele><time>2026-01-15T12:14:12Z</time><extensions><speed>2.771419</speed><course>3.313654</course><hAcc>2.240990</hAcc><vAcc>2.103821</vAcc></extensions></trkpt>
      <trkpt lon="121.343530" lat="31.236688"><ele>8.020480</ele><time>2026-01-15T12:14:13Z</time><extensions><speed>2.843660</speed><course>3.419973</course><hAcc>2.280532</hAcc><vAcc>2.128098</vAcc></extensions></trkpt>
      <trkpt lon="121.343532" lat="31.236714"><ele>8.024859</ele><time>2026-01-15T12:14:14Z</time><extensions><speed>2.904303</speed><course>2.523156</course><hAcc>2.310623</hAcc><vAcc>2.151216</vAcc></extensions></trkpt>
      <trkpt lon="121.343533" lat="31.236740"><ele>8.032931</ele><time>2026-01-15T12:14:15Z</time><extensions><speed>2.869848</speed><course>3.449361</course><hAcc>2.332427</hAcc><vAcc>2.173175</vAcc></extensions></trkpt>
      <trkpt lon="121.343535" lat="31.236765"><ele>8.044788</ele><time>2026-01-15T12:14:16Z</time><extensions><speed>2.800041</speed><course>3.876915</course><hAcc>2.348084</hAcc><vAcc>2.193985</vAcc></extensions></trkpt>
      <trkpt lon="121.343537" lat="31.236790"><ele>8.060903</ele><time>2026-01-15T12:14:17Z</time><extensions><speed>2.698302</speed><course>4.147638</course><hAcc>2.357589</hAcc><vAcc>2.213656</vAcc></extensions></trkpt>
      <trkpt lon="121.343539" lat="31.236814"><ele>8.079935</ele><time>2026-01-15T12:14:18Z</time><extensions><speed>2.639103</speed><course>4.292194</course><hAcc>2.358757</hAcc><vAcc>2.232188</vAcc></extensions></trkpt>
      <trkpt lon="121.343542" lat="31.236837"><ele>8.103938</ele><time>2026-01-15T12:14:19Z</time><extensions><speed>2.633142</speed><course>4.831780</course><hAcc>2.352702</hAcc><vAcc>2.249578</vAcc></extensions></trkpt>
      <trkpt lon="121.343544" lat="31.236861"><ele>8.130624</ele><time>2026-01-15T12:14:20Z</time><extensions><speed>2.621583</speed><course>4.484290</course><hAcc>2.341113</hAcc><vAcc>2.265831</vAcc></extensions></trkpt>
      <trkpt lon="121.343546" lat="31.236885"><ele>8.162061</ele><time>2026-01-15T12:14:21Z</time><extensions><speed>2.680305</speed><course>3.882394</course><hAcc>2.327338</hAcc><vAcc>2.280955</vAcc></extensions></trkpt>
      <trkpt lon="121.343548" lat="31.236909"><ele>8.196846</ele><time>2026-01-15T12:14:22Z</time><extensions><speed>2.720231</speed><course>3.594616</course><hAcc>2.315375</hAcc><vAcc>2.294967</vAcc></extensions></trkpt>
      <trkpt lon="121.343549" lat="31.236934"><ele>8.236580</ele><time>2026-01-15T12:14:23Z</time><extensions><speed>2.725447</speed><course>3.076622</course><hAcc>2.308017</hAcc><vAcc>2.307893</vAcc></extensions></trkpt>
      <trkpt lon="121.343551" lat="31.236958"><ele>8.278656</ele><time>2026-01-15T12:14:24Z</time><extensions><speed>2.743364</speed><course>2.954030</course><hAcc>2.306396</hAcc><vAcc>2.319760</vAcc></extensions></trkpt>
      <trkpt lon="121.343552" lat="31.236983"><ele>8.325045</ele><time>2026-01-15T12:14:25Z</time><extensions><speed>2.742181</speed><course>2.042117</course><hAcc>2.307678</hAcc><vAcc>2.330612</vAcc></extensions></trkpt>
      <trkpt lon="121.343553" lat="31.237008"><ele>8.375745</ele><time>2026-01-15T12:14:26Z</time><extensions><speed>2.762545</speed><course>2.135668</course><hAcc>2.306964</hAcc><vAcc>2.340487</vAcc></extensions></trkpt>
      <trkpt lon="121.343554" lat="31.237033"><ele>8.427534</ele><time>2026-01-15T12:14:27Z</time><extensions><speed>2.825404</speed><course>2.842346</course><hAcc>2.302274</hAcc><vAcc>2.349427</vAcc></extensions></trkpt>
      <trkpt lon="121.343556" lat="31.237058"><ele>8.482606</ele><time>2026-01-15T12:14:28Z</time><extensions><speed>2.864972</speed><course>3.361574</course><hAcc>2.291476</hAcc><vAcc>2.357473</vAcc></extensions></trkpt>
      <trkpt lon="121.343558" lat="31.237084"><ele>8.540455</ele><time>2026-01-15T12:14:29Z</time><extensions><speed>2.912524</speed><course>4.051903</course><hAcc>2.272705</hAcc><vAcc>2.364658</vAcc></extensions></trkpt>
      <trkpt lon="121.343560" lat="31.237111"><ele>8.599485</ele><time>2026-01-15T12:14:30Z</time><extensions><speed>2.943697</speed><course>4.895289</course><hAcc>2.251076</hAcc><vAcc>2.371011</vAcc></extensions></trkpt>
      <trkpt lon="121.343563" lat="31.237137"><ele>8.661901</ele><time>2026-01-15T12:14:31Z</time><extensions><speed>2.943499</speed><course>5.280277</course><hAcc>2.232374</hAcc><vAcc>2.376561</vAcc></extensions></trkpt>
      <trkpt lon="121.343566" lat="31.237163"><ele>8.726011</ele><time>2026-01-15T12:14:32Z</time><extensions><speed>2.966841</speed><course>5.918329</course><hAcc>2.218964</hAcc><vAcc>2.381326</vAcc></extensions></trkpt>
      <trkpt lon="121.343570" lat="31.237190"><ele>8.791179</ele><time>2026-01-15T12:14:33Z</time><extensions><speed>2.963511</speed><course>6.434665</course><hAcc>2.209561</hAcc><vAcc>2.385320</vAcc></extensions></trkpt>
      <trkpt lon="121.343573" lat="31.237217"><ele>8.856695</ele><time>2026-01-15T12:14:34Z</time><extensions><speed>2.989873</speed><course>6.644175</course><hAcc>2.205031</hAcc><vAcc>2.388553</vAcc></extensions></trkpt>
      <trkpt lon="121.343577" lat="31.237244"><ele>8.922652</ele><time>2026-01-15T12:14:35Z</time><extensions><speed>3.018401</speed><course>7.444020</course><hAcc>2.213140</hAcc><vAcc>2.391045</vAcc></extensions></trkpt>
      <trkpt lon="121.343581" lat="31.237270"><ele>8.989125</ele><time>2026-01-15T12:14:36Z</time><extensions><speed>3.004506</speed><course>7.910826</course><hAcc>2.240056</hAcc><vAcc>2.392818</vAcc></extensions></trkpt>
      <trkpt lon="121.343586" lat="31.237297"><ele>9.056248</ele><time>2026-01-15T12:14:37Z</time><extensions><speed>3.007204</speed><course>8.073390</course><hAcc>2.286054</hAcc><vAcc>2.393902</vAcc></extensions></trkpt>
      <trkpt lon="121.343590" lat="31.237324"><ele>9.122977</ele><time>2026-01-15T12:14:38Z</time><extensions><speed>2.980816</speed><course>8.137096</course><hAcc>2.345849</hAcc><vAcc>2.394332</vAcc></extensions></trkpt>
      <trkpt lon="121.343594" lat="31.237350"><ele>9.190179</ele><time>2026-01-15T12:14:39Z</time><extensions><speed>2.942054</speed><course>7.432152</course><hAcc>2.414142</hAcc><vAcc>2.394147</vAcc></extensions></trkpt>
      <trkpt lon="121.343598" lat="31.237377"><ele>9.256245</ele><time>2026-01-15T12:14:40Z</time><extensions><speed>2.930320</speed><course>7.105405</course><hAcc>2.487385</hAcc><vAcc>2.393397</vAcc></extensions></trkpt>
      <trkpt lon="121.343602" lat="31.237403"><ele>9.322864</ele><time>2026-01-15T12:14:41Z</time><extensions><speed>2.889558</speed><course>6.950382</course><hAcc>2.562033</hAcc><vAcc>2.392134</vAcc></extensions></trkpt>
      <trkpt lon="121.343606" lat="31.237429"><ele>9.390000</ele><time>2026-01-15T12:14:42Z</time><extensions><speed>2.882241</speed><course>6.715916</course><hAcc>2.634232</hAcc><vAcc>2.390421</vAcc></extensions></trkpt>
      <trkpt lon="121.343609" lat="31.237455"><ele>9.455333</ele><time>2026-01-15T12:14:43Z</time><extensions><speed>2.880325</speed><course>6.620916</course><hAcc>2.704562</hAcc><vAcc>2.388319</vAcc></extensions></trkpt>
      <trkpt lon="121.343612" lat="31.237480"><ele>9.521530</ele><time>2026-01-15T12:14:44Z</time><extensions><speed>2.862152</speed><course>5.706533</course><hAcc>2.772201</hAcc><vAcc>2.385895</vAcc></extensions></trkpt>
      <trkpt lon="121.343615" lat="31.237506"><ele>9.586679</ele><time>2026-01-15T12:14:45Z</time><extensions><speed>2.899546</speed><course>4.872640</course><hAcc>2.837720</hAcc><vAcc>2.383222</vAcc></extensions></trkpt>
      <trkpt lon="121.343618" lat="31.237532"><ele>9.650993</ele><time>2026-01-15T12:14:46Z</time><extensions><speed>2.918248</speed><course>4.706894</course><hAcc>2.900915</hAcc><vAcc>2.380372</vAcc></extensions></trkpt>
      <trkpt lon="121.343620" lat="31.237559"><ele>9.714106</ele><time>2026-01-15T12:14:47Z</time><extensions><speed>2.931798</speed><course>4.540317</course><hAcc>2.959595</hAcc><vAcc>2.377410</vAcc></extensions></trkpt>
      <trkpt lon="121.343623" lat="31.237585"><ele>9.776457</ele><time>2026-01-15T12:14:48Z</time><extensions><speed>2.966721</speed><course>4.958495</course><hAcc>3.011608</hAcc><vAcc>2.374411</vAcc></extensions></trkpt>
      <trkpt lon="121.343626" lat="31.237612"><ele>9.837300</ele><time>2026-01-15T12:14:49Z</time><extensions><speed>2.954448</speed><course>5.348431</course><hAcc>3.059179</hAcc><vAcc>2.371435</vAcc></extensions></trkpt>
      <trkpt lon="121.343629" lat="31.237638"><ele>9.895885</ele><time>2026-01-15T12:14:50Z</time><extensions><speed>2.947159</speed><course>6.021486</course><hAcc>3.104382</hAcc><vAcc>2.368542</vAcc></extensions></trkpt>
      <trkpt lon="121.343632" lat="31.237665"><ele>9.954947</ele><time>2026-01-15T12:14:51Z</time><extensions><speed>2.924882</speed><course>5.751373</course><hAcc>3.147097</hAcc><vAcc>2.365786</vAcc></extensions></trkpt>
      <trkpt lon="121.343635" lat="31.237691"><ele>10.013106</ele><time>2026-01-15T12:14:52Z</time><extensions><speed>2.938997</speed><course>5.258980</course><hAcc>3.186656</hAcc><vAcc>2.363212</vAcc></extensions></trkpt>
      <trkpt lon="121.343638" lat="31.237718"><ele>10.071060</ele><time>2026-01-15T12:14:53Z</time><extensions><speed>2.975443</speed><course>4.714522</course><hAcc>3.223108</hAcc><vAcc>2.360854</vAcc></extensions></trkpt>
      <trkpt lon="121.343640" lat="31.237745"><ele>10.128239</ele><time>2026-01-15T12:14:54Z</time><extensions><speed>2.971159</speed><course>3.901944</course><hAcc>3.257371</hAcc><vAcc>2.358741</vAcc></extensions></trkpt>
      <trkpt lon="121.343642" lat="31.237771"><ele>10.184898</ele><time>2026-01-15T12:14:55Z</time><extensions><speed>2.941854</speed><course>3.940363</course><hAcc>3.289520</hAcc><vAcc>2.356885</vAcc></extensions></trkpt>
      <trkpt lon="121.343645" lat="31.237798"><ele>10.240897</ele><time>2026-01-15T12:14:56Z</time><extensions><speed>2.869749</speed><course>5.018842</course><hAcc>3.319635</hAcc><vAcc>2.355291</vAcc></extensions></trkpt>
      <trkpt lon="121.343648" lat="31.237823"><ele>10.297161</ele><time>2026-01-15T12:14:57Z</time><extensions><speed>2.806641</speed><course>6.036003</course><hAcc>3.347531</hAcc><vAcc>2.353945</vAcc></extensions></trkpt>
      <trkpt lon="121.343651" lat="31.237848"><ele>10.353279</ele><time>2026-01-15T12:14:58Z</time><extensions><speed>2.796198</speed><course>7.599737</course><hAcc>3.374415</hAcc><vAcc>2.352825</vAcc></extensions></trkpt>
      <trkpt lon="121.343656" lat="31.237873"><ele>10.409911</ele><time>2026-01-15T12:14:59Z</time><extensions><speed>2.767444</speed><course>9.519897</course><hAcc>3.400072</hAcc><vAcc>2.351905</vAcc></extensions></trkpt>
      <trkpt lon="121.343661" lat="31.237898"><ele>10.467664</ele><time>2026-01-15T12:15:00Z</time><extensions><speed>2.804758</speed><course>12.145809</course><hAcc>3.423193</hAcc><vAcc>2.351144</vAcc></extensions></trkpt>
      <trkpt lon="121.343668" lat="31.237922"><ele>10.524913</ele><time>2026-01-15T12:15:01Z</time><extensions><speed>2.813743</speed><course>15.975599</course><hAcc>3.444735</hAcc><vAcc>2.350507</vAcc></extensions></trkpt>
      <trkpt lon="121.343677" lat="31.237946"><ele>10.582480</ele><time>2026-01-15T12:15:02Z</time><extensions><speed>2.721246</speed><course>20.567918</course><hAcc>3.464535</hAcc><vAcc>2.349960</vAcc></extensions></trkpt>
      <trkpt lon="121.343688" lat="31.237968"><ele>10.640313</ele><time>2026-01-15T12:15:03Z</time><extensions><speed>2.618308</speed><course>24.761762</course><hAcc>3.481246</hAcc><vAcc>2.349478</vAcc></extensions></trkpt>
      <trkpt lon="121.343700" lat="31.237989"><ele>10.698397</ele><time>2026-01-15T12:15:04Z</time><extensions><speed>2.509890</speed><course>27.917719</course><hAcc>3.496536</hAcc><vAcc>2.349037</vAcc></extensions></trkpt>
      <trkpt lon="121.343713" lat="31.238008"><ele>10.755907</ele><time>2026-01-15T12:15:05Z</time><extensions><speed>2.533924</speed><course>29.139914</course><hAcc>3.507820</hAcc><vAcc>2.348625</vAcc></extensions></trkpt>
      <trkpt lon="121.343726" lat="31.238029"><ele>10.812427</ele><time>2026-01-15T12:15:06Z</time><extensions><speed>2.632312</speed><course>28.175579</course><hAcc>3.517783</hAcc><vAcc>2.348226</vAcc></extensions></trkpt>
      <trkpt lon="121.343738" lat="31.238050"><ele>10.867841</ele><time>2026-01-15T12:15:07Z</time><extensions><speed>2.697448</speed><course>25.306416</course><hAcc>3.527100</hAcc><vAcc>2.347830</vAcc></extensions></trkpt>
      <trkpt lon="121.343749" lat="31.238073"><ele>10.922259</ele><time>2026-01-15T12:15:08Z</time><extensions><speed>2.769454</speed><course>21.828574</course><hAcc>3.534531</hAcc><vAcc>2.347427</vAcc></extensions></trkpt>
      <trkpt lon="121.343760" lat="31.238096"><ele>10.974997</ele><time>2026-01-15T12:15:09Z</time><extensions><speed>2.798100</speed><course>19.052056</course><hAcc>3.540477</hAcc><vAcc>2.347006</vAcc></extensions></trkpt>
      <trkpt lon="121.343769" lat="31.238120"><ele>11.026079</ele><time>2026-01-15T12:15:10Z</time><extensions><speed>2.840468</speed><course>16.640080</course><hAcc>3.544803</hAcc><vAcc>2.346557</vAcc></extensions></trkpt>
      <trkpt lon="121.343777" lat="31.238145"><ele>11.074737</ele><time>2026-01-15T12:15:11Z</time><extensions><speed>2.914488</speed><course>14.502018</course><hAcc>3.547523</hAcc><vAcc>2.346064</vAcc></extensions></trkpt>
      <trkpt lon="121.343784" lat="31.238171"><ele>11.121182</ele><time>2026-01-15T12:15:12Z</time><extensions><speed>2.921747</speed><course>12.854061</course><hAcc>3.550737</hAcc><vAcc>2.345513</vAcc></extensions></trkpt>
      <trkpt lon="121.343790" lat="31.238196"><ele>11.164502</ele><time>2026-01-15T12:15:13Z</time><extensions><speed>2.901955</speed><course>11.080599</course><hAcc>3.555761</hAcc><vAcc>2.344885</vAcc></extensions></trkpt>
      <trkpt lon="121.343796" lat="31.238222"><ele>11.204758</ele><time>2026-01-15T12:15:14Z</time><extensions><speed>2.852291</speed><course>10.042484</course><hAcc>3.561463</hAcc><vAcc>2.344163</vAcc></extensions></trkpt>
      <trkpt lon="121.343801" lat="31.238247"><ele>11.240678</ele><time>2026-01-15T12:15:15Z</time><extensions><speed>2.821611</speed><course>8.531731</course><hAcc>3.567074</hAcc><vAcc>2.343327</vAcc></extensions></trkpt>
      <trkpt lon="121.343805" lat="31.238272"><ele>11.272117</ele><time>2026-01-15T12:15:16Z</time><extensions><speed>2.837539</speed><course>7.315200</course><hAcc>3.569750</hAcc><vAcc>2.342356</vAcc></extensions></trkpt>
      <trkpt lon="121.343808" lat="31.238298"><ele>11.299412</ele><time>2026-01-15T12:15:17Z</time><extensions><speed>2.846280</speed><course>7.159012</course><hAcc>3.568655</hAcc><vAcc>2.341228</vAcc></extensions></trkpt>
      <trkpt lon="121.343812" lat="31.238323"><ele>11.320567</ele><time>2026-01-15T12:15:18Z</time><extensions><speed>2.873506</speed><course>6.778879</course><hAcc>3.565797</hAcc><vAcc>2.339926</vAcc></extensions></trkpt>
      <trkpt lon="121.343816" lat="31.238349"><ele>11.336556</ele><time>2026-01-15T12:15:19Z</time><extensions><speed>2.883332</speed><course>6.904348</course><hAcc>3.561495</hAcc><vAcc>2.338443</vAcc></extensions></trkpt>
      <trkpt lon="121.343820" lat="31.238375"><ele>11.346393</ele><time>2026-01-15T12:15:20Z</time><extensions><speed>2.867854</speed><course>7.626726</course><hAcc>3.555056</hAcc><vAcc>2.336771</vAcc></extensions></trkpt>
      <trkpt lon="121.343824" lat="31.238400"><ele>11.350753</ele><time>2026-01-15T12:15:21Z</time><extensions><speed>2.876578</speed><course>8.063495</course><hAcc>3.546745</hAcc><vAcc>2.334920</vAcc></extensions></trkpt>
      <trkpt lon="121.343828" lat="31.238426"><ele>11.348424</ele><time>2026-01-15T12:15:22Z</time><extensions><speed>2.850726</speed><course>9.428153</course><hAcc>3.536197</hAcc><vAcc>2.332893</vAcc></extensions></trkpt>
      <trkpt lon="121.343833" lat="31.238451"><ele>11.339993</ele><time>2026-01-15T12:15:23Z</time><extensions><speed>2.834301</speed><course>10.511687</course><hAcc>3.523399</hAcc><vAcc>2.330696</vAcc></extensions></trkpt>
      <trkpt lon="121.343839" lat="31.238476"><ele>11.324839</ele><time>2026-01-15T12:15:24Z</time><extensions><speed>2.836921</speed><course>11.014324</course><hAcc>3.508916</hAcc><vAcc>2.328338</vAcc></extensions></trkpt>
      <trkpt lon="121.343844" lat="31.238501"><ele>11.303968</ele><time>2026-01-15T12:15:25Z</time><extensions><speed>2.814570</speed><course>10.665877</course><hAcc>3.494543</hAcc><vAcc>2.325833</vAcc></extensions></trkpt>
      <trkpt lon="121.343850" lat="31.238526"><ele>11.275637</ele><time>2026-01-15T12:15:26Z</time><extensions><speed>2.838940</speed><course>9.526897</course><hAcc>3.479554</hAcc><vAcc>2.323198</vAcc></extensions></trkpt>
      <trkpt lon="121.343854" lat="31.238551"><ele>11.241744</ele><time>2026-01-15T12:15:27Z</time><extensions><speed>2.836393</speed><course>8.963678</course><hAcc>3.462955</hAcc><vAcc>2.320451</vAcc></extensions></trkpt>
      <trkpt lon="121.343859" lat="31.238576"><ele>11.200898</ele><time>2026-01-15T12:15:28Z</time><extensions><speed>2.818995</speed><course>8.686137</course><hAcc>3.445350</hAcc><vAcc>2.317615</vAcc></extensions></trkpt>
      <trkpt lon="121.343863" lat="31.238601"><ele>11.154874</ele><time>2026-01-15T12:15:29Z</time><extensions><speed>2.842824</speed><course>8.151668</course><hAcc>3.426768</hAcc><vAcc>2.314711</vAcc></extensions></trkpt>
      <trkpt lon="121.343867" lat="31.238627"><ele>11.102484</ele><time>2026-01-15T12:15:30Z</time><extensions><speed>2.845424</speed><course>8.078233</course><hAcc>3.407449</hAcc><vAcc>2.311764</vAcc></extensions></trkpt>
      <trkpt lon="121.343871" lat="31.238652"><ele>11.044441</ele><time>2026-01-15T12:15:31Z</time><extensions><speed>2.845167</speed><course>6.628765</course><hAcc>3.387223</hAcc><vAcc>2.308800</vAcc></extensions></trkpt>
      <trkpt lon="121.343874" lat="31.238677"><ele>10.979994</ele><time>2026-01-15T12:15:32Z</time><extensions><speed>2.779608</speed><course>4.601175</course><hAcc>3.365929</hAcc><vAcc>2.305844</vAcc></extensions></trkpt>
      <trkpt lon="121.343876" lat="31.238702"><ele>10.909659</ele><time>2026-01-15T12:15:33Z</time><extensions><speed>2.681551</speed><course>1.558953</course><hAcc>3.340910</hAcc><vAcc>2.302923</vAcc></extensions></trkpt>
      <trkpt lon="121.343875" lat="31.238726"><ele>10.834390</ele><time>2026-01-15T12:15:34Z</time><extensions><speed>2.680388</speed><course>355.881701</course><hAcc>3.310528</hAcc><vAcc>2.300064</vAcc></extensions></trkpt>
      <trkpt lon="121.343873" lat="31.238750"><ele>10.753280</ele><time>2026-01-15T12:15:35Z</time><extensions><speed>2.717733</speed><course>356.916108</course><hAcc>3.276971</hAcc><vAcc>2.297291</vAcc></extensions></trkpt>
      <trkpt lon="121.343873" lat="31.238775"><ele>10.667403</ele><time>2026-01-15T12:15:36Z</time><extensions><speed>2.765681</speed><course>2.997405</course><hAcc>3.242257</hAcc><vAcc>2.294629</vAcc></extensions></trkpt>
      <trkpt lon="121.343876" lat="31.238799"><ele>10.576840</ele><time>2026-01-15T12:15:37Z</time><extensions><speed>2.788537</speed><course>6.875146</course><hAcc>3.206423</hAcc><vAcc>2.292098</vAcc></extensions></trkpt>
      <trkpt lon="121.343880" lat="31.238824"><ele>10.481745</ele><time>2026-01-15T12:15:38Z</time><extensions><speed>2.811258</speed><course>8.675053</course><hAcc>3.168728</hAcc><vAcc>2.289708</vAcc></extensions></trkpt>
      <trkpt lon="121.343884" lat="31.238850"><ele>10.382861</ele><time>2026-01-15T12:15:39Z</time><extensions><speed>2.879787</speed><course>9.527362</course><hAcc>3.128693</hAcc><vAcc>2.287461</vAcc></extensions></trkpt>
      <trkpt lon="121.343890" lat="31.238875"><ele>10.280196</ele><time>2026-01-15T12:15:40Z</time><extensions><speed>2.881658</speed><course>11.489870</course><hAcc>3.085310</hAcc><vAcc>2.285343</vAcc></extensions></trkpt>
      <trkpt lon="121.343896" lat="31.238901"><ele>10.174504</ele><time>2026-01-15T12:15:41Z</time><extensions><speed>2.911304</speed><course>12.067982</course><hAcc>3.034219</hAcc><vAcc>2.283335</vAcc></extensions></trkpt>
      <trkpt lon="121.343903" lat="31.238926"><ele>10.066032</ele><time>2026-01-15T12:15:42Z</time><extensions><speed>2.960454</speed><course>11.847277</course><hAcc>2.975365</hAcc><vAcc>2.281409</vAcc></extensions></trkpt>
      <trkpt lon="121.343909" lat="31.238952"><ele>9.955166</ele><time>2026-01-15T12:15:43Z</time><extensions><speed>2.967299</speed><course>12.150677</course><hAcc>2.909197</hAcc><vAcc>2.279535</vAcc></extensions></trkpt>
      <trkpt lon="121.343915" lat="31.238979"><ele>9.842155</ele><time>2026-01-15T12:15:44Z</time><extensions><speed>2.974260</speed><course>12.018455</course><hAcc>2.839877</hAcc><vAcc>2.277680</vAcc></extensions></trkpt>
      <trkpt lon="121.343922" lat="31.239004"><ele>9.727280</ele><time>2026-01-15T12:15:45Z</time><extensions><speed>2.902590</speed><course>11.489201</course><hAcc>2.771630</hAcc><vAcc>2.275814</vAcc></extensions></trkpt>
      <trkpt lon="121.343928" lat="31.239029"><ele>9.610902</ele><time>2026-01-15T12:15:46Z</time><extensions><speed>2.779780</speed><course>11.131419</course><hAcc>2.704636</hAcc><vAcc>2.273907</vAcc></extensions></trkpt>
      <trkpt lon="121.343933" lat="31.239054"><ele>9.493237</ele><time>2026-01-15T12:15:47Z</time><extensions><speed>2.716012</speed><course>9.863255</course><hAcc>2.634587</hAcc><vAcc>2.271929</vAcc></extensions></trkpt>
      <trkpt lon="121.343937" lat="31.239078"><ele>9.374631</ele><time>2026-01-15T12:15:48Z</time><extensions><speed>2.692316</speed><course>8.608894</course><hAcc>2.558544</hAcc><vAcc>2.269857</vAcc></extensions></trkpt>
      <trkpt lon="121.343941" lat="31.239102"><ele>9.255034</ele><time>2026-01-15T12:15:49Z</time><extensions><speed>2.686562</speed><course>7.109227</course><hAcc>2.477625</hAcc><vAcc>2.267667</vAcc></extensions></trkpt>
      <trkpt lon="121.343944" lat="31.239126"><ele>9.134856</ele><time>2026-01-15T12:15:50Z</time><extensions><speed>2.677758</speed><course>4.958593</course><hAcc>2.394029</hAcc><vAcc>2.265342</vAcc></extensions></trkpt>
      <trkpt lon="121.343946" lat="31.239150"><ele>9.014267</ele><time>2026-01-15T12:15:51Z</time><extensions><speed>2.663274</speed><course>1.629852</course><hAcc>2.309280</hAcc><vAcc>2.262864</vAcc></extensions></trkpt>
      <trkpt lon="121.343947" lat="31.239173"><ele>8.893280</ele><time>2026-01-15T12:15:52Z</time><extensions><speed>2.588431</speed><course>2.157208</course><hAcc>2.226797</hAcc><vAcc>2.260216</vAcc></extensions></trkpt>
      <trkpt lon="121.343948" lat="31.239196"><ele>8.772533</ele><time>2026-01-15T12:15:53Z</time><extensions><speed>2.494368</speed><course>2.362866</course><hAcc>2.146601</hAcc><vAcc>2.257371</vAcc></extensions></trkpt>
      <trkpt lon="121.343949" lat="31.239218"><ele>8.652253</ele><time>2026-01-15T12:15:54Z</time><extensions><speed>2.461391</speed><course>3.326483</course><hAcc>2.069400</hAcc><vAcc>2.254284</vAcc></extensions></trkpt>
      <trkpt lon="121.343951" lat="31.239241"><ele>8.532785</ele><time>2026-01-15T12:15:55Z</time><extensions><speed>2.580991</speed><course>5.575528</course><hAcc>1.997234</hAcc><vAcc>2.250897</vAcc></extensions></trkpt>
      <trkpt lon="121.343955" lat="31.239265"><ele>8.414495</ele><time>2026-01-15T12:15:56Z</time><extensions><speed>2.723164</speed><course>9.657028</course><hAcc>1.936317</hAcc><vAcc>2.247137</vAcc></extensions></trkpt>
      <trkpt lon="121.343960" lat="31.239289"><ele>8.296968</ele><time>2026-01-15T12:15:57Z</time><extensions><speed>2.822065</speed><course>11.764263</course><hAcc>1.887536</hAcc><vAcc>2.242934</vAcc></extensions></trkpt>
      <trkpt lon="121.343967" lat="31.239314"><ele>8.180994</ele><time>2026-01-15T12:15:58Z</time><extensions><speed>2.901785</speed><course>12.774544</course><hAcc>1.850810</hAcc><vAcc>2.238223</vAcc></extensions></trkpt>
      <trkpt lon="121.343973" lat="31.239340"><ele>8.066809</ele><time>2026-01-15T12:15:59Z</time><extensions><speed>2.955840</speed><course>12.651812</course><hAcc>1.822963</hAcc><vAcc>2.232950</vAcc></extensions></trkpt>
      <trkpt lon="121.343980" lat="31.239366"><ele>7.954500</ele><time>2026-01-15T12:16:00Z</time><extensions><speed>2.950794</speed><course>12.334435</course><hAcc>1.802651</hAcc><vAcc>2.227078</vAcc></extensions></trkpt>
      <trkpt lon="121.343986" lat="31.239392"><ele>7.844257</ele><time>2026-01-15T12:16:01Z</time><extensions><speed>2.916552</speed><course>11.439498</course><hAcc>1.789223</hAcc><vAcc>2.220576</vAcc></extensions></trkpt>
      <trkpt lon="121.343992" lat="31.239417"><ele>7.736190</ele><time>2026-01-15T12:16:02Z</time><extensions><speed>2.860629</speed><course>10.114888</course><hAcc>1.781306</hAcc><vAcc>2.213429</vAcc></extensions></trkpt>
      <trkpt lon="121.343997" lat="31.239442"><ele>7.630629</ele><time>2026-01-15T12:16:03Z</time><extensions><speed>2.802607</speed><course>9.173401</course><hAcc>1.777132</hAcc><vAcc>2.205632</vAcc></extensions></trkpt>
      <trkpt lon="121.344001" lat="31.239467"><ele>7.527401</ele><time>2026-01-15T12:16:04Z</time><extensions><speed>2.847238</speed><course>8.144518</course><hAcc>1.775166</hAcc><vAcc>2.197195</vAcc></extensions></trkpt>
      <trkpt lon="121.344006" lat="31.239493"><ele>7.426774</ele><time>2026-01-15T12:16:05Z</time><extensions><speed>2.876019</speed><course>7.853794</course><hAcc>1.772187</hAcc><vAcc>2.188144</vAcc></extensions></trkpt>
      <trkpt lon="121.344010" lat="31.239519"><ele>7.328462</ele><time>2026-01-15T12:16:06Z</time><extensions><speed>2.930434</speed><course>8.576375</course><hAcc>1.768684</hAcc><vAcc>2.178516</vAcc></extensions></trkpt>
      <trkpt lon="121.344015" lat="31.239545"><ele>7.232503</ele><time>2026-01-15T12:16:07Z</time><extensions><speed>3.021945</speed><course>9.238120</course><hAcc>1.765745</hAcc><vAcc>2.168364</vAcc></extensions></trkpt>
      <trkpt lon="121.344020" lat="31.239572"><ele>7.139490</ele><time>2026-01-15T12:16:08Z</time><extensions><speed>3.052035</speed><course>10.344957</course><hAcc>1.765066</hAcc><vAcc>2.157752</vAcc></extensions></trkpt>
      <trkpt lon="121.344026" lat="31.239599"><ele>7.049135</ele><time>2026-01-15T12:16:09Z</time><extensions><speed>3.064339</speed><course>10.925395</course><hAcc>1.766187</hAcc><vAcc>2.146751</vAcc></extensions></trkpt>
      <trkpt lon="121.344032" lat="31.239626"><ele>6.961929</ele><time>2026-01-15T12:16:10Z</time><extensions><speed>3.032576</speed><course>11.105250</course><hAcc>1.766436</hAcc><vAcc>2.135445</vAcc></extensions></trkpt>
      <trkpt lon="121.344038" lat="31.239653"><ele>6.877588</ele><time>2026-01-15T12:16:11Z</time><extensions><speed>3.012634</speed><course>11.435105</course><hAcc>1.766090</hAcc><vAcc>2.123917</vAcc></extensions></trkpt>
      <trkpt lon="121.344044" lat="31.239679"><ele>6.796147</ele><time>2026-01-15T12:16:12Z</time><extensions><speed>3.008922</speed><course>11.110099</course><hAcc>1.765332</hAcc><vAcc>2.112255</vAcc></extensions></trkpt>
      <trkpt lon="121.344050" lat="31.239706"><ele>6.717701</ele><time>2026-01-15T12:16:13Z</time><extensions><speed>2.978435</speed><course>11.024589</course><hAcc>1.765898</hAcc><vAcc>2.100546</vAcc></extensions></trkpt>
      <trkpt lon="121.344056" lat="31.239732"><ele>6.642366</ele><time>2026-01-15T12:16:14Z</time><extensions><speed>2.968769</speed><course>10.654786</course><hAcc>1.767765</hAcc><vAcc>2.088882</vAcc></extensions></trkpt>
      <trkpt lon="121.344062" lat="31.239758"><ele>6.569419</ele><time>2026-01-15T12:16:15Z</time><extensions><speed>2.950704</speed><course>10.496271</course><hAcc>1.768979</hAcc><vAcc>2.077355</vAcc></extensions></trkpt>
      <trkpt lon="121.344068" lat="31.239784"><ele>6.499242</ele><time>2026-01-15T12:16:16Z</time><extensions><speed>2.999852</speed><course>10.585540</course><hAcc>1.768875</hAcc><vAcc>2.066054</vAcc></extensions></trkpt>
      <trkpt lon="121.344073" lat="31.239811"><ele>6.431626</ele><time>2026-01-15T12:16:17Z</time><extensions><speed>3.007377</speed><course>10.270713</course><hAcc>1.768797</hAcc><vAcc>2.055060</vAcc></extensions></trkpt>
      <trkpt lon="121.344079" lat="31.239837"><ele>6.366775</ele><time>2026-01-15T12:16:18Z</time><extensions><speed>3.016669</speed><course>10.571190</course><hAcc>1.769385</hAcc><vAcc>2.044444</vAcc></extensions></trkpt>
      <trkpt lon="121.344085" lat="31.239864"><ele>6.303902</ele><time>2026-01-15T12:16:19Z</time><extensions><speed>3.027828</speed><course>10.761016</course><hAcc>1.771104</hAcc><vAcc>2.034268</vAcc></extensions></trkpt>
      <trkpt lon="121.344091" lat="31.239891"><ele>6.242982</ele><time>2026-01-15T12:16:20Z</time><extensions><speed>3.041159</speed><course>11.133392</course><hAcc>1.772060</hAcc><vAcc>2.024589</vAcc></extensions></trkpt>
      <trkpt lon="121.344097" lat="31.239918"><ele>6.183880</ele><time>2026-01-15T12:16:21Z</time><extensions><speed>3.039925</speed><course>11.919310</course><hAcc>1.774778</hAcc><vAcc>2.015465</vAcc></extensions></trkpt>
      <trkpt lon="121.344104" lat="31.239944"><ele>6.126068</ele><time>2026-01-15T12:16:22Z</time><extensions><speed>3.030598</speed><course>12.024929</course><hAcc>1.779254</hAcc><vAcc>2.006952</vAcc></extensions></trkpt>
      <trkpt lon="121.344111" lat="31.239971"><ele>6.069486</ele><time>2026-01-15T12:16:23Z</time><extensions><speed>3.027088</speed><course>12.212102</course><hAcc>1.786958</hAcc><vAcc>1.999102</vAcc></extensions></trkpt>
      <trkpt lon="121.344117" lat="31.239998"><ele>6.013953</ele><time>2026-01-15T12:16:24Z</time><extensions><speed>3.032828</speed><course>11.749719</course><hAcc>1.796483</hAcc><vAcc>1.991960</vAcc></extensions></trkpt>
      <trkpt lon="121.344124" lat="31.240024"><ele>5.959036</ele><time>2026-01-15T12:16:25Z</time><extensions><speed>3.014067</speed><course>11.559490</course><hAcc>1.808735</hAcc><vAcc>1.985566</vAcc></extensions></trkpt>
      <trkpt lon="121.344130" lat="31.240051"><ele>5.905236</ele><time>2026-01-15T12:16:26Z</time><extensions><speed>3.022612</speed><course>10.936897</course><hAcc>1.825956</hAcc><vAcc>1.979957</vAcc></extensions></trkpt>
      <trkpt lon="121.344136" lat="31.240078"><ele>5.851672</ele><time>2026-01-15T12:16:27Z</time><extensions><speed>3.019573</speed><course>10.489469</course><hAcc>1.850759</hAcc><vAcc>1.975165</vAcc></extensions></trkpt>
      <trkpt lon="121.344141" lat="31.240104"><ele>5.799171</ele><time>2026-01-15T12:16:28Z</time><extensions><speed>3.004256</speed><course>10.502121</course><hAcc>1.885433</hAcc><vAcc>1.971223</vAcc></extensions></trkpt>
      <trkpt lon="121.344147" lat="31.240131"><ele>5.746621</ele><time>2026-01-15T12:16:29Z</time><extensions><speed>3.007473</speed><course>10.473729</course><hAcc>1.932434</hAcc><vAcc>1.968161</vAcc></extensions></trkpt>
      <trkpt lon="121.344153" lat="31.240157"><ele>5.694921</ele><time>2026-01-15T12:16:30Z</time><extensions><speed>3.007192</speed><course>10.673843</course><hAcc>1.992283</hAcc><vAcc>1.966002</vAcc></extensions></trkpt>
      <trkpt lon="121.344159" lat="31.240184"><ele>5.643220</ele><time>2026-01-15T12:16:31Z</time><extensions><speed>2.961716</speed><course>10.473486</course><hAcc>2.063604</hAcc><vAcc>1.964761</vAcc></extensions></trkpt>
      <trkpt lon="121.344164" lat="31.240210"><ele>5.591839</ele><time>2026-01-15T12:16:32Z</time><extensions><speed>2.971954</speed><course>10.809219</course><hAcc>2.141818</hAcc><vAcc>1.964438</vAcc></extensions></trkpt>
      <trkpt lon="121.344170" lat="31.240236"><ele>5.539948</ele><time>2026-01-15T12:16:33Z</time><extensions><speed>2.991017</speed><course>11.432482</course><hAcc>2.222939</hAcc><vAcc>1.965020</vAcc></extensions></trkpt>
      <trkpt lon="121.344177" lat="31.240263"><ele>5.488796</ele><time>2026-01-15T12:16:34Z</time><extensions><speed>3.039708</speed><course>12.052836</course><hAcc>2.303482</hAcc><vAcc>1.966473</vAcc></extensions></trkpt>
      <trkpt lon="121.344184" lat="31.240289"><ele>5.438039</ele><time>2026-01-15T12:16:35Z</time><extensions><speed>3.031969</speed><course>13.462168</course><hAcc>2.381628</hAcc><vAcc>1.968747</vAcc></extensions></trkpt>
      <trkpt lon="121.344191" lat="31.240316"><ele>5.388182</ele><time>2026-01-15T12:16:36Z</time><extensions><speed>2.996716</speed><course>13.174755</course><hAcc>2.453506</hAcc><vAcc>1.971761</vAcc></extensions></trkpt>
      <trkpt lon="121.344198" lat="31.240342"><ele>5.338793</ele><time>2026-01-15T12:16:37Z</time><extensions><speed>2.949535</speed><course>14.105404</course><hAcc>2.518893</hAcc><vAcc>1.975407</vAcc></extensions></trkpt>
      <trkpt lon="121.344206" lat="31.240368"><ele>5.290614</ele><time>2026-01-15T12:16:38Z</time><extensions><speed>2.953528</speed><course>14.210519</course><hAcc>2.579015</hAcc><vAcc>1.979550</vAcc></extensions></trkpt>
      <trkpt lon="121.344214" lat="31.240393"><ele>5.243449</ele><time>2026-01-15T12:16:39Z</time><extensions><speed>2.985150</speed><course>14.356599</course><hAcc>2.632339</hAcc><vAcc>1.984041</vAcc></extensions></trkpt>
      <trkpt lon="121.344221" lat="31.240419"><ele>5.197805</ele><time>2026-01-15T12:16:40Z</time><extensions><speed>2.940133</speed><course>14.644677</course><hAcc>2.680455</hAcc><vAcc>1.988733</vAcc></extensions></trkpt>
      <trkpt lon="121.344229" lat="31.240445"><ele>5.153656</ele><time>2026-01-15T12:16:41Z</time><extensions><speed>2.897883</speed><course>14.422180</course><hAcc>2.721583</hAcc><vAcc>1.993480</vAcc></extensions></trkpt>
      <trkpt lon="121.344236" lat="31.240470"><ele>5.111745</ele><time>2026-01-15T12:16:42Z</time><extensions><speed>2.860497</speed><course>14.063946</course><hAcc>2.756606</hAcc><vAcc>1.998136</vAcc></extensions></trkpt>
      <trkpt lon="121.344243" lat="31.240495"><ele>5.072258</ele><time>2026-01-15T12:16:43Z</time><extensions><speed>2.862022</speed><course>12.597783</course><hAcc>2.785529</hAcc><vAcc>2.002559</vAcc></extensions></trkpt>
      <trkpt lon="121.344249" lat="31.240520"><ele>5.034287</ele><time>2026-01-15T12:16:44Z</time><extensions><speed>2.904324</speed><course>10.408964</course><hAcc>2.808545</hAcc><vAcc>2.006607</vAcc></extensions></trkpt>
      <trkpt lon="121.344255" lat="31.240546"><ele>4.997819</ele><time>2026-01-15T12:16:45Z</time><extensions><speed>2.875875</speed><course>9.255492</course><hAcc>2.826027</hAcc><vAcc>2.010146</vAcc></extensions></trkpt>
      <trkpt lon="121.344259" lat="31.240571"><ele>4.964037</ele><time>2026-01-15T12:16:46Z</time><extensions><speed>2.861991</speed><course>8.715619</course><hAcc>2.840625</hAcc><vAcc>2.013046</vAcc></extensions></trkpt>
      <trkpt lon="121.344264" lat="31.240596"><ele>4.933114</ele><time>2026-01-15T12:16:47Z</time><extensions><speed>2.818731</speed><course>8.045454</course><hAcc>2.853085</hAcc><vAcc>2.015184</vAcc></extensions></trkpt>
      <trkpt lon="121.344268" lat="31.240621"><ele>4.905882</ele><time>2026-01-15T12:16:48Z</time><extensions><speed>2.775303</speed><course>8.299524</course><hAcc>2.861881</hAcc><vAcc>2.016445</vAcc></extensions></trkpt>
      <trkpt lon="121.344272" lat="31.240646"><ele>4.881501</ele><time>2026-01-15T12:16:49Z</time><extensions><speed>2.785991</speed><course>9.208191</course><hAcc>2.865537</hAcc><vAcc>2.016729</vAcc></extensions></trkpt>
      <trkpt lon="121.344277" lat="31.240671"><ele>4.861260</ele><time>2026-01-15T12:16:50Z</time><extensions><speed>2.779494</speed><course>11.286995</course><hAcc>2.863786</hAcc><vAcc>2.015956</vAcc></extensions></trkpt>
      <trkpt lon="121.344284" lat="31.240695"><ele>4.844816</ele><time>2026-01-15T12:16:51Z</time><extensions><speed>2.765598</speed><course>13.864172</course><hAcc>2.857389</hAcc><vAcc>2.014062</vAcc></extensions></trkpt>
      <trkpt lon="121.344292" lat="31.240719"><ele>4.831975</ele><time>2026-01-15T12:16:52Z</time><extensions><speed>2.724278</speed><course>18.833085</course><hAcc>2.847027</hAcc><vAcc>2.011005</vAcc></extensions></trkpt>
      <trkpt lon="121.344302" lat="31.240741"><ele>4.823087</ele><time>2026-01-15T12:16:53Z</time><extensions><speed>2.666297</speed><course>25.115477</course><hAcc>2.833369</hAcc><vAcc>2.006764</vAcc></extensions></trkpt>
      <trkpt lon="121.344316" lat="31.240762"><ele>4.818023</ele><time>2026-01-15T12:16:54Z</time><extensions><speed>2.596171</speed><course>34.033059</course><hAcc>2.814611</hAcc><vAcc>2.001337</vAcc></extensions></trkpt>
      <trkpt lon="121.344333" lat="31.240779"><ele>4.817135</ele><time>2026-01-15T12:16:55Z</time><extensions><speed>2.491527</speed><course>45.739978</course><hAcc>2.794319</hAcc><vAcc>1.994748</vAcc></extensions></trkpt>
      <trkpt lon="121.344353" lat="31.240793"><ele>4.819453</ele><time>2026-01-15T12:16:56Z</time><extensions><speed>2.424062</speed><course>59.149484</course><hAcc>2.772589</hAcc><vAcc>1.987028</vAcc></extensions></trkpt>
      <trkpt lon="121.344376" lat="31.240801"><ele>4.825229</ele><time>2026-01-15T12:16:57Z</time><extensions><speed>2.473396</speed><course>72.763854</course><hAcc>2.745098</hAcc><vAcc>1.978232</vAcc></extensions></trkpt>
      <trkpt lon="121.344402" lat="31.240806"><ele>4.833670</ele><time>2026-01-15T12:16:58Z</time><extensions><speed>2.666657</speed><course>82.717016</course><hAcc>2.710852</hAcc><vAcc>1.968431</vAcc></extensions></trkpt>
      <trkpt lon="121.344431" lat="31.240808"><ele>4.844158</ele><time>2026-01-15T12:16:59Z</time><extensions><speed>2.844475</speed><course>89.017584</course><hAcc>2.673866</hAcc><vAcc>1.957703</vAcc></extensions></trkpt>
      <trkpt lon="121.344461" lat="31.240808"><ele>4.857783</ele><time>2026-01-15T12:17:00Z</time><extensions><speed>2.889024</speed><course>92.758711</course><hAcc>2.635904</hAcc><vAcc>1.946153</vAcc></extensions></trkpt>
      <trkpt lon="121.344491" lat="31.240806"><ele>4.872708</ele><time>2026-01-15T12:17:01Z</time><extensions><speed>2.853047</speed><course>94.841568</course><hAcc>2.596272</hAcc><vAcc>1.933905</vAcc></extensions></trkpt>
      <trkpt lon="121.344520" lat="31.240803"><ele>4.890798</ele><time>2026-01-15T12:17:02Z</time><extensions><speed>2.768183</speed><course>96.563445</course><hAcc>2.552014</hAcc><vAcc>1.921100</vAcc></extensions></trkpt>
      <trkpt lon="121.344549" lat="31.240800"><ele>4.909862</ele><time>2026-01-15T12:17:03Z</time><extensions><speed>2.703374</speed><course>96.806610</course><hAcc>2.501645</hAcc><vAcc>1.907883</vAcc></extensions></trkpt>
      <trkpt lon="121.344577" lat="31.240798"><ele>4.930971</ele><time>2026-01-15T12:17:04Z</time><extensions><speed>2.721400</speed><course>96.690425</course><hAcc>2.440566</hAcc><vAcc>1.894405</vAcc></extensions></trkpt>
      <trkpt lon="121.344605" lat="31.240795"><ele>4.952402</ele><time>2026-01-15T12:17:05Z</time><extensions><speed>2.702230</speed><course>96.727087</course><hAcc>2.371322</hAcc><vAcc>1.880814</vAcc></extensions></trkpt>
      <trkpt lon="121.344633" lat="31.240792"><ele>4.975474</ele><time>2026-01-15T12:17:06Z</time><extensions><speed>2.715033</speed><course>96.825036</course><hAcc>2.297828</hAcc><vAcc>1.867248</vAcc></extensions></trkpt>
      <trkpt lon="121.344661" lat="31.240789"><ele>4.999141</ele><time>2026-01-15T12:17:07Z</time><extensions><speed>2.720279</speed><course>97.795942</course><hAcc>2.219269</hAcc><vAcc>1.853836</vAcc></extensions></trkpt>
      <trkpt lon="121.344690" lat="31.240785"><ele>5.024815</ele><time>2026-01-15T12:17:08Z</time><extensions><speed>2.802871</speed><course>98.422543</course><hAcc>2.138108</hAcc><vAcc>1.840691</vAcc></extensions></trkpt>
      <trkpt lon="121.344719" lat="31.240781"><ele>5.051582</ele><time>2026-01-15T12:17:09Z</time><extensions><speed>2.880857</speed><course>98.710969</course><hAcc>2.062481</hAcc><vAcc>1.827912</vAcc></extensions></trkpt>
      <trkpt lon="121.344749" lat="31.240777"><ele>5.080664</ele><time>2026-01-15T12:17:10Z</time><extensions><speed>2.891640</speed><course>99.146669</course><hAcc>1.996795</hAcc><vAcc>1.815584</vAcc></extensions></trkpt>
      <trkpt lon="121.344779" lat="31.240773"><ele>5.110856</ele><time>2026-01-15T12:17:11Z</time><extensions><speed>2.882505</speed><course>99.378261</course><hAcc>1.940429</hAcc><vAcc>1.803771</vAcc></extensions></trkpt>
      <trkpt lon="121.344809" lat="31.240769"><ele>5.142550</ele><time>2026-01-15T12:17:12Z</time><extensions><speed>2.853304</speed><course>99.845375</course><hAcc>1.895165</hAcc><vAcc>1.792525</vAcc></extensions></trkpt>
      <trkpt lon="121.344838" lat="31.240764"><ele>5.180789</ele><time>2026-01-15T12:17:13Z</time><extensions><speed>2.839494</speed><course>100.607627</course><hAcc>1.860618</hAcc><vAcc>1.781596</vAcc></extensions></trkpt>
      <trkpt lon="121.344867" lat="31.240760"><ele>5.216522</ele><time>2026-01-15T12:17:14Z</time><extensions><speed>2.876791</speed><course>101.297162</course><hAcc>1.835550</hAcc><vAcc>1.771550</vAcc></extensions></trkpt>
      <trkpt lon="121.344897" lat="31.240754"><ele>5.252707</ele><time>2026-01-15T12:17:15Z</time><extensions><speed>2.877941</speed><course>102.639238</course><hAcc>1.821357</hAcc><vAcc>1.762241</vAcc></extensions></trkpt>
      <trkpt lon="121.344926" lat="31.240748"><ele>5.290853</ele><time>2026-01-15T12:17:16Z</time><extensions><speed>2.873081</speed><course>103.994201</course><hAcc>1.816748</hAcc><vAcc>1.753616</vAcc></extensions></trkpt>
      <trkpt lon="121.344955" lat="31.240742"><ele>5.330553</ele><time>2026-01-15T12:17:17Z</time><extensions><speed>2.809930</speed><course>105.269934</course><hAcc>1.819597</hAcc><vAcc>1.745693</vAcc></extensions></trkpt>
      <trkpt lon="121.344983" lat="31.240735"><ele>5.372449</ele><time>2026-01-15T12:17:18Z</time><extensions><speed>2.779995</speed><course>105.257491</course><hAcc>1.823342</hAcc><vAcc>1.738480</vAcc></extensions></trkpt>
      <trkpt lon="121.345011" lat="31.240729"><ele>5.416070</ele><time>2026-01-15T12:17:19Z</time><extensions><speed>2.787435</speed><course>103.976650</course><hAcc>1.829161</hAcc><vAcc>1.731968</vAcc></extensions></trkpt>
      <trkpt lon="121.345040" lat="31.240723"><ele>5.462037</ele><time>2026-01-15T12:17:20Z</time><extensions><speed>2.831479</speed><course>103.418599</course><hAcc>1.840338</hAcc><vAcc>1.726134</vAcc></extensions></trkpt>
      <trkpt lon="121.345069" lat="31.240717"><ele>5.510069</ele><time>2026-01-15T12:17:21Z</time><extensions><speed>2.892550</speed><course>102.560608</course><hAcc>1.858282</hAcc><vAcc>1.720942</vAcc></extensions></trkpt>
      <trkpt lon="121.345099" lat="31.240712"><ele>5.560191</ele><time>2026-01-15T12:17:22Z</time><extensions><speed>2.930327</speed><course>101.881469</course><hAcc>1.884478</hAcc><vAcc>1.716346</vAcc></extensions></trkpt>
      <trkpt lon="121.345129" lat="31.240706"><ele>5.612187</ele><time>2026-01-15T12:17:23Z</time><extensions><speed>2.945333</speed><course>101.295330</course><hAcc>1.920852</hAcc><vAcc>1.712293</vAcc></extensions></trkpt>
      <trkpt lon="121.345159" lat="31.240701"><ele>5.665961</ele><time>2026-01-15T12:17:24Z</time><extensions><speed>2.952958</speed><course>100.673239</course><hAcc>1.962552</hAcc><vAcc>1.708722</vAcc></extensions></trkpt>
      <trkpt lon="121.345189" lat="31.240696"><ele>5.721080</ele><time>2026-01-15T12:17:25Z</time><extensions><speed>2.935881</speed><course>100.799028</course><hAcc>2.006454</hAcc><vAcc>1.705560</vAcc></extensions></trkpt>
      <trkpt lon="121.345220" lat="31.240691"><ele>5.777918</ele><time>2026-01-15T12:17:26Z</time><extensions><speed>2.926889</speed><course>100.688705</course><hAcc>2.049232</hAcc><vAcc>1.702720</vAcc></extensions></trkpt>
      <trkpt lon="121.345250" lat="31.240687"><ele>5.836066</ele><time>2026-01-15T12:17:27Z</time><extensions><speed>2.891132</speed><course>100.294846</course><hAcc>2.089135</hAcc><vAcc>1.700106</vAcc></extensions></trkpt>
      <trkpt lon="121.345279" lat="31.240682"><ele>5.895321</ele><time>2026-01-15T12:17:28Z</time><extensions><speed>2.862425</speed><course>100.085891</course><hAcc>2.125263</hAcc><vAcc>1.697625</vAcc></extensions></trkpt>
      <trkpt lon="121.345309" lat="31.240678"><ele>5.954753</ele><time>2026-01-15T12:17:29Z</time><extensions><speed>2.859273</speed><course>99.487034</course><hAcc>2.154484</hAcc><vAcc>1.695183</vAcc></extensions></trkpt>
      <trkpt lon="121.345338" lat="31.240673"><ele>6.015572</ele><time>2026-01-15T12:17:30Z</time><extensions><speed>2.870796</speed><course>99.262642</course><hAcc>2.173044</hAcc><vAcc>1.692701</vAcc></extensions></trkpt>
      <trkpt lon="121.345368" lat="31.240669"><ele>6.076842</ele><time>2026-01-15T12:17:31Z</time><extensions><speed>2.926233</speed><course>99.005761</course><hAcc>2.180137</hAcc><vAcc>1.690095</vAcc></extensions></trkpt>
      <trkpt lon="121.345399" lat="31.240665"><ele>6.137717</ele><time>2026-01-15T12:17:32Z</time><extensions><speed>2.940275</speed><course>99.054497</course><hAcc>2.173475</hAcc><vAcc>1.687305</vAcc></extensions></trkpt>
      <trkpt lon="121.345429" lat="31.240661"><ele>6.197760</ele><time>2026-01-15T12:17:33Z</time><extensions><speed>2.951460</speed><course>99.195231</course><hAcc>2.156460</hAcc><vAcc>1.684249</vAcc></extensions></trkpt>
      <trkpt lon="121.345459" lat="31.240657"><ele>6.257594</ele><time>2026-01-15T12:17:34Z</time><extensions><speed>2.947806</speed><course>98.096313</course><hAcc>2.130989</hAcc><vAcc>1.680861</vAcc></extensions></trkpt>
      <trkpt lon="121.345490" lat="31.240653"><ele>6.317237</ele><time>2026-01-15T12:17:35Z</time><extensions><speed>2.858126</speed><course>98.244703</course><hAcc>2.096622</hAcc><vAcc>1.677067</vAcc></extensions></trkpt>
      <trkpt lon="121.345519" lat="31.240650"><ele>6.376542</ele><time>2026-01-15T12:17:36Z</time><extensions><speed>2.816049</speed><course>98.080241</course><hAcc>2.055307</hAcc><vAcc>1.672796</vAcc></extensions></trkpt>
      <trkpt lon="121.345548" lat="31.240646"><ele>6.434853</ele><time>2026-01-15T12:17:37Z</time><extensions><speed>2.800882</speed><course>97.468970</course><hAcc>2.010021</hAcc><vAcc>1.667976</vAcc></extensions></trkpt>
      <trkpt lon="121.345577" lat="31.240643"><ele>6.492354</ele><time>2026-01-15T12:17:38Z</time><extensions><speed>2.827351</speed><course>97.162100</course><hAcc>1.964002</hAcc><vAcc>1.662528</vAcc></extensions></trkpt>
      <trkpt lon="121.345607" lat="31.240640"><ele>6.548691</ele><time>2026-01-15T12:17:39Z</time><extensions><speed>2.885502</speed><course>97.104305</course><hAcc>1.917598</hAcc><vAcc>1.656371</vAcc></extensions></trkpt>
      <trkpt lon="121.345637" lat="31.240636"><ele>6.603218</ele><time>2026-01-15T12:17:40Z</time><extensions><speed>2.882223</speed><course>97.829473</course><hAcc>1.877787</hAcc><vAcc>1.649408</vAcc></extensions></trkpt>
      <trkpt lon="121.345667" lat="31.240633"><ele>6.656320</ele><time>2026-01-15T12:17:41Z</time><extensions><speed>2.873588</speed><course>98.705842</course><hAcc>1.847283</hAcc><vAcc>1.641538</vAcc></extensions></trkpt>
      <trkpt lon="121.345696" lat="31.240629"><ele>6.706928</ele><time>2026-01-15T12:17:42Z</time><extensions><speed>2.846798</speed><course>98.556105</course><hAcc>1.824083</hAcc><vAcc>1.632649</vAcc></extensions></trkpt>
      <trkpt lon="121.345726" lat="31.240625"><ele>6.756337</ele><time>2026-01-15T12:17:43Z</time><extensions><speed>2.880890</speed><course>98.791157</course><hAcc>1.807628</hAcc><vAcc>1.622611</vAcc></extensions></trkpt>
      <trkpt lon="121.345756" lat="31.240621"><ele>6.802249</ele><time>2026-01-15T12:17:44Z</time><extensions><speed>2.946467</speed><course>98.985234</course><hAcc>1.795199</hAcc><vAcc>1.611288</vAcc></extensions></trkpt>
      <trkpt lon="121.345786" lat="31.240617"><ele>6.845456</ele><time>2026-01-15T12:17:45Z</time><extensions><speed>2.960728</speed><course>99.777532</course><hAcc>1.786270</hAcc><vAcc>1.598526</vAcc></extensions></trkpt>
      <trkpt lon="121.345817" lat="31.240612"><ele>6.885754</ele><time>2026-01-15T12:17:46Z</time><extensions><speed>2.961154</speed><course>100.220411</course><hAcc>1.777727</hAcc><vAcc>1.584161</vAcc></extensions></trkpt>
      <trkpt lon="121.345847" lat="31.240607"><ele>6.923164</ele><time>2026-01-15T12:17:47Z</time><extensions><speed>2.907329</speed><course>101.359682</course><hAcc>1.771867</hAcc><vAcc>1.568017</vAcc></extensions></trkpt>
      <trkpt lon="121.345877" lat="31.240602"><ele>6.957376</ele><time>2026-01-15T12:17:48Z</time><extensions><speed>2.887810</speed><course>102.874667</course><hAcc>1.768151</hAcc><vAcc>1.549903</vAcc></extensions></trkpt>
      <trkpt lon="121.345906" lat="31.240596"><ele>6.987882</ele><time>2026-01-15T12:17:49Z</time><extensions><speed>2.884697</speed><course>103.382204</course><hAcc>1.765789</hAcc><vAcc>1.529629</vAcc></extensions></trkpt>
      <trkpt lon="121.345935" lat="31.240589"><ele>7.015027</ele><time>2026-01-15T12:17:50Z</time><extensions><speed>2.887854</speed><course>104.466594</course><hAcc>1.764927</hAcc><vAcc>1.507013</vAcc></extensions></trkpt>
      <trkpt lon="121.345965" lat="31.240583"><ele>7.038821</ele><time>2026-01-15T12:17:51Z</time><extensions><speed>2.913138</speed><course>104.151644</course><hAcc>1.767337</hAcc><vAcc>1.481899</vAcc></extensions></trkpt>
      <trkpt lon="121.345994" lat="31.240577"><ele>7.057953</ele><time>2026-01-15T12:17:52Z</time><extensions><speed>2.920060</speed><course>104.357544</course><hAcc>1.771340</hAcc><vAcc>1.454179</vAcc></extensions></trkpt>
      <trkpt lon="121.346024" lat="31.240570"><ele>7.073595</ele><time>2026-01-15T12:17:53Z</time><extensions><speed>2.956713</speed><course>104.298935</course><hAcc>1.773026</hAcc><vAcc>1.423812</vAcc></extensions></trkpt>
      <trkpt lon="121.346054" lat="31.240564"><ele>7.085193</ele><time>2026-01-15T12:17:54Z</time><extensions><speed>2.946909</speed><course>103.537011</course><hAcc>1.776327</hAcc><vAcc>1.390872</vAcc></extensions></trkpt>
      <trkpt lon="121.346084" lat="31.240557"><ele>7.093538</ele><time>2026-01-15T12:17:55Z</time><extensions><speed>2.892436</speed><course>103.397473</course><hAcc>1.779375</hAcc><vAcc>1.355589</vAcc></extensions></trkpt>
      <trkpt lon="121.346113" lat="31.240552"><ele>7.098266</ele><time>2026-01-15T12:17:56Z</time><extensions><speed>2.848906</speed><course>102.994772</course><hAcc>1.787185</hAcc><vAcc>1.318404</vAcc></extensions></trkpt>
      <trkpt lon="121.346142" lat="31.240546"><ele>7.099597</ele><time>2026-01-15T12:17:57Z</time><extensions><speed>2.778590</speed><course>101.929846</course><hAcc>1.800832</hAcc><vAcc>1.280032</vAcc></extensions></trkpt>
      <trkpt lon="121.346170" lat="31.240541"><ele>7.097553</ele><time>2026-01-15T12:17:58Z</time><extensions><speed>2.779256</speed><course>101.676193</course><hAcc>1.816229</hAcc><vAcc>1.241533</vAcc></extensions></trkpt>
      <trkpt lon="121.346199" lat="31.240536"><ele>7.092516</ele><time>2026-01-15T12:17:59Z</time><extensions><speed>2.771008</speed><course>101.041832</course><hAcc>1.838788</hAcc><vAcc>1.204387</vAcc></extensions></trkpt>
      <trkpt lon="121.346227" lat="31.240531"><ele>7.084958</ele><time>2026-01-15T12:18:00Z</time><extensions><speed>2.743328</speed><course>100.759187</course><hAcc>1.871656</hAcc><vAcc>1.170553</vAcc></extensions></trkpt>
      <trkpt lon="121.346255" lat="31.240527"><ele>7.075195</ele><time>2026-01-15T12:18:01Z</time><extensions><speed>2.735783</speed><course>100.239749</course><hAcc>1.913069</hAcc><vAcc>1.142493</vAcc></extensions></trkpt>
      <trkpt lon="121.346283" lat="31.240523"><ele>7.063342</ele><time>2026-01-15T12:18:02Z</time><extensions><speed>2.683654</speed><course>99.493580</course><hAcc>1.966436</hAcc><vAcc>1.123104</vAcc></extensions></trkpt>
      <trkpt lon="121.346306" lat="31.240520"><ele>7.052788</ele><time>2026-01-15T12:18:03Z</time><extensions><speed>2.680118</speed><course>99.101505</course><hAcc>2.023228</hAcc><vAcc>1.116690</vAcc></extensions></trkpt>
      <trkpt lon="121.346333" lat="31.240516"><ele>7.038392</ele><time>2026-01-15T12:18:04Z</time><extensions><speed>2.677888</speed><course>97.578950</course><hAcc>2.112512</hAcc><vAcc>1.122252</vAcc></extensions></trkpt>
      <trkpt lon="121.346366" lat="31.240512"><ele>7.019462</ele><time>2026-01-15T12:18:05Z</time><extensions><speed>2.636999</speed><course>96.836302</course><hAcc>2.220136</hAcc><vAcc>1.144948</vAcc></extensions></trkpt>
      <trkpt lon="121.346394" lat="31.240510"><ele>7.002475</ele><time>2026-01-15T12:18:06Z</time><extensions><speed>2.652624</speed><course>97.370437</course><hAcc>2.311630</hAcc><vAcc>1.174723</vAcc></extensions></trkpt>
      <trkpt lon="121.346421" lat="31.240506"><ele>6.984251</ele><time>2026-01-15T12:18:07Z</time><extensions><speed>2.650440</speed><course>97.671150</course><hAcc>2.405348</hAcc><vAcc>1.212140</vAcc></extensions></trkpt>
      <trkpt lon="121.346449" lat="31.240503"><ele>6.966268</ele><time>2026-01-15T12:18:08Z</time><extensions><speed>2.679294</speed><course>98.532932</course><hAcc>2.495256</hAcc><vAcc>1.254278</vAcc></extensions></trkpt>
      <trkpt lon="121.346477" lat="31.240499"><ele>6.947664</ele><time>2026-01-15T12:18:09Z</time><extensions><speed>2.719235</speed><course>99.106902</course><hAcc>2.578110</hAcc><vAcc>1.298720</vAcc></extensions></trkpt>
      <trkpt lon="121.346505" lat="31.240495"><ele>6.929838</ele><time>2026-01-15T12:18:10Z</time><extensions><speed>2.710513</speed><course>99.580121</course><hAcc>2.651711</hAcc><vAcc>1.343572</vAcc></extensions></trkpt>
      <trkpt lon="121.346533" lat="31.240491"><ele>6.912351</ele><time>2026-01-15T12:18:11Z</time><extensions><speed>2.767379</speed><course>100.604866</course><hAcc>2.716999</hAcc><vAcc>1.387412</vAcc></extensions></trkpt>
      <trkpt lon="121.346562" lat="31.240486"><ele>6.895809</ele><time>2026-01-15T12:18:12Z</time><extensions><speed>2.784405</speed><course>101.290654</course><hAcc>2.776212</hAcc><vAcc>1.429218</vAcc></extensions></trkpt>
      <trkpt lon="121.346590" lat="31.240481"><ele>6.880033</ele><time>2026-01-15T12:18:13Z</time><extensions><speed>2.777079</speed><course>102.578326</course><hAcc>2.835859</hAcc><vAcc>1.468292</vAcc></extensions></trkpt>
      <trkpt lon="121.346619" lat="31.240475"><ele>6.866068</ele><time>2026-01-15T12:18:14Z</time><extensions><speed>2.770558</speed><course>103.086702</course><hAcc>2.898114</hAcc><vAcc>1.504184</vAcc></extensions></trkpt>
      <trkpt lon="121.346647" lat="31.240470"><ele>6.853413</ele><time>2026-01-15T12:18:15Z</time><extensions><speed>2.718543</speed><course>103.620089</course><hAcc>2.959495</hAcc><vAcc>1.536421</vAcc></extensions></trkpt>
      <trkpt lon="121.346675" lat="31.240464"><ele>6.843016</ele><time>2026-01-15T12:18:16Z</time><extensions><speed>2.718285</speed><course>103.925734</course><hAcc>3.015157</hAcc><vAcc>1.565357</vAcc></extensions></trkpt>
      <trkpt lon="121.346702" lat="31.240458"><ele>6.834245</ele><time>2026-01-15T12:18:17Z</time><extensions><speed>2.703715</speed><course>104.378016</course><hAcc>3.061089</hAcc><vAcc>1.590763</vAcc></extensions></trkpt>
      <trkpt lon="121.346730" lat="31.240451"><ele>6.827681</ele><time>2026-01-15T12:18:18Z</time><extensions><speed>2.731391</speed><course>105.407644</course><hAcc>3.099957</hAcc><vAcc>1.612741</vAcc></extensions></trkpt>
      <trkpt lon="121.346758" lat="31.240445"><ele>6.823049</ele><time>2026-01-15T12:18:19Z</time><extensions><speed>2.757040</speed><course>105.690848</course><hAcc>3.133178</hAcc><vAcc>1.631460</vAcc></extensions></trkpt>
      <trkpt lon="121.346786" lat="31.240438"><ele>6.819364</ele><time>2026-01-15T12:18:20Z</time><extensions><speed>2.763483</speed><course>105.718696</course><hAcc>3.166832</hAcc><vAcc>1.647138</vAcc></extensions></trkpt>
      <trkpt lon="121.346814" lat="31.240431"><ele>6.817311</ele><time>2026-01-15T12:18:21Z</time><extensions><speed>2.789392</speed><course>105.947358</course><hAcc>3.202116</hAcc><vAcc>1.660012</vAcc></extensions></trkpt>
      <trkpt lon="121.346842" lat="31.240424"><ele>6.816214</ele><time>2026-01-15T12:18:22Z</time><extensions><speed>2.771593</speed><course>105.501602</course><hAcc>3.237913</hAcc><vAcc>1.670334</vAcc></extensions></trkpt>
      <trkpt lon="121.346870" lat="31.240417"><ele>6.814629</ele><time>2026-01-15T12:18:23Z</time><extensions><speed>2.756962</speed><course>105.712340</course><hAcc>3.270965</hAcc><vAcc>1.678354</vAcc></extensions></trkpt>
      <trkpt lon="121.346898" lat="31.240411"><ele>6.814234</ele><time>2026-01-15T12:18:24Z</time><extensions><speed>2.734673</speed><course>105.642469</course><hAcc>3.298179</hAcc><vAcc>1.684322</vAcc></extensions></trkpt>
      <trkpt lon="121.346926" lat="31.240404"><ele>6.812868</ele><time>2026-01-15T12:18:25Z</time><extensions><speed>2.736191</speed><course>106.291474</course><hAcc>3.323252</hAcc><vAcc>1.688490</vAcc></extensions></trkpt>
      <trkpt lon="121.346954" lat="31.240396"><ele>6.811641</ele><time>2026-01-15T12:18:26Z</time><extensions><speed>2.765084</speed><course>107.003857</course><hAcc>3.346328</hAcc><vAcc>1.691106</vAcc></extensions></trkpt>
      <trkpt lon="121.346981" lat="31.240389"><ele>6.808914</ele><time>2026-01-15T12:18:27Z</time><extensions><speed>2.767032</speed><course>107.535684</course><hAcc>3.365094</hAcc><vAcc>1.692410</vAcc></extensions></trkpt>
      <trkpt lon="121.347009" lat="31.240381"><ele>6.805241</ele><time>2026-01-15T12:18:28Z</time><extensions><speed>2.785117</speed><course>109.002530</course><hAcc>3.382024</hAcc><vAcc>1.692630</vAcc></extensions></trkpt>
      <trkpt lon="121.347037" lat="31.240373"><ele>6.800530</ele><time>2026-01-15T12:18:29Z</time><extensions><speed>2.798084</speed><course>109.969697</course><hAcc>3.399359</hAcc><vAcc>1.691974</vAcc></extensions></trkpt>
      <trkpt lon="121.347065" lat="31.240364"><ele>6.795259</ele><time>2026-01-15T12:18:30Z</time><extensions><speed>2.792316</speed><course>111.411064</course><hAcc>3.416371</hAcc><vAcc>1.690633</vAcc></extensions></trkpt>
      <trkpt lon="121.347092" lat="31.240354"><ele>6.789529</ele><time>2026-01-15T12:18:31Z</time><extensions><speed>2.819788</speed><course>112.010387</course><hAcc>3.432164</hAcc><vAcc>1.688769</vAcc></extensions></trkpt>
      <trkpt lon="121.347119" lat="31.240345"><ele>6.784371</ele><time>2026-01-15T12:18:32Z</time><extensions><speed>2.797515</speed><course>111.752151</course><hAcc>3.447095</hAcc><vAcc>1.686521</vAcc></extensions></trkpt>
      <trkpt lon="121.347146" lat="31.240335"><ele>6.778623</ele><time>2026-01-15T12:18:33Z</time><extensions><speed>2.750989</speed><course>111.485375</course><hAcc>3.462111</hAcc><vAcc>1.684002</vAcc></extensions></trkpt>
      <trkpt lon="121.347173" lat="31.240326"><ele>6.773148</ele><time>2026-01-15T12:18:34Z</time><extensions><speed>2.737965</speed><course>111.336719</course><hAcc>3.476979</hAcc><vAcc>1.681299</vAcc></extensions></trkpt>
      <trkpt lon="121.347200" lat="31.240317"><ele>6.768750</ele><time>2026-01-15T12:18:35Z</time><extensions><speed>2.745154</speed><course>110.985439</course><hAcc>3.489071</hAcc><vAcc>1.678470</vAcc></extensions></trkpt>
      <trkpt lon="121.347227" lat="31.240308"><ele>6.765957</ele><time>2026-01-15T12:18:36Z</time><extensions><speed>2.787745</speed><course>111.325162</course><hAcc>3.494879</hAcc><vAcc>1.675545</vAcc></extensions></trkpt>
      <trkpt lon="121.347254" lat="31.240299"><ele>6.764158</ele><time>2026-01-15T12:18:37Z</time><extensions><speed>2.795432</speed><course>111.275525</course><hAcc>3.499377</hAcc><vAcc>1.672523</vAcc></extensions></trkpt>
      <trkpt lon="121.347281" lat="31.240290"><ele>6.763786</ele><time>2026-01-15T12:18:38Z</time><extensions><speed>2.787464</speed><course>111.550220</course><hAcc>3.505580</hAcc><vAcc>1.669377</vAcc></extensions></trkpt>
      <trkpt lon="121.347309" lat="31.240281"><ele>6.764603</ele><time>2026-01-15T12:18:39Z</time><extensions><speed>2.809764</speed><course>112.418551</course><hAcc>3.513311</hAcc><vAcc>1.666045</vAcc></extensions></trkpt>
      <trkpt lon="121.347336" lat="31.240271"><ele>6.767649</ele><time>2026-01-15T12:18:40Z</time><extensions><speed>2.845891</speed><course>112.508240</course><hAcc>3.520853</hAcc><vAcc>1.662435</vAcc></extensions></trkpt>
      <trkpt lon="121.347364" lat="31.240261"><ele>6.772683</ele><time>2026-01-15T12:18:41Z</time><extensions><speed>2.951857</speed><course>113.266063</course><hAcc>3.523769</hAcc><vAcc>1.658439</vAcc></extensions></trkpt>
      <trkpt lon="121.347393" lat="31.240250"><ele>6.778664</ele><time>2026-01-15T12:18:42Z</time><extensions><speed>3.023510</speed><course>113.295241</course><hAcc>3.524119</hAcc><vAcc>1.653941</vAcc></extensions></trkpt>
      <trkpt lon="121.347422" lat="31.240240"><ele>6.786758</ele><time>2026-01-15T12:18:43Z</time><extensions><speed>3.010459</speed><course>112.697445</course><hAcc>3.524191</hAcc><vAcc>1.648816</vAcc></extensions></trkpt>
      <trkpt lon="121.347450" lat="31.240229"><ele>6.795869</ele><time>2026-01-15T12:18:44Z</time><extensions><speed>2.973504</speed><course>113.309666</course><hAcc>3.522146</hAcc><vAcc>1.642930</vAcc></extensions></trkpt>
      <trkpt lon="121.347479" lat="31.240219"><ele>6.808038</ele><time>2026-01-15T12:18:45Z</time><extensions><speed>2.927094</speed><course>113.441829</course><hAcc>3.517489</hAcc><vAcc>1.636149</vAcc></extensions></trkpt>
      <trkpt lon="121.347507" lat="31.240208"><ele>6.821715</ele><time>2026-01-15T12:18:46Z</time><extensions><speed>2.922873</speed><course>114.049853</course><hAcc>3.508048</hAcc><vAcc>1.628343</vAcc></extensions></trkpt>
      <trkpt lon="121.347535" lat="31.240197"><ele>6.837377</ele><time>2026-01-15T12:18:47Z</time><extensions><speed>2.952593</speed><course>114.775105</course><hAcc>3.495844</hAcc><vAcc>1.619383</vAcc></extensions></trkpt>
      <trkpt lon="121.347563" lat="31.240186"><ele>6.853937</ele><time>2026-01-15T12:18:48Z</time><extensions><speed>2.941329</speed><course>115.040790</course><hAcc>3.484121</hAcc><vAcc>1.609149</vAcc></extensions></trkpt>
      <trkpt lon="121.347591" lat="31.240175"><ele>6.872622</ele><time>2026-01-15T12:18:49Z</time><extensions><speed>2.941244</speed><course>115.896960</course><hAcc>3.475080</hAcc><vAcc>1.597531</vAcc></extensions></trkpt>
      <trkpt lon="121.347618" lat="31.240163"><ele>6.891466</ele><time>2026-01-15T12:18:50Z</time><extensions><speed>2.941354</speed><course>116.151755</course><hAcc>3.468173</hAcc><vAcc>1.584431</vAcc></extensions></trkpt>
      <trkpt lon="121.347646" lat="31.240151"><ele>6.911749</ele><time>2026-01-15T12:18:51Z</time><extensions><speed>2.951489</speed><course>116.551506</course><hAcc>3.460533</hAcc><vAcc>1.569764</vAcc></extensions></trkpt>
      <trkpt lon="121.347673" lat="31.240139"><ele>6.933042</ele><time>2026-01-15T12:18:52Z</time><extensions><speed>2.975564</speed><course>117.614683</course><hAcc>3.447280</hAcc><vAcc>1.553468</vAcc></extensions></trkpt>
      <trkpt lon="121.347701" lat="31.240127"><ele>6.955190</ele><time>2026-01-15T12:18:53Z</time><extensions><speed>2.988245</speed><course>118.415501</course><hAcc>3.430171</hAcc><vAcc>1.535515</vAcc></extensions></trkpt>
      <trkpt lon="121.347729" lat="31.240114"><ele>6.977418</ele><time>2026-01-15T12:18:54Z</time><extensions><speed>3.025111</speed><course>118.866877</course><hAcc>3.412627</hAcc><vAcc>1.515919</vAcc></extensions></trkpt>
      <trkpt lon="121.347756" lat="31.240100"><ele>7.000137</ele><time>2026-01-15T12:18:55Z</time><extensions><speed>3.030526</speed><course>118.678569</course><hAcc>3.395836</hAcc><vAcc>1.494755</vAcc></extensions></trkpt>
      <trkpt lon="121.347784" lat="31.240087"><ele>7.022299</ele><time>2026-01-15T12:18:56Z</time><extensions><speed>3.030146</speed><course>119.349251</course><hAcc>3.377542</hAcc><vAcc>1.472182</vAcc></extensions></trkpt>
      <trkpt lon="121.347812" lat="31.240074"><ele>7.042978</ele><time>2026-01-15T12:18:57Z</time><extensions><speed>3.046369</speed><course>120.677703</course><hAcc>3.353749</hAcc><vAcc>1.448465</vAcc></extensions></trkpt>
      <trkpt lon="121.347839" lat="31.240060"><ele>7.062072</ele><time>2026-01-15T12:18:58Z</time><extensions><speed>3.022326</speed><course>121.068082</course><hAcc>3.328621</hAcc><vAcc>1.424009</vAcc></extensions></trkpt>
      <trkpt lon="121.347866" lat="31.240045"><ele>7.079633</ele><time>2026-01-15T12:18:59Z</time><extensions><speed>3.043253</speed><course>121.868498</course><hAcc>3.302938</hAcc><vAcc>1.399385</vAcc></extensions></trkpt>
      <trkpt lon="121.347893" lat="31.240031"><ele>7.094952</ele><time>2026-01-15T12:19:00Z</time><extensions><speed>3.044507</speed><course>122.440029</course><hAcc>3.273825</hAcc><vAcc>1.375362</vAcc></extensions></trkpt>
      <trkpt lon="121.347920" lat="31.240016"><ele>7.108216</ele><time>2026-01-15T12:19:01Z</time><extensions><speed>3.030428</speed><course>122.804324</course><hAcc>3.241161</hAcc><vAcc>1.352934</vAcc></extensions></trkpt>
      <trkpt lon="121.347946" lat="31.240001"><ele>7.118558</ele><time>2026-01-15T12:19:02Z</time><extensions><speed>2.993828</speed><course>122.917066</course><hAcc>3.208071</hAcc><vAcc>1.333336</vAcc></extensions></trkpt>
      <trkpt lon="121.347972" lat="31.239987"><ele>7.126515</ele><time>2026-01-15T12:19:03Z</time><extensions><speed>2.910164</speed><course>122.694429</course><hAcc>3.173628</hAcc><vAcc>1.318032</vAcc></extensions></trkpt>
      <trkpt lon="121.347998" lat="31.239973"><ele>7.131330</ele><time>2026-01-15T12:19:04Z</time><extensions><speed>2.922004</speed><course>123.500232</course><hAcc>3.130633</hAcc><vAcc>1.308663</vAcc></extensions></trkpt>
      <trkpt lon="121.348023" lat="31.239958"><ele>7.133173</ele><time>2026-01-15T12:19:05Z</time><extensions><speed>2.969037</speed><course>124.316530</course><hAcc>3.081044</hAcc><vAcc>1.306948</vAcc></extensions></trkpt>
      <trkpt lon="121.348049" lat="31.239943"><ele>7.131780</ele><time>2026-01-15T12:19:05Z</time><extensions><speed>3.017917</speed><course>125.119755</course><hAcc>3.028003</hAcc><vAcc>1.313752</vAcc></extensions></trkpt>
      <trkpt lon="121.348075" lat="31.239927"><ele>7.127423</ele><time>2026-01-15T12:19:06Z</time><extensions><speed>3.053936</speed><course>126.236361</course><hAcc>2.972117</hAcc><vAcc>1.328202</vAcc></extensions></trkpt>
      <trkpt lon="121.348101" lat="31.239910"><ele>7.119840</ele><time>2026-01-15T12:19:07Z</time><extensions><speed>3.069785</speed><course>126.885812</course><hAcc>2.911325</hAcc><vAcc>1.348575</vAcc></extensions></trkpt>
      <trkpt lon="121.348126" lat="31.239894"><ele>7.109348</ele><time>2026-01-15T12:19:08Z</time><extensions><speed>3.055592</speed><course>127.323689</course><hAcc>2.845358</hAcc><vAcc>1.373227</vAcc></extensions></trkpt>
      <trkpt lon="121.348151" lat="31.239877"><ele>7.095881</ele><time>2026-01-15T12:19:09Z</time><extensions><speed>3.012512</speed><course>126.978459</course><hAcc>2.774191</hAcc><vAcc>1.400698</vAcc></extensions></trkpt>
      <trkpt lon="121.348177" lat="31.239861"><ele>7.079837</ele><time>2026-01-15T12:19:10Z</time><extensions><speed>2.988524</speed><course>126.278083</course><hAcc>2.698140</hAcc><vAcc>1.429761</vAcc></extensions></trkpt>
      <trkpt lon="121.348202" lat="31.239845"><ele>7.060874</ele><time>2026-01-15T12:19:11Z</time><extensions><speed>3.024265</speed><course>125.857903</course><hAcc>2.617477</hAcc><vAcc>1.459425</vAcc></extensions></trkpt>
      <trkpt lon="121.348228" lat="31.239829"><ele>7.039260</ele><time>2026-01-15T12:19:12Z</time><extensions><speed>3.078440</speed><course>125.395598</course><hAcc>2.532098</hAcc><vAcc>1.488933</vAcc></extensions></trkpt>
      <trkpt lon="121.348255" lat="31.239813"><ele>7.015059</ele><time>2026-01-15T12:19:13Z</time><extensions><speed>3.147210</speed><course>125.504740</course><hAcc>2.441157</hAcc><vAcc>1.517724</vAcc></extensions></trkpt>
      <trkpt lon="121.348281" lat="31.239796"><ele>6.987712</ele><time>2026-01-15T12:19:14Z</time><extensions><speed>3.162595</speed><course>125.560960</course><hAcc>2.347660</hAcc><vAcc>1.545413</vAcc></extensions></trkpt>
      <trkpt lon="121.348308" lat="31.239780"><ele>6.958046</ele><time>2026-01-15T12:19:15Z</time><extensions><speed>3.136224</speed><course>126.074559</course><hAcc>2.256306</hAcc><vAcc>1.571750</vAcc></extensions></trkpt>
      <trkpt lon="121.348334" lat="31.239763"><ele>6.925332</ele><time>2026-01-15T12:19:16Z</time><extensions><speed>3.094351</speed><course>127.369813</course><hAcc>2.170127</hAcc><vAcc>1.596595</vAcc></extensions></trkpt>
      <trkpt lon="121.348360" lat="31.239746"><ele>6.890153</ele><time>2026-01-15T12:19:17Z</time><extensions><speed>3.066675</speed><course>128.558200</course><hAcc>2.092583</hAcc><vAcc>1.619890</vAcc></extensions></trkpt>
      <trkpt lon="121.348385" lat="31.239729"><ele>6.851879</ele><time>2026-01-15T12:19:18Z</time><extensions><speed>3.058578</speed><course>129.712927</course><hAcc>2.028391</hAcc><vAcc>1.641638</vAcc></extensions></trkpt>
      <trkpt lon="121.348409" lat="31.239711"><ele>6.811269</ele><time>2026-01-15T12:19:19Z</time><extensions><speed>3.025422</speed><course>130.623999</course><hAcc>1.978627</hAcc><vAcc>1.661889</vAcc></extensions></trkpt>
      <trkpt lon="121.348433" lat="31.239693"><ele>6.767960</ele><time>2026-01-15T12:19:20Z</time><extensions><speed>2.997355</speed><course>131.185169</course><hAcc>1.941021</hAcc><vAcc>1.680723</vAcc></extensions></trkpt>
      <trkpt lon="121.348456" lat="31.239675"><ele>6.722439</ele><time>2026-01-15T12:19:21Z</time><extensions><speed>3.016323</speed><course>132.048027</course><hAcc>1.914071</hAcc><vAcc>1.698242</vAcc></extensions></trkpt>
      <trkpt lon="121.348480" lat="31.239657"><ele>6.674685</ele><time>2026-01-15T12:19:22Z</time><extensions><speed>3.020131</speed><course>132.458799</course><hAcc>1.897365</hAcc><vAcc>1.714561</vAcc></extensions></trkpt>
      <trkpt lon="121.348503" lat="31.239639"><ele>6.625457</ele><time>2026-01-15T12:19:23Z</time><extensions><speed>2.979257</speed><course>132.366559</course><hAcc>1.888637</hAcc><vAcc>1.729796</vAcc></extensions></trkpt>
      <trkpt lon="121.348526" lat="31.239621"><ele>6.575050</ele><time>2026-01-15T12:19:24Z</time><extensions><speed>2.918745</speed><course>132.044760</course><hAcc>1.887194</hAcc><vAcc>1.744060</vAcc></extensions></trkpt>
      <trkpt lon="121.348548" lat="31.239604"><ele>6.523672</ele><time>2026-01-15T12:19:25Z</time><extensions><speed>2.873038</speed><course>131.812684</course><hAcc>1.894733</hAcc><vAcc>1.757451</vAcc></extensions></trkpt>
      <trkpt lon="121.348570" lat="31.239586"><ele>6.472049</ele><time>2026-01-15T12:19:26Z</time><extensions><speed>2.848239</speed><course>132.111231</course><hAcc>1.912144</hAcc><vAcc>1.770053</vAcc></extensions></trkpt>
      <trkpt lon="121.348593" lat="31.239569"><ele>6.420009</ele><time>2026-01-15T12:19:27Z</time><extensions><speed>2.865890</speed><course>132.036985</course><hAcc>1.938697</hAcc><vAcc>1.781930</vAcc></extensions></trkpt>
      <trkpt lon="121.348615" lat="31.239552"><ele>6.368776</ele><time>2026-01-15T12:19:28Z</time><extensions><speed>2.935332</speed><course>131.872493</course><hAcc>1.974405</hAcc><vAcc>1.793129</vAcc></extensions></trkpt>
      <trkpt lon="121.348638" lat="31.239534"><ele>6.318549</ele><time>2026-01-15T12:19:29Z</time><extensions><speed>2.963369</speed><course>132.257036</course><hAcc>2.020595</hAcc><vAcc>1.803679</vAcc></extensions></trkpt>
      <trkpt lon="121.348661" lat="31.239516"><ele>6.268298</ele><time>2026-01-15T12:19:30Z</time><extensions><speed>2.955606</speed><course>132.381524</course><hAcc>2.076005</hAcc><vAcc>1.813598</vAcc></extensions></trkpt>
      <trkpt lon="121.348684" lat="31.239498"><ele>6.219622</ele><time>2026-01-15T12:19:31Z</time><extensions><speed>2.967455</speed><course>133.675901</course><hAcc>2.137204</hAcc><vAcc>1.822892</vAcc></extensions></trkpt>
      <trkpt lon="121.348706" lat="31.239479"><ele>6.172478</ele><time>2026-01-15T12:19:32Z</time><extensions><speed>2.976524</speed><course>134.354630</course><hAcc>2.199192</hAcc><vAcc>1.831559</vAcc></extensions></trkpt>
      <trkpt lon="121.348728" lat="31.239460"><ele>6.127163</ele><time>2026-01-15T12:19:33Z</time><extensions><speed>2.997606</speed><course>134.915427</course><hAcc>2.258188</hAcc><vAcc>1.839587</vAcc></extensions></trkpt>
      <trkpt lon="121.348750" lat="31.239441"><ele>6.083248</ele><time>2026-01-15T12:19:34Z</time><extensions><speed>3.023515</speed><course>136.079242</course><hAcc>2.311989</hAcc><vAcc>1.846963</vAcc></extensions></trkpt>
      <trkpt lon="121.348772" lat="31.239421"><ele>6.041429</ele><time>2026-01-15T12:19:35Z</time><extensions><speed>3.072537</speed><course>137.158277</course><hAcc>2.358269</hAcc><vAcc>1.853676</vAcc></extensions></trkpt>
      <trkpt lon="121.348794" lat="31.239400"><ele>6.001484</ele><time>2026-01-15T12:19:36Z</time><extensions><speed>3.155873</speed><course>139.056768</course><hAcc>2.392333</hAcc><vAcc>1.859715</vAcc></extensions></trkpt>
      <trkpt lon="121.348816" lat="31.239379"><ele>5.963997</ele><time>2026-01-15T12:19:37Z</time><extensions><speed>3.170475</speed><course>140.294917</course><hAcc>2.416661</hAcc><vAcc>1.865078</vAcc></extensions></trkpt>
      <trkpt lon="121.348836" lat="31.239357"><ele>5.928569</ele><time>2026-01-15T12:19:38Z</time><extensions><speed>3.132020</speed><course>141.565435</course><hAcc>2.433464</hAcc><vAcc>1.869767</vAcc></extensions></trkpt>
      <trkpt lon="121.348856" lat="31.239335"><ele>5.894949</ele><time>2026-01-15T12:19:39Z</time><extensions><speed>3.060230</speed><course>142.412325</course><hAcc>2.443917</hAcc><vAcc>1.873783</vAcc></extensions></trkpt>
      <trkpt lon="121.348876" lat="31.239313"><ele>5.862809</ele><time>2026-01-15T12:19:40Z</time><extensions><speed>3.057986</speed><course>142.043548</course><hAcc>2.446067</hAcc><vAcc>1.877133</vAcc></extensions></trkpt>
      <trkpt lon="121.348896" lat="31.239291"><ele>5.832487</ele><time>2026-01-15T12:19:41Z</time><extensions><speed>3.081098</speed><course>141.990411</course><hAcc>2.440260</hAcc><vAcc>1.879825</vAcc></extensions></trkpt>
      <trkpt lon="121.348916" lat="31.239269"><ele>5.803454</ele><time>2026-01-15T12:19:42Z</time><extensions><speed>3.053437</speed><course>141.977920</course><hAcc>2.428848</hAcc><vAcc>1.881866</vAcc></extensions></trkpt>
      <trkpt lon="121.348935" lat="31.239248"><ele>5.775991</ele><time>2026-01-15T12:19:43Z</time><extensions><speed>3.043636</speed><course>142.168166</course><hAcc>2.413352</hAcc><vAcc>1.883273</vAcc></extensions></trkpt>
      <trkpt lon="121.348954" lat="31.239226"><ele>5.749423</ele><time>2026-01-15T12:19:44Z</time><extensions><speed>3.048417</speed><course>143.082191</course><hAcc>2.395551</hAcc><vAcc>1.884063</vAcc></extensions></trkpt>
      <trkpt lon="121.348974" lat="31.239204"><ele>5.724378</ele><time>2026-01-15T12:19:45Z</time><extensions><speed>3.047826</speed><course>143.185563</course><hAcc>2.376959</hAcc><vAcc>1.884265</vAcc></extensions></trkpt>
      <trkpt lon="121.348993" lat="31.239182"><ele>5.700511</ele><time>2026-01-15T12:19:46Z</time><extensions><speed>3.029648</speed><course>143.590010</course><hAcc>2.361164</hAcc><vAcc>1.883916</vAcc></extensions></trkpt>
      <trkpt lon="121.349011" lat="31.239160"><ele>5.677492</ele><time>2026-01-15T12:19:47Z</time><extensions><speed>3.018854</speed><course>143.905669</course><hAcc>2.354885</hAcc><vAcc>1.883064</vAcc></extensions></trkpt>
      <trkpt lon="121.349030" lat="31.239138"><ele>5.655423</ele><time>2026-01-15T12:19:48Z</time><extensions><speed>3.046455</speed><course>144.187517</course><hAcc>2.364478</hAcc><vAcc>1.881779</vAcc></extensions></trkpt>
      <trkpt lon="121.349049" lat="31.239115"><ele>5.633514</ele><time>2026-01-15T12:19:49Z</time><extensions><speed>3.084813</speed><course>144.946158</course><hAcc>2.396479</hAcc><vAcc>1.880150</vAcc></extensions></trkpt>
      <trkpt lon="121.349067" lat="31.239092"><ele>5.611891</ele><time>2026-01-15T12:19:50Z</time><extensions><speed>3.136942</speed><course>145.693127</course><hAcc>2.453684</hAcc><vAcc>1.878279</vAcc></extensions></trkpt>
      <trkpt lon="121.349086" lat="31.239069"><ele>5.590249</ele><time>2026-01-15T12:19:51Z</time><extensions><speed>3.152950</speed><course>146.699448</course><hAcc>2.529529</hAcc><vAcc>1.876279</vAcc></extensions></trkpt>
      <trkpt lon="121.349104" lat="31.239045"><ele>5.569021</ele><time>2026-01-15T12:19:52Z</time><extensions><speed>3.162843</speed><course>147.138975</course><hAcc>2.611904</hAcc><vAcc>1.874263</vAcc></extensions></trkpt>
      <trkpt lon="121.349122" lat="31.239021"><ele>5.547558</ele><time>2026-01-15T12:19:53Z</time><extensions><speed>3.153979</speed><course>146.970088</course><hAcc>2.695102</hAcc><vAcc>1.872340</vAcc></extensions></trkpt>
      <trkpt lon="121.349139" lat="31.238997"><ele>5.525596</ele><time>2026-01-15T12:19:54Z</time><extensions><speed>3.131489</speed><course>147.427147</course><hAcc>2.778009</hAcc><vAcc>1.870613</vAcc></extensions></trkpt>
      <trkpt lon="121.349157" lat="31.238973"><ele>5.503987</ele><time>2026-01-15T12:19:55Z</time><extensions><speed>3.126496</speed><course>147.908027</course><hAcc>2.860645</hAcc><vAcc>1.869175</vAcc></extensions></trkpt>
      <trkpt lon="121.349174" lat="31.238949"><ele>5.482583</ele><time>2026-01-15T12:19:56Z</time><extensions><speed>3.155472</speed><course>148.308142</course><hAcc>2.941520</hAcc><vAcc>1.868105</vAcc></extensions></trkpt>
      <trkpt lon="121.349192" lat="31.238925"><ele>5.460889</ele><time>2026-01-15T12:19:57Z</time><extensions><speed>3.176409</speed><course>148.983886</course><hAcc>3.019113</hAcc><vAcc>1.867467</vAcc></extensions></trkpt>
      <trkpt lon="121.349209" lat="31.238900"><ele>5.439244</ele><time>2026-01-15T12:19:58Z</time><extensions><speed>3.198428</speed><course>149.158274</course><hAcc>3.093064</hAcc><vAcc>1.867305</vAcc></extensions></trkpt>
      <trkpt lon="121.349226" lat="31.238876"><ele>5.417539</ele><time>2026-01-15T12:19:59Z</time><extensions><speed>3.199357</speed><course>149.497260</course><hAcc>3.163235</hAcc><vAcc>1.867645</vAcc></extensions></trkpt>
      <trkpt lon="121.349243" lat="31.238851"><ele>5.396388</ele><time>2026-01-15T12:20:00Z</time><extensions><speed>3.181691</speed><course>149.971254</course><hAcc>3.230357</hAcc><vAcc>1.868488</vAcc></extensions></trkpt>
      <trkpt lon="121.349259" lat="31.238826"><ele>5.375713</ele><time>2026-01-15T12:20:01Z</time><extensions><speed>3.146709</speed><course>150.251215</course><hAcc>3.293901</hAcc><vAcc>1.869817</vAcc></extensions></trkpt>
      <trkpt lon="121.349275" lat="31.238802"><ele>5.355453</ele><time>2026-01-15T12:20:02Z</time><extensions><speed>3.142004</speed><course>150.801512</course><hAcc>3.353226</hAcc><vAcc>1.871597</vAcc></extensions></trkpt>
      <trkpt lon="121.349291" lat="31.238777"><ele>5.335995</ele><time>2026-01-15T12:20:03Z</time><extensions><speed>3.148182</speed><course>151.170873</course><hAcc>3.409537</hAcc><vAcc>1.873777</vAcc></extensions></trkpt>
      <trkpt lon="121.349307" lat="31.238752"><ele>5.317807</ele><time>2026-01-15T12:20:04Z</time><extensions><speed>3.139842</speed><course>151.809891</course><hAcc>3.463508</hAcc><vAcc>1.876297</vAcc></extensions></trkpt>
      <trkpt lon="121.349322" lat="31.238727"><ele>5.300836</ele><time>2026-01-15T12:20:05Z</time><extensions><speed>3.160986</speed><course>152.580051</course><hAcc>3.515286</hAcc><vAcc>1.879092</vAcc></extensions></trkpt>
      <trkpt lon="121.349337" lat="31.238702"><ele>5.286004</ele><time>2026-01-15T12:20:06Z</time><extensions><speed>3.216896</speed><course>153.415904</course><hAcc>3.564253</hAcc><vAcc>1.882093</vAcc></extensions></trkpt>
      <trkpt lon="121.349352" lat="31.238676"><ele>5.273038</ele><time>2026-01-15T12:20:07Z</time><extensions><speed>3.257861</speed><course>154.866001</course><hAcc>3.610266</hAcc><vAcc>1.885228</vAcc></extensions></trkpt>
      <trkpt lon="121.349366" lat="31.238649"><ele>5.262179</ele><time>2026-01-15T12:20:08Z</time><extensions><speed>3.251297</speed><course>156.171389</course><hAcc>3.654095</hAcc><vAcc>1.888427</vAcc></extensions></trkpt>
      <trkpt lon="121.349379" lat="31.238622"><ele>5.253644</ele><time>2026-01-15T12:20:09Z</time><extensions><speed>3.195362</speed><course>157.508990</course><hAcc>3.696208</hAcc><vAcc>1.891621</vAcc></extensions></trkpt>
      <trkpt lon="121.349391" lat="31.238596"><ele>5.246805</ele><time>2026-01-15T12:20:10Z</time><extensions><speed>3.125380</speed><course>158.869895</course><hAcc>3.737278</hAcc><vAcc>1.894751</vAcc></extensions></trkpt>
      <trkpt lon="121.349403" lat="31.238570"><ele>5.242035</ele><time>2026-01-15T12:20:11Z</time><extensions><speed>3.121278</speed><course>160.157364</course><hAcc>3.777145</hAcc><vAcc>1.897765</vAcc></extensions></trkpt>
      <trkpt lon="121.349413" lat="31.238543"><ele>5.238953</ele><time>2026-01-15T12:20:12Z</time><extensions><speed>3.114803</speed><course>161.474935</course><hAcc>3.814822</hAcc><vAcc>1.900629</vAcc></extensions></trkpt>
      <trkpt lon="121.349423" lat="31.238517"><ele>5.237824</ele><time>2026-01-15T12:20:13Z</time><extensions><speed>3.117532</speed><course>161.985778</course><hAcc>3.850920</hAcc><vAcc>1.903326</vAcc></extensions></trkpt>
      <trkpt lon="121.349433" lat="31.238490"><ele>5.237998</ele><time>2026-01-15T12:20:14Z</time><extensions><speed>3.088567</speed><course>162.391839</course><hAcc>3.885683</hAcc><vAcc>1.905856</vAcc></extensions></trkpt>
      <trkpt lon="121.349443" lat="31.238464"><ele>5.240008</ele><time>2026-01-15T12:20:15Z</time><extensions><speed>3.060728</speed><course>163.083342</course><hAcc>3.918518</hAcc><vAcc>1.908237</vAcc></extensions></trkpt>
      <trkpt lon="121.349452" lat="31.238437"><ele>5.243054</ele><time>2026-01-15T12:20:16Z</time><extensions><speed>3.112850</speed><course>164.249677</course><hAcc>3.949385</hAcc><vAcc>1.910492</vAcc></extensions></trkpt>
      <trkpt lon="121.349460" lat="31.238410"><ele>5.247239</ele><time>2026-01-15T12:20:17Z</time><extensions><speed>3.160755</speed><course>165.798789</course><hAcc>3.979107</hAcc><vAcc>1.912655</vAcc></extensions></trkpt>
      <trkpt lon="121.349468" lat="31.238382"><ele>5.250962</ele><time>2026-01-15T12:20:18Z</time><extensions><speed>3.162388</speed><course>166.588522</course><hAcc>4.008064</hAcc><vAcc>1.914758</vAcc></extensions></trkpt>
      <trkpt lon="121.349475" lat="31.238355"><ele>5.254601</ele><time>2026-01-15T12:20:19Z</time><extensions><speed>3.145791</speed><course>167.398058</course><hAcc>4.036737</hAcc><vAcc>1.916832</vAcc></extensions></trkpt>
      <trkpt lon="121.349482" lat="31.238328"><ele>5.257195</ele><time>2026-01-15T12:20:20Z</time><extensions><speed>3.098695</speed><course>168.418555</course><hAcc>4.064972</hAcc><vAcc>1.918899</vAcc></extensions></trkpt>
      <trkpt lon="121.349488" lat="31.238300"><ele>5.257667</ele><time>2026-01-15T12:20:21Z</time><extensions><speed>3.062489</speed><course>168.793521</course><hAcc>4.091984</hAcc><vAcc>1.920968</vAcc></extensions></trkpt>
      <trkpt lon="121.349494" lat="31.238274"><ele>5.257090</ele><time>2026-01-15T12:20:22Z</time><extensions><speed>3.008300</speed><course>169.123778</course><hAcc>4.117727</hAcc><vAcc>1.923035</vAcc></extensions></trkpt>
      <trkpt lon="121.349500" lat="31.238248"><ele>5.253421</ele><time>2026-01-15T12:20:23Z</time><extensions><speed>2.961011</speed><course>168.602841</course><hAcc>4.142195</hAcc><vAcc>1.925078</vAcc></extensions></trkpt>
      <trkpt lon="121.349506" lat="31.238222"><ele>5.248016</ele><time>2026-01-15T12:20:24Z</time><extensions><speed>2.931216</speed><course>167.325755</course><hAcc>4.165398</hAcc><vAcc>1.927055</vAcc></extensions></trkpt>
      <trkpt lon="121.349513" lat="31.238196"><ele>5.238785</ele><time>2026-01-15T12:20:25Z</time><extensions><speed>2.921867</speed><course>166.624524</course><hAcc>4.187694</hAcc><vAcc>1.928905</vAcc></extensions></trkpt>
      <trkpt lon="121.349520" lat="31.238171"><ele>5.226955</ele><time>2026-01-15T12:20:26Z</time><extensions><speed>2.929090</speed><course>165.639619</course><hAcc>4.209275</hAcc><vAcc>1.930548</vAcc></extensions></trkpt>
      <trkpt lon="121.349528" lat="31.238146"><ele>5.211449</ele><time>2026-01-15T12:20:27Z</time><extensions><speed>2.908426</speed><course>165.635982</course><hAcc>4.229663</hAcc><vAcc>1.931891</vAcc></extensions></trkpt>
      <trkpt lon="121.349535" lat="31.238121"><ele>5.193236</ele><time>2026-01-15T12:20:28Z</time><extensions><speed>2.882909</speed><course>165.918692</course><hAcc>4.248314</hAcc><vAcc>1.932844</vAcc></extensions></trkpt>
      <trkpt lon="121.349542" lat="31.238096"><ele>5.171576</ele><time>2026-01-15T12:20:29Z</time><extensions><speed>2.891838</speed><course>165.964500</course><hAcc>4.265434</hAcc><vAcc>1.933314</vAcc></extensions></trkpt>
      <trkpt lon="121.349549" lat="31.238071"><ele>5.147265</ele><time>2026-01-15T12:20:30Z</time><extensions><speed>2.879169</speed><course>165.970119</course><hAcc>4.281189</hAcc><vAcc>1.933218</vAcc></extensions></trkpt>
      <trkpt lon="121.349557" lat="31.238046"><ele>5.119905</ele><time>2026-01-15T12:20:31Z</time><extensions><speed>2.845052</speed><course>164.888741</course><hAcc>4.295849</hAcc><vAcc>1.932474</vAcc></extensions></trkpt>
      <trkpt lon="121.349564" lat="31.238022"><ele>5.090509</ele><time>2026-01-15T12:20:32Z</time><extensions><speed>2.785195</speed><course>163.347152</course><hAcc>4.309966</hAcc><vAcc>1.931013</vAcc></extensions></trkpt>
      <trkpt lon="121.349573" lat="31.237998"><ele>5.059468</ele><time>2026-01-15T12:20:33Z</time><extensions><speed>2.724188</speed><course>160.296791</course><hAcc>4.323547</hAcc><vAcc>1.928782</vAcc></extensions></trkpt>
      <trkpt lon="121.349583" lat="31.237976"><ele>5.026604</ele><time>2026-01-15T12:20:34Z</time><extensions><speed>2.698569</speed><course>156.599954</course><hAcc>4.336994</hAcc><vAcc>1.925741</vAcc></extensions></trkpt>
      <trkpt lon="121.349595" lat="31.237954"><ele>4.992665</ele><time>2026-01-15T12:20:35Z</time><extensions><speed>2.689594</speed><course>153.099460</course><hAcc>4.350497</hAcc><vAcc>1.921870</vAcc></extensions></trkpt>
      <trkpt lon="121.349609" lat="31.237933"><ele>4.958022</ele><time>2026-01-15T12:20:36Z</time><extensions><speed>2.695170</speed><course>149.079209</course><hAcc>4.363807</hAcc><vAcc>1.917172</vAcc></extensions></trkpt>
      <trkpt lon="121.349623" lat="31.237913"><ele>4.922743</ele><time>2026-01-15T12:20:37Z</time><extensions><speed>2.694667</speed><course>146.879297</course><hAcc>4.376615</hAcc><vAcc>1.911666</vAcc></extensions></trkpt>
      <trkpt lon="121.349639" lat="31.237893"><ele>4.886912</ele><time>2026-01-15T12:20:38Z</time><extensions><speed>2.690239</speed><course>145.268091</course><hAcc>4.388768</hAcc><vAcc>1.905391</vAcc></extensions></trkpt>
      <trkpt lon="121.349655" lat="31.237873"><ele>4.851391</ele><time>2026-01-15T12:20:39Z</time><extensions><speed>2.683987</speed><course>143.566275</course><hAcc>4.400698</hAcc><vAcc>1.898406</vAcc></extensions></trkpt>
      <trkpt lon="121.349672" lat="31.237854"><ele>4.815863</ele><time>2026-01-15T12:20:40Z</time><extensions><speed>2.691504</speed><course>141.962679</course><hAcc>4.413019</hAcc><vAcc>1.890787</vAcc></extensions></trkpt>
      <trkpt lon="121.349689" lat="31.237836"><ele>4.781415</ele><time>2026-01-15T12:20:41Z</time><extensions><speed>2.707315</speed><course>139.364555</course><hAcc>4.425606</hAcc><vAcc>1.882625</vAcc></extensions></trkpt>
      <trkpt lon="121.349708" lat="31.237818"><ele>4.747611</ele><time>2026-01-15T12:20:42Z</time><extensions><speed>2.698543</speed><course>136.620822</course><hAcc>4.438603</hAcc><vAcc>1.874028</vAcc></extensions></trkpt>
      <trkpt lon="121.349728" lat="31.237801"><ele>4.715491</ele><time>2026-01-15T12:20:43Z</time><extensions><speed>2.679405</speed><course>132.839259</course><hAcc>4.452166</hAcc><vAcc>1.865117</vAcc></extensions></trkpt>
      <trkpt lon="121.349749" lat="31.237786"><ele>4.685345</ele><time>2026-01-15T12:20:44Z</time><extensions><speed>2.691011</speed><course>128.139925</course><hAcc>4.466086</hAcc><vAcc>1.856026</vAcc></extensions></trkpt>
      <trkpt lon="121.349772" lat="31.237771"><ele>4.656982</ele><time>2026-01-15T12:20:45Z</time><extensions><speed>2.719524</speed><course>125.119852</course><hAcc>4.478127</hAcc><vAcc>1.846900</vAcc></extensions></trkpt>
      <trkpt lon="121.349795" lat="31.237757"><ele>4.630367</ele><time>2026-01-15T12:20:46Z</time><extensions><speed>2.775742</speed><course>125.104546</course><hAcc>4.486445</hAcc><vAcc>1.837896</vAcc></extensions></trkpt>
      <trkpt lon="121.349819" lat="31.237743"><ele>4.606242</ele><time>2026-01-15T12:20:47Z</time><extensions><speed>2.776803</speed><course>124.711594</course><hAcc>4.494049</hAcc><vAcc>1.829180</vAcc></extensions></trkpt>
      <trkpt lon="121.349842" lat="31.237729"><ele>4.584642</ele><time>2026-01-15T12:20:48Z</time><extensions><speed>2.728624</speed><course>123.553357</course><hAcc>4.501804</hAcc><vAcc>1.820918</vAcc></extensions></trkpt>
      <trkpt lon="121.349865" lat="31.237716"><ele>4.566041</ele><time>2026-01-15T12:20:49Z</time><extensions><speed>2.645630</speed><course>123.438949</course><hAcc>4.509794</hAcc><vAcc>1.813273</vAcc></extensions></trkpt>
      <trkpt lon="121.349887" lat="31.237703"><ele>4.550729</ele><time>2026-01-15T12:20:50Z</time><extensions><speed>2.558672</speed><course>128.054851</course><hAcc>4.517776</hAcc><vAcc>1.806385</vAcc></extensions></trkpt>
      <trkpt lon="121.349906" lat="31.237687"><ele>4.538423</ele><time>2026-01-15T12:20:51Z</time><extensions><speed>2.460946</speed><course>138.410411</course><hAcc>4.524445</hAcc><vAcc>1.800373</vAcc></extensions></trkpt>
      <trkpt lon="121.349920" lat="31.237670"><ele>4.529078</ele><time>2026-01-15T12:20:52Z</time><extensions><speed>2.367397</speed><course>150.494373</course><hAcc>4.529690</hAcc><vAcc>1.795317</vAcc></extensions></trkpt>
      <trkpt lon="121.349931" lat="31.237652"><ele>4.522709</ele><time>2026-01-15T12:20:53Z</time><extensions><speed>2.365780</speed><course>155.943210</course><hAcc>4.534042</hAcc><vAcc>1.791254</vAcc></extensions></trkpt>
      <trkpt lon="121.349941" lat="31.237632"><ele>4.519259</ele><time>2026-01-15T12:20:54Z</time><extensions><speed>2.419799</speed><course>157.088198</course><hAcc>4.537632</hAcc><vAcc>1.788185</vAcc></extensions></trkpt>
      <trkpt lon="121.349950" lat="31.237612"><ele>4.518773</ele><time>2026-01-15T12:20:55Z</time><extensions><speed>2.486730</speed><course>158.197161</course><hAcc>4.541036</hAcc><vAcc>1.786084</vAcc></extensions></trkpt>
      <trkpt lon="121.349960" lat="31.237592"><ele>4.520487</ele><time>2026-01-15T12:20:56Z</time><extensions><speed>2.515594</speed><course>158.272361</course><hAcc>4.545016</hAcc><vAcc>1.784909</vAcc></extensions></trkpt>
      <trkpt lon="121.349969" lat="31.237571"><ele>4.525041</ele><time>2026-01-15T12:20:57Z</time><extensions><speed>2.514833</speed><course>157.882780</course><hAcc>4.551123</hAcc><vAcc>1.784602</vAcc></extensions></trkpt>
      <trkpt lon="121.349979" lat="31.237550"><ele>4.532041</ele><time>2026-01-15T12:20:58Z</time><extensions><speed>2.506676</speed><course>157.213716</course><hAcc>4.559034</hAcc><vAcc>1.785090</vAcc></extensions></trkpt>
      <trkpt lon="121.349989" lat="31.237530"><ele>4.541929</ele><time>2026-01-15T12:20:59Z</time><extensions><speed>2.527960</speed><course>157.129979</course><hAcc>4.567698</hAcc><vAcc>1.786285</vAcc></extensions></trkpt>
      <trkpt lon="121.349999" lat="31.237509"><ele>4.554197</ele><time>2026-01-15T12:21:00Z</time><extensions><speed>2.541797</speed><course>156.625925</course><hAcc>4.573793</hAcc><vAcc>1.788089</vAcc></extensions></trkpt>
      <trkpt lon="121.350010" lat="31.237488"><ele>4.569094</ele><time>2026-01-15T12:21:01Z</time><extensions><speed>2.549970</speed><course>156.371816</course><hAcc>4.572055</hAcc><vAcc>1.790397</vAcc></extensions></trkpt>
      <trkpt lon="121.350020" lat="31.237467"><ele>4.586011</ele><time>2026-01-15T12:21:02Z</time><extensions><speed>2.553142</speed><course>157.422958</course><hAcc>4.566900</hAcc><vAcc>1.793111</vAcc></extensions></trkpt>
      <trkpt lon="121.350030" lat="31.237446"><ele>4.605283</ele><time>2026-01-15T12:21:03Z</time><extensions><speed>2.518085</speed><course>158.091032</course><hAcc>4.562946</hAcc><vAcc>1.796151</vAcc></extensions></trkpt>
      <trkpt lon="121.350039" lat="31.237425"><ele>4.626567</ele><time>2026-01-15T12:21:04Z</time><extensions><speed>2.491291</speed><course>158.944285</course><hAcc>4.563400</hAcc><vAcc>1.799450</vAcc></extensions></trkpt>
      <trkpt lon="121.350049" lat="31.237404"><ele>4.649870</ele><time>2026-01-15T12:21:05Z</time><extensions><speed>2.530447</speed><course>158.476236</course><hAcc>4.567682</hAcc><vAcc>1.802955</vAcc></extensions></trkpt>
      <trkpt lon="121.350059" lat="31.237383"><ele>4.675143</ele><time>2026-01-15T12:21:06Z</time><extensions><speed>2.559220</speed><course>155.730730</course><hAcc>4.571745</hAcc><vAcc>1.806621</vAcc></extensions></trkpt>
      <trkpt lon="121.350070" lat="31.237362"><ele>4.702278</ele><time>2026-01-15T12:21:07Z</time><extensions><speed>2.574517</speed><course>153.886761</course><hAcc>4.573892</hAcc><vAcc>1.810420</vAcc></extensions></trkpt>
      <trkpt lon="121.350082" lat="31.237341"><ele>4.731171</ele><time>2026-01-15T12:21:08Z</time><extensions><speed>2.584677</speed><course>152.695405</course><hAcc>4.574408</hAcc><vAcc>1.814336</vAcc></extensions></trkpt>
      <trkpt lon="121.350095" lat="31.237320"><ele>4.761991</ele><time>2026-01-15T12:21:09Z</time><extensions><speed>2.599148</speed><course>152.125510</course><hAcc>4.574114</hAcc><vAcc>1.818366</vAcc></extensions></trkpt>
      <trkpt lon="121.350108" lat="31.237300"><ele>4.794538</ele><time>2026-01-15T12:21:10Z</time><extensions><speed>2.601383</speed><course>150.860575</course><hAcc>4.573446</hAcc><vAcc>1.822516</vAcc></extensions></trkpt>
      <trkpt lon="121.350122" lat="31.237280"><ele>4.828888</ele><time>2026-01-15T12:21:11Z</time><extensions><speed>2.588515</speed><course>148.340413</course><hAcc>4.572678</hAcc><vAcc>1.826801</vAcc></extensions></trkpt>
      <trkpt lon="121.350136" lat="31.237260"><ele>4.865151</ele><time>2026-01-15T12:21:12Z</time><extensions><speed>2.565980</speed><course>144.745830</course><hAcc>4.571898</hAcc><vAcc>1.831247</vAcc></extensions></trkpt>
      <trkpt lon="121.350152" lat="31.237242"><ele>4.902949</ele><time>2026-01-15T12:21:13Z</time><extensions><speed>2.486263</speed><course>140.685746</course><hAcc>4.571261</hAcc><vAcc>1.835890</vAcc></extensions></trkpt>
      <trkpt lon="121.350168" lat="31.237225"><ele>4.942643</ele><time>2026-01-15T12:21:14Z</time><extensions><speed>2.419493</speed><course>142.997627</course><hAcc>4.570834</hAcc><vAcc>1.840767</vAcc></extensions></trkpt>
      <trkpt lon="121.350183" lat="31.237207"><ele>4.984061</ele><time>2026-01-15T12:21:15Z</time><extensions><speed>2.435584</speed><course>146.853719</course><hAcc>4.568981</hAcc><vAcc>1.845915</vAcc></extensions></trkpt>
      <trkpt lon="121.350196" lat="31.237188"><ele>5.026728</ele><time>2026-01-15T12:21:16Z</time><extensions><speed>2.545090</speed><course>149.937656</course><hAcc>4.562044</hAcc><vAcc>1.851358</vAcc></extensions></trkpt>
      <trkpt lon="121.350210" lat="31.237167"><ele>5.070604</ele><time>2026-01-15T12:21:17Z</time><extensions><speed>2.618582</speed><course>151.565783</course><hAcc>4.553794</hAcc><vAcc>1.857108</vAcc></extensions></trkpt>
      <trkpt lon="121.350222" lat="31.237146"><ele>5.115110</ele><time>2026-01-15T12:21:18Z</time><extensions><speed>2.581867</speed><course>152.646093</course><hAcc>4.545983</hAcc><vAcc>1.863162</vAcc></extensions></trkpt>
      <trkpt lon="121.350235" lat="31.237126"><ele>5.161739</ele><time>2026-01-15T12:21:19Z</time><extensions><speed>2.559172</speed><course>153.039875</course><hAcc>4.538675</hAcc><vAcc>1.869500</vAcc></extensions></trkpt>
      <trkpt lon="121.350247" lat="31.237105"><ele>5.208994</ele><time>2026-01-15T12:21:20Z</time><extensions><speed>2.553261</speed><course>151.461953</course><hAcc>4.532067</hAcc><vAcc>1.876087</vAcc></extensions></trkpt>
      <trkpt lon="121.350260" lat="31.237085"><ele>5.257113</ele><time>2026-01-15T12:21:21Z</time><extensions><speed>2.551585</speed><course>150.190730</course><hAcc>4.525324</hAcc><vAcc>1.882875</vAcc></extensions></trkpt>
      <trkpt lon="121.350274" lat="31.237066"><ele>5.305646</ele><time>2026-01-15T12:21:22Z</time><extensions><speed>2.536590</speed><course>149.034072</course><hAcc>4.518466</hAcc><vAcc>1.889804</vAcc></extensions></trkpt>
      <trkpt lon="121.350288" lat="31.237046"><ele>5.355675</ele><time>2026-01-15T12:21:23Z</time><extensions><speed>2.517515</speed><course>146.653536</course><hAcc>4.511429</hAcc><vAcc>1.896806</vAcc></extensions></trkpt>
      <trkpt lon="121.350303" lat="31.237027"><ele>5.406219</ele><time>2026-01-15T12:21:24Z</time><extensions><speed>2.564302</speed><course>144.024454</course><hAcc>4.503857</hAcc><vAcc>1.903809</vAcc></extensions></trkpt>
      <trkpt lon="121.350320" lat="31.237009"><ele>5.457995</ele><time>2026-01-15T12:21:25Z</time><extensions><speed>2.596705</speed><course>140.020726</course><hAcc>4.496029</hAcc><vAcc>1.910733</vAcc></extensions></trkpt>
      <trkpt lon="121.350338" lat="31.236991"><ele>5.510619</ele><time>2026-01-15T12:21:26Z</time><extensions><speed>2.601997</speed><course>137.204091</course><hAcc>4.488998</hAcc><vAcc>1.917494</vAcc></extensions></trkpt>
      <trkpt lon="121.350356" lat="31.236974"><ele>5.564514</ele><time>2026-01-15T12:21:27Z</time><extensions><speed>2.593694</speed><course>137.697415</course><hAcc>4.482693</hAcc><vAcc>1.924006</vAcc></extensions></trkpt>
      <trkpt lon="121.350374" lat="31.236956"><ele>5.619639</ele><time>2026-01-15T12:21:28Z</time><extensions><speed>2.561975</speed><course>140.690228</course><hAcc>4.475685</hAcc><vAcc>1.930184</vAcc></extensions></trkpt>
      <trkpt lon="121.350390" lat="31.236938"><ele>5.676128</ele><time>2026-01-15T12:21:29Z</time><extensions><speed>2.554911</speed><course>144.315350</course><hAcc>4.466522</hAcc><vAcc>1.935956</vAcc></extensions></trkpt>
      <trkpt lon="121.350406" lat="31.236919"><ele>5.733998</ele><time>2026-01-15T12:21:30Z</time><extensions><speed>2.537732</speed><course>146.442771</course><hAcc>4.455666</hAcc><vAcc>1.941270</vAcc></extensions></trkpt>
      <trkpt lon="121.350420" lat="31.236899"><ele>5.793311</ele><time>2026-01-15T12:21:31Z</time><extensions><speed>2.580022</speed><course>146.996824</course><hAcc>4.443859</hAcc><vAcc>1.946096</vAcc></extensions></trkpt>
      <trkpt lon="121.350435" lat="31.236879"><ele>5.854802</ele><time>2026-01-15T12:21:32Z</time><extensions><speed>2.626179</speed><course>146.608191</course><hAcc>4.432221</hAcc><vAcc>1.950424</vAcc></extensions></trkpt>
      <trkpt lon="121.350451" lat="31.236859"><ele>5.918095</ele><time>2026-01-15T12:21:33Z</time><extensions><speed>2.657518</speed><course>144.615702</course><hAcc>4.421705</hAcc><vAcc>1.954256</vAcc></extensions></trkpt>
      <trkpt lon="121.350468" lat="31.236840"><ele>5.983575</ele><time>2026-01-15T12:21:34Z</time><extensions><speed>2.704940</speed><course>143.401546</course><hAcc>4.412429</hAcc><vAcc>1.957609</vAcc></extensions></trkpt>
      <trkpt lon="121.350484" lat="31.236820"><ele>6.051120</ele><time>2026-01-15T12:21:35Z</time><extensions><speed>2.673330</speed><course>145.141715</course><hAcc>4.402825</hAcc><vAcc>1.960504</vAcc></extensions></trkpt>
      <trkpt lon="121.350500" lat="31.236800"><ele>6.121766</ele><time>2026-01-15T12:21:36Z</time><extensions><speed>2.618830</speed><course>145.043936</course><hAcc>4.392450</hAcc><vAcc>1.962962</vAcc></extensions></trkpt>
      <trkpt lon="121.350517" lat="31.236781"><ele>6.194471</ele><time>2026-01-15T12:21:37Z</time><extensions><speed>2.551237</speed><course>143.448492</course><hAcc>4.381075</hAcc><vAcc>1.965006</vAcc></extensions></trkpt>
      <trkpt lon="121.350533" lat="31.236762"><ele>6.270164</ele><time>2026-01-15T12:21:38Z</time><extensions><speed>2.504822</speed><course>139.744615</course><hAcc>4.369984</hAcc><vAcc>1.966649</vAcc></extensions></trkpt>
      <trkpt lon="121.350551" lat="31.236745"><ele>6.348499</ele><time>2026-01-15T12:21:39Z</time><extensions><speed>2.517141</speed><course>134.184304</course><hAcc>4.359083</hAcc><vAcc>1.967898</vAcc></extensions></trkpt>
      <trkpt lon="121.350570" lat="31.236729"><ele>6.429605</ele><time>2026-01-15T12:21:40Z</time><extensions><speed>2.533729</speed><course>135.461384</course><hAcc>4.347877</hAcc><vAcc>1.968750</vAcc></extensions></trkpt>
      <trkpt lon="121.350589" lat="31.236712"><ele>6.513252</ele><time>2026-01-15T12:21:41Z</time><extensions><speed>2.568205</speed><course>136.307306</course><hAcc>4.335572</hAcc><vAcc>1.969188</vAcc></extensions></trkpt>
      <trkpt lon="121.350608" lat="31.236694"><ele>6.599799</ele><time>2026-01-15T12:21:42Z</time><extensions><speed>2.633568</speed><course>139.260333</course><hAcc>4.322123</hAcc><vAcc>1.969188</vAcc></extensions></trkpt>
      <trkpt lon="121.350625" lat="31.236676"><ele>6.689043</ele><time>2026-01-15T12:21:43Z</time><extensions><speed>2.660493</speed><course>143.809215</course><hAcc>4.308522</hAcc><vAcc>1.968716</vAcc></extensions></trkpt>
      <trkpt lon="121.350640" lat="31.236656"><ele>6.779980</ele><time>2026-01-15T12:21:44Z</time><extensions><speed>2.692164</speed><course>149.169395</course><hAcc>4.295150</hAcc><vAcc>1.967731</vAcc></extensions></trkpt>
      <trkpt lon="121.350655" lat="31.236634"><ele>6.872630</ele><time>2026-01-15T12:21:45Z</time><extensions><speed>2.714653</speed><course>151.013482</course><hAcc>4.280659</hAcc><vAcc>1.966190</vAcc></extensions></trkpt>
      <trkpt lon="121.350668" lat="31.236613"><ele>6.967103</ele><time>2026-01-15T12:21:46Z</time><extensions><speed>2.702109</speed><course>153.053359</course><hAcc>4.266469</hAcc><vAcc>1.964053</vAcc></extensions></trkpt>
      <trkpt lon="121.350680" lat="31.236591"><ele>7.062847</ele><time>2026-01-15T12:21:47Z</time><extensions><speed>2.715908</speed><course>154.315882</course><hAcc>4.253969</hAcc><vAcc>1.961289</vAcc></extensions></trkpt>
      <trkpt lon="121.350693" lat="31.236569"><ele>7.160601</ele><time>2026-01-15T12:21:48Z</time><extensions><speed>2.701279</speed><course>154.615640</course><hAcc>4.242888</hAcc><vAcc>1.957878</vAcc></extensions></trkpt>
      <trkpt lon="121.350705" lat="31.236547"><ele>7.258160</ele><time>2026-01-15T12:21:49Z</time><extensions><speed>2.717448</speed><course>155.142414</course><hAcc>4.230985</hAcc><vAcc>1.953814</vAcc></extensions></trkpt>
      <trkpt lon="121.350717" lat="31.236525"><ele>7.356619</ele><time>2026-01-15T12:21:50Z</time><extensions><speed>2.700267</speed><course>154.783553</course><hAcc>4.217116</hAcc><vAcc>1.949108</vAcc></extensions></trkpt>
      <trkpt lon="121.350729" lat="31.236503"><ele>7.454481</ele><time>2026-01-15T12:21:51Z</time><extensions><speed>2.700748</speed><course>154.991669</course><hAcc>4.201666</hAcc><vAcc>1.943784</vAcc></extensions></trkpt>
      <trkpt lon="121.350741" lat="31.236481"><ele>7.552705</ele><time>2026-01-15T12:21:52Z</time><extensions><speed>2.752150</speed><course>155.387870</course><hAcc>4.184659</hAcc><vAcc>1.937881</vAcc></extensions></trkpt>
      <trkpt lon="121.350753" lat="31.236458"><ele>7.649544</ele><time>2026-01-15T12:21:53Z</time><extensions><speed>2.770776</speed><course>154.874740</course><hAcc>4.164879</hAcc><vAcc>1.931454</vAcc></extensions></trkpt>
      <trkpt lon="121.350765" lat="31.236435"><ele>7.745484</ele><time>2026-01-15T12:21:54Z</time><extensions><speed>2.823431</speed><course>155.008224</course><hAcc>4.143022</hAcc><vAcc>1.924575</vAcc></extensions></trkpt>
      <trkpt lon="121.350778" lat="31.236412"><ele>7.840076</ele><time>2026-01-15T12:21:55Z</time><extensions><speed>2.870686</speed><course>154.870908</course><hAcc>4.121302</hAcc><vAcc>1.917330</vAcc></extensions></trkpt>
      <trkpt lon="121.350791" lat="31.236389"><ele>7.933477</ele><time>2026-01-15T12:21:56Z</time><extensions><speed>2.872793</speed><course>154.869153</course><hAcc>4.100703</hAcc><vAcc>1.909821</vAcc></extensions></trkpt>
      <trkpt lon="121.350803" lat="31.236365"><ele>8.024779</ele><time>2026-01-15T12:21:57Z</time><extensions><speed>2.884849</speed><course>155.385331</course><hAcc>4.080315</hAcc><vAcc>1.902163</vAcc></extensions></trkpt>
      <trkpt lon="121.350816" lat="31.236342"><ele>8.114629</ele><time>2026-01-15T12:21:58Z</time><extensions><speed>2.903765</speed><course>155.724061</course><hAcc>4.060071</hAcc><vAcc>1.894474</vAcc></extensions></trkpt>
      <trkpt lon="121.350828" lat="31.236317"><ele>8.201731</ele><time>2026-01-15T12:21:59Z</time><extensions><speed>2.970183</speed><course>156.640802</course><hAcc>4.038162</hAcc><vAcc>1.886873</vAcc></extensions></trkpt>
      <trkpt lon="121.350841" lat="31.236293"><ele>8.286859</ele><time>2026-01-15T12:22:00Z</time><extensions><speed>3.002714</speed><course>155.052968</course><hAcc>4.012045</hAcc><vAcc>1.879471</vAcc></extensions></trkpt>
      <trkpt lon="121.350855" lat="31.236269"><ele>8.368717</ele><time>2026-01-15T12:22:01Z</time><extensions><speed>2.964677</speed><course>153.250981</course><hAcc>3.984004</hAcc><vAcc>1.872367</vAcc></extensions></trkpt>
      <trkpt lon="121.350869" lat="31.236245"><ele>8.447589</ele><time>2026-01-15T12:22:02Z</time><extensions><speed>2.900322</speed><course>152.306105</course><hAcc>3.956835</hAcc><vAcc>1.865641</vAcc></extensions></trkpt>
      <trkpt lon="121.350883" lat="31.236223"><ele>8.522689</ele><time>2026-01-15T12:22:03Z</time><extensions><speed>2.860128</speed><course>151.385948</course><hAcc>3.929042</hAcc><vAcc>1.859348</vAcc></extensions></trkpt>
      <trkpt lon="121.350897" lat="31.236200"><ele>8.593865</ele><time>2026-01-15T12:22:04Z</time><extensions><speed>2.880616</speed><course>151.253613</course><hAcc>3.900458</hAcc><vAcc>1.853527</vAcc></extensions></trkpt>
      <trkpt lon="121.350912" lat="31.236177"><ele>8.660904</ele><time>2026-01-15T12:22:05Z</time><extensions><speed>2.907766</speed><course>150.747406</course><hAcc>3.871375</hAcc><vAcc>1.848208</vAcc></extensions></trkpt>
      <trkpt lon="121.350927" lat="31.236154"><ele>8.723010</ele><time>2026-01-15T12:22:06Z</time><extensions><speed>2.940811</speed><course>149.906930</course><hAcc>3.841518</hAcc><vAcc>1.843414</vAcc></extensions></trkpt>
      <trkpt lon="121.350943" lat="31.236131"><ele>8.780622</ele><time>2026-01-15T12:22:07Z</time><extensions><speed>3.007812</speed><course>149.229259</course><hAcc>3.810824</hAcc><vAcc>1.839163</vAcc></extensions></trkpt>
      <trkpt lon="121.350959" lat="31.236108"><ele>8.833625</ele><time>2026-01-15T12:22:08Z</time><extensions><speed>3.035474</speed><course>150.484500</course><hAcc>3.777901</hAcc><vAcc>1.835473</vAcc></extensions></trkpt>
      <trkpt lon="121.350974" lat="31.236084"><ele>8.882262</ele><time>2026-01-15T12:22:09Z</time><extensions><speed>3.103681</speed><course>152.378334</course><hAcc>3.741605</hAcc><vAcc>1.832360</vAcc></extensions></trkpt>
      <trkpt lon="121.350989" lat="31.236059"><ele>8.924689</ele><time>2026-01-15T12:22:10Z</time><extensions><speed>3.136852</speed><course>153.732425</course><hAcc>3.702296</hAcc><vAcc>1.829830</vAcc></extensions></trkpt>
      <trkpt lon="121.351003" lat="31.236033"><ele>8.962595</ele><time>2026-01-15T12:22:11Z</time><extensions><speed>3.122263</speed><course>155.489394</course><hAcc>3.661688</hAcc><vAcc>1.827879</vAcc></extensions></trkpt>
      <trkpt lon="121.351016" lat="31.236007"><ele>8.995736</ele><time>2026-01-15T12:22:12Z</time><extensions><speed>3.120726</speed><course>156.883324</course><hAcc>3.621151</hAcc><vAcc>1.826486</vAcc></extensions></trkpt>
      <trkpt lon="121.351029" lat="31.235982"><ele>9.024300</ele><time>2026-01-15T12:22:13Z</time><extensions><speed>3.108166</speed><course>157.057530</course><hAcc>3.578142</hAcc><vAcc>1.825625</vAcc></extensions></trkpt>
      <trkpt lon="121.351041" lat="31.235956"><ele>9.047919</ele><time>2026-01-15T12:22:14Z</time><extensions><speed>3.088445</speed><course>157.411222</course><hAcc>3.530627</hAcc><vAcc>1.825260</vAcc></extensions></trkpt>
      <trkpt lon="121.351054" lat="31.235931"><ele>9.067341</ele><time>2026-01-15T12:22:15Z</time><extensions><speed>3.041704</speed><course>156.603171</course><hAcc>3.476196</hAcc><vAcc>1.825351</vAcc></extensions></trkpt>
      <trkpt lon="121.351066" lat="31.235906"><ele>9.081718</ele><time>2026-01-15T12:22:16Z</time><extensions><speed>2.964747</speed><course>156.198787</course><hAcc>3.415206</hAcc><vAcc>1.825856</vAcc></extensions></trkpt>
      <trkpt lon="121.351079" lat="31.235882"><ele>9.092359</ele><time>2026-01-15T12:22:17Z</time><extensions><speed>2.921545</speed><course>156.212479</course><hAcc>3.348368</hAcc><vAcc>1.826734</vAcc></extensions></trkpt>
      <trkpt lon="121.351091" lat="31.235858"><ele>9.098751</ele><time>2026-01-15T12:22:18Z</time><extensions><speed>2.906539</speed><course>156.390457</course><hAcc>3.276965</hAcc><vAcc>1.827941</vAcc></extensions></trkpt>
      <trkpt lon="121.351103" lat="31.235833"><ele>9.101553</ele><time>2026-01-15T12:22:19Z</time><extensions><speed>2.999268</speed><course>156.722697</course><hAcc>3.204185</hAcc><vAcc>1.829436</vAcc></extensions></trkpt>
      <trkpt lon="121.351116" lat="31.235808"><ele>9.100871</ele><time>2026-01-15T12:22:20Z</time><extensions><speed>3.083835</speed><course>156.659251</course><hAcc>3.132727</hAcc><vAcc>1.831175</vAcc></extensions></trkpt>
      <trkpt lon="121.351129" lat="31.235783"><ele>9.096413</ele><time>2026-01-15T12:22:21Z</time><extensions><speed>3.113255</speed><course>156.761050</course><hAcc>3.058771</hAcc><vAcc>1.833118</vAcc></extensions></trkpt>
      <trkpt lon="121.351142" lat="31.235757"><ele>9.088117</ele><time>2026-01-15T12:22:22Z</time><extensions><speed>3.123143</speed><course>156.615793</course><hAcc>2.978819</hAcc><vAcc>1.835227</vAcc></extensions></trkpt>
      <trkpt lon="121.351155" lat="31.235731"><ele>9.077050</ele><time>2026-01-15T12:22:23Z</time><extensions><speed>3.088999</speed><course>155.988064</course><hAcc>2.892502</hAcc><vAcc>1.837467</vAcc></extensions></trkpt>
      <trkpt lon="121.351168" lat="31.235706"><ele>9.062779</ele><time>2026-01-15T12:22:24Z</time><extensions><speed>3.061441</speed><course>155.163899</course><hAcc>2.800992</hAcc><vAcc>1.839810</vAcc></extensions></trkpt>
      <trkpt lon="121.351182" lat="31.235681"><ele>9.046010</ele><time>2026-01-15T12:22:25Z</time><extensions><speed>3.051404</speed><course>154.204940</course><hAcc>2.704843</hAcc><vAcc>1.842237</vAcc></extensions></trkpt>
      <trkpt lon="121.351196" lat="31.235657"><ele>9.026736</ele><time>2026-01-15T12:22:26Z</time><extensions><speed>2.999255</speed><course>152.984003</course><hAcc>2.605397</hAcc><vAcc>1.844735</vAcc></extensions></trkpt>
      <trkpt lon="121.351210" lat="31.235633"><ele>9.006014</ele><time>2026-01-15T12:22:27Z</time><extensions><speed>2.953656</speed><course>152.272172</course><hAcc>2.504155</hAcc><vAcc>1.847298</vAcc></extensions></trkpt>
      <trkpt lon="121.351225" lat="31.235610"><ele>8.983817</ele><time>2026-01-15T12:22:28Z</time><extensions><speed>2.928469</speed><course>151.363939</course><hAcc>2.400774</hAcc><vAcc>1.849924</vAcc></extensions></trkpt>
      <trkpt lon="121.351240" lat="31.235587"><ele>8.960480</ele><time>2026-01-15T12:22:29Z</time><extensions><speed>2.934725</speed><course>150.593385</course><hAcc>2.297559</hAcc><vAcc>1.852611</vAcc></extensions></trkpt>
      <trkpt lon="121.351255" lat="31.235564"><ele>8.936029</ele><time>2026-01-15T12:22:30Z</time><extensions><speed>2.988728</speed><course>150.094504</course><hAcc>2.196611</hAcc><vAcc>1.855355</vAcc></extensions></trkpt>
      <trkpt lon="121.351271" lat="31.235541"><ele>8.910962</ele><time>2026-01-15T12:22:31Z</time><extensions><speed>2.977949</speed><course>149.529247</course><hAcc>2.104763</hAcc><vAcc>1.858148</vAcc></extensions></trkpt>
      <trkpt lon="121.351286" lat="31.235518"><ele>8.884848</ele><time>2026-01-15T12:22:32Z</time><extensions><speed>2.980562</speed><course>149.110018</course><hAcc>2.027939</hAcc><vAcc>1.860986</vAcc></extensions></trkpt>
      <trkpt lon="121.351303" lat="31.235495"><ele>8.858901</ele><time>2026-01-15T12:22:33Z</time><extensions><speed>2.989993</speed><course>148.298207</course><hAcc>1.965926</hAcc><vAcc>1.863859</vAcc></extensions></trkpt>
      <trkpt lon="121.351319" lat="31.235472"><ele>8.832646</ele><time>2026-01-15T12:22:34Z</time><extensions><speed>2.993525</speed><course>147.127006</course><hAcc>1.918120</hAcc><vAcc>1.866761</vAcc></extensions></trkpt>
      <trkpt lon="121.351337" lat="31.235449"><ele>8.806623</ele><time>2026-01-15T12:22:35Z</time><extensions><speed>2.980110</speed><course>146.187645</course><hAcc>1.883353</hAcc><vAcc>1.869687</vAcc></extensions></trkpt>
      <trkpt lon="121.351354" lat="31.235428"><ele>8.781013</ele><time>2026-01-15T12:22:36Z</time><extensions><speed>2.924014</speed><course>144.355115</course><hAcc>1.858962</hAcc><vAcc>1.872632</vAcc></extensions></trkpt>
      <trkpt lon="121.351372" lat="31.235407"><ele>8.755898</ele><time>2026-01-15T12:22:37Z</time><extensions><speed>2.913502</speed><course>142.548317</course><hAcc>1.841518</hAcc><vAcc>1.875587</vAcc></extensions></trkpt>
      <trkpt lon="121.351391" lat="31.235386"><ele>8.731566</ele><time>2026-01-15T12:22:38Z</time><extensions><speed>2.857509</speed><course>142.843878</course><hAcc>1.827817</hAcc><vAcc>1.878549</vAcc></extensions></trkpt>
      <trkpt lon="121.351409" lat="31.235366"><ele>8.707348</ele><time>2026-01-15T12:22:39Z</time><extensions><speed>2.789334</speed><course>142.241691</course><hAcc>1.818256</hAcc><vAcc>1.881516</vAcc></extensions></trkpt>
      <trkpt lon="121.351426" lat="31.235346"><ele>8.684478</ele><time>2026-01-15T12:22:40Z</time><extensions><speed>2.773757</speed><course>142.233400</course><hAcc>1.813868</hAcc><vAcc>1.884484</vAcc></extensions></trkpt>
      <trkpt lon="121.351444" lat="31.235326"><ele>8.662136</ele><time>2026-01-15T12:22:41Z</time><extensions><speed>2.774101</speed><course>142.292190</course><hAcc>1.813271</hAcc><vAcc>1.887450</vAcc></extensions></trkpt>
      <trkpt lon="121.351462" lat="31.235306"><ele>8.641116</ele><time>2026-01-15T12:22:42Z</time><extensions><speed>2.801750</speed><course>143.145967</course><hAcc>1.814748</hAcc><vAcc>1.890404</vAcc></extensions></trkpt>
      <trkpt lon="121.351479" lat="31.235286"><ele>8.630254</ele><time>2026-01-15T12:22:43Z</time><extensions><speed>2.818743</speed><course>144.524195</course><hAcc>1.817224</hAcc><vAcc>1.893245</vAcc></extensions></trkpt>
      <trkpt lon="121.351496" lat="31.235265"><ele>8.609625</ele><time>2026-01-15T12:22:44Z</time><extensions><speed>2.789078</speed><course>146.180476</course><hAcc>1.821604</hAcc><vAcc>1.896185</vAcc></extensions></trkpt>
      <trkpt lon="121.351512" lat="31.235244"><ele>8.593234</ele><time>2026-01-15T12:22:45Z</time><extensions><speed>2.751469</speed><course>147.376834</course><hAcc>1.828482</hAcc><vAcc>1.898970</vAcc></extensions></trkpt>
      <trkpt lon="121.351528" lat="31.235224"><ele>8.576143</ele><time>2026-01-15T12:22:46Z</time><extensions><speed>2.718558</speed><course>145.921319</course><hAcc>1.835949</hAcc><vAcc>1.901684</vAcc></extensions></trkpt>
      <trkpt lon="121.351544" lat="31.235204"><ele>8.559274</ele><time>2026-01-15T12:22:47Z</time><extensions><speed>2.716200</speed><course>145.318359</course><hAcc>1.850076</hAcc><vAcc>1.904262</vAcc></extensions></trkpt>
      <trkpt lon="121.351560" lat="31.235184"><ele>8.542789</ele><time>2026-01-15T12:22:48Z</time><extensions><speed>2.719860</speed><course>144.907808</course><hAcc>1.872284</hAcc><vAcc>1.906661</vAcc></extensions></trkpt>
      <trkpt lon="121.351576" lat="31.235164"><ele>8.526768</ele><time>2026-01-15T12:22:49Z</time><extensions><speed>2.721395</speed><course>144.160503</course><hAcc>1.903364</hAcc><vAcc>1.908840</vAcc></extensions></trkpt>
      <trkpt lon="121.351593" lat="31.235144"><ele>8.511307</ele><time>2026-01-15T12:22:50Z</time><extensions><speed>2.766185</speed><course>144.153278</course><hAcc>1.942740</hAcc><vAcc>1.910765</vAcc></extensions></trkpt>
      <trkpt lon="121.351610" lat="31.235124"><ele>8.496479</ele><time>2026-01-15T12:22:51Z</time><extensions><speed>2.783217</speed><course>143.720965</course><hAcc>1.988891</hAcc><vAcc>1.912408</vAcc></extensions></trkpt>
      <trkpt lon="121.351628" lat="31.235103"><ele>8.482320</ele><time>2026-01-15T12:22:52Z</time><extensions><speed>2.822121</speed><course>143.771673</course><hAcc>2.036481</hAcc><vAcc>1.913745</vAcc></extensions></trkpt>
      <trkpt lon="121.351645" lat="31.235083"><ele>8.469507</ele><time>2026-01-15T12:22:53Z</time><extensions><speed>2.850792</speed><course>143.809827</course><hAcc>2.079227</hAcc><vAcc>1.914932</vAcc></extensions></trkpt>
      <trkpt lon="121.351663" lat="31.235062"><ele>8.457050</ele><time>2026-01-15T12:22:54Z</time><extensions><speed>2.866560</speed><course>143.474765</course><hAcc>2.115937</hAcc><vAcc>1.915786</vAcc></extensions></trkpt>
      <trkpt lon="121.351681" lat="31.235041"><ele>8.445047</ele><time>2026-01-15T12:22:55Z</time><extensions><speed>2.896610</speed><course>143.737818</course><hAcc>2.145858</hAcc><vAcc>1.916291</vAcc></extensions></trkpt>
      <trkpt lon="121.351699" lat="31.235020"><ele>8.433762</ele><time>2026-01-15T12:22:56Z</time><extensions><speed>2.849962</speed><course>143.365075</course><hAcc>2.165535</hAcc><vAcc>1.916437</vAcc></extensions></trkpt>
      <trkpt lon="121.351716" lat="31.235000"><ele>8.421734</ele><time>2026-01-15T12:22:57Z</time><extensions><speed>2.796357</speed><course>142.541640</course><hAcc>2.174625</hAcc><vAcc>1.916216</vAcc></extensions></trkpt>
      <trkpt lon="121.351734" lat="31.234980"><ele>8.411243</ele><time>2026-01-15T12:22:58Z</time><extensions><speed>2.761253</speed><course>141.941663</course><hAcc>2.173868</hAcc><vAcc>1.915000</vAcc></extensions></trkpt>
      <trkpt lon="121.351752" lat="31.234961"><ele>8.401204</ele><time>2026-01-15T12:22:59Z</time><extensions><speed>2.740481</speed><course>143.856794</course><hAcc>2.167229</hAcc><vAcc>1.913697</vAcc></extensions></trkpt>
      <trkpt lon="121.351768" lat="31.234940"><ele>8.391466</ele><time>2026-01-15T12:23:00Z</time><extensions><speed>2.756522</speed><course>145.522421</course><hAcc>2.155231</hAcc><vAcc>1.912053</vAcc></extensions></trkpt>
      <trkpt lon="121.351784" lat="31.234920"><ele>8.381801</ele><time>2026-01-15T12:23:01Z</time><extensions><speed>2.751996</speed><course>145.529812</course><hAcc>2.142123</hAcc><vAcc>1.909963</vAcc></extensions></trkpt>
      <trkpt lon="121.351801" lat="31.234899"><ele>8.371990</ele><time>2026-01-15T12:23:02Z</time><extensions><speed>2.794431</speed><course>147.022212</course><hAcc>2.136178</hAcc><vAcc>1.907335</vAcc></extensions></trkpt>
      <trkpt lon="121.351816" lat="31.234878"><ele>8.361917</ele><time>2026-01-15T12:23:03Z</time><extensions><speed>2.821496</speed><course>148.350406</course><hAcc>2.144180</hAcc><vAcc>1.904070</vAcc></extensions></trkpt>
      <trkpt lon="121.351832" lat="31.234856"><ele>8.351500</ele><time>2026-01-15T12:23:04Z</time><extensions><speed>2.855968</speed><course>148.797605</course><hAcc>2.168396</hAcc><vAcc>1.900054</vAcc></extensions></trkpt>
      <trkpt lon="121.351847" lat="31.234834"><ele>8.340645</ele><time>2026-01-15T12:23:05Z</time><extensions><speed>2.885610</speed><course>150.074847</course><hAcc>2.207376</hAcc><vAcc>1.895163</vAcc></extensions></trkpt>
      <trkpt lon="121.351862" lat="31.234812"><ele>8.329200</ele><time>2026-01-15T12:23:06Z</time><extensions><speed>2.856099</speed><course>150.759849</course><hAcc>2.259426</hAcc><vAcc>1.889269</vAcc></extensions></trkpt>
      <trkpt lon="121.351876" lat="31.234789"><ele>8.317015</ele><time>2026-01-15T12:23:07Z</time><extensions><speed>2.828592</speed><course>151.285302</course><hAcc>2.319677</hAcc><vAcc>1.882235</vAcc></extensions></trkpt>
      <trkpt lon="121.351891" lat="31.234767"><ele>8.303955</ele><time>2026-01-15T12:23:08Z</time><extensions><speed>2.818794</speed><course>150.954976</course><hAcc>2.382123</hAcc><vAcc>1.873926</vAcc></extensions></trkpt>
      <trkpt lon="121.351905" lat="31.234745"><ele>8.289922</ele><time>2026-01-15T12:23:09Z</time><extensions><speed>2.854982</speed><course>150.176728</course><hAcc>2.444636</hAcc><vAcc>1.864205</vAcc></extensions></trkpt>
      <trkpt lon="121.351920" lat="31.234722"><ele>8.274887</ele><time>2026-01-15T12:23:10Z</time><extensions><speed>2.927900</speed><course>149.683760</course><hAcc>2.506256</hAcc><vAcc>1.852934</vAcc></extensions></trkpt>
      <trkpt lon="121.351936" lat="31.234700"><ele>8.258752</ele><time>2026-01-15T12:23:11Z</time><extensions><speed>2.932951</speed><course>148.962051</course><hAcc>2.566513</hAcc><vAcc>1.839970</vAcc></extensions></trkpt>
      <trkpt lon="121.351952" lat="31.234677"><ele>8.241370</ele><time>2026-01-15T12:23:12Z</time><extensions><speed>2.946940</speed><course>148.446902</course><hAcc>2.621789</hAcc><vAcc>1.825167</vAcc></extensions></trkpt>
      <trkpt lon="121.351968" lat="31.234654"><ele>8.222560</ele><time>2026-01-15T12:23:13Z</time><extensions><speed>2.974415</speed><course>148.501675</course><hAcc>2.667550</hAcc><vAcc>1.808371</vAcc></extensions></trkpt>
      <trkpt lon="121.351985" lat="31.234632"><ele>8.202137</ele><time>2026-01-15T12:23:14Z</time><extensions><speed>2.954989</speed><course>147.288433</course><hAcc>2.706863</hAcc><vAcc>1.789424</vAcc></extensions></trkpt>
      <trkpt lon="121.352002" lat="31.234610"><ele>8.179921</ele><time>2026-01-15T12:23:15Z</time><extensions><speed>2.953861</speed><course>146.157534</course><hAcc>2.739492</hAcc><vAcc>1.768157</vAcc></extensions></trkpt>
      <trkpt lon="121.352019" lat="31.234588"><ele>8.155727</ele><time>2026-01-15T12:23:16Z</time><extensions><speed>2.921380</speed><course>145.430912</course><hAcc>2.764002</hAcc><vAcc>1.744399</vAcc></extensions></trkpt>
      <trkpt lon="121.352036" lat="31.234566"><ele>8.129397</ele><time>2026-01-15T12:23:17Z</time><extensions><speed>2.915967</speed><course>147.257831</course><hAcc>2.782365</hAcc><vAcc>1.717971</vAcc></extensions></trkpt>
      <trkpt lon="121.352052" lat="31.234544"><ele>8.100812</ele><time>2026-01-15T12:23:18Z</time><extensions><speed>2.907008</speed><course>148.815092</course><hAcc>2.796135</hAcc><vAcc>1.688685</vAcc></extensions></trkpt>
      <trkpt lon="121.352068" lat="31.234521"><ele>8.069890</ele><time>2026-01-15T12:23:19Z</time><extensions><speed>2.928295</speed><course>149.064324</course><hAcc>2.802684</hAcc><vAcc>1.656342</vAcc></extensions></trkpt>
      <trkpt lon="121.352084" lat="31.234498"><ele>8.036531</ele><time>2026-01-15T12:23:20Z</time><extensions><speed>3.026164</speed><course>149.209562</course><hAcc>2.801877</hAcc><vAcc>1.620735</vAcc></extensions></trkpt>
      <trkpt lon="121.352100" lat="31.234475"><ele>8.000669</ele><time>2026-01-15T12:23:21Z</time><extensions><speed>3.077557</speed><course>149.331099</course><hAcc>2.794661</hAcc><vAcc>1.581657</vAcc></extensions></trkpt>
      <trkpt lon="121.352116" lat="31.234451"><ele>7.962247</ele><time>2026-01-15T12:23:22Z</time><extensions><speed>3.074569</speed><course>149.220078</course><hAcc>2.782247</hAcc><vAcc>1.538909</vAcc></extensions></trkpt>
      <trkpt lon="121.352133" lat="31.234427"><ele>7.921236</ele><time>2026-01-15T12:23:23Z</time><extensions><speed>3.065927</speed><course>149.460568</course><hAcc>2.764487</hAcc><vAcc>1.492313</vAcc></extensions></trkpt>
      <trkpt lon="121.352149" lat="31.234404"><ele>7.877669</ele><time>2026-01-15T12:23:24Z</time><extensions><speed>3.034025</speed><course>149.398095</course><hAcc>2.741493</hAcc><vAcc>1.441724</vAcc></extensions></trkpt>
      <trkpt lon="121.352165" lat="31.234380"><ele>7.831688</ele><time>2026-01-15T12:23:25Z</time><extensions><speed>3.004319</speed><course>149.340932</course><hAcc>2.712044</hAcc><vAcc>1.387060</vAcc></extensions></trkpt>
      <trkpt lon="121.352181" lat="31.234357"><ele>7.783538</ele><time>2026-01-15T12:23:26Z</time><extensions><speed>2.946080</speed><course>148.814852</course><hAcc>2.676063</hAcc><vAcc>1.328325</vAcc></extensions></trkpt>
      <trkpt lon="121.352197" lat="31.234335"><ele>7.733602</ele><time>2026-01-15T12:23:27Z</time><extensions><speed>2.950034</speed><course>147.837079</course><hAcc>2.633449</hAcc><vAcc>1.265643</vAcc></extensions></trkpt>
      <trkpt lon="121.352214" lat="31.234312"><ele>7.682362</ele><time>2026-01-15T12:23:28Z</time><extensions><speed>2.971065</speed><course>146.675876</course><hAcc>2.583786</hAcc><vAcc>1.199308</vAcc></extensions></trkpt>
      <trkpt lon="121.352231" lat="31.234290"><ele>7.630420</ele><time>2026-01-15T12:23:29Z</time><extensions><speed>2.991462</speed><course>145.861581</course><hAcc>2.524463</hAcc><vAcc>1.129849</vAcc></extensions></trkpt>
      <trkpt lon="121.352249" lat="31.234267"><ele>7.578450</ele><time>2026-01-15T12:23:30Z</time><extensions><speed>3.010708</speed><course>147.390892</course><hAcc>2.453228</hAcc><vAcc>1.058120</vAcc></extensions></trkpt>
      <trkpt lon="121.352265" lat="31.234245"><ele>7.527259</ele><time>2026-01-15T12:23:31Z</time><extensions><speed>3.014274</speed><course>148.724104</course><hAcc>2.369526</hAcc><vAcc>0.985398</vAcc></extensions></trkpt>
      <trkpt lon="121.352282" lat="31.234221"><ele>7.477769</ele><time>2026-01-15T12:23:32Z</time><extensions><speed>3.043029</speed><course>148.618402</course><hAcc>2.279565</hAcc><vAcc>0.913502</vAcc></extensions></trkpt>
      <trkpt lon="121.352296" lat="31.234201"><ele>7.436713</ele><time>2026-01-15T12:23:33Z</time><extensions><speed>3.052869</speed><course>148.768735</course><hAcc>2.209601</hAcc><vAcc>0.854489</vAcc></extensions></trkpt>
      <trkpt lon="121.352315" lat="31.234175"><ele>7.387487</ele><time>2026-01-15T12:23:34Z</time><extensions><speed>3.006869</speed><course>148.279016</course><hAcc>2.131421</hAcc><vAcc>0.784433</vAcc></extensions></trkpt>
      <trkpt lon="121.352329" lat="31.234155"><ele>7.353097</ele><time>2026-01-15T12:23:35Z</time><extensions><speed>2.984092</speed><course>147.208834</course><hAcc>2.077362</hAcc><vAcc>0.736912</vAcc></extensions></trkpt>
      <trkpt lon="121.352347" lat="31.234133"><ele>7.317980</ele><time>2026-01-15T12:23:36Z</time><extensions><speed>2.902621</speed><course>144.912461</course><hAcc>2.029525</hAcc><vAcc>0.693315</vAcc></extensions></trkpt>
      <trkpt lon="121.352365" lat="31.234112"><ele>7.287910</ele><time>2026-01-15T12:23:37Z</time><extensions><speed>2.824660</speed><course>140.893431</course><hAcc>1.991933</hAcc><vAcc>0.661688</vAcc></extensions></trkpt>
      <trkpt lon="121.352383" lat="31.234092"><ele>7.262878</ele><time>2026-01-15T12:23:38Z</time><extensions><speed>2.761671</speed><course>141.999377</course><hAcc>1.966424</hAcc><vAcc>0.642382</vAcc></extensions></trkpt>
      <trkpt lon="121.352400" lat="31.234073"><ele>7.242613</ele><time>2026-01-15T12:23:39Z</time><extensions><speed>2.710363</speed><course>144.131972</course><hAcc>1.954087</hAcc><vAcc>0.634568</vAcc></extensions></trkpt>
      <trkpt lon="121.352417" lat="31.234053"><ele>7.226722</ele><time>2026-01-15T12:23:40Z</time><extensions><speed>2.708629</speed><course>145.581036</course><hAcc>1.953673</hAcc><vAcc>0.636413</vAcc></extensions></trkpt>
      <trkpt lon="121.352433" lat="31.234032"><ele>7.214705</ele><time>2026-01-15T12:23:41Z</time><extensions><speed>2.713161</speed><course>146.573343</course><hAcc>1.963498</hAcc><vAcc>0.645335</vAcc></extensions></trkpt>
      <trkpt lon="121.352448" lat="31.234012"><ele>7.206005</ele><time>2026-01-15T12:23:42Z</time><extensions><speed>2.709361</speed><course>145.748807</course><hAcc>1.980043</hAcc><vAcc>0.658230</vAcc></extensions></trkpt>
      <trkpt lon="121.352466" lat="31.233990"><ele>7.199671</ele><time>2026-01-15T12:23:43Z</time><extensions><speed>2.693521</speed><course>145.141771</course><hAcc>1.994464</hAcc><vAcc>0.671197</vAcc></extensions></trkpt>
      <trkpt lon="121.352482" lat="31.233970"><ele>7.196218</ele><time>2026-01-15T12:23:44Z</time><extensions><speed>2.663790</speed><course>144.730191</course><hAcc>1.999084</hAcc><vAcc>0.678271</vAcc></extensions></trkpt>
      <trkpt lon="121.352498" lat="31.233951"><ele>7.194325</ele><time>2026-01-15T12:23:45Z</time><extensions><speed>2.664199</speed><course>144.145264</course><hAcc>1.996020</hAcc><vAcc>0.679647</vAcc></extensions></trkpt>
      <trkpt lon="121.352515" lat="31.233932"><ele>7.193612</ele><time>2026-01-15T12:23:46Z</time><extensions><speed>2.647491</speed><course>143.465845</course><hAcc>1.982996</hAcc><vAcc>0.674299</vAcc></extensions></trkpt>
      <trkpt lon="121.352532" lat="31.233913"><ele>7.193832</ele><time>2026-01-15T12:23:47Z</time><extensions><speed>2.646617</speed><course>141.986835</course><hAcc>1.961270</hAcc><vAcc>0.662557</vAcc></extensions></trkpt>
      <trkpt lon="121.352548" lat="31.233896"><ele>7.194692</ele><time>2026-01-15T12:23:48Z</time><extensions><speed>2.667068</speed><course>139.376099</course><hAcc>1.938658</hAcc><vAcc>0.648393</vAcc></extensions></trkpt>
      <trkpt lon="121.352566" lat="31.233877"><ele>7.196277</ele><time>2026-01-15T12:23:49Z</time><extensions><speed>2.678510</speed><course>140.155537</course><hAcc>1.912451</hAcc><vAcc>0.631561</vAcc></extensions></trkpt>
      <trkpt lon="121.352583" lat="31.233858"><ele>7.198484</ele><time>2026-01-15T12:23:50Z</time><extensions><speed>2.738434</speed><course>145.138827</course><hAcc>1.886964</hAcc><vAcc>0.614443</vAcc></extensions></trkpt>
      <trkpt lon="121.352599" lat="31.233837"><ele>7.201296</ele><time>2026-01-15T12:23:51Z</time><extensions><speed>2.787576</speed><course>148.598479</course><hAcc>1.863282</hAcc><vAcc>0.598690</vAcc></extensions></trkpt>
      <trkpt lon="121.352614" lat="31.233815"><ele>7.204620</ele><time>2026-01-15T12:23:52Z</time><extensions><speed>2.790828</speed><course>149.769646</course><hAcc>1.845627</hAcc><vAcc>0.585269</vAcc></extensions></trkpt>
      <trkpt lon="121.352629" lat="31.233794"><ele>7.208333</ele><time>2026-01-15T12:23:53Z</time><extensions><speed>2.778687</speed><course>149.743146</course><hAcc>1.834304</hAcc><vAcc>0.574564</vAcc></extensions></trkpt>
      <trkpt lon="121.352643" lat="31.233772"><ele>7.212343</ele><time>2026-01-15T12:23:54Z</time><extensions><speed>2.748647</speed><course>149.957090</course><hAcc>1.824388</hAcc><vAcc>0.566529</vAcc></extensions></trkpt>
      <trkpt lon="121.352658" lat="31.233751"><ele>7.216574</ele><time>2026-01-15T12:23:55Z</time><extensions><speed>2.747582</speed><course>149.771341</course><hAcc>1.817832</hAcc><vAcc>0.560841</vAcc></extensions></trkpt>
      <trkpt lon="121.352672" lat="31.233729"><ele>7.220958</ele><time>2026-01-15T12:23:56Z</time><extensions><speed>2.748719</speed><course>149.482743</course><hAcc>1.813610</hAcc><vAcc>0.557043</vAcc></extensions></trkpt>
      <trkpt lon="121.352687" lat="31.233708"><ele>7.225553</ele><time>2026-01-15T12:23:57Z</time><extensions><speed>2.756737</speed><course>149.369615</course><hAcc>1.810197</hAcc><vAcc>0.554653</vAcc></extensions></trkpt>
      <trkpt lon="121.352702" lat="31.233686"><ele>7.230304</ele><time>2026-01-15T12:23:58Z</time><extensions><speed>2.797801</speed><course>149.126967</course><hAcc>1.808561</hAcc><vAcc>0.553239</vAcc></extensions></trkpt>
      <trkpt lon="121.352717" lat="31.233665"><ele>7.235281</ele><time>2026-01-15T12:23:59Z</time><extensions><speed>2.801286</speed><course>149.208925</course><hAcc>1.808091</hAcc><vAcc>0.552462</vAcc></extensions></trkpt>
      <trkpt lon="121.352732" lat="31.233643"><ele>7.240338</ele><time>2026-01-15T12:24:00Z</time><extensions><speed>2.800105</speed><course>148.776569</course><hAcc>1.808611</hAcc><vAcc>0.552109</vAcc></extensions></trkpt>
      <trkpt lon="121.352747" lat="31.233621"><ele>7.245379</ele><time>2026-01-15T12:24:01Z</time><extensions><speed>2.811802</speed><course>148.950097</course><hAcc>1.807179</hAcc><vAcc>0.552123</vAcc></extensions></trkpt>
      <trkpt lon="121.352762" lat="31.233600"><ele>7.250233</ele><time>2026-01-15T12:24:02Z</time><extensions><speed>2.821990</speed><course>149.977156</course><hAcc>1.806428</hAcc><vAcc>0.552636</vAcc></extensions></trkpt>
      <trkpt lon="121.352777" lat="31.233577"><ele>7.254542</ele><time>2026-01-15T12:24:03Z</time><extensions><speed>2.846761</speed><course>150.112650</course><hAcc>1.806746</hAcc><vAcc>0.554022</vAcc></extensions></trkpt>
      <trkpt lon="121.352792" lat="31.233555"><ele>7.258015</ele><time>2026-01-15T12:24:04Z</time><extensions><speed>2.827451</speed><course>150.258247</course><hAcc>1.807472</hAcc><vAcc>0.556958</vAcc></extensions></trkpt>
      <trkpt lon="121.352807" lat="31.233533"><ele>7.260366</ele><time>2026-01-15T12:24:05Z</time><extensions><speed>2.824013</speed><course>149.826148</course><hAcc>1.809836</hAcc><vAcc>0.562480</vAcc></extensions></trkpt>
      <trkpt lon="121.352822" lat="31.233511"><ele>7.261156</ele><time>2026-01-15T12:24:06Z</time><extensions><speed>2.826822</speed><course>149.021601</course><hAcc>1.810413</hAcc><vAcc>0.572012</vAcc></extensions></trkpt>
      <trkpt lon="121.352837" lat="31.233490"><ele>7.259994</ele><time>2026-01-15T12:24:07Z</time><extensions><speed>2.758857</speed><course>148.828603</course><hAcc>1.810206</hAcc><vAcc>0.587317</vAcc></extensions></trkpt>
      <trkpt lon="121.352852" lat="31.233469"><ele>7.256521</ele><time>2026-01-15T12:24:08Z</time><extensions><speed>2.709567</speed><course>148.610839</course><hAcc>1.811729</hAcc><vAcc>0.610323</vAcc></extensions></trkpt>
      <trkpt lon="121.352867" lat="31.233448"><ele>7.250442</ele><time>2026-01-15T12:24:09Z</time><extensions><speed>2.680640</speed><course>148.931095</course><hAcc>1.813026</hAcc><vAcc>0.642808</vAcc></extensions></trkpt>
      <trkpt lon="121.352881" lat="31.233427"><ele>7.241606</ele><time>2026-01-15T12:24:10Z</time><extensions><speed>2.665582</speed><course>148.791789</course><hAcc>1.815450</hAcc><vAcc>0.685996</vAcc></extensions></trkpt>
      <trkpt lon="121.352896" lat="31.233407"><ele>7.229947</ele><time>2026-01-15T12:24:11Z</time><extensions><speed>2.686311</speed><course>147.689509</course><hAcc>1.819142</hAcc><vAcc>0.740155</vAcc></extensions></trkpt>
      <trkpt lon="121.352911" lat="31.233386"><ele>7.215567</ele><time>2026-01-15T12:24:12Z</time><extensions><speed>2.689010</speed><course>146.958294</course><hAcc>1.823823</hAcc><vAcc>0.804323</vAcc></extensions></trkpt>
      <trkpt lon="121.352927" lat="31.233366"><ele>7.198743</ele><time>2026-01-15T12:24:12Z</time><extensions><speed>2.695431</speed><course>145.952664</course><hAcc>1.829914</hAcc><vAcc>0.876015</vAcc></extensions></trkpt>
      <trkpt lon="121.352943" lat="31.233346"><ele>7.179938</ele><time>2026-01-15T12:24:13Z</time><extensions><speed>2.693969</speed><course>145.752260</course><hAcc>1.835374</hAcc><vAcc>0.952186</vAcc></extensions></trkpt>
      <trkpt lon="121.352958" lat="31.233326"><ele>7.159473</ele><time>2026-01-15T12:24:14Z</time><extensions><speed>2.679960</speed><course>145.658392</course><hAcc>1.841211</hAcc><vAcc>1.030040</vAcc></extensions></trkpt>
      <trkpt lon="121.352974" lat="31.233306"><ele>7.137715</ele><time>2026-01-15T12:24:15Z</time><extensions><speed>2.672107</speed><course>145.430219</course><hAcc>1.848762</hAcc><vAcc>1.107443</vAcc></extensions></trkpt>
      <trkpt lon="121.352990" lat="31.233286"><ele>7.114908</ele><time>2026-01-15T12:24:16Z</time><extensions><speed>2.649171</speed><course>145.417874</course><hAcc>1.860371</hAcc><vAcc>1.182882</vAcc></extensions></trkpt>
      <trkpt lon="121.353006" lat="31.233267"><ele>7.091117</ele><time>2026-01-15T12:24:17Z</time><extensions><speed>2.663633</speed><course>144.664853</course><hAcc>1.875623</hAcc><vAcc>1.255320</vAcc></extensions></trkpt>
      <trkpt lon="121.353022" lat="31.233247"><ele>7.066377</ele><time>2026-01-15T12:24:18Z</time><extensions><speed>2.691426</speed><course>143.851004</course><hAcc>1.891823</hAcc><vAcc>1.324082</vAcc></extensions></trkpt>
      <trkpt lon="121.353039" lat="31.233228"><ele>7.040692</ele><time>2026-01-15T12:24:19Z</time><extensions><speed>2.704806</speed><course>143.009060</course><hAcc>1.915485</hAcc><vAcc>1.388760</vAcc></extensions></trkpt>
      <trkpt lon="121.353056" lat="31.233208"><ele>7.013933</ele><time>2026-01-15T12:24:20Z</time><extensions><speed>2.736802</speed><course>142.265969</course><hAcc>1.950489</hAcc><vAcc>1.449145</vAcc></extensions></trkpt>
      <trkpt lon="121.353074" lat="31.233189"><ele>6.986148</ele><time>2026-01-15T12:24:21Z</time><extensions><speed>2.732638</speed><course>142.100237</course><hAcc>1.998081</hAcc><vAcc>1.505176</vAcc></extensions></trkpt>
      <trkpt lon="121.353092" lat="31.233170"><ele>6.957038</ele><time>2026-01-15T12:24:22Z</time><extensions><speed>2.747613</speed><course>141.756483</course><hAcc>2.059237</hAcc><vAcc>1.556901</vAcc></extensions></trkpt>
      <trkpt lon="121.353109" lat="31.233150"><ele>6.926811</ele><time>2026-01-15T12:24:23Z</time><extensions><speed>2.758717</speed><course>141.279482</course><hAcc>2.132792</hAcc><vAcc>1.604445</vAcc></extensions></trkpt>
      <trkpt lon="121.353128" lat="31.233131"><ele>6.895287</ele><time>2026-01-15T12:24:24Z</time><extensions><speed>2.738402</speed><course>141.082131</course><hAcc>2.216649</hAcc><vAcc>1.647987</vAcc></extensions></trkpt>
      <trkpt lon="121.353146" lat="31.233112"><ele>6.862693</ele><time>2026-01-15T12:24:25Z</time><extensions><speed>2.741235</speed><course>140.997684</course><hAcc>2.300825</hAcc><vAcc>1.687743</vAcc></extensions></trkpt>
      <trkpt lon="121.353163" lat="31.233093"><ele>6.828843</ele><time>2026-01-15T12:24:26Z</time><extensions><speed>2.745815</speed><course>141.648364</course><hAcc>2.378598</hAcc><vAcc>1.723952</vAcc></extensions></trkpt>
      <trkpt lon="121.353181" lat="31.233073"><ele>6.793844</ele><time>2026-01-15T12:24:27Z</time><extensions><speed>2.763424</speed><course>141.903041</course><hAcc>2.448484</hAcc><vAcc>1.756867</vAcc></extensions></trkpt>
      <trkpt lon="121.353199" lat="31.233054"><ele>6.757761</ele><time>2026-01-15T12:24:28Z</time><extensions><speed>2.778804</speed><course>141.699122</course><hAcc>2.508662</hAcc><vAcc>1.786749</vAcc></extensions></trkpt>
      <trkpt lon="121.353217" lat="31.233034"><ele>6.720646</ele><time>2026-01-15T12:24:29Z</time><extensions><speed>2.778507</speed><course>142.336615</course><hAcc>2.562509</hAcc><vAcc>1.813855</vAcc></extensions></trkpt>
      <trkpt lon="121.353235" lat="31.233014"><ele>6.682303</ele><time>2026-01-15T12:24:30Z</time><extensions><speed>2.790308</speed><course>142.767061</course><hAcc>2.611807</hAcc><vAcc>1.838441</vAcc></extensions></trkpt>
      <trkpt lon="121.353252" lat="31.232994"><ele>6.642822</ele><time>2026-01-15T12:24:31Z</time><extensions><speed>2.750863</speed><course>143.803324</course><hAcc>2.656105</hAcc><vAcc>1.860749</vAcc></extensions></trkpt>
      <trkpt lon="121.353269" lat="31.232974"><ele>6.602184</ele><time>2026-01-15T12:24:32Z</time><extensions><speed>2.706724</speed><course>145.422536</course><hAcc>2.694200</hAcc><vAcc>1.881009</vAcc></extensions></trkpt>
      <trkpt lon="121.353284" lat="31.232954"><ele>6.560279</ele><time>2026-01-15T12:24:33Z</time><extensions><speed>2.658893</speed><course>147.324740</course><hAcc>2.727238</hAcc><vAcc>1.899432</vAcc></extensions></trkpt>
      <trkpt lon="121.353298" lat="31.232934"><ele>6.516935</ele><time>2026-01-15T12:24:34Z</time><extensions><speed>2.583169</speed><course>150.673855</course><hAcc>2.753863</hAcc><vAcc>1.916206</vAcc></extensions></trkpt>
      <trkpt lon="121.353311" lat="31.232913"><ele>6.472214</ele><time>2026-01-15T12:24:35Z</time><extensions><speed>2.509256</speed><course>154.956583</course><hAcc>2.774997</hAcc><vAcc>1.931495</vAcc></extensions></trkpt>
      <trkpt lon="121.353320" lat="31.232893"><ele>6.426065</ele><time>2026-01-15T12:24:36Z</time><extensions><speed>2.367376</speed><course>162.889020</course><hAcc>2.789107</hAcc><vAcc>1.945438</vAcc></extensions></trkpt>
      <trkpt lon="121.353324" lat="31.232873"><ele>6.378446</ele><time>2026-01-15T12:24:37Z</time><extensions><speed>2.222054</speed><course>175.915351</course><hAcc>2.797376</hAcc><vAcc>1.958153</vAcc></extensions></trkpt>
      <trkpt lon="121.353322" lat="31.232854"><ele>6.329426</ele><time>2026-01-15T12:24:38Z</time><extensions><speed>2.131412</speed><course>193.732949</course><hAcc>2.801331</hAcc><vAcc>1.969742</vAcc></extensions></trkpt>
      <trkpt lon="121.353313" lat="31.232837"><ele>6.278964</ele><time>2026-01-15T12:24:39Z</time><extensions><speed>2.121347</speed><course>216.408096</course><hAcc>2.801980</hAcc><vAcc>1.980292</vAcc></extensions></trkpt>
      <trkpt lon="121.353297" lat="31.232823"><ele>6.227138</ele><time>2026-01-15T12:24:40Z</time><extensions><speed>2.247558</speed><course>234.465683</course><hAcc>2.800275</hAcc><vAcc>1.989878</vAcc></extensions></trkpt>
      <trkpt lon="121.353276" lat="31.232813"><ele>6.173856</ele><time>2026-01-15T12:24:41Z</time><extensions><speed>2.368535</speed><course>245.525244</course><hAcc>2.795829</hAcc><vAcc>1.998570</vAcc></extensions></trkpt>
      <trkpt lon="121.353253" lat="31.232805"><ele>6.119320</ele><time>2026-01-15T12:24:42Z</time><extensions><speed>2.450056</speed><course>254.058728</course><hAcc>2.785537</hAcc><vAcc>2.006432</vAcc></extensions></trkpt>
      <trkpt lon="121.353227" lat="31.232800"><ele>6.063716</ele><time>2026-01-15T12:24:43Z</time><extensions><speed>2.554647</speed><course>259.492339</course><hAcc>2.768445</hAcc><vAcc>2.013533</vAcc></extensions></trkpt>
      <trkpt lon="121.353200" lat="31.232797"><ele>6.007216</ele><time>2026-01-15T12:24:44Z</time><extensions><speed>2.602813</speed><course>263.219566</course><hAcc>2.740714</hAcc><vAcc>2.019945</vAcc></extensions></trkpt>
      <trkpt lon="121.353173" lat="31.232795"><ele>5.950007</ele><time>2026-01-15T12:24:45Z</time><extensions><speed>2.638393</speed><course>265.646815</course><hAcc>2.706444</hAcc><vAcc>2.025746</vAcc></extensions></trkpt>
      <trkpt lon="121.353145" lat="31.232793"><ele>5.892242</ele><time>2026-01-15T12:24:46Z</time><extensions><speed>2.679820</speed><course>266.322723</course><hAcc>2.665838</hAcc><vAcc>2.031020</vAcc></extensions></trkpt>
      <trkpt lon="121.353117" lat="31.232792"><ele>5.834177</ele><time>2026-01-15T12:24:47Z</time><extensions><speed>2.702239</speed><course>267.382411</course><hAcc>2.621973</hAcc><vAcc>2.035850</vAcc></extensions></trkpt>
      <trkpt lon="121.353089" lat="31.232791"><ele>5.775850</ele><time>2026-01-15T12:24:48Z</time><extensions><speed>2.715616</speed><course>267.962909</course><hAcc>2.573551</hAcc><vAcc>2.040320</vAcc></extensions></trkpt>
      <trkpt lon="121.353061" lat="31.232790"><ele>5.717276</ele><time>2026-01-15T12:24:49Z</time><extensions><speed>2.667618</speed><course>268.388728</course><hAcc>2.516957</hAcc><vAcc>2.044510</vAcc></extensions></trkpt>
      <trkpt lon="121.353033" lat="31.232789"><ele>5.658725</ele><time>2026-01-15T12:24:50Z</time><extensions><speed>2.607705</speed><course>269.742524</course><hAcc>2.452804</hAcc><vAcc>2.048492</vAcc></extensions></trkpt>
      <trkpt lon="121.353006" lat="31.232790"><ele>5.600153</ele><time>2026-01-15T12:24:51Z</time><extensions><speed>2.543543</speed><course>271.679579</course><hAcc>2.383295</hAcc><vAcc>2.052329</vAcc></extensions></trkpt>
      <trkpt lon="121.352980" lat="31.232791"><ele>5.541773</ele><time>2026-01-15T12:24:52Z</time><extensions><speed>2.445513</speed><course>276.462912</course><hAcc>2.306000</hAcc><vAcc>2.056062</vAcc></extensions></trkpt>
      <trkpt lon="121.352955" lat="31.232795"><ele>5.483692</ele><time>2026-01-15T12:24:53Z</time><extensions><speed>2.350972</speed><course>281.024620</course><hAcc>2.222646</hAcc><vAcc>2.059717</vAcc></extensions></trkpt>
      <trkpt lon="121.352932" lat="31.232798"><ele>5.426203</ele><time>2026-01-15T12:24:54Z</time><extensions><speed>2.301864</speed><course>280.207418</course><hAcc>2.139354</hAcc><vAcc>2.063300</vAcc></extensions></trkpt>
      <trkpt lon="121.352908" lat="31.232801"><ele>5.369786</ele><time>2026-01-15T12:24:55Z</time><extensions><speed>2.267384</speed><course>275.149422</course><hAcc>2.063564</hAcc><vAcc>2.066806</vAcc></extensions></trkpt>
      <trkpt lon="121.352885" lat="31.232801"><ele>5.313986</ele><time>2026-01-15T12:24:56Z</time><extensions><speed>2.193508</speed><course>266.538981</course><hAcc>2.000071</hAcc><vAcc>2.070217</vAcc></extensions></trkpt>
      <trkpt lon="121.352862" lat="31.232799"><ele>5.259253</ele><time>2026-01-15T12:24:57Z</time><extensions><speed>2.131079</speed><course>257.095764</course><hAcc>1.946883</hAcc><vAcc>2.073512</vAcc></extensions></trkpt>
      <trkpt lon="121.352841" lat="31.232793"><ele>5.205096</ele><time>2026-01-15T12:24:58Z</time><extensions><speed>2.198409</speed><course>251.145731</course><hAcc>1.902118</hAcc><vAcc>2.076662</vAcc></extensions></trkpt>
      <trkpt lon="121.352818" lat="31.232786"><ele>5.152010</ele><time>2026-01-15T12:24:59Z</time><extensions><speed>2.331977</speed><course>248.396583</course><hAcc>1.863131</hAcc><vAcc>2.079635</vAcc></extensions></trkpt>
      <trkpt lon="121.352795" lat="31.232778"><ele>5.100150</ele><time>2026-01-15T12:25:00Z</time><extensions><speed>2.410234</speed><course>245.460665</course><hAcc>1.834378</hAcc><vAcc>2.082399</vAcc></extensions></trkpt>
      <trkpt lon="121.352772" lat="31.232768"><ele>5.050184</ele><time>2026-01-15T12:25:01Z</time><extensions><speed>2.505109</speed><course>243.762138</course><hAcc>1.816348</hAcc><vAcc>2.084914</vAcc></extensions></trkpt>
      <trkpt lon="121.352748" lat="31.232759"><ele>5.001864</ele><time>2026-01-15T12:25:02Z</time><extensions><speed>2.539820</speed><course>245.712564</course><hAcc>1.806724</hAcc><vAcc>2.087139</vAcc></extensions></trkpt>
      <trkpt lon="121.352724" lat="31.232750"><ele>4.955411</ele><time>2026-01-15T12:25:03Z</time><extensions><speed>2.547343</speed><course>249.573683</course><hAcc>1.804262</hAcc><vAcc>2.089026</vAcc></extensions></trkpt>
      <trkpt lon="121.352698" lat="31.232743"><ele>4.910282</ele><time>2026-01-15T12:25:04Z</time><extensions><speed>2.583570</speed><course>252.624209</course><hAcc>1.806522</hAcc><vAcc>2.090524</vAcc></extensions></trkpt>
      <trkpt lon="121.352672" lat="31.232736"><ele>4.867283</ele><time>2026-01-15T12:25:05Z</time><extensions><speed>2.581638</speed><course>254.853351</course><hAcc>1.811697</hAcc><vAcc>2.091574</vAcc></extensions></trkpt>
      <trkpt lon="121.352646" lat="31.232731"><ele>4.826095</ele><time>2026-01-15T12:25:06Z</time><extensions><speed>2.552583</speed><course>257.150542</course><hAcc>1.821754</hAcc><vAcc>2.092120</vAcc></extensions></trkpt>
      <trkpt lon="121.352620" lat="31.232726"><ele>4.787492</ele><time>2026-01-15T12:25:07Z</time><extensions><speed>2.536956</speed><course>259.904346</course><hAcc>1.834287</hAcc><vAcc>2.092102</vAcc></extensions></trkpt>
      <trkpt lon="121.352594" lat="31.232723"><ele>4.751722</ele><time>2026-01-15T12:25:08Z</time><extensions><speed>2.560003</speed><course>263.481266</course><hAcc>1.852388</hAcc><vAcc>2.091465</vAcc></extensions></trkpt>
      <trkpt lon="121.352567" lat="31.232721"><ele>4.719510</ele><time>2026-01-15T12:25:09Z</time><extensions><speed>2.625147</speed><course>265.883879</course><hAcc>1.880131</hAcc><vAcc>2.090164</vAcc></extensions></trkpt>
      <trkpt lon="121.352539" lat="31.232719"><ele>4.689361</ele><time>2026-01-15T12:25:10Z</time><extensions><speed>2.664948</speed><course>265.465495</course><hAcc>1.918022</hAcc><vAcc>2.088167</vAcc></extensions></trkpt>
      <trkpt lon="121.352511" lat="31.232717"><ele>4.661459</ele><time>2026-01-15T12:25:11Z</time><extensions><speed>2.704453</speed><course>263.901458</course><hAcc>1.969932</hAcc><vAcc>2.085460</vAcc></extensions></trkpt>
      <trkpt lon="121.352483" lat="31.232714"><ele>4.637218</ele><time>2026-01-15T12:25:12Z</time><extensions><speed>2.727548</speed><course>262.936438</course><hAcc>2.034932</hAcc><vAcc>2.082043</vAcc></extensions></trkpt>
      <trkpt lon="121.352455" lat="31.232711"><ele>4.614919</ele><time>2026-01-15T12:25:13Z</time><extensions><speed>2.717829</speed><course>263.382758</course><hAcc>2.113185</hAcc><vAcc>2.077935</vAcc></extensions></trkpt>
      <trkpt lon="121.352427" lat="31.232708"><ele>4.596104</ele><time>2026-01-15T12:25:14Z</time><extensions><speed>2.711645</speed><course>264.218448</course><hAcc>2.200649</hAcc><vAcc>2.073175</vAcc></extensions></trkpt>
      <trkpt lon="121.352398" lat="31.232706"><ele>4.580188</ele><time>2026-01-15T12:25:15Z</time><extensions><speed>2.701913</speed><course>264.936091</course><hAcc>2.291140</hAcc><vAcc>2.067810</vAcc></extensions></trkpt>
      <trkpt lon="121.352370" lat="31.232704"><ele>4.566682</ele><time>2026-01-15T12:25:16Z</time><extensions><speed>2.690754</speed><course>265.906643</course><hAcc>2.381238</hAcc><vAcc>2.061897</vAcc></extensions></trkpt>
      <trkpt lon="121.352342" lat="31.232702"><ele>4.555903</ele><time>2026-01-15T12:25:17Z</time><extensions><speed>2.669572</speed><course>266.091458</course><hAcc>2.466379</hAcc><vAcc>2.055502</vAcc></extensions></trkpt>
      <trkpt lon="121.352315" lat="31.232701"><ele>4.547164</ele><time>2026-01-15T12:25:18Z</time><extensions><speed>2.641219</speed><course>265.915097</course><hAcc>2.546912</hAcc><vAcc>2.048692</vAcc></extensions></trkpt>
      <trkpt lon="121.352287" lat="31.232699"><ele>4.540367</ele><time>2026-01-15T12:25:19Z</time><extensions><speed>2.645713</speed><course>265.886269</course><hAcc>2.623784</hAcc><vAcc>2.041539</vAcc></extensions></trkpt>
      <trkpt lon="121.352259" lat="31.232697"><ele>4.534659</ele><time>2026-01-15T12:25:20Z</time><extensions><speed>2.660874</speed><course>265.733912</course><hAcc>2.696232</hAcc><vAcc>2.034119</vAcc></extensions></trkpt>
      <trkpt lon="121.352231" lat="31.232695"><ele>4.529690</ele><time>2026-01-15T12:25:21Z</time><extensions><speed>2.683801</speed><course>265.783416</course><hAcc>2.766289</hAcc><vAcc>2.026508</vAcc></extensions></trkpt>
      <trkpt lon="121.352203" lat="31.232694"><ele>4.525716</ele><time>2026-01-15T12:25:22Z</time><extensions><speed>2.692207</speed><course>266.005519</course><hAcc>2.832736</hAcc><vAcc>2.018780</vAcc></extensions></trkpt>
      <trkpt lon="121.352175" lat="31.232692"><ele>4.521875</ele><time>2026-01-15T12:25:23Z</time><extensions><speed>2.702164</speed><course>265.984376</course><hAcc>2.893179</hAcc><vAcc>2.011007</vAcc></extensions></trkpt>
      <trkpt lon="121.352147" lat="31.232690"><ele>4.518135</ele><time>2026-01-15T12:25:24Z</time><extensions><speed>2.729874</speed><course>266.159591</course><hAcc>2.951169</hAcc><vAcc>2.003254</vAcc></extensions></trkpt>
      <trkpt lon="121.352118" lat="31.232689"><ele>4.513752</ele><time>2026-01-15T12:25:25Z</time><extensions><speed>2.699881</speed><course>265.447483</course><hAcc>3.006409</hAcc><vAcc>1.995576</vAcc></extensions></trkpt>
      <trkpt lon="121.352090" lat="31.232687"><ele>4.508159</ele><time>2026-01-15T12:25:26Z</time><extensions><speed>2.637718</speed><course>265.344471</course><hAcc>3.057063</hAcc><vAcc>1.988010</vAcc></extensions></trkpt>
      <trkpt lon="121.352063" lat="31.232685"><ele>4.501003</ele><time>2026-01-15T12:25:27Z</time><extensions><speed>2.604863</speed><course>265.426777</course><hAcc>3.102198</hAcc><vAcc>1.980567</vAcc></extensions></trkpt>
      <trkpt lon="121.352036" lat="31.232683"><ele>4.492248</ele><time>2026-01-15T12:25:28Z</time><extensions><speed>2.540750</speed><course>266.148153</course><hAcc>3.146837</hAcc><vAcc>1.973235</vAcc></extensions></trkpt>
      <trkpt lon="121.352010" lat="31.232682"><ele>4.481145</ele><time>2026-01-15T12:25:29Z</time><extensions><speed>2.503770</speed><course>267.499624</course><hAcc>3.191052</hAcc><vAcc>1.965973</vAcc></extensions></trkpt>
      <trkpt lon="121.351984" lat="31.232681"><ele>4.467880</ele><time>2026-01-15T12:25:30Z</time><extensions><speed>2.487696</speed><course>269.126068</course><hAcc>3.230894</hAcc><vAcc>1.958719</vAcc></extensions></trkpt>
      <trkpt lon="121.351958" lat="31.232681"><ele>4.451196</ele><time>2026-01-15T12:25:31Z</time><extensions><speed>2.491594</speed><course>270.790632</course><hAcc>3.266686</hAcc><vAcc>1.951396</vAcc></extensions></trkpt>
      <trkpt lon="121.351931" lat="31.232682"><ele>4.430707</ele><time>2026-01-15T12:25:32Z</time><extensions><speed>2.554660</speed><course>271.990485</course><hAcc>3.296948</hAcc><vAcc>1.943913</vAcc></extensions></trkpt>
      <trkpt lon="121.351905" lat="31.232683"><ele>4.405994</ele><time>2026-01-15T12:25:33Z</time><extensions><speed>2.529169</speed><course>273.482529</course><hAcc>3.325884</hAcc><vAcc>1.936178</vAcc></extensions></trkpt>
      <trkpt lon="121.351879" lat="31.232684"><ele>4.376561</ele><time>2026-01-15T12:25:34Z</time><extensions><speed>2.474446</speed><course>274.656052</course><hAcc>3.353993</hAcc><vAcc>1.928102</vAcc></extensions></trkpt>
      <trkpt lon="121.351853" lat="31.232686"><ele>4.342164</ele><time>2026-01-15T12:25:35Z</time><extensions><speed>2.456943</speed><course>274.020779</course><hAcc>3.379113</hAcc><vAcc>1.919614</vAcc></extensions></trkpt>
      <trkpt lon="121.351827" lat="31.232688"><ele>4.302343</ele><time>2026-01-15T12:25:36Z</time><extensions><speed>2.491433</speed><course>274.074216</course><hAcc>3.403848</hAcc><vAcc>1.910666</vAcc></extensions></trkpt>
      <trkpt lon="121.351801" lat="31.232689"><ele>4.256990</ele><time>2026-01-15T12:25:37Z</time><extensions><speed>2.601990</speed><course>274.471993</course><hAcc>3.426627</hAcc><vAcc>1.901244</vAcc></extensions></trkpt>
      <trkpt lon="121.351773" lat="31.232691"><ele>4.206290</ele><time>2026-01-15T12:25:38Z</time><extensions><speed>2.651725</speed><course>275.194922</course><hAcc>3.449890</hAcc><vAcc>1.891361</vAcc></extensions></trkpt>
      <trkpt lon="121.351745" lat="31.232694"><ele>4.150435</ele><time>2026-01-15T12:25:39Z</time><extensions><speed>2.686799</speed><course>274.800738</course><hAcc>3.472397</hAcc><vAcc>1.881071</vAcc></extensions></trkpt>
      <trkpt lon="121.351718" lat="31.232695"><ele>4.089625</ele><time>2026-01-15T12:25:40Z</time><extensions><speed>2.669985</speed><course>273.777912</course><hAcc>3.491221</hAcc><vAcc>1.870464</vAcc></extensions></trkpt>
      <trkpt lon="121.351690" lat="31.232697"><ele>4.024113</ele><time>2026-01-15T12:25:41Z</time><extensions><speed>2.655199</speed><course>272.556255</course><hAcc>3.507394</hAcc><vAcc>1.859664</vAcc></extensions></trkpt>
      <trkpt lon="121.351662" lat="31.232697"><ele>3.954126</ele><time>2026-01-15T12:25:42Z</time><extensions><speed>2.647163</speed><course>270.569199</course><hAcc>3.521960</hAcc><vAcc>1.848827</vAcc></extensions></trkpt>
      <trkpt lon="121.351634" lat="31.232698"><ele>3.879915</ele><time>2026-01-15T12:25:43Z</time><extensions><speed>2.613883</speed><course>271.213384</course><hAcc>3.536904</hAcc><vAcc>1.838131</vAcc></extensions></trkpt>
      <trkpt lon="121.351607" lat="31.232699"><ele>3.801626</ele><time>2026-01-15T12:25:44Z</time><extensions><speed>2.612678</speed><course>272.949673</course><hAcc>3.552669</hAcc><vAcc>1.827773</vAcc></extensions></trkpt>
      <trkpt lon="121.351580" lat="31.232700"><ele>3.719936</ele><time>2026-01-15T12:25:45Z</time><extensions><speed>2.613396</speed><course>272.704926</course><hAcc>3.568027</hAcc><vAcc>1.817951</vAcc></extensions></trkpt>
      <trkpt lon="121.351553" lat="31.232701"><ele>3.635218</ele><time>2026-01-15T12:25:46Z</time><extensions><speed>2.619897</speed><course>272.640998</course><hAcc>3.580507</hAcc><vAcc>1.808861</vAcc></extensions></trkpt>
      <trkpt lon="121.351525" lat="31.232702"><ele>3.548071</ele><time>2026-01-15T12:25:47Z</time><extensions><speed>2.616007</speed><course>272.303691</course><hAcc>3.589532</hAcc><vAcc>1.800689</vAcc></extensions></trkpt>
      <trkpt lon="121.351498" lat="31.232703"><ele>3.459285</ele><time>2026-01-15T12:25:48Z</time><extensions><speed>2.591064</speed><course>271.934099</course><hAcc>3.596450</hAcc><vAcc>1.793609</vAcc></extensions></trkpt>
      <trkpt lon="121.351471" lat="31.232704"><ele>3.369610</ele><time>2026-01-15T12:25:49Z</time><extensions><speed>2.615747</speed><course>272.074400</course><hAcc>3.601867</hAcc><vAcc>1.787776</vAcc></extensions></trkpt>
      <trkpt lon="121.351443" lat="31.232704"><ele>3.279648</ele><time>2026-01-15T12:25:50Z</time><extensions><speed>2.645567</speed><course>271.885245</course><hAcc>3.605566</hAcc><vAcc>1.783321</vAcc></extensions></trkpt>
      <trkpt lon="121.351416" lat="31.232705"><ele>3.190223</ele><time>2026-01-15T12:25:51Z</time><extensions><speed>2.681476</speed><course>272.422702</course><hAcc>3.609030</hAcc><vAcc>1.780350</vAcc></extensions></trkpt>
      <trkpt lon="121.351388" lat="31.232706"><ele>3.102080</ele><time>2026-01-15T12:25:52Z</time><extensions><speed>2.681284</speed><course>273.010393</course><hAcc>3.613360</hAcc><vAcc>1.778935</vAcc></extensions></trkpt>
      <trkpt lon="121.351360" lat="31.232708"><ele>3.015911</ele><time>2026-01-15T12:25:53Z</time><extensions><speed>2.635681</speed><course>273.105982</course><hAcc>3.616945</hAcc><vAcc>1.779120</vAcc></extensions></trkpt>
      <trkpt lon="121.351333" lat="31.232709"><ele>2.932272</ele><time>2026-01-15T12:25:54Z</time><extensions><speed>2.616186</speed><course>273.332728</course><hAcc>3.618012</hAcc><vAcc>1.780917</vAcc></extensions></trkpt>
      <trkpt lon="121.351306" lat="31.232710"><ele>2.851714</ele><time>2026-01-15T12:25:55Z</time><extensions><speed>2.562874</speed><course>272.468190</course><hAcc>3.615162</hAcc><vAcc>1.784304</vAcc></extensions></trkpt>
      <trkpt lon="121.351279" lat="31.232711"><ele>2.774683</ele><time>2026-01-15T12:25:56Z</time><extensions><speed>2.528288</speed><course>271.244474</course><hAcc>3.611535</hAcc><vAcc>1.789225</vAcc></extensions></trkpt>
      <trkpt lon="121.351253" lat="31.232711"><ele>2.701419</ele><time>2026-01-15T12:25:57Z</time><extensions><speed>2.537993</speed><course>270.039370</course><hAcc>3.609190</hAcc><vAcc>1.795589</vAcc></extensions></trkpt>
      <trkpt lon="121.351226" lat="31.232711"><ele>2.632260</ele><time>2026-01-15T12:25:58Z</time><extensions><speed>2.494325</speed><course>267.844255</course><hAcc>3.606580</hAcc><vAcc>1.803271</vAcc></extensions></trkpt>
      <trkpt lon="121.351201" lat="31.232709"><ele>2.567545</ele><time>2026-01-15T12:25:59Z</time><extensions><speed>2.455867</speed><course>265.216336</course><hAcc>3.603386</hAcc><vAcc>1.812124</vAcc></extensions></trkpt>
      <trkpt lon="121.351175" lat="31.232707"><ele>2.507527</ele><time>2026-01-15T12:26:00Z</time><extensions><speed>2.444057</speed><course>264.780669</course><hAcc>3.599021</hAcc><vAcc>1.821987</vAcc></extensions></trkpt>
      <trkpt lon="121.351149" lat="31.232706"><ele>2.452383</ele><time>2026-01-15T12:26:01Z</time><extensions><speed>2.439338</speed><course>266.245351</course><hAcc>3.594065</hAcc><vAcc>1.832695</vAcc></extensions></trkpt>
      <trkpt lon="121.351124" lat="31.232704"><ele>2.401997</ele><time>2026-01-15T12:26:02Z</time><extensions><speed>2.427167</speed><course>267.331823</course><hAcc>3.589658</hAcc><vAcc>1.844093</vAcc></extensions></trkpt>
      <trkpt lon="121.351099" lat="31.232704"><ele>2.356358</ele><time>2026-01-15T12:26:03Z</time><extensions><speed>2.396464</speed><course>267.953118</course><hAcc>3.585134</hAcc><vAcc>1.856052</vAcc></extensions></trkpt>
      <trkpt lon="121.351074" lat="31.232703"><ele>2.315308</ele><time>2026-01-15T12:26:04Z</time><extensions><speed>2.384534</speed><course>268.420112</course><hAcc>3.579398</hAcc><vAcc>1.868468</vAcc></extensions></trkpt>
      <trkpt lon="121.351049" lat="31.232702"><ele>2.278544</ele><time>2026-01-15T12:26:05Z</time><extensions><speed>2.414664</speed><course>268.966911</course><hAcc>3.569134</hAcc><vAcc>1.881269</vAcc></extensions></trkpt>
      <trkpt lon="121.351023" lat="31.232702"><ele>2.245947</ele><time>2026-01-15T12:26:06Z</time><extensions><speed>2.440673</speed><course>268.567018</course><hAcc>3.557376</hAcc><vAcc>1.894404</vAcc></extensions></trkpt>
      <trkpt lon="121.350998" lat="31.232701"><ele>2.217390</ele><time>2026-01-15T12:26:07Z</time><extensions><speed>2.469119</speed><course>268.777220</course><hAcc>3.545345</hAcc><vAcc>1.907846</vAcc></extensions></trkpt>
      <trkpt lon="121.350972" lat="31.232701"><ele>2.192694</ele><time>2026-01-15T12:26:08Z</time><extensions><speed>2.468701</speed><course>267.633531</course><hAcc>3.533249</hAcc><vAcc>1.921581</vAcc></extensions></trkpt>
      <trkpt lon="121.350946" lat="31.232700"><ele>2.171671</ele><time>2026-01-15T12:26:09Z</time><extensions><speed>2.443786</speed><course>267.066140</course><hAcc>3.523489</hAcc><vAcc>1.935598</vAcc></extensions></trkpt>
      <trkpt lon="121.350921" lat="31.232698"><ele>2.154307</ele><time>2026-01-15T12:26:10Z</time><extensions><speed>2.421888</speed><course>266.657129</course><hAcc>3.516215</hAcc><vAcc>1.949888</vAcc></extensions></trkpt>
      <trkpt lon="121.350896" lat="31.232697"><ele>2.139727</ele><time>2026-01-15T12:26:11Z</time><extensions><speed>2.369545</speed><course>265.119322</course><hAcc>3.508827</hAcc><vAcc>1.964427</vAcc></extensions></trkpt>
      <trkpt lon="121.350871" lat="31.232695"><ele>2.127936</ele><time>2026-01-15T12:26:12Z</time><extensions><speed>2.310619</speed><course>263.202381</course><hAcc>3.500149</hAcc><vAcc>1.979179</vAcc></extensions></trkpt>
      <trkpt lon="121.350848" lat="31.232692"><ele>2.118646</ele><time>2026-01-15T12:26:13Z</time><extensions><speed>2.263249</speed><course>260.451887</course><hAcc>3.489824</hAcc><vAcc>1.994087</vAcc></extensions></trkpt>
      <trkpt lon="121.350825" lat="31.232688"><ele>2.111918</ele><time>2026-01-15T12:26:14Z</time><extensions><speed>2.117864</speed><course>256.432937</course><hAcc>3.479151</hAcc><vAcc>2.009074</vAcc></extensions></trkpt>
      <trkpt lon="121.350805" lat="31.232683"><ele>2.107479</ele><time>2026-01-15T12:26:15Z</time><extensions><speed>1.899982</speed><course>253.630161</course><hAcc>3.470317</hAcc><vAcc>2.024036</vAcc></extensions></trkpt>
      <trkpt lon="121.350787" lat="31.232679"><ele>2.105214</ele><time>2026-01-15T12:26:16Z</time><extensions><speed>1.639843</speed><course>253.967999</course><hAcc>3.461923</hAcc><vAcc>2.038842</vAcc></extensions></trkpt>
      <trkpt lon="121.350772" lat="31.232676"><ele>2.104945</ele><time>2026-01-15T12:26:17Z</time><extensions><speed>1.352571</speed><course>258.018302</course><hAcc>3.446162</hAcc><vAcc>2.053338</vAcc></extensions></trkpt>
      <trkpt lon="121.350761" lat="31.232673"><ele>2.106518</ele><time>2026-01-15T12:26:18Z</time><extensions><speed>0.932364</speed><course>248.866071</course><hAcc>3.417924</hAcc><vAcc>2.067363</vAcc></extensions></trkpt>
      <trkpt lon="121.350753" lat="31.232671"><ele>2.109934</ele><time>2026-01-15T12:26:19Z</time><extensions><speed>0.597109</speed><course>257.260358</course><hAcc>3.373380</hAcc><vAcc>2.080755</vAcc></extensions></trkpt>
      <trkpt lon="121.350748" lat="31.232670"><ele>2.114799</ele><time>2026-01-15T12:26:20Z</time><extensions><speed>0.407978</speed><course>278.413469</course><hAcc>3.322738</hAcc><vAcc>2.093368</vAcc></extensions></trkpt>
      <trkpt lon="121.350744" lat="31.232672"><ele>2.121227</ele><time>2026-01-15T12:26:21Z</time><extensions><speed>0.388384</speed><course>310.934786</course><hAcc>3.273930</hAcc><vAcc>2.105075</vAcc></extensions></trkpt>
      <trkpt lon="121.350741" lat="31.232675"><ele>2.129347</ele><time>2026-01-15T12:26:22Z</time><extensions><speed>0.546601</speed><course>333.563787</course><hAcc>3.227240</hAcc><vAcc>2.115777</vAcc></extensions></trkpt>
      <trkpt lon="121.350739" lat="31.232681"><ele>2.139147</ele><time>2026-01-15T12:26:23Z</time><extensions><speed>0.824287</speed><course>343.045535</course><hAcc>3.184514</hAcc><vAcc>2.125408</vAcc></extensions></trkpt>
      <trkpt lon="121.350736" lat="31.232689"><ele>2.150490</ele><time>2026-01-15T12:26:24Z</time><extensions><speed>1.154280</speed><course>346.404400</course><hAcc>3.148737</hAcc><vAcc>2.133929</vAcc></extensions></trkpt>
      <trkpt lon="121.350733" lat="31.232701"><ele>2.163557</ele><time>2026-01-15T12:26:25Z</time><extensions><speed>1.548928</speed><course>347.301069</course><hAcc>3.119345</hAcc><vAcc>2.141337</vAcc></extensions></trkpt>
      <trkpt lon="121.350729" lat="31.232717"><ele>2.177803</ele><time>2026-01-15T12:26:26Z</time><extensions><speed>1.998655</speed><course>347.694074</course><hAcc>3.087889</hAcc><vAcc>2.147654</vAcc></extensions></trkpt>
      <trkpt lon="121.350724" lat="31.232736"><ele>2.193438</ele><time>2026-01-15T12:26:27Z</time><extensions><speed>2.255363</speed><course>347.155646</course><hAcc>3.050718</hAcc><vAcc>2.152926</vAcc></extensions></trkpt>
      <trkpt lon="121.350719" lat="31.232756"><ele>2.210379</ele><time>2026-01-15T12:26:28Z</time><extensions><speed>2.380320</speed><course>346.643808</course><hAcc>3.003954</hAcc><vAcc>2.157209</vAcc></extensions></trkpt>
      <trkpt lon="121.350713" lat="31.232777"><ele>2.228571</ele><time>2026-01-15T12:26:29Z</time><extensions><speed>2.419314</speed><course>346.533142</course><hAcc>2.947516</hAcc><vAcc>2.160581</vAcc></extensions></trkpt>
      <trkpt lon="121.350707" lat="31.232798"><ele>2.248029</ele><time>2026-01-15T12:26:30Z</time><extensions><speed>2.438810</speed><course>346.100570</course><hAcc>2.885756</hAcc><vAcc>2.163128</vAcc></extensions></trkpt>
      <trkpt lon="121.350700" lat="31.232819"><ele>2.268862</ele><time>2026-01-15T12:26:31Z</time><extensions><speed>2.459734</speed><course>345.618977</course><hAcc>2.821178</hAcc><vAcc>2.164950</vAcc></extensions></trkpt>
      <trkpt lon="121.350694" lat="31.232841"><ele>2.291083</ele><time>2026-01-15T12:26:32Z</time><extensions><speed>2.423918</speed><course>344.901935</course><hAcc>2.752705</hAcc><vAcc>2.166144</vAcc></extensions></trkpt>
      <trkpt lon="121.350687" lat="31.232861"><ele>2.314491</ele><time>2026-01-15T12:26:33Z</time><extensions><speed>2.399259</speed><course>343.957260</course><hAcc>2.681199</hAcc><vAcc>2.166810</vAcc></extensions></trkpt>
      <trkpt lon="121.350680" lat="31.232882"><ele>2.339131</ele><time>2026-01-15T12:26:34Z</time><extensions><speed>2.367861</speed><course>342.904445</course><hAcc>2.601909</hAcc><vAcc>2.167036</vAcc></extensions></trkpt>
      <trkpt lon="121.350672" lat="31.232902"><ele>2.364954</ele><time>2026-01-15T12:26:35Z</time><extensions><speed>2.320283</speed><course>341.009618</course><hAcc>2.517835</hAcc><vAcc>2.166908</vAcc></extensions></trkpt>
      <trkpt lon="121.350664" lat="31.232921"><ele>2.391970</ele><time>2026-01-15T12:26:36Z</time><extensions><speed>2.255818</speed><course>337.783884</course><hAcc>2.434158</hAcc><vAcc>2.166499</vAcc></extensions></trkpt>
      <trkpt lon="121.350654" lat="31.232939"><ele>2.420186</ele><time>2026-01-15T12:26:37Z</time><extensions><speed>2.139041</speed><course>331.504430</course><hAcc>2.351635</hAcc><vAcc>2.165878</vAcc></extensions></trkpt>
      <trkpt lon="121.350643" lat="31.232955"><ele>2.449554</ele><time>2026-01-15T12:26:38Z</time><extensions><speed>2.012879</speed><course>327.063831</course><hAcc>2.271660</hAcc><vAcc>2.165107</vAcc></extensions></trkpt>
      <trkpt lon="121.350632" lat="31.232969"><ele>2.480132</ele><time>2026-01-15T12:26:39Z</time><extensions><speed>1.834019</speed><course>321.977191</course><hAcc>2.191007</hAcc><vAcc>2.164243</vAcc></extensions></trkpt>
      <trkpt lon="121.350619" lat="31.232980"><ele>2.512484</ele><time>2026-01-15T12:26:40Z</time><extensions><speed>1.588045</speed><course>311.525865</course><hAcc>2.114092</hAcc><vAcc>2.163337</vAcc></extensions></trkpt>
      <trkpt lon="121.350607" lat="31.232988"><ele>2.545634</ele><time>2026-01-15T12:26:41Z</time><extensions><speed>1.418876</speed><course>296.374004</course><hAcc>2.051304</hAcc><vAcc>2.162427</vAcc></extensions></trkpt>
      <trkpt lon="121.350593" lat="31.232992"><ele>2.581466</ele><time>2026-01-15T12:26:42Z</time><extensions><speed>1.289753</speed><course>279.776557</course><hAcc>2.009144</hAcc><vAcc>2.161532</vAcc></extensions></trkpt>
      <trkpt lon="121.350580" lat="31.232992"><ele>2.618944</ele><time>2026-01-15T12:26:43Z</time><extensions><speed>1.182500</speed><course>259.420010</course><hAcc>1.987272</hAcc><vAcc>2.160652</vAcc></extensions></trkpt>
      <trkpt lon="121.350570" lat="31.232989"><ele>2.659054</ele><time>2026-01-15T12:26:44Z</time><extensions><speed>1.019230</speed><course>242.120374</course><hAcc>1.978113</hAcc><vAcc>2.159773</vAcc></extensions></trkpt>
      <trkpt lon="121.350561" lat="31.232985"><ele>2.701704</ele><time>2026-01-15T12:26:45Z</time><extensions><speed>0.868598</speed><course>239.075644</course><hAcc>1.974397</hAcc><vAcc>2.158877</vAcc></extensions></trkpt>
      <trkpt lon="121.350553" lat="31.232981"><ele>2.747013</ele><time>2026-01-15T12:26:46Z</time><extensions><speed>0.830819</speed><course>239.699071</course><hAcc>1.997690</hAcc><vAcc>2.157939</vAcc></extensions></trkpt>
      <trkpt lon="121.350546" lat="31.232977"><ele>2.795469</ele><time>2026-01-15T12:26:47Z</time><extensions><speed>0.838597</speed><course>242.777762</course><hAcc>2.059421</hAcc><vAcc>2.156934</vAcc></extensions></trkpt>
      <trkpt lon="121.350538" lat="31.232974"><ele>2.847329</ele><time>2026-01-15T12:26:48Z</time><extensions><speed>0.861579</speed><course>245.135547</course><hAcc>2.150201</hAcc><vAcc>2.155839</vAcc></extensions></trkpt>
      <trkpt lon="121.350530" lat="31.232970"><ele>2.902417</ele><time>2026-01-15T12:26:49Z</time><extensions><speed>0.880575</speed><course>244.925391</course><hAcc>2.248251</hAcc><vAcc>2.154625</vAcc></extensions></trkpt>
      <trkpt lon="121.350521" lat="31.232967"><ele>2.960976</ele><time>2026-01-15T12:26:50Z</time><extensions><speed>0.933432</speed><course>243.550531</course><hAcc>2.339735</hAcc><vAcc>2.153258</vAcc></extensions></trkpt>
      <trkpt lon="121.350512" lat="31.232963"><ele>3.023061</ele><time>2026-01-15T12:26:51Z</time><extensions><speed>1.022041</speed><course>243.122666</course><hAcc>2.426582</hAcc><vAcc>2.151700</vAcc></extensions></trkpt>
      <trkpt lon="121.350502" lat="31.232959"><ele>3.089144</ele><time>2026-01-15T12:26:52Z</time><extensions><speed>1.135667</speed><course>247.178776</course><hAcc>2.508798</hAcc><vAcc>2.149914</vAcc></extensions></trkpt>
      <trkpt lon="121.350490" lat="31.232955"><ele>3.159170</ele><time>2026-01-15T12:26:53Z</time><extensions><speed>1.278537</speed><course>250.609728</course><hAcc>2.587371</hAcc><vAcc>2.147867</vAcc></extensions></trkpt>
      <trkpt lon="121.350476" lat="31.232951"><ele>3.232934</ele><time>2026-01-15T12:26:54Z</time><extensions><speed>1.420801</speed><course>252.607924</course><hAcc>2.666145</hAcc><vAcc>2.145520</vAcc></extensions></trkpt>
      <trkpt lon="121.350462" lat="31.232947"><ele>3.310537</ele><time>2026-01-15T12:26:55Z</time><extensions><speed>1.556175</speed><course>253.347803</course><hAcc>2.747246</hAcc><vAcc>2.142824</vAcc></extensions></trkpt>
      <trkpt lon="121.350445" lat="31.232943"><ele>3.392330</ele><time>2026-01-15T12:26:56Z</time><extensions><speed>1.655739</speed><course>253.651218</course><hAcc>2.828550</hAcc><vAcc>2.139726</vAcc></extensions></trkpt>
      <trkpt lon="121.350428" lat="31.232939"><ele>3.478774</ele><time>2026-01-15T12:26:57Z</time><extensions><speed>1.736965</speed><course>253.734528</course><hAcc>2.899728</hAcc><vAcc>2.136160</vAcc></extensions></trkpt>
      <trkpt lon="121.350410" lat="31.232934"><ele>3.567838</ele><time>2026-01-15T12:26:58Z</time><extensions><speed>1.866396</speed><course>252.963464</course><hAcc>2.951744</hAcc><vAcc>2.132067</vAcc></extensions></trkpt>
      <trkpt lon="121.350391" lat="31.232929"><ele>3.659943</ele><time>2026-01-15T12:26:59Z</time><extensions><speed>2.065919</speed><course>251.332123</course><hAcc>2.989520</hAcc><vAcc>2.127378</vAcc></extensions></trkpt>
      <trkpt lon="121.350370" lat="31.232923"><ele>3.753302</ele><time>2026-01-15T12:27:00Z</time><extensions><speed>2.073480</speed><course>249.559591</course><hAcc>3.022666</hAcc><vAcc>2.122045</vAcc></extensions></trkpt>
      <trkpt lon="121.350350" lat="31.232916"><ele>3.848680</ele><time>2026-01-15T12:27:01Z</time><extensions><speed>2.088016</speed><course>251.481069</course><hAcc>3.048441</hAcc><vAcc>2.115996</vAcc></extensions></trkpt>
      <trkpt lon="121.350329" lat="31.232911"><ele>3.946872</ele><time>2026-01-15T12:27:02Z</time><extensions><speed>2.102400</speed><course>254.384525</course><hAcc>3.070094</hAcc><vAcc>2.109170</vAcc></extensions></trkpt>
      <trkpt lon="121.350308" lat="31.232906"><ele>4.046207</ele><time>2026-01-15T12:27:03Z</time><extensions><speed>2.095459</speed><course>256.097192</course><hAcc>3.090583</hAcc><vAcc>2.101514</vAcc></extensions></trkpt>
      <trkpt lon="121.350287" lat="31.232902"><ele>4.147708</ele><time>2026-01-15T12:27:04Z</time><extensions><speed>2.098177</speed><course>257.659532</course><hAcc>3.111307</hAcc><vAcc>2.092985</vAcc></extensions></trkpt>
      <trkpt lon="121.350266" lat="31.232898"><ele>4.249992</ele><time>2026-01-15T12:27:05Z</time><extensions><speed>2.085299</speed><course>258.419536</course><hAcc>3.132302</hAcc><vAcc>2.083552</vAcc></extensions></trkpt>
      <trkpt lon="121.350244" lat="31.232894"><ele>4.353467</ele><time>2026-01-15T12:27:06Z</time><extensions><speed>2.075151</speed><course>259.522182</course><hAcc>3.153404</hAcc><vAcc>2.073199</vAcc></extensions></trkpt>
      <trkpt lon="121.350223" lat="31.232891"><ele>4.457750</ele><time>2026-01-15T12:27:07Z</time><extensions><speed>2.063072</speed><course>260.618753</course><hAcc>3.174363</hAcc><vAcc>2.061921</vAcc></extensions></trkpt>
      <trkpt lon="121.350202" lat="31.232888"><ele>4.562220</ele><time>2026-01-15T12:27:08Z</time><extensions><speed>2.054388</speed><course>261.829068</course><hAcc>3.195455</hAcc><vAcc>2.049718</vAcc></extensions></trkpt>
      <trkpt lon="121.350181" lat="31.232886"><ele>4.666151</ele><time>2026-01-15T12:27:09Z</time><extensions><speed>2.061056</speed><course>263.875786</course><hAcc>3.216722</hAcc><vAcc>2.036611</vAcc></extensions></trkpt>
      <trkpt lon="121.350159" lat="31.232884"><ele>4.769362</ele><time>2026-01-15T12:27:10Z</time><extensions><speed>2.076976</speed><course>265.641974</course><hAcc>3.237427</hAcc><vAcc>2.022626</vAcc></extensions></trkpt>
      <trkpt lon="121.350137" lat="31.232883"><ele>4.871341</ele><time>2026-01-15T12:27:11Z</time><extensions><speed>2.114300</speed><course>267.317933</course><hAcc>3.256929</hAcc><vAcc>2.007811</vAcc></extensions></trkpt>
      <trkpt lon="121.350115" lat="31.232882"><ele>4.972573</ele><time>2026-01-15T12:27:12Z</time><extensions><speed>2.215121</speed><course>268.417932</course><hAcc>3.273992</hAcc><vAcc>1.992235</vAcc></extensions></trkpt>
      <trkpt lon="121.350090" lat="31.232882"><ele>5.072548</ele><time>2026-01-15T12:27:13Z</time><extensions><speed>2.414428</speed><course>268.998858</course><hAcc>3.287552</hAcc><vAcc>1.975995</vAcc></extensions></trkpt>
      <trkpt lon="121.350064" lat="31.232882"><ele>5.170654</ele><time>2026-01-15T12:27:14Z</time><extensions><speed>2.667700</speed><course>269.708775</course><hAcc>3.299079</hAcc><vAcc>1.959215</vAcc></extensions></trkpt>
      <trkpt lon="121.350035" lat="31.232882"><ele>5.266790</ele><time>2026-01-15T12:27:15Z</time><extensions><speed>2.814467</speed><course>269.961710</course><hAcc>3.313343</hAcc><vAcc>1.942053</vAcc></extensions></trkpt>
      <trkpt lon="121.350005" lat="31.232882"><ele>5.360893</ele><time>2026-01-15T12:27:16Z</time><extensions><speed>2.871745</speed><course>270.498323</course><hAcc>3.330905</hAcc><vAcc>1.924684</vAcc></extensions></trkpt>
      <trkpt lon="121.349975" lat="31.232882"><ele>5.453168</ele><time>2026-01-15T12:27:17Z</time><extensions><speed>2.907039</speed><course>270.895824</course><hAcc>3.349143</hAcc><vAcc>1.907298</vAcc></extensions></trkpt>
      <trkpt lon="121.349945" lat="31.232882"><ele>5.542696</ele><time>2026-01-15T12:27:18Z</time><extensions><speed>2.908735</speed><course>270.497601</course><hAcc>3.365072</hAcc><vAcc>1.890091</vAcc></extensions></trkpt>
      <trkpt lon="121.349914" lat="31.232883"><ele>5.629707</ele><time>2026-01-15T12:27:19Z</time><extensions><speed>2.937429</speed><course>270.263051</course><hAcc>3.378471</hAcc><vAcc>1.873267</vAcc></extensions></trkpt>
      <trkpt lon="121.349884" lat="31.232883"><ele>5.714755</ele><time>2026-01-15T12:27:20Z</time><extensions><speed>2.924695</speed><course>270.060168</course><hAcc>3.389641</hAcc><vAcc>1.857033</vAcc></extensions></trkpt>
      <trkpt lon="121.349853" lat="31.232883"><ele>5.797602</ele><time>2026-01-15T12:27:21Z</time><extensions><speed>2.865731</speed><course>270.172303</course><hAcc>3.399281</hAcc><vAcc>1.841601</vAcc></extensions></trkpt>
      <trkpt lon="121.349823" lat="31.232883"><ele>5.876440</ele><time>2026-01-15T12:27:22Z</time><extensions><speed>2.837781</speed><course>270.362748</course><hAcc>3.407818</hAcc><vAcc>1.827036</vAcc></extensions></trkpt>
      <trkpt lon="121.349794" lat="31.232883"><ele>5.952111</ele><time>2026-01-15T12:27:23Z</time><extensions><speed>2.797837</speed><course>269.939067</course><hAcc>3.414848</hAcc><vAcc>1.813821</vAcc></extensions></trkpt>
      <trkpt lon="121.349765" lat="31.232883"><ele>6.024727</ele><time>2026-01-15T12:27:24Z</time><extensions><speed>2.750710</speed><course>270.106727</course><hAcc>3.419732</hAcc><vAcc>1.801939</vAcc></extensions></trkpt>
      <trkpt lon="121.349736" lat="31.232883"><ele>6.094309</ele><time>2026-01-15T12:27:25Z</time><extensions><speed>2.720044</speed><course>270.197894</course><hAcc>3.419838</hAcc><vAcc>1.791446</vAcc></extensions></trkpt>
      <trkpt lon="121.349708" lat="31.232883"><ele>6.160874</ele><time>2026-01-15T12:27:26Z</time><extensions><speed>2.702222</speed><course>269.936801</course><hAcc>3.415379</hAcc><vAcc>1.782382</vAcc></extensions></trkpt>
      <trkpt lon="121.349680" lat="31.232883"><ele>6.224278</ele><time>2026-01-15T12:27:27Z</time><extensions><speed>2.693491</speed><course>269.630980</course><hAcc>3.408450</hAcc><vAcc>1.774777</vAcc></extensions></trkpt>
      <trkpt lon="121.349652" lat="31.232883"><ele>6.284348</ele><time>2026-01-15T12:27:28Z</time><extensions><speed>2.665311</speed><course>268.868761</course><hAcc>3.399325</hAcc><vAcc>1.768642</vAcc></extensions></trkpt>
      <trkpt lon="121.349624" lat="31.232882"><ele>6.341058</ele><time>2026-01-15T12:27:29Z</time><extensions><speed>2.645256</speed><course>268.473340</course><hAcc>3.389651</hAcc><vAcc>1.763960</vAcc></extensions></trkpt>
      <trkpt lon="121.349597" lat="31.232881"><ele>6.394672</ele><time>2026-01-15T12:27:30Z</time><extensions><speed>2.601322</speed><course>268.553035</course><hAcc>3.379392</hAcc><vAcc>1.760680</vAcc></extensions></trkpt>
      <trkpt lon="121.349570" lat="31.232881"><ele>6.445152</ele><time>2026-01-15T12:27:31Z</time><extensions><speed>2.505678</speed><course>268.939177</course><hAcc>3.367115</hAcc><vAcc>1.758701</vAcc></extensions></trkpt>
      <trkpt lon="121.349544" lat="31.232881"><ele>6.492465</ele><time>2026-01-15T12:27:32Z</time><extensions><speed>2.471699</speed><course>269.214397</course><hAcc>3.350707</hAcc><vAcc>1.757869</vAcc></extensions></trkpt>
      <trkpt lon="121.349518" lat="31.232880"><ele>6.536617</ele><time>2026-01-15T12:27:33Z</time><extensions><speed>2.495809</speed><course>268.845992</course><hAcc>3.330717</hAcc><vAcc>1.758005</vAcc></extensions></trkpt>
      <trkpt lon="121.349491" lat="31.232880"><ele>6.577612</ele><time>2026-01-15T12:27:34Z</time><extensions><speed>2.555390</speed><course>268.082650</course><hAcc>3.309964</hAcc><vAcc>1.758921</vAcc></extensions></trkpt>
      <trkpt lon="121.349464" lat="31.232879"><ele>6.615579</ele><time>2026-01-15T12:27:35Z</time><extensions><speed>2.605236</speed><course>267.208587</course><hAcc>3.289712</hAcc><vAcc>1.760427</vAcc></extensions></trkpt>
      <trkpt lon="121.349437" lat="31.232877"><ele>6.650488</ele><time>2026-01-15T12:27:36Z</time><extensions><speed>2.587533</speed><course>264.388652</course><hAcc>3.267849</hAcc><vAcc>1.762329</vAcc></extensions></trkpt>
      <trkpt lon="121.349410" lat="31.232875"><ele>6.682242</ele><time>2026-01-15T12:27:37Z</time><extensions><speed>2.580559</speed><course>263.993963</course><hAcc>3.241919</hAcc><vAcc>1.764446</vAcc></extensions></trkpt>
      <trkpt lon="121.349384" lat="31.232873"><ele>6.710729</ele><time>2026-01-15T12:27:38Z</time><extensions><speed>2.582838</speed><course>267.266633</course><hAcc>3.210817</hAcc><vAcc>1.766620</vAcc></extensions></trkpt>
      <trkpt lon="121.349356" lat="31.232872"><ele>6.735919</ele><time>2026-01-15T12:27:39Z</time><extensions><speed>2.602549</speed><course>269.410486</course><hAcc>3.174976</hAcc><vAcc>1.768717</vAcc></extensions></trkpt>
      <trkpt lon="121.349329" lat="31.232872"><ele>6.757788</ele><time>2026-01-15T12:27:40Z</time><extensions><speed>2.609307</speed><course>270.944796</course><hAcc>3.134990</hAcc><vAcc>1.770628</vAcc></extensions></trkpt>
      <trkpt lon="121.349302" lat="31.232873"><ele>6.776299</ele><time>2026-01-15T12:27:41Z</time><extensions><speed>2.588796</speed><course>270.834035</course><hAcc>3.092200</hAcc><vAcc>1.772268</vAcc></extensions></trkpt>
      <trkpt lon="121.349275" lat="31.232873"><ele>6.791442</ele><time>2026-01-15T12:27:42Z</time><extensions><speed>2.569428</speed><course>270.965258</course><hAcc>3.047249</hAcc><vAcc>1.773577</vAcc></extensions></trkpt>
      <trkpt lon="121.349248" lat="31.232873"><ele>6.803404</ele><time>2026-01-15T12:27:43Z</time><extensions><speed>2.536395</speed><course>270.366041</course><hAcc>2.999448</hAcc><vAcc>1.774516</vAcc></extensions></trkpt>
      <trkpt lon="121.349222" lat="31.232873"><ele>6.812037</ele><time>2026-01-15T12:27:44Z</time><extensions><speed>2.535829</speed><course>268.849788</course><hAcc>2.948843</hAcc><vAcc>1.775048</vAcc></extensions></trkpt>
      <trkpt lon="121.349195" lat="31.232873"><ele>6.817671</ele><time>2026-01-15T12:27:45Z</time><extensions><speed>2.547304</speed><course>268.791835</course><hAcc>2.893537</hAcc><vAcc>1.775138</vAcc></extensions></trkpt>
      <trkpt lon="121.349169" lat="31.232872"><ele>6.820542</ele><time>2026-01-15T12:27:46Z</time><extensions><speed>2.527084</speed><course>268.820626</course><hAcc>2.832715</hAcc><vAcc>1.774731</vAcc></extensions></trkpt>
      <trkpt lon="121.349142" lat="31.232872"><ele>6.820934</ele><time>2026-01-15T12:27:47Z</time><extensions><speed>2.518751</speed><course>268.651908</course><hAcc>2.766966</hAcc><vAcc>1.773739</vAcc></extensions></trkpt>
      <trkpt lon="121.349116" lat="31.232871"><ele>6.819125</ele><time>2026-01-15T12:27:48Z</time><extensions><speed>2.528001</speed><course>266.803676</course><hAcc>2.696989</hAcc><vAcc>1.772024</vAcc></extensions></trkpt>
      <trkpt lon="121.349090" lat="31.232869"><ele>6.815039</ele><time>2026-01-15T12:27:49Z</time><extensions><speed>2.528439</speed><course>262.880403</course><hAcc>2.621762</hAcc><vAcc>1.769387</vAcc></extensions></trkpt>
      <trkpt lon="121.349063" lat="31.232865"><ele>6.809095</ele><time>2026-01-15T12:27:50Z</time><extensions><speed>2.532212</speed><course>260.702188</course><hAcc>2.542081</hAcc><vAcc>1.765553</vAcc></extensions></trkpt>
      <trkpt lon="121.349037" lat="31.232861"><ele>6.801407</ele><time>2026-01-15T12:27:51Z</time><extensions><speed>2.525213</speed><course>258.456611</course><hAcc>2.458157</hAcc><vAcc>1.760184</vAcc></extensions></trkpt>
      <trkpt lon="121.349011" lat="31.232857"><ele>6.792243</ele><time>2026-01-15T12:27:52Z</time><extensions><speed>2.532411</speed><course>258.280204</course><hAcc>2.370916</hAcc><vAcc>1.752896</vAcc></extensions></trkpt>
      <trkpt lon="121.348986" lat="31.232852"><ele>6.781613</ele><time>2026-01-15T12:27:53Z</time><extensions><speed>2.524694</speed><course>259.528361</course><hAcc>2.282673</hAcc><vAcc>1.743287</vAcc></extensions></trkpt>
      <trkpt lon="121.348960" lat="31.232848"><ele>6.769800</ele><time>2026-01-15T12:27:54Z</time><extensions><speed>2.487872</speed><course>258.962849</course><hAcc>2.195090</hAcc><vAcc>1.730946</vAcc></extensions></trkpt>
      <trkpt lon="121.348934" lat="31.232844"><ele>6.757276</ele><time>2026-01-15T12:27:55Z</time><extensions><speed>2.423010</speed><course>260.348596</course><hAcc>2.114627</hAcc><vAcc>1.715465</vAcc></extensions></trkpt>
      <trkpt lon="121.348909" lat="31.232841"><ele>6.744018</ele><time>2026-01-15T12:27:56Z</time><extensions><speed>2.406487</speed><course>263.792089</course><hAcc>2.045858</hAcc><vAcc>1.696439</vAcc></extensions></trkpt>
      <trkpt lon="121.348884" lat="31.232840"><ele>6.730374</ele><time>2026-01-15T12:27:57Z</time><extensions><speed>2.422959</speed><course>268.198196</course><hAcc>1.989503</hAcc><vAcc>1.673475</vAcc></extensions></trkpt>
      <trkpt lon="121.348859" lat="31.232839"><ele>6.716411</ele><time>2026-01-15T12:27:58Z</time><extensions><speed>2.413662</speed><course>270.584660</course><hAcc>1.944474</hAcc><vAcc>1.646204</vAcc></extensions></trkpt>
      <trkpt lon="121.348834" lat="31.232840"><ele>6.702499</ele><time>2026-01-15T12:27:59Z</time><extensions><speed>2.445761</speed><course>272.586400</course><hAcc>1.912151</hAcc><vAcc>1.614291</vAcc></extensions></trkpt>
      <trkpt lon="121.348808" lat="31.232841"><ele>6.688434</ele><time>2026-01-15T12:28:00Z</time><extensions><speed>2.512477</speed><course>274.077213</course><hAcc>1.889361</hAcc><vAcc>1.577452</vAcc></extensions></trkpt>
      <trkpt lon="121.348781" lat="31.232843"><ele>6.674680</ele><time>2026-01-15T12:28:01Z</time><extensions><speed>2.556189</speed><course>273.389772</course><hAcc>1.870270</hAcc><vAcc>1.535461</vAcc></extensions></trkpt>
      <trkpt lon="121.348754" lat="31.232844"><ele>6.661219</ele><time>2026-01-15T12:28:02Z</time><extensions><speed>2.600057</speed><course>272.782634</course><hAcc>1.853543</hAcc><vAcc>1.488165</vAcc></extensions></trkpt>
      <trkpt lon="121.348727" lat="31.232845"><ele>6.648280</ele><time>2026-01-15T12:28:03Z</time><extensions><speed>2.607462</speed><course>272.344733</course><hAcc>1.839654</hAcc><vAcc>1.435497</vAcc></extensions></trkpt>
      <trkpt lon="121.348700" lat="31.232846"><ele>6.635900</ele><time>2026-01-15T12:28:04Z</time><extensions><speed>2.589993</speed><course>271.811525</course><hAcc>1.828496</hAcc><vAcc>1.377496</vAcc></extensions></trkpt>
      <trkpt lon="121.348673" lat="31.232847"><ele>6.624264</ele><time>2026-01-15T12:28:05Z</time><extensions><speed>2.606019</speed><course>271.354312</course><hAcc>1.819147</hAcc><vAcc>1.314332</vAcc></extensions></trkpt>
      <trkpt lon="121.348646" lat="31.232847"><ele>6.613471</ele><time>2026-01-15T12:28:06Z</time><extensions><speed>2.606900</speed><course>269.166553</course><hAcc>1.809840</hAcc><vAcc>1.246344</vAcc></extensions></trkpt>
      <trkpt lon="121.348618" lat="31.232846"><ele>6.603555</ele><time>2026-01-15T12:28:07Z</time><extensions><speed>2.616856</speed><course>267.320543</course><hAcc>1.800403</hAcc><vAcc>1.174083</vAcc></extensions></trkpt>
      <trkpt lon="121.348591" lat="31.232845"><ele>6.598576</ele><time>2026-01-15T12:28:08Z</time><extensions><speed>2.621780</speed><course>267.070359</course><hAcc>1.790932</hAcc><vAcc>1.098368</vAcc></extensions></trkpt>
      <trkpt lon="121.348563" lat="31.232844"><ele>6.591193</ele><time>2026-01-15T12:28:09Z</time><extensions><speed>2.621336</speed><course>267.985781</course><hAcc>1.783608</hAcc><vAcc>1.020380</vAcc></extensions></trkpt>
      <trkpt lon="121.348536" lat="31.232843"><ele>6.584637</ele><time>2026-01-15T12:28:10Z</time><extensions><speed>2.627338</speed><course>268.900601</course><hAcc>1.777031</hAcc><vAcc>0.941726</vAcc></extensions></trkpt>
      <trkpt lon="121.348509" lat="31.232843"><ele>6.579365</ele><time>2026-01-15T12:28:11Z</time><extensions><speed>2.610680</speed><course>268.913705</course><hAcc>1.765969</hAcc><vAcc>0.864557</vAcc></extensions></trkpt>
      <trkpt lon="121.348487" lat="31.232842"><ele>6.576044</ele><time>2026-01-15T12:28:12Z</time><extensions><speed>2.613434</speed><course>269.068809</course><hAcc>1.760912</hAcc><vAcc>0.806477</vAcc></extensions></trkpt>
      <trkpt lon="121.348459" lat="31.232842"><ele>6.573184</ele><time>2026-01-15T12:28:13Z</time><extensions><speed>2.596816</speed><course>269.832106</course><hAcc>1.761244</hAcc><vAcc>0.742282</vAcc></extensions></trkpt>
      <trkpt lon="121.348432" lat="31.232842"><ele>6.571955</ele><time>2026-01-15T12:28:14Z</time><extensions><speed>2.526987</speed><course>271.511334</course><hAcc>1.762482</hAcc><vAcc>0.687806</vAcc></extensions></trkpt>
      <trkpt lon="121.348406" lat="31.232844"><ele>6.572172</ele><time>2026-01-15T12:28:15Z</time><extensions><speed>2.448668</speed><course>274.173288</course><hAcc>1.765829</hAcc><vAcc>0.644221</vAcc></extensions></trkpt>
      <trkpt lon="121.348381" lat="31.232846"><ele>6.573661</ele><time>2026-01-15T12:28:16Z</time><extensions><speed>2.402286</speed><course>276.727103</course><hAcc>1.766419</hAcc><vAcc>0.611296</vAcc></extensions></trkpt>
      <trkpt lon="121.348356" lat="31.232849"><ele>6.576142</ele><time>2026-01-15T12:28:17Z</time><extensions><speed>2.407609</speed><course>278.774463</course><hAcc>1.766239</hAcc><vAcc>0.587937</vAcc></extensions></trkpt>
      <trkpt lon="121.348331" lat="31.232852"><ele>6.579230</ele><time>2026-01-15T12:28:18Z</time><extensions><speed>2.432308</speed><course>281.684680</course><hAcc>1.767291</hAcc><vAcc>0.572414</vAcc></extensions></trkpt>
      <trkpt lon="121.348306" lat="31.232857"><ele>6.582464</ele><time>2026-01-15T12:28:19Z</time><extensions><speed>2.449020</speed><course>284.835810</course><hAcc>1.768307</hAcc><vAcc>0.562817</vAcc></extensions></trkpt>
      <trkpt lon="121.348281" lat="31.232864"><ele>6.585359</ele><time>2026-01-15T12:28:20Z</time><extensions><speed>2.495462</speed><course>288.132654</course><hAcc>1.770659</hAcc><vAcc>0.557384</vAcc></extensions></trkpt>
      <trkpt lon="121.348257" lat="31.232871"><ele>6.587454</ele><time>2026-01-15T12:28:21Z</time><extensions><speed>2.510762</speed><course>291.740506</course><hAcc>1.770740</hAcc><vAcc>0.554686</vAcc></extensions></trkpt>
      <trkpt lon="121.348232" lat="31.232880"><ele>6.588262</ele><time>2026-01-15T12:28:22Z</time><extensions><speed>2.503213</speed><course>295.035565</course><hAcc>1.771309</hAcc><vAcc>0.553682</vAcc></extensions></trkpt>
      <trkpt lon="121.348209" lat="31.232890"><ele>6.587477</ele><time>2026-01-15T12:28:23Z</time><extensions><speed>2.489795</speed><course>297.862916</course><hAcc>1.773570</hAcc><vAcc>0.553691</vAcc></extensions></trkpt>
      <trkpt lon="121.348186" lat="31.232901"><ele>6.584758</ele><time>2026-01-15T12:28:24Z</time><extensions><speed>2.452567</speed><course>299.303553</course><hAcc>1.777524</hAcc><vAcc>0.554337</vAcc></extensions></trkpt>
      <trkpt lon="121.348164" lat="31.232912"><ele>6.579814</ele><time>2026-01-15T12:28:25Z</time><extensions><speed>2.410387</speed><course>299.226629</course><hAcc>1.782659</hAcc><vAcc>0.555480</vAcc></extensions></trkpt>
      <trkpt lon="121.348142" lat="31.232922"><ele>6.572387</ele><time>2026-01-15T12:28:26Z</time><extensions><speed>2.279982</speed><course>295.385148</course><hAcc>1.783298</hAcc><vAcc>0.557166</vAcc></extensions></trkpt>
      <trkpt lon="121.348120" lat="31.232929"><ele>6.562244</ele><time>2026-01-15T12:28:27Z</time><extensions><speed>2.147800</speed><course>285.946865</course><hAcc>1.783364</hAcc><vAcc>0.559588</vAcc></extensions></trkpt>
      <trkpt lon="121.348099" lat="31.232932"><ele>6.549135</ele><time>2026-01-15T12:28:28Z</time><extensions><speed>2.046778</speed><course>273.851493</course><hAcc>1.786715</hAcc><vAcc>0.563061</vAcc></extensions></trkpt>
      <trkpt lon="121.348078" lat="31.232931"><ele>6.532759</ele><time>2026-01-15T12:28:29Z</time><extensions><speed>2.021234</speed><course>262.781433</course><hAcc>1.796571</hAcc><vAcc>0.568019</vAcc></extensions></trkpt>
      <trkpt lon="121.348057" lat="31.232927"><ele>6.512788</ele><time>2026-01-15T12:28:30Z</time><extensions><speed>2.075454</speed><course>252.754253</course><hAcc>1.812085</hAcc><vAcc>0.574994</vAcc></extensions></trkpt>
      <trkpt lon="121.348036" lat="31.232921"><ele>6.488869</ele><time>2026-01-15T12:28:31Z</time><extensions><speed>2.178649</speed><course>244.824174</course><hAcc>1.831439</hAcc><vAcc>0.584617</vAcc></extensions></trkpt>
      <trkpt lon="121.348015" lat="31.232911"><ele>6.460676</ele><time>2026-01-15T12:28:32Z</time><extensions><speed>2.301046</speed><course>238.396255</course><hAcc>1.856101</hAcc><vAcc>0.597592</vAcc></extensions></trkpt>
      <trkpt lon="121.347992" lat="31.232897"><ele>6.423130</ele><time>2026-01-15T12:28:33Z</time><extensions><speed>2.470072</speed><course>232.236052</course><hAcc>1.883018</hAcc><vAcc>0.615228</vAcc></extensions></trkpt>
      <trkpt lon="121.347974" lat="31.232885"><ele>6.389758</ele><time>2026-01-15T12:28:34Z</time><extensions><speed>2.521044</speed><course>229.582253</course><hAcc>1.908137</hAcc><vAcc>0.633174</vAcc></extensions></trkpt>
      <trkpt lon="121.347955" lat="31.232869"><ele>6.347018</ele><time>2026-01-15T12:28:35Z</time><extensions><speed>2.563076</speed><course>225.777499</course><hAcc>1.947904</hAcc><vAcc>0.661167</vAcc></extensions></trkpt>
      <trkpt lon="121.347936" lat="31.232853"><ele>6.298963</ele><time>2026-01-15T12:28:36Z</time><extensions><speed>2.577121</speed><course>223.319692</course><hAcc>1.994206</hAcc><vAcc>0.697169</vAcc></extensions></trkpt>
      <trkpt lon="121.347917" lat="31.232836"><ele>6.245766</ele><time>2026-01-15T12:28:37Z</time><extensions><speed>2.589116</speed><course>223.175400</course><hAcc>2.048403</hAcc><vAcc>0.741678</vAcc></extensions></trkpt>
      <trkpt lon="121.347898" lat="31.232819"><ele>6.188308</ele><time>2026-01-15T12:28:38Z</time><extensions><speed>2.649816</speed><course>225.488994</course><hAcc>2.112392</hAcc><vAcc>0.793841</vAcc></extensions></trkpt>
      <trkpt lon="121.347875" lat="31.232801"><ele>6.122090</ele><time>2026-01-15T12:28:39Z</time><extensions><speed>2.700569</speed><course>231.034658</course><hAcc>2.185749</hAcc><vAcc>0.856233</vAcc></extensions></trkpt>
      <trkpt lon="121.347852" lat="31.232787"><ele>6.062436</ele><time>2026-01-15T12:28:40Z</time><extensions><speed>2.731446</speed><course>236.405575</course><hAcc>2.249765</hAcc><vAcc>0.913430</vAcc></extensions></trkpt>
      <trkpt lon="121.347827" lat="31.232774"><ele>6.005383</ele><time>2026-01-15T12:28:41Z</time><extensions><speed>2.760697</speed><course>242.663328</course><hAcc>2.311186</hAcc><vAcc>0.969274</vAcc></extensions></trkpt>
      <trkpt lon="121.347801" lat="31.232764"><ele>5.953254</ele><time>2026-01-15T12:28:42Z</time><extensions><speed>2.748336</speed><course>248.793205</course><hAcc>2.367917</hAcc><vAcc>1.021286</vAcc></extensions></trkpt>
      <trkpt lon="121.347774" lat="31.232756"><ele>5.907317</ele><time>2026-01-15T12:28:43Z</time><extensions><speed>2.718826</speed><course>253.955734</course><hAcc>2.417451</hAcc><vAcc>1.067632</vAcc></extensions></trkpt>
      <trkpt lon="121.347747" lat="31.232750"><ele>5.869446</ele><time>2026-01-15T12:28:44Z</time><extensions><speed>2.678821</speed><course>257.818953</course><hAcc>2.459079</hAcc><vAcc>1.106988</vAcc></extensions></trkpt>
      <trkpt lon="121.347719" lat="31.232746"><ele>5.840301</ele><time>2026-01-15T12:28:45Z</time><extensions><speed>2.714511</speed><course>260.566622</course><hAcc>2.492228</hAcc><vAcc>1.138416</vAcc></extensions></trkpt>
      <trkpt lon="121.347691" lat="31.232742"><ele>5.820792</ele><time>2026-01-15T12:28:46Z</time><extensions><speed>2.738794</speed><course>263.101024</course><hAcc>2.515881</hAcc><vAcc>1.161279</vAcc></extensions></trkpt>
      <trkpt lon="121.347662" lat="31.232740"><ele>5.811129</ele><time>2026-01-15T12:28:47Z</time><extensions><speed>2.723476</speed><course>264.846277</course><hAcc>2.529780</hAcc><vAcc>1.175174</vAcc></extensions></trkpt>
      <trkpt lon="121.347634" lat="31.232738"><ele>5.811924</ele><time>2026-01-15T12:28:48Z</time><extensions><speed>2.711824</speed><course>265.935438</course><hAcc>2.534237</hAcc><vAcc>1.179891</vAcc></extensions></trkpt>
      <trkpt lon="121.347606" lat="31.232736"><ele>5.823027</ele><time>2026-01-15T12:28:49Z</time><extensions><speed>2.667706</speed><course>265.878961</course><hAcc>2.528681</hAcc><vAcc>1.175393</vAcc></extensions></trkpt>
      <trkpt lon="121.347578" lat="31.232734"><ele>5.844165</ele><time>2026-01-15T12:28:50Z</time><extensions><speed>2.650751</speed><course>264.977728</course><hAcc>2.513888</hAcc><vAcc>1.161804</vAcc></extensions></trkpt>
      <trkpt lon="121.347550" lat="31.232732"><ele>5.874832</ele><time>2026-01-15T12:28:51Z</time><extensions><speed>2.642669</speed><course>264.428128</course><hAcc>2.491651</hAcc><vAcc>1.139417</vAcc></extensions></trkpt>
      <trkpt lon="121.347523" lat="31.232730"><ele>5.914067</ele><time>2026-01-15T12:28:52Z</time><extensions><speed>2.654422</speed><course>263.996760</course><hAcc>2.462196</hAcc><vAcc>1.108717</vAcc></extensions></trkpt>
      <trkpt lon="121.347495" lat="31.232727"><ele>5.961383</ele><time>2026-01-15T12:28:53Z</time><extensions><speed>2.671099</speed><course>264.077812</course><hAcc>2.424617</hAcc><vAcc>1.070409</vAcc></extensions></trkpt>
      <trkpt lon="121.347467" lat="31.232725"><ele>6.015423</ele><time>2026-01-15T12:28:54Z</time><extensions><speed>2.692522</speed><course>264.152473</course><hAcc>2.378137</hAcc><vAcc>1.025480</vAcc></extensions></trkpt>
      <trkpt lon="121.347439" lat="31.232722"><ele>6.074643</ele><time>2026-01-15T12:28:55Z</time><extensions><speed>2.713016</speed><course>263.870930</course><hAcc>2.323275</hAcc><vAcc>0.975272</vAcc></extensions></trkpt>
      <trkpt lon="121.347411" lat="31.232719"><ele>6.137050</ele><time>2026-01-15T12:28:56Z</time><extensions><speed>2.680826</speed><course>263.529013</course><hAcc>2.262380</hAcc><vAcc>0.921580</vAcc></extensions></trkpt>
      <trkpt lon="121.347384" lat="31.232717"><ele>6.200168</ele><time>2026-01-15T12:28:57Z</time><extensions><speed>2.606390</speed><course>263.299584</course><hAcc>2.200263</hAcc><vAcc>0.866746</vAcc></extensions></trkpt>
      <trkpt lon="121.347358" lat="31.232714"><ele>6.258935</ele><time>2026-01-15T12:28:58Z</time><extensions><speed>2.589083</speed><course>263.247080</course><hAcc>2.144484</hAcc><vAcc>0.816280</vAcc></extensions></trkpt>
      <trkpt lon="121.347331" lat="31.232711"><ele>6.316037</ele><time>2026-01-15T12:28:59Z</time><extensions><speed>2.608225</speed><course>262.913390</course><hAcc>2.090825</hAcc><vAcc>0.768629</vAcc></extensions></trkpt>
      <trkpt lon="121.347303" lat="31.232708"><ele>6.365938</ele><time>2026-01-15T12:29:00Z</time><extensions><speed>2.645773</speed><course>261.970835</course><hAcc>2.043250</hAcc><vAcc>0.727972</vAcc></extensions></trkpt>
      <trkpt lon="121.347276" lat="31.232705"><ele>6.407042</ele><time>2026-01-15T12:29:01Z</time><extensions><speed>2.667544</speed><course>261.390284</course><hAcc>2.004560</hAcc><vAcc>0.694930</vAcc></extensions></trkpt>
      <trkpt lon="121.347247" lat="31.232701"><ele>6.438414</ele><time>2026-01-15T12:29:02Z</time><extensions><speed>2.678479</speed><course>260.293073</course><hAcc>1.972368</hAcc><vAcc>0.667787</vAcc></extensions></trkpt>
      <trkpt lon="121.347220" lat="31.232697"><ele>6.457260</ele><time>2026-01-15T12:29:03Z</time><extensions><speed>2.663743</speed><course>259.824059</course><hAcc>1.945833</hAcc><vAcc>0.646951</vAcc></extensions></trkpt>
      <trkpt lon="121.347193" lat="31.232692"><ele>6.463597</ele><time>2026-01-15T12:29:04Z</time><extensions><speed>2.650915</speed><course>259.941202</course><hAcc>1.923888</hAcc><vAcc>0.632223</vAcc></extensions></trkpt>
      <trkpt lon="121.347166" lat="31.232688"><ele>6.456073</ele><time>2026-01-15T12:29:05Z</time><extensions><speed>2.662557</speed><course>259.780863</course><hAcc>1.904475</hAcc><vAcc>0.624136</vAcc></extensions></trkpt>
      <trkpt lon="121.347138" lat="31.232684"><ele>6.432467</ele><time>2026-01-15T12:29:06Z</time><extensions><speed>2.659162</speed><course>260.316706</course><hAcc>1.888131</hAcc><vAcc>0.624695</vAcc></extensions></trkpt>
      <trkpt lon="121.347110" lat="31.232680"><ele>6.391454</ele><time>2026-01-15T12:29:07Z</time><extensions><speed>2.678488</speed><course>260.302950</course><hAcc>1.877510</hAcc><vAcc>0.635686</vAcc></extensions></trkpt>
      <trkpt lon="121.347083" lat="31.232676"><ele>6.331867</ele><time>2026-01-15T12:29:08Z</time><extensions><speed>2.694712</speed><course>260.484314</course><hAcc>1.870730</hAcc><vAcc>0.658531</vAcc></extensions></trkpt>
      <trkpt lon="121.347055" lat="31.232672"><ele>6.253040</ele><time>2026-01-15T12:29:09Z</time><extensions><speed>2.681217</speed><course>260.750589</course><hAcc>1.868098</hAcc><vAcc>0.693934</vAcc></extensions></trkpt>
      <trkpt lon="121.347027" lat="31.232668"><ele>6.154961</ele><time>2026-01-15T12:29:10Z</time><extensions><speed>2.662429</speed><course>261.572675</course><hAcc>1.871485</hAcc><vAcc>0.741583</vAcc></extensions></trkpt>
      <trkpt lon="121.347000" lat="31.232665"><ele>6.038648</ele><time>2026-01-15T12:29:10Z</time><extensions><speed>2.617636</speed><course>263.118143</course><hAcc>1.880853</hAcc><vAcc>0.799912</vAcc></extensions></trkpt>
      <trkpt lon="121.346972" lat="31.232662"><ele>5.906329</ele><time>2026-01-15T12:29:11Z</time><extensions><speed>2.644051</speed><course>264.064289</course><hAcc>1.894011</hAcc><vAcc>0.866077</vAcc></extensions></trkpt>
      <trkpt lon="121.346944" lat="31.232660"><ele>5.760699</ele><time>2026-01-15T12:29:12Z</time><extensions><speed>2.727611</speed><course>264.681006</course><hAcc>1.912892</hAcc><vAcc>0.936804</vAcc></extensions></trkpt>
      <trkpt lon="121.346916" lat="31.232658"><ele>5.604679</ele><time>2026-01-15T12:29:13Z</time><extensions><speed>2.783456</speed><course>264.150909</course><hAcc>1.938994</hAcc><vAcc>1.009060</vAcc></extensions></trkpt>
      <trkpt lon="121.346887" lat="31.232655"><ele>5.441024</ele><time>2026-01-15T12:29:14Z</time><extensions><speed>2.826012</speed><course>263.268893</course><hAcc>1.972589</hAcc><vAcc>1.080640</vAcc></extensions></trkpt>
      <trkpt lon="121.346857" lat="31.232652"><ele>5.271975</ele><time>2026-01-15T12:29:15Z</time><extensions><speed>2.835368</speed><course>263.047766</course><hAcc>2.015492</hAcc><vAcc>1.150017</vAcc></extensions></trkpt>
      <trkpt lon="121.346828" lat="31.232649"><ele>5.099522</ele><time>2026-01-15T12:29:16Z</time><extensions><speed>2.845865</speed><course>262.917409</course><hAcc>2.067119</hAcc><vAcc>1.216180</vAcc></extensions></trkpt>
      <trkpt lon="121.346798" lat="31.232646"><ele>4.925084</ele><time>2026-01-15T12:29:17Z</time><extensions><speed>2.786656</speed><course>263.335389</course><hAcc>2.127430</hAcc><vAcc>1.278496</vAcc></extensions></trkpt>
      <trkpt lon="121.346770" lat="31.232643"><ele>4.750080</ele><time>2026-01-15T12:29:18Z</time><extensions><speed>2.708581</speed><course>263.786776</course><hAcc>2.197381</hAcc><vAcc>1.336607</vAcc></extensions></trkpt>
      <trkpt lon="121.346742" lat="31.232640"><ele>4.575465</ele><time>2026-01-15T12:29:19Z</time><extensions><speed>2.676472</speed><course>264.218883</course><hAcc>2.273135</hAcc><vAcc>1.390354</vAcc></extensions></trkpt>
      <trkpt lon="121.346714" lat="31.232638"><ele>4.402242</ele><time>2026-01-15T12:29:20Z</time><extensions><speed>2.666774</speed><course>264.671328</course><hAcc>2.345936</hAcc><vAcc>1.439721</vAcc></extensions></trkpt>
      <trkpt lon="121.346686" lat="31.232636"><ele>4.231040</ele><time>2026-01-15T12:29:21Z</time><extensions><speed>2.643563</speed><course>264.198820</course><hAcc>2.408041</hAcc><vAcc>1.484787</vAcc></extensions></trkpt>
      <trkpt lon="121.346659" lat="31.232633"><ele>4.062699</ele><time>2026-01-15T12:29:22Z</time><extensions><speed>2.631752</speed><course>264.229874</course><hAcc>2.458775</hAcc><vAcc>1.525702</vAcc></extensions></trkpt>
      <trkpt lon="121.346631" lat="31.232631"><ele>3.897663</ele><time>2026-01-15T12:29:23Z</time><extensions><speed>2.643578</speed><course>264.037700</course><hAcc>2.501150</hAcc><vAcc>1.562656</vAcc></extensions></trkpt>
      <trkpt lon="121.346604" lat="31.232629"><ele>3.736574</ele><time>2026-01-15T12:29:24Z</time><extensions><speed>2.668808</speed><course>263.943538</course><hAcc>2.535045</hAcc><vAcc>1.595868</vAcc></extensions></trkpt>
      <trkpt lon="121.346576" lat="31.232626"><ele>3.579347</ele><time>2026-01-15T12:29:25Z</time><extensions><speed>2.674701</speed><course>263.983062</course><hAcc>2.561903</hAcc><vAcc>1.625566</vAcc></extensions></trkpt>
      <trkpt lon="121.346548" lat="31.232623"><ele>3.425819</ele><time>2026-01-15T12:29:26Z</time><extensions><speed>2.696968</speed><course>263.641478</course><hAcc>2.581529</hAcc><vAcc>1.651979</vAcc></extensions></trkpt>
      <trkpt lon="121.346520" lat="31.232621"><ele>3.276368</ele><time>2026-01-15T12:29:27Z</time><extensions><speed>2.731357</speed><course>264.395138</course><hAcc>2.592120</hAcc><vAcc>1.675332</vAcc></extensions></trkpt>
      <trkpt lon="121.346491" lat="31.232619"><ele>3.131385</ele><time>2026-01-15T12:29:28Z</time><extensions><speed>2.745905</speed><course>265.246758</course><hAcc>2.595066</hAcc><vAcc>1.695837</vAcc></extensions></trkpt>
      <trkpt lon="121.346463" lat="31.232617"><ele>2.990881</ele><time>2026-01-15T12:29:29Z</time><extensions><speed>2.706989</speed><course>266.024081</course><hAcc>2.589998</hAcc><vAcc>1.713694</vAcc></extensions></trkpt>
      <trkpt lon="121.346435" lat="31.232615"><ele>2.854983</ele><time>2026-01-15T12:29:30Z</time><extensions><speed>2.665247</speed><course>266.852600</course><hAcc>2.575525</hAcc><vAcc>1.729103</vAcc></extensions></trkpt>
      <trkpt lon="121.346407" lat="31.232614"><ele>2.724089</ele><time>2026-01-15T12:29:31Z</time><extensions><speed>2.661319</speed><course>267.158859</course><hAcc>2.552656</hAcc><vAcc>1.742255</vAcc></extensions></trkpt>
      <trkpt lon="121.346379" lat="31.232613"><ele>2.598471</ele><time>2026-01-15T12:29:32Z</time><extensions><speed>2.660076</speed><course>268.138021</course><hAcc>2.522091</hAcc><vAcc>1.753342</vAcc></extensions></trkpt>
      <trkpt lon="121.346351" lat="31.232613"><ele>2.478866</ele><time>2026-01-15T12:29:33Z</time><extensions><speed>2.678673</speed><course>269.734078</course><hAcc>2.484148</hAcc><vAcc>1.762555</vAcc></extensions></trkpt>
      <trkpt lon="121.346323" lat="31.232613"><ele>2.365266</ele><time>2026-01-15T12:29:34Z</time><extensions><speed>2.673403</speed><course>272.347142</course><hAcc>2.439095</hAcc><vAcc>1.770081</vAcc></extensions></trkpt>
      <trkpt lon="121.346296" lat="31.232615"><ele>2.258397</ele><time>2026-01-15T12:29:35Z</time><extensions><speed>2.649309</speed><course>276.201669</course><hAcc>2.388042</hAcc><vAcc>1.776108</vAcc></extensions></trkpt>
      <trkpt lon="121.346268" lat="31.232618"><ele>2.157552</ele><time>2026-01-15T12:29:36Z</time><extensions><speed>2.653325</speed><course>279.441653</course><hAcc>2.332347</hAcc><vAcc>1.780824</vAcc></extensions></trkpt>
      <trkpt lon="121.346241" lat="31.232623"><ele>2.064161</ele><time>2026-01-15T12:29:37Z</time><extensions><speed>2.683378</speed><course>283.344457</course><hAcc>2.273442</hAcc><vAcc>1.784420</vAcc></extensions></trkpt>
      <trkpt lon="121.346213" lat="31.232629"><ele>1.978396</ele><time>2026-01-15T12:29:38Z</time><extensions><speed>2.742806</speed><course>286.342167</course><hAcc>2.215240</hAcc><vAcc>1.787091</vAcc></extensions></trkpt>
      <trkpt lon="121.346186" lat="31.232636"><ele>1.901379</ele><time>2026-01-15T12:29:39Z</time><extensions><speed>2.756247</speed><course>287.894220</course><hAcc>2.160765</hAcc><vAcc>1.789035</vAcc></extensions></trkpt>
      <trkpt lon="121.346158" lat="31.232644"><ele>1.832404</ele><time>2026-01-15T12:29:40Z</time><extensions><speed>2.744545</speed><course>287.504994</course><hAcc>2.114315</hAcc><vAcc>1.790443</vAcc></extensions></trkpt>
      <trkpt lon="121.346131" lat="31.232651"><ele>1.770972</ele><time>2026-01-15T12:29:41Z</time><extensions><speed>2.734153</speed><course>284.160682</course><hAcc>2.076608</hAcc><vAcc>1.791492</vAcc></extensions></trkpt>
      <trkpt lon="121.346103" lat="31.232655"><ele>1.717835</ele><time>2026-01-15T12:29:42Z</time><extensions><speed>2.688638</speed><course>278.857866</course><hAcc>2.043574</hAcc><vAcc>1.792338</vAcc></extensions></trkpt>
      <trkpt lon="121.346075" lat="31.232658"><ele>1.673165</ele><time>2026-01-15T12:29:43Z</time><extensions><speed>2.704579</speed><course>272.181636</course><hAcc>2.013204</hAcc><vAcc>1.793107</vAcc></extensions></trkpt>
      <trkpt lon="121.346047" lat="31.232657"><ele>1.637191</ele><time>2026-01-15T12:29:44Z</time><extensions><speed>2.751987</speed><course>265.915208</course><hAcc>1.983388</hAcc><vAcc>1.793897</vAcc></extensions></trkpt>
      <trkpt lon="121.346018" lat="31.232654"><ele>1.610042</ele><time>2026-01-15T12:29:45Z</time><extensions><speed>2.799134</speed><course>261.034011</course><hAcc>1.953881</hAcc><vAcc>1.794769</vAcc></extensions></trkpt>
      <trkpt lon="121.345989" lat="31.232650"><ele>1.591821</ele><time>2026-01-15T12:29:46Z</time><extensions><speed>2.799084</speed><course>256.383643</course><hAcc>1.924930</hAcc><vAcc>1.795756</vAcc></extensions></trkpt>
      <trkpt lon="121.345961" lat="31.232643"><ele>1.582606</ele><time>2026-01-15T12:29:47Z</time><extensions><speed>2.763134</speed><course>253.360287</course><hAcc>1.896564</hAcc><vAcc>1.796856</vAcc></extensions></trkpt>
      <trkpt lon="121.345934" lat="31.232635"><ele>1.582266</ele><time>2026-01-15T12:29:48Z</time><extensions><speed>2.684779</speed><course>250.302662</course><hAcc>1.871602</hAcc><vAcc>1.798040</vAcc></extensions></trkpt>
      <trkpt lon="121.345908" lat="31.232627"><ele>1.590754</ele><time>2026-01-15T12:29:49Z</time><extensions><speed>2.555200</speed><course>247.656739</course><hAcc>1.851855</hAcc><vAcc>1.799263</vAcc></extensions></trkpt>
      <trkpt lon="121.345885" lat="31.232618"><ele>1.608025</ele><time>2026-01-15T12:29:50Z</time><extensions><speed>2.371106</speed><course>243.230875</course><hAcc>1.836874</hAcc><vAcc>1.800475</vAcc></extensions></trkpt>
      <trkpt lon="121.345865" lat="31.232606"><ele>1.634006</ele><time>2026-01-15T12:29:51Z</time><extensions><speed>2.232070</speed><course>227.385486</course><hAcc>1.826704</hAcc><vAcc>1.801633</vAcc></extensions></trkpt>
      <trkpt lon="121.345847" lat="31.232593"><ele>1.668394</ele><time>2026-01-15T12:29:52Z</time><extensions><speed>2.338404</speed><course>230.953564</course><hAcc>1.823163</hAcc><vAcc>1.802710</vAcc></extensions></trkpt>
      <trkpt lon="121.345827" lat="31.232580"><ele>1.711245</ele><time>2026-01-15T12:29:53Z</time><extensions><speed>2.424025</speed><course>234.749653</course><hAcc>1.826449</hAcc><vAcc>1.803697</vAcc></extensions></trkpt>
      <trkpt lon="121.345806" lat="31.232568"><ele>1.762570</ele><time>2026-01-15T12:29:54Z</time><extensions><speed>2.490145</speed><course>238.320574</course><hAcc>1.836619</hAcc><vAcc>1.804605</vAcc></extensions></trkpt>
      <trkpt lon="121.345783" lat="31.232556"><ele>1.822219</ele><time>2026-01-15T12:29:55Z</time><extensions><speed>2.554033</speed><course>242.242308</course><hAcc>1.854774</hAcc><vAcc>1.805458</vAcc></extensions></trkpt>
      <trkpt lon="121.345759" lat="31.232547"><ele>1.889880</ele><time>2026-01-15T12:29:56Z</time><extensions><speed>2.582489</speed><course>247.291798</course><hAcc>1.881893</hAcc><vAcc>1.806291</vAcc></extensions></trkpt>
      <trkpt lon="121.345733" lat="31.232539"><ele>1.965456</ele><time>2026-01-15T12:29:57Z</time><extensions><speed>2.605928</speed><course>252.841498</course><hAcc>1.916925</hAcc><vAcc>1.807143</vAcc></extensions></trkpt>
      <trkpt lon="121.345707" lat="31.232533"><ele>2.048513</ele><time>2026-01-15T12:29:58Z</time><extensions><speed>2.650430</speed><course>257.224141</course><hAcc>1.961384</hAcc><vAcc>1.808060</vAcc></extensions></trkpt>
      <trkpt lon="121.345679" lat="31.232528"><ele>2.138967</ele><time>2026-01-15T12:29:59Z</time><extensions><speed>2.641524</speed><course>260.585021</course><hAcc>2.014987</hAcc><vAcc>1.809087</vAcc></extensions></trkpt>
      <trkpt lon="121.345652" lat="31.232525"><ele>2.236405</ele><time>2026-01-15T12:30:00Z</time><extensions><speed>2.589415</speed><course>263.125057</course><hAcc>2.074377</hAcc><vAcc>1.810260</vAcc></extensions></trkpt>
      <trkpt lon="121.345626" lat="31.232522"><ele>2.340633</ele><time>2026-01-15T12:30:01Z</time><extensions><speed>2.528617</speed><course>263.712653</course><hAcc>2.136772</hAcc><vAcc>1.811614</vAcc></extensions></trkpt>
      <trkpt lon="121.345600" lat="31.232520"><ele>2.451370</ele><time>2026-01-15T12:30:02Z</time><extensions><speed>2.482547</speed><course>264.130912</course><hAcc>2.199516</hAcc><vAcc>1.813179</vAcc></extensions></trkpt>
      <trkpt lon="121.345574" lat="31.232518"><ele>2.568556</ele><time>2026-01-15T12:30:03Z</time><extensions><speed>2.464492</speed><course>264.620015</course><hAcc>2.261590</hAcc><vAcc>1.814990</vAcc></extensions></trkpt>
      <trkpt lon="121.345548" lat="31.232515"><ele>2.691818</ele><time>2026-01-15T12:30:04Z</time><extensions><speed>2.449172</speed><course>264.952529</course><hAcc>2.324259</hAcc><vAcc>1.817091</vAcc></extensions></trkpt>
      <trkpt lon="121.345523" lat="31.232514"><ele>2.820921</ele><time>2026-01-15T12:30:05Z</time><extensions><speed>2.446466</speed><course>265.671341</course><hAcc>2.388438</hAcc><vAcc>1.819538</vAcc></extensions></trkpt>
      <trkpt lon="121.345497" lat="31.232512"><ele>2.956184</ele><time>2026-01-15T12:30:06Z</time><extensions><speed>2.476188</speed><course>265.455704</course><hAcc>2.449915</hAcc><vAcc>1.822392</vAcc></extensions></trkpt>
      <trkpt lon="121.345471" lat="31.232510"><ele>3.096983</ele><time>2026-01-15T12:30:07Z</time><extensions><speed>2.460865</speed><course>265.832753</course><hAcc>2.508198</hAcc><vAcc>1.825717</vAcc></extensions></trkpt>
      <trkpt lon="121.345446" lat="31.232509"><ele>3.243233</ele><time>2026-01-15T12:30:08Z</time><extensions><speed>2.383584</speed><course>266.344105</course><hAcc>2.564632</hAcc><vAcc>1.829585</vAcc></extensions></trkpt>
      <trkpt lon="121.345422" lat="31.232507"><ele>3.394731</ele><time>2026-01-15T12:30:09Z</time><extensions><speed>2.248681</speed><course>266.138911</course><hAcc>2.623314</hAcc><vAcc>1.834061</vAcc></extensions></trkpt>
      <trkpt lon="121.345399" lat="31.232506"><ele>3.551526</ele><time>2026-01-15T12:30:10Z</time><extensions><speed>2.106080</speed><course>265.337050</course><hAcc>2.680658</hAcc><vAcc>1.839198</vAcc></extensions></trkpt>
      <trkpt lon="121.345377" lat="31.232504"><ele>3.713321</ele><time>2026-01-15T12:30:11Z</time><extensions><speed>2.116167</speed><course>263.291592</course><hAcc>2.726883</hAcc><vAcc>1.845019</vAcc></extensions></trkpt>
      <trkpt lon="121.345355" lat="31.232502"><ele>3.880234</ele><time>2026-01-15T12:30:12Z</time><extensions><speed>2.217022</speed><course>261.360500</course><hAcc>2.766813</hAcc><vAcc>1.851516</vAcc></extensions></trkpt>
      <trkpt lon="121.345331" lat="31.232498"><ele>4.052047</ele><time>2026-01-15T12:30:13Z</time><extensions><speed>2.334969</speed><course>258.544636</course><hAcc>2.802323</hAcc><vAcc>1.858653</vAcc></extensions></trkpt>
      <trkpt lon="121.345307" lat="31.232493"><ele>4.228984</ele><time>2026-01-15T12:30:14Z</time><extensions><speed>2.412183</speed><course>255.591240</course><hAcc>2.833019</hAcc><vAcc>1.866378</vAcc></extensions></trkpt>
      <trkpt lon="121.345283" lat="31.232487"><ele>4.410702</ele><time>2026-01-15T12:30:15Z</time><extensions><speed>2.457240</speed><course>251.452122</course><hAcc>2.860012</hAcc><vAcc>1.874622</vAcc></extensions></trkpt>
      <trkpt lon="121.345259" lat="31.232479"><ele>4.597349</ele><time>2026-01-15T12:30:16Z</time><extensions><speed>2.446945</speed><course>246.829864</course><hAcc>2.883037</hAcc><vAcc>1.883310</vAcc></extensions></trkpt>
      <trkpt lon="121.345235" lat="31.232471"><ele>4.788488</ele><time>2026-01-15T12:30:17Z</time><extensions><speed>2.392988</speed><course>246.882145</course><hAcc>2.902971</hAcc><vAcc>1.892365</vAcc></extensions></trkpt>
      <trkpt lon="121.345213" lat="31.232462"><ele>4.983984</ele><time>2026-01-15T12:30:18Z</time><extensions><speed>2.322624</speed><course>244.307515</course><hAcc>2.919500</hAcc><vAcc>1.901705</vAcc></extensions></trkpt>
      <trkpt lon="121.345192" lat="31.232453"><ele>5.183566</ele><time>2026-01-15T12:30:19Z</time><extensions><speed>2.234428</speed><course>241.927935</course><hAcc>2.932933</hAcc><vAcc>1.911249</vAcc></extensions></trkpt>
      <trkpt lon="121.345172" lat="31.232443"><ele>5.386686</ele><time>2026-01-15T12:30:20Z</time><extensions><speed>2.166815</speed><course>239.150335</course><hAcc>2.944240</hAcc><vAcc>1.920915</vAcc></extensions></trkpt>
      <trkpt lon="121.345153" lat="31.232432"><ele>5.592649</ele><time>2026-01-15T12:30:21Z</time><extensions><speed>2.067720</speed><course>232.373563</course><hAcc>2.951473</hAcc><vAcc>1.930628</vAcc></extensions></trkpt>
      <trkpt lon="121.345138" lat="31.232420"><ele>5.800903</ele><time>2026-01-15T12:30:22Z</time><extensions><speed>1.997237</speed><course>221.319925</course><hAcc>2.956418</hAcc><vAcc>1.940320</vAcc></extensions></trkpt>
      <trkpt lon="121.345126" lat="31.232405"><ele>6.010747</ele><time>2026-01-15T12:30:23Z</time><extensions><speed>1.979759</speed><course>210.073809</course><hAcc>2.959358</hAcc><vAcc>1.949930</vAcc></extensions></trkpt>
      <trkpt lon="121.345117" lat="31.232389"><ele>6.221238</ele><time>2026-01-15T12:30:24Z</time><extensions><speed>2.026132</speed><course>201.821045</course><hAcc>2.957911</hAcc><vAcc>1.959401</vAcc></extensions></trkpt>
      <trkpt lon="121.345110" lat="31.232372"><ele>6.431789</ele><time>2026-01-15T12:30:25Z</time><extensions><speed>2.085874</speed><course>195.787444</course><hAcc>2.951625</hAcc><vAcc>1.968679</vAcc></extensions></trkpt>
      <trkpt lon="121.345104" lat="31.232353"><ele>6.641767</ele><time>2026-01-15T12:30:26Z</time><extensions><speed>2.133638</speed><course>191.904332</course><hAcc>2.942204</hAcc><vAcc>1.977709</vAcc></extensions></trkpt>
      <trkpt lon="121.345100" lat="31.232334"><ele>6.850427</ele><time>2026-01-15T12:30:27Z</time><extensions><speed>2.207602</speed><course>191.118433</course><hAcc>2.929727</hAcc><vAcc>1.986433</vAcc></extensions></trkpt>
      <trkpt lon="121.345095" lat="31.232314"><ele>7.057138</ele><time>2026-01-15T12:30:28Z</time><extensions><speed>2.327305</speed><course>195.015783</course><hAcc>2.913267</hAcc><vAcc>1.994785</vAcc></extensions></trkpt>
      <trkpt lon="121.345086" lat="31.232294"><ele>7.261219</ele><time>2026-01-15T12:30:29Z</time><extensions><speed>2.405201</speed><course>203.369723</course><hAcc>2.892192</hAcc><vAcc>2.002690</vAcc></extensions></trkpt>
      <trkpt lon="121.345074" lat="31.232275"><ele>7.462228</ele><time>2026-01-15T12:30:30Z</time><extensions><speed>2.424477</speed><course>214.796237</course><hAcc>2.866169</hAcc><vAcc>2.010062</vAcc></extensions></trkpt>
      <trkpt lon="121.345059" lat="31.232259"><ele>7.659159</ele><time>2026-01-15T12:30:31Z</time><extensions><speed>2.344746</speed><course>222.259000</course><hAcc>2.836358</hAcc><vAcc>2.016807</vAcc></extensions></trkpt>
      <trkpt lon="121.345042" lat="31.232244"><ele>7.851548</ele><time>2026-01-15T12:30:32Z</time><extensions><speed>2.225711</speed><course>225.630598</course><hAcc>2.802824</hAcc><vAcc>2.022828</vAcc></extensions></trkpt>
      <trkpt lon="121.345025" lat="31.232230"><ele>8.038557</ele><time>2026-01-15T12:30:33Z</time><extensions><speed>2.209033</speed><course>227.243672</course><hAcc>2.764073</hAcc><vAcc>2.028036</vAcc></extensions></trkpt>
      <trkpt lon="121.345008" lat="31.232216"><ele>8.219784</ele><time>2026-01-15T12:30:34Z</time><extensions><speed>2.232806</speed><course>226.677813</course><hAcc>2.720515</hAcc><vAcc>2.032354</vAcc></extensions></trkpt>
      <trkpt lon="121.344991" lat="31.232203"><ele>8.394272</ele><time>2026-01-15T12:30:35Z</time><extensions><speed>2.254539</speed><course>226.654532</course><hAcc>2.671689</hAcc><vAcc>2.035719</vAcc></extensions></trkpt>
      <trkpt lon="121.344973" lat="31.232189"><ele>8.561906</ele><time>2026-01-15T12:30:36Z</time><extensions><speed>2.291323</speed><course>230.234623</course><hAcc>2.618010</hAcc><vAcc>2.038085</vAcc></extensions></trkpt>
      <trkpt lon="121.344954" lat="31.232177"><ele>8.721985</ele><time>2026-01-15T12:30:37Z</time><extensions><speed>2.282091</speed><course>237.297979</course><hAcc>2.559948</hAcc><vAcc>2.039424</vAcc></extensions></trkpt>
      <trkpt lon="121.344933" lat="31.232167"><ele>8.873874</ele><time>2026-01-15T12:30:38Z</time><extensions><speed>2.272418</speed><course>245.786723</course><hAcc>2.498179</hAcc><vAcc>2.039729</vAcc></extensions></trkpt>
      <trkpt lon="121.344911" lat="31.232160"><ele>9.017346</ele><time>2026-01-15T12:30:39Z</time><extensions><speed>2.264526</speed><course>251.865756</course><hAcc>2.430917</hAcc><vAcc>2.039019</vAcc></extensions></trkpt>
      <trkpt lon="121.344889" lat="31.232154"><ele>9.151915</ele><time>2026-01-15T12:30:40Z</time><extensions><speed>2.255333</speed><course>255.755726</course><hAcc>2.361497</hAcc><vAcc>2.037342</vAcc></extensions></trkpt>
      <trkpt lon="121.344865" lat="31.232150"><ele>9.277882</ele><time>2026-01-15T12:30:41Z</time><extensions><speed>2.286609</speed><course>257.773573</course><hAcc>2.290018</hAcc><vAcc>2.034776</vAcc></extensions></trkpt>
      <trkpt lon="121.344842" lat="31.232145"><ele>9.395091</ele><time>2026-01-15T12:30:42Z</time><extensions><speed>2.304186</speed><course>255.812251</course><hAcc>2.214384</hAcc><vAcc>2.031425</vAcc></extensions></trkpt>
      <trkpt lon="121.344819" lat="31.232139"><ele>9.503973</ele><time>2026-01-15T12:30:43Z</time><extensions><speed>2.380472</speed><course>251.887738</course><hAcc>2.137070</hAcc><vAcc>2.027421</vAcc></extensions></trkpt>
      <trkpt lon="121.344795" lat="31.232132"><ele>9.604635</ele><time>2026-01-15T12:30:44Z</time><extensions><speed>2.448605</speed><course>251.212231</course><hAcc>2.064856</hAcc><vAcc>2.022913</vAcc></extensions></trkpt>
      <trkpt lon="121.344770" lat="31.232125"><ele>9.697727</ele><time>2026-01-15T12:30:45Z</time><extensions><speed>2.464998</speed><course>254.066442</course><hAcc>2.001233</hAcc><vAcc>2.018064</vAcc></extensions></trkpt>
      <trkpt lon="121.344745" lat="31.232120"><ele>9.783440</ele><time>2026-01-15T12:30:46Z</time><extensions><speed>2.486087</speed><course>255.044852</course><hAcc>1.949050</hAcc><vAcc>2.013044</vAcc></extensions></trkpt>
      <trkpt lon="121.344720" lat="31.232114"><ele>9.862518</ele><time>2026-01-15T12:30:47Z</time><extensions><speed>2.493090</speed><course>255.457248</course><hAcc>1.909885</hAcc><vAcc>2.008025</vAcc></extensions></trkpt>
      <trkpt lon="121.344694" lat="31.232108"><ele>9.935276</ele><time>2026-01-15T12:30:48Z</time><extensions><speed>2.570347</speed><course>255.905725</course><hAcc>1.884084</hAcc><vAcc>2.003188</vAcc></extensions></trkpt>
      <trkpt lon="121.344668" lat="31.232103"><ele>10.002383</ele><time>2026-01-15T12:30:49Z</time><extensions><speed>2.645738</speed><course>255.875494</course><hAcc>1.869355</hAcc><vAcc>1.998714</vAcc></extensions></trkpt>
      <trkpt lon="121.344641" lat="31.232097"><ele>10.064323</ele><time>2026-01-15T12:30:50Z</time><extensions><speed>2.677402</speed><course>255.490038</course><hAcc>1.862818</hAcc><vAcc>1.994782</vAcc></extensions></trkpt>
      <trkpt lon="121.344614" lat="31.232090"><ele>10.121713</ele><time>2026-01-15T12:30:51Z</time><extensions><speed>2.682550</speed><course>253.988252</course><hAcc>1.864549</hAcc><vAcc>1.991559</vAcc></extensions></trkpt>
      <trkpt lon="121.344587" lat="31.232083"><ele>10.175161</ele><time>2026-01-15T12:30:52Z</time><extensions><speed>2.648639</speed><course>251.100426</course><hAcc>1.877424</hAcc><vAcc>1.989191</vAcc></extensions></trkpt>
      <trkpt lon="121.344561" lat="31.232075"><ele>10.225068</ele><time>2026-01-15T12:30:53Z</time><extensions><speed>2.637912</speed><course>247.036896</course><hAcc>1.903354</hAcc><vAcc>1.987799</vAcc></extensions></trkpt>
      <trkpt lon="121.344537" lat="31.232064"><ele>10.272319</ele><time>2026-01-15T12:30:54Z</time><extensions><speed>2.617428</speed><course>240.475593</course><hAcc>1.942579</hAcc><vAcc>1.987470</vAcc></extensions></trkpt>
      <trkpt lon="121.344513" lat="31.232052"><ele>10.317363</ele><time>2026-01-15T12:30:55Z</time><extensions><speed>2.618141</speed><course>236.441028</course><hAcc>1.995082</hAcc><vAcc>1.988256</vAcc></extensions></trkpt>
      <trkpt lon="121.344491" lat="31.232039"><ele>10.361229</ele><time>2026-01-15T12:30:56Z</time><extensions><speed>2.612317</speed><course>236.725752</course><hAcc>2.058835</hAcc><vAcc>1.990172</vAcc></extensions></trkpt>
      <trkpt lon="121.344467" lat="31.232027"><ele>10.404402</ele><time>2026-01-15T12:30:57Z</time><extensions><speed>2.558975</speed><course>241.473156</course><hAcc>2.129016</hAcc><vAcc>1.993194</vAcc></extensions></trkpt>
      <trkpt lon="121.344444" lat="31.232017"><ele>10.447103</ele><time>2026-01-15T12:30:58Z</time><extensions><speed>2.505662</speed><course>244.383424</course><hAcc>2.201695</hAcc><vAcc>1.997256</vAcc></extensions></trkpt>
      <trkpt lon="121.344420" lat="31.232007"><ele>10.490339</ele><time>2026-01-15T12:30:59Z</time><extensions><speed>2.421243</speed><course>245.307900</course><hAcc>2.272573</hAcc><vAcc>2.002253</vAcc></extensions></trkpt>
      <trkpt lon="121.344398" lat="31.231998"><ele>10.534321</ele><time>2026-01-15T12:31:00Z</time><extensions><speed>2.351389</speed><course>245.990307</course><hAcc>2.339079</hAcc><vAcc>2.008032</vAcc></extensions></trkpt>
      <trkpt lon="121.344375" lat="31.231990"><ele>10.579956</ele><time>2026-01-15T12:31:01Z</time><extensions><speed>2.339570</speed><course>246.036674</course><hAcc>2.399589</hAcc><vAcc>2.014398</vAcc></extensions></trkpt>
      <trkpt lon="121.344353" lat="31.231981"><ele>10.627592</ele><time>2026-01-15T12:31:02Z</time><extensions><speed>2.355411</speed><course>245.802532</course><hAcc>2.452863</hAcc><vAcc>2.021115</vAcc></extensions></trkpt>
      <trkpt lon="121.344330" lat="31.231972"><ele>10.677642</ele><time>2026-01-15T12:31:03Z</time><extensions><speed>2.382433</speed><course>246.298269</course><hAcc>2.500369</hAcc><vAcc>2.027927</vAcc></extensions></trkpt>
      <trkpt lon="121.344308" lat="31.231964"><ele>10.730083</ele><time>2026-01-15T12:31:04Z</time><extensions><speed>2.328371</speed><course>246.058201</course><hAcc>2.540160</hAcc><vAcc>2.034581</vAcc></extensions></trkpt>
      <trkpt lon="121.344286" lat="31.231955"><ele>10.785075</ele><time>2026-01-15T12:31:05Z</time><extensions><speed>2.232925</speed><course>245.650479</course><hAcc>2.573910</hAcc><vAcc>2.040844</vAcc></extensions></trkpt>
      <trkpt lon="121.344265" lat="31.231947"><ele>10.842125</ele><time>2026-01-15T12:31:06Z</time><extensions><speed>2.115297</speed><course>243.637093</course><hAcc>2.601930</hAcc><vAcc>2.046512</vAcc></extensions></trkpt>
      <trkpt lon="121.344247" lat="31.231938"><ele>10.901782</ele><time>2026-01-15T12:31:07Z</time><extensions><speed>1.949834</speed><course>237.312996</course><hAcc>2.626579</hAcc><vAcc>2.051426</vAcc></extensions></trkpt>
      <trkpt lon="121.344231" lat="31.231928"><ele>10.963784</ele><time>2026-01-15T12:31:08Z</time><extensions><speed>1.823807</speed><course>227.076741</course><hAcc>2.649485</hAcc><vAcc>2.055476</vAcc></extensions></trkpt>
      <trkpt lon="121.344219" lat="31.231916"><ele>11.028309</ele><time>2026-01-15T12:31:09Z</time><extensions><speed>1.758410</speed><course>211.893596</course><hAcc>2.666220</hAcc><vAcc>2.058597</vAcc></extensions></trkpt>
      <trkpt lon="121.344212" lat="31.231901"><ele>11.095645</ele><time>2026-01-15T12:31:10Z</time><extensions><speed>1.891673</speed><course>198.059444</course><hAcc>2.672545</hAcc><vAcc>2.060774</vAcc></extensions></trkpt>
      <trkpt lon="121.344207" lat="31.231883"><ele>11.165732</ele><time>2026-01-15T12:31:11Z</time><extensions><speed>2.171354</speed><course>188.797740</course><hAcc>2.673553</hAcc><vAcc>2.062031</vAcc></extensions></trkpt>
      <trkpt lon="121.344204" lat="31.231863"><ele>11.238231</ele><time>2026-01-15T12:31:12Z</time><extensions><speed>2.411843</speed><course>182.814776</course><hAcc>2.676287</hAcc><vAcc>2.062420</vAcc></extensions></trkpt>
      <trkpt lon="121.344204" lat="31.231840"><ele>11.312757</ele><time>2026-01-15T12:31:13Z</time><extensions><speed>2.509666</speed><course>179.923940</course><hAcc>2.678601</hAcc><vAcc>2.062020</vAcc></extensions></trkpt>
      <trkpt lon="121.344204" lat="31.231818"><ele>11.388874</ele><time>2026-01-15T12:31:14Z</time><extensions><speed>2.487308</speed><course>177.330229</course><hAcc>2.678471</hAcc><vAcc>2.060914</vAcc></extensions></trkpt>
      <trkpt lon="121.344206" lat="31.231796"><ele>11.466972</ele><time>2026-01-15T12:31:15Z</time><extensions><speed>2.453652</speed><course>174.488528</course><hAcc>2.673250</hAcc><vAcc>2.059189</vAcc></extensions></trkpt>
      <trkpt lon="121.344209" lat="31.231774"><ele>11.545900</ele><time>2026-01-15T12:31:16Z</time><extensions><speed>2.473185</speed><course>171.953668</course><hAcc>2.661824</hAcc><vAcc>2.056922</vAcc></extensions></trkpt>
      <trkpt lon="121.344213" lat="31.231752"><ele>11.626118</ele><time>2026-01-15T12:31:17Z</time><extensions><speed>2.494166</speed><course>169.712864</course><hAcc>2.644797</hAcc><vAcc>2.054180</vAcc></extensions></trkpt>
      <trkpt lon="121.344218" lat="31.231730"><ele>11.706274</ele><time>2026-01-15T12:31:18Z</time><extensions><speed>2.522381</speed><course>171.455640</course><hAcc>2.620739</hAcc><vAcc>2.051011</vAcc></extensions></trkpt>
      <trkpt lon="121.344222" lat="31.231707"><ele>11.786300</ele><time>2026-01-15T12:31:19Z</time><extensions><speed>2.508033</speed><course>171.899401</course><hAcc>2.588758</hAcc><vAcc>2.047451</vAcc></extensions></trkpt>
      <trkpt lon="121.344225" lat="31.231685"><ele>11.865096</ele><time>2026-01-15T12:31:20Z</time><extensions><speed>2.472328</speed><course>170.788506</course><hAcc>2.549547</hAcc><vAcc>2.043522</vAcc></extensions></trkpt>
      <trkpt lon="121.344230" lat="31.231663"><ele>11.942858</ele><time>2026-01-15T12:31:21Z</time><extensions><speed>2.399851</speed><course>169.716444</course><hAcc>2.504340</hAcc><vAcc>2.039245</vAcc></extensions></trkpt>
      <trkpt lon="121.344234" lat="31.231643"><ele>12.018863</ele><time>2026-01-15T12:31:22Z</time><extensions><speed>2.267317</speed><course>168.500149</course><hAcc>2.455824</hAcc><vAcc>2.034640</vAcc></extensions></trkpt>
      <trkpt lon="121.344239" lat="31.231623"><ele>12.093282</ele><time>2026-01-15T12:31:23Z</time><extensions><speed>2.201733</speed><course>166.833743</course><hAcc>2.412286</hAcc><vAcc>2.029735</vAcc></extensions></trkpt>
      <trkpt lon="121.344245" lat="31.231604"><ele>12.165095</ele><time>2026-01-15T12:31:24Z</time><extensions><speed>2.152454</speed><course>166.172241</course><hAcc>2.377723</hAcc><vAcc>2.024564</vAcc></extensions></trkpt>
      <trkpt lon="121.344251" lat="31.231585"><ele>12.234620</ele><time>2026-01-15T12:31:25Z</time><extensions><speed>2.250962</speed><course>162.016174</course><hAcc>2.347038</hAcc><vAcc>2.019169</vAcc></extensions></trkpt>
      <trkpt lon="121.344259" lat="31.231566"><ele>12.301247</ele><time>2026-01-15T12:31:26Z</time><extensions><speed>2.374757</speed><course>160.698759</course><hAcc>2.323643</hAcc><vAcc>2.013599</vAcc></extensions></trkpt>
      <trkpt lon="121.344266" lat="31.231545"><ele>12.365352</ele><time>2026-01-15T12:31:27Z</time><extensions><speed>2.470391</speed><course>166.990233</course><hAcc>2.315055</hAcc><vAcc>2.007909</vAcc></extensions></trkpt>
      <trkpt lon="121.344270" lat="31.231522"><ele>12.426304</ele><time>2026-01-15T12:31:28Z</time><extensions><speed>2.533313</speed><course>172.191300</course><hAcc>2.323629</hAcc><vAcc>2.002160</vAcc></extensions></trkpt>
      <trkpt lon="121.344273" lat="31.231500"><ele>12.484686</ele><time>2026-01-15T12:31:29Z</time><extensions><speed>2.555252</speed><course>175.937494</course><hAcc>2.348858</hAcc><vAcc>1.996417</vAcc></extensions></trkpt>
      <trkpt lon="121.344275" lat="31.231477"><ele>12.539955</ele><time>2026-01-15T12:31:30Z</time><extensions><speed>2.601843</speed><course>177.834687</course><hAcc>2.387875</hAcc><vAcc>1.990745</vAcc></extensions></trkpt>
      <trkpt lon="121.344275" lat="31.231453"><ele>12.592083</ele><time>2026-01-15T12:31:31Z</time><extensions><speed>2.655720</speed><course>179.247317</course><hAcc>2.435329</hAcc><vAcc>1.985215</vAcc></extensions></trkpt>
      <trkpt lon="121.344276" lat="31.231429"><ele>12.640728</ele><time>2026-01-15T12:31:32Z</time><extensions><speed>2.657263</speed><course>179.926905</course><hAcc>2.485662</hAcc><vAcc>1.979894</vAcc></extensions></trkpt>
      <trkpt lon="121.344275" lat="31.231405"><ele>12.685911</ele><time>2026-01-15T12:31:33Z</time><extensions><speed>2.651701</speed><course>180.402832</course><hAcc>2.534028</hAcc><vAcc>1.974852</vAcc></extensions></trkpt>
      <trkpt lon="121.344275" lat="31.231381"><ele>12.727128</ele><time>2026-01-15T12:31:34Z</time><extensions><speed>2.643064</speed><course>180.846361</course><hAcc>2.577421</hAcc><vAcc>1.970163</vAcc></extensions></trkpt>
      <trkpt lon="121.344275" lat="31.231358"><ele>12.763913</ele><time>2026-01-15T12:31:35Z</time><extensions><speed>2.650342</speed><course>180.550478</course><hAcc>2.615688</hAcc><vAcc>1.965908</vAcc></extensions></trkpt>
      <trkpt lon="121.344275" lat="31.231334"><ele>12.796425</ele><time>2026-01-15T12:31:36Z</time><extensions><speed>2.696660</speed><course>180.582072</course><hAcc>2.647284</hAcc><vAcc>1.962168</vAcc></extensions></trkpt>
      <trkpt lon="121.344274" lat="31.231309"><ele>12.823647</ele><time>2026-01-15T12:31:37Z</time><extensions><speed>2.729475</speed><course>180.645203</course><hAcc>2.673002</hAcc><vAcc>1.959027</vAcc></extensions></trkpt>
      <trkpt lon="121.344274" lat="31.231285"><ele>12.846501</ele><time>2026-01-15T12:31:38Z</time><extensions><speed>2.739714</speed><course>180.697894</course><hAcc>2.693338</hAcc><vAcc>1.956565</vAcc></extensions></trkpt>
      <trkpt lon="121.344274" lat="31.231260"><ele>12.864206</ele><time>2026-01-15T12:31:39Z</time><extensions><speed>2.678183</speed><course>180.397378</course><hAcc>2.708122</hAcc><vAcc>1.954854</vAcc></extensions></trkpt>
      <trkpt lon="121.344274" lat="31.231236"><ele>12.878356</ele><time>2026-01-15T12:31:40Z</time><extensions><speed>2.602908</speed><course>179.604213</course><hAcc>2.717940</hAcc><vAcc>1.953952</vAcc></extensions></trkpt>
      <trkpt lon="121.344274" lat="31.231213"><ele>12.887440</ele><time>2026-01-15T12:31:41Z</time><extensions><speed>2.572358</speed><course>178.792108</course><hAcc>2.720664</hAcc><vAcc>1.953897</vAcc></extensions></trkpt>
      <trkpt lon="121.344275" lat="31.231190"><ele>12.892002</ele><time>2026-01-15T12:31:42Z</time><extensions><speed>2.580580</speed><course>177.373974</course><hAcc>2.715472</hAcc><vAcc>1.954699</vAcc></extensions></trkpt>
      <trkpt lon="121.344276" lat="31.231167"><ele>12.890781</ele><time>2026-01-15T12:31:43Z</time><extensions><speed>2.607831</speed><course>176.326067</course><hAcc>2.702565</hAcc><vAcc>1.956339</vAcc></extensions></trkpt>
      <trkpt lon="121.344278" lat="31.231143"><ele>12.885584</ele><time>2026-01-15T12:31:44Z</time><extensions><speed>2.661917</speed><course>175.678366</course><hAcc>2.681949</hAcc><vAcc>1.958765</vAcc></extensions></trkpt>
      <trkpt lon="121.344280" lat="31.231119"><ele>12.875225</ele><time>2026-01-15T12:31:45Z</time><extensions><speed>2.703089</speed><course>178.299699</course><hAcc>2.654577</hAcc><vAcc>1.961896</vAcc></extensions></trkpt>
      <trkpt lon="121.344280" lat="31.231095"><ele>12.861328</ele><time>2026-01-15T12:31:46Z</time><extensions><speed>2.687470</speed><course>181.086277</course><hAcc>2.621432</hAcc><vAcc>1.965620</vAcc></extensions></trkpt>
      <trkpt lon="121.344279" lat="31.231071"><ele>12.843215</ele><time>2026-01-15T12:31:47Z</time><extensions><speed>2.577379</speed><course>183.445972</course><hAcc>2.585967</hAcc><vAcc>1.969796</vAcc></extensions></trkpt>
      <trkpt lon="121.344277" lat="31.231048"><ele>12.821504</ele><time>2026-01-15T12:31:48Z</time><extensions><speed>2.469911</speed><course>185.800583</course><hAcc>2.550980</hAcc><vAcc>1.974264</vAcc></extensions></trkpt>
      <trkpt lon="121.344274" lat="31.231026"><ele>12.796752</ele><time>2026-01-15T12:31:49Z</time><extensions><speed>2.475271</speed><course>186.904671</course><hAcc>2.511952</hAcc><vAcc>1.978848</vAcc></extensions></trkpt>
      <trkpt lon="121.344271" lat="31.231004"><ele>12.768804</ele><time>2026-01-15T12:31:50Z</time><extensions><speed>2.481127</speed><course>185.698494</course><hAcc>2.468551</hAcc><vAcc>1.983377</vAcc></extensions></trkpt>
      <trkpt lon="121.344269" lat="31.230982"><ele>12.739346</ele><time>2026-01-15T12:31:51Z</time><extensions><speed>2.475727</speed><course>182.979941</course><hAcc>2.423639</hAcc><vAcc>1.987681</vAcc></extensions></trkpt>
      <trkpt lon="121.344269" lat="31.230960"><ele>12.708201</ele><time>2026-01-15T12:31:52Z</time><extensions><speed>2.509426</speed><course>178.883921</course><hAcc>2.380161</hAcc><vAcc>1.991599</vAcc></extensions></trkpt>
      <trkpt lon="121.344270" lat="31.230937"><ele>12.675768</ele><time>2026-01-15T12:31:53Z</time><extensions><speed>2.565582</speed><course>176.333649</course><hAcc>2.344012</hAcc><vAcc>1.994993</vAcc></extensions></trkpt>
      <trkpt lon="121.344272" lat="31.230913"><ele>12.641440</ele><time>2026-01-15T12:31:54Z</time><extensions><speed>2.663092</speed><course>175.193898</course><hAcc>2.320300</hAcc><vAcc>1.997742</vAcc></extensions></trkpt>
      <trkpt lon="121.344274" lat="31.230890"><ele>12.607585</ele><time>2026-01-15T12:31:55Z</time><extensions><speed>2.671350</speed><course>177.278969</course><hAcc>2.313770</hAcc><vAcc>1.999754</vAcc></extensions></trkpt>
      <trkpt lon="121.344274" lat="31.230866"><ele>12.571702</ele><time>2026-01-15T12:31:56Z</time><extensions><speed>2.608175</speed><course>179.995852</course><hAcc>2.327242</hAcc><vAcc>2.000963</vAcc></extensions></trkpt>
      <trkpt lon="121.344274" lat="31.230843"><ele>12.536702</ele><time>2026-01-15T12:31:57Z</time><extensions><speed>2.549354</speed><course>182.019736</course><hAcc>2.357500</hAcc><vAcc>2.001334</vAcc></extensions></trkpt>
      <trkpt lon="121.344273" lat="31.230820"><ele>12.500638</ele><time>2026-01-15T12:31:58Z</time><extensions><speed>2.533926</speed><course>183.378610</course><hAcc>2.401755</hAcc><vAcc>2.000856</vAcc></extensions></trkpt>
      <trkpt lon="121.344271" lat="31.230797"><ele>12.464724</ele><time>2026-01-15T12:31:59Z</time><extensions><speed>2.571974</speed><course>184.868644</course><hAcc>2.454837</hAcc><vAcc>1.999541</vAcc></extensions></trkpt>
      <trkpt lon="121.344268" lat="31.230774"><ele>12.427432</ele><time>2026-01-15T12:32:00Z</time><extensions><speed>2.588148</speed><course>185.467533</course><hAcc>2.510571</hAcc><vAcc>1.997426</vAcc></extensions></trkpt>
      <trkpt lon="121.344266" lat="31.230751"><ele>12.389669</ele><time>2026-01-15T12:32:01Z</time><extensions><speed>2.607996</speed><course>185.978872</course><hAcc>2.566295</hAcc><vAcc>1.994557</vAcc></extensions></trkpt>
      <trkpt lon="121.344263" lat="31.230727"><ele>12.350680</ele><time>2026-01-15T12:32:02Z</time><extensions><speed>2.629367</speed><course>185.494176</course><hAcc>2.619401</hAcc><vAcc>1.990985</vAcc></extensions></trkpt>
      <trkpt lon="121.344260" lat="31.230704"><ele>12.311112</ele><time>2026-01-15T12:32:03Z</time><extensions><speed>2.621584</speed><course>184.985070</course><hAcc>2.669192</hAcc><vAcc>1.986759</vAcc></extensions></trkpt>
      <trkpt lon="121.344258" lat="31.230680"><ele>12.270295</ele><time>2026-01-15T12:32:04Z</time><extensions><speed>2.604032</speed><course>184.703991</course><hAcc>2.714442</hAcc><vAcc>1.981922</vAcc></extensions></trkpt>
      <trkpt lon="121.344256" lat="31.230657"><ele>12.227334</ele><time>2026-01-15T12:32:05Z</time><extensions><speed>2.569407</speed><course>183.836012</course><hAcc>2.754020</hAcc><vAcc>1.976514</vAcc></extensions></trkpt>
      <trkpt lon="121.344254" lat="31.230634"><ele>12.182558</ele><time>2026-01-15T12:32:06Z</time><extensions><speed>2.590491</speed><course>183.831260</course><hAcc>2.790272</hAcc><vAcc>1.970573</vAcc></extensions></trkpt>
      <trkpt lon="121.344252" lat="31.230610"><ele>12.136292</ele><time>2026-01-15T12:32:07Z</time><extensions><speed>2.664357</speed><course>184.438044</course><hAcc>2.822640</hAcc><vAcc>1.964142</vAcc></extensions></trkpt>
      <trkpt lon="121.344250" lat="31.230586"><ele>12.087171</ele><time>2026-01-15T12:32:08Z</time><extensions><speed>2.730194</speed><course>184.340587</course><hAcc>2.850352</hAcc><vAcc>1.957264</vAcc></extensions></trkpt>
      <trkpt lon="121.344248" lat="31.230562"><ele>12.036623</ele><time>2026-01-15T12:32:09Z</time><extensions><speed>2.779888</speed><course>184.034522</course><hAcc>2.873539</hAcc><vAcc>1.949978</vAcc></extensions></trkpt>
      <trkpt lon="121.344246" lat="31.230537"><ele>11.982389</ele><time>2026-01-15T12:32:10Z</time><extensions><speed>2.767297</speed><course>183.513745</course><hAcc>2.891757</hAcc><vAcc>1.942322</vAcc></extensions></trkpt>
      <trkpt lon="121.344244" lat="31.230512"><ele>11.925352</ele><time>2026-01-15T12:32:11Z</time><extensions><speed>2.735925</speed><course>183.721199</course><hAcc>2.906003</hAcc><vAcc>1.934327</vAcc></extensions></trkpt>
      <trkpt lon="121.344242" lat="31.230487"><ele>11.863926</ele><time>2026-01-15T12:32:12Z</time><extensions><speed>2.749066</speed><course>184.982311</course><hAcc>2.916214</hAcc><vAcc>1.926022</vAcc></extensions></trkpt>
      <trkpt lon="121.344240" lat="31.230463"><ele>11.798291</ele><time>2026-01-15T12:32:13Z</time><extensions><speed>2.744041</speed><course>184.666522</course><hAcc>2.921430</hAcc><vAcc>1.917438</vAcc></extensions></trkpt>
      <trkpt lon="121.344237" lat="31.230438"><ele>11.727353</ele><time>2026-01-15T12:32:14Z</time><extensions><speed>2.755674</speed><course>184.384915</course><hAcc>2.920893</hAcc><vAcc>1.908600</vAcc></extensions></trkpt>
      <trkpt lon="121.344235" lat="31.230414"><ele>11.651348</ele><time>2026-01-15T12:32:15Z</time><extensions><speed>2.716709</speed><course>183.357691</course><hAcc>2.914594</hAcc><vAcc>1.899530</vAcc></extensions></trkpt>
      <trkpt lon="121.344234" lat="31.230389"><ele>11.570334</ele><time>2026-01-15T12:32:16Z</time><extensions><speed>2.686431</speed><course>182.068310</course><hAcc>2.903790</hAcc><vAcc>1.890259</vAcc></extensions></trkpt>
      <trkpt lon="121.344234" lat="31.230365"><ele>11.484067</ele><time>2026-01-15T12:32:17Z</time><extensions><speed>2.676928</speed><course>179.725920</course><hAcc>2.889082</hAcc><vAcc>1.880828</vAcc></extensions></trkpt>
      <trkpt lon="121.344234" lat="31.230341"><ele>11.391157</ele><time>2026-01-15T12:32:18Z</time><extensions><speed>2.690442</speed><course>176.772185</course><hAcc>2.870914</hAcc><vAcc>1.871288</vAcc></extensions></trkpt>
      <trkpt lon="121.344237" lat="31.230317"><ele>11.293083</ele><time>2026-01-15T12:32:19Z</time><extensions><speed>2.729055</speed><course>173.513765</course><hAcc>2.848829</hAcc><vAcc>1.861697</vAcc></extensions></trkpt>
      <trkpt lon="121.344241" lat="31.230293"><ele>11.188570</ele><time>2026-01-15T12:32:20Z</time><extensions><speed>2.703103</speed><course>168.616608</course><hAcc>2.822398</hAcc><vAcc>1.852126</vAcc></extensions></trkpt>
      <trkpt lon="121.344248" lat="31.230269"><ele>11.078747</ele><time>2026-01-15T12:32:21Z</time><extensions><speed>2.650344</speed><course>165.278078</course><hAcc>2.790847</hAcc><vAcc>1.842651</vAcc></extensions></trkpt>
      <trkpt lon="121.344254" lat="31.230246"><ele>10.965258</ele><time>2026-01-15T12:32:22Z</time><extensions><speed>2.656473</speed><course>169.463224</course><hAcc>2.752632</hAcc><vAcc>1.833231</vAcc></extensions></trkpt>
      <trkpt lon="121.344257" lat="31.230222"><ele>10.845826</ele><time>2026-01-15T12:32:23Z</time><extensions><speed>2.656204</speed><course>174.727440</course><hAcc>2.704223</hAcc><vAcc>1.824191</vAcc></extensions></trkpt>
      <trkpt lon="121.344259" lat="31.230198"><ele>10.722171</ele><time>2026-01-15T12:32:24Z</time><extensions><speed>2.690775</speed><course>179.428388</course><hAcc>2.644922</hAcc><vAcc>1.815501</vAcc></extensions></trkpt>
      <trkpt lon="121.344258" lat="31.230174"><ele>10.595050</ele><time>2026-01-15T12:32:25Z</time><extensions><speed>2.704053</speed><course>182.115648</course><hAcc>2.578745</hAcc><vAcc>1.807226</vAcc></extensions></trkpt>
      <trkpt lon="121.344257" lat="31.230150"><ele>10.465274</ele><time>2026-01-15T12:32:26Z</time><extensions><speed>2.711847</speed><course>183.583635</course><hAcc>2.508684</hAcc><vAcc>1.799434</vAcc></extensions></trkpt>
      <trkpt lon="121.344255" lat="31.230125"><ele>10.333576</ele><time>2026-01-15T12:32:27Z</time><extensions><speed>2.745513</speed><course>184.201739</course><hAcc>2.434364</hAcc><vAcc>1.792200</vAcc></extensions></trkpt>
      <trkpt lon="121.344253" lat="31.230101"><ele>10.200612</ele><time>2026-01-15T12:32:28Z</time><extensions><speed>2.758204</speed><course>183.616316</course><hAcc>2.355173</hAcc><vAcc>1.785598</vAcc></extensions></trkpt>
      <trkpt lon="121.344251" lat="31.230076"><ele>10.066975</ele><time>2026-01-15T12:32:29Z</time><extensions><speed>2.783018</speed><course>183.340665</course><hAcc>2.272914</hAcc><vAcc>1.779703</vAcc></extensions></trkpt>
      <trkpt lon="121.344249" lat="31.230051"><ele>9.933508</ele><time>2026-01-15T12:32:30Z</time><extensions><speed>2.785157</speed><course>184.415772</course><hAcc>2.192542</hAcc><vAcc>1.774584</vAcc></extensions></trkpt>
      <trkpt lon="121.344247" lat="31.230026"><ele>9.801091</ele><time>2026-01-15T12:32:31Z</time><extensions><speed>2.771735</speed><course>185.104494</course><hAcc>2.116374</hAcc><vAcc>1.770297</vAcc></extensions></trkpt>
      <trkpt lon="121.344244" lat="31.230001"><ele>9.670911</ele><time>2026-01-15T12:32:32Z</time><extensions><speed>2.743135</speed><course>185.016440</course><hAcc>2.047247</hAcc><vAcc>1.767015</vAcc></extensions></trkpt>
      <trkpt lon="121.344242" lat="31.229977"><ele>9.542634</ele><time>2026-01-15T12:32:33Z</time><extensions><speed>2.706071</speed><course>184.131738</course><hAcc>1.988152</hAcc><vAcc>1.764461</vAcc></extensions></trkpt>
      <trkpt lon="121.344240" lat="31.229953"><ele>9.417596</ele><time>2026-01-15T12:32:34Z</time><extensions><speed>2.682727</speed><course>183.063150</course><hAcc>1.940355</hAcc><vAcc>1.762843</vAcc></extensions></trkpt>
      <trkpt lon="121.344239" lat="31.229929"><ele>9.296068</ele><time>2026-01-15T12:32:35Z</time><extensions><speed>2.666627</speed><course>181.293181</course><hAcc>1.903454</hAcc><vAcc>1.762138</vAcc></extensions></trkpt>
      <trkpt lon="121.344239" lat="31.229905"><ele>9.178320</ele><time>2026-01-15T12:32:36Z</time><extensions><speed>2.675757</speed><course>179.420969</course><hAcc>1.872878</hAcc><vAcc>1.762308</vAcc></extensions></trkpt>
      <trkpt lon="121.344240" lat="31.229881"><ele>9.064492</ele><time>2026-01-15T12:32:37Z</time><extensions><speed>2.694135</speed><course>176.285417</course><hAcc>1.845913</hAcc><vAcc>1.763290</vAcc></extensions></trkpt>
      <trkpt lon="121.344243" lat="31.229856"><ele>8.954629</ele><time>2026-01-15T12:32:38Z</time><extensions><speed>2.699912</speed><course>174.513985</course><hAcc>1.828866</hAcc><vAcc>1.765004</vAcc></extensions></trkpt>
      <trkpt lon="121.344246" lat="31.229833"><ele>8.848824</ele><time>2026-01-15T12:32:39Z</time><extensions><speed>2.635646</speed><course>171.560141</course><hAcc>1.825868</hAcc><vAcc>1.767342</vAcc></extensions></trkpt>
      <trkpt lon="121.344250" lat="31.229810"><ele>8.746978</ele><time>2026-01-15T12:32:40Z</time><extensions><speed>2.547438</speed><course>170.200966</course><hAcc>1.838456</hAcc><vAcc>1.770174</vAcc></extensions></trkpt>
      <trkpt lon="121.344254" lat="31.229787"><ele>8.648991</ele><time>2026-01-15T12:32:41Z</time><extensions><speed>2.519475</speed><course>172.233419</course><hAcc>1.855940</hAcc><vAcc>1.773341</vAcc></extensions></trkpt>
      <trkpt lon="121.344257" lat="31.229765"><ele>8.554856</ele><time>2026-01-15T12:32:42Z</time><extensions><speed>2.546978</speed><course>176.300023</course><hAcc>1.868718</hAcc><vAcc>1.776657</vAcc></extensions></trkpt>
      <trkpt lon="121.344258" lat="31.229742"><ele>8.464620</ele><time>2026-01-15T12:32:43Z</time><extensions><speed>2.580299</speed><course>179.056966</course><hAcc>1.884895</hAcc><vAcc>1.779920</vAcc></extensions></trkpt>
      <trkpt lon="121.344258" lat="31.229718"><ele>8.378287</ele><time>2026-01-15T12:32:44Z</time><extensions><speed>2.589175</speed><course>180.725786</course><hAcc>1.909447</hAcc><vAcc>1.782907</vAcc></extensions></trkpt>
      <trkpt lon="121.344258" lat="31.229695"><ele>8.295876</ele><time>2026-01-15T12:32:45Z</time><extensions><speed>2.558831</speed><course>180.904004</course><hAcc>1.943308</hAcc><vAcc>1.785379</vAcc></extensions></trkpt>
      <trkpt lon="121.344257" lat="31.229672"><ele>8.217357</ele><time>2026-01-15T12:32:46Z</time><extensions><speed>2.505558</speed><course>180.592987</course><hAcc>1.988003</hAcc><vAcc>1.787079</vAcc></extensions></trkpt>
      <trkpt lon="121.344258" lat="31.229650"><ele>8.142633</ele><time>2026-01-15T12:32:47Z</time><extensions><speed>2.391480</speed><course>177.851728</course><hAcc>2.042786</hAcc><vAcc>1.787728</vAcc></extensions></trkpt>
      <trkpt lon="121.344260" lat="31.229629"><ele>8.071633</ele><time>2026-01-15T12:32:48Z</time><extensions><speed>2.274215</speed><course>172.608121</course><hAcc>2.103895</hAcc><vAcc>1.787028</vAcc></extensions></trkpt>
      <trkpt lon="121.344264" lat="31.229610"><ele>8.004230</ele><time>2026-01-15T12:32:49Z</time><extensions><speed>2.162964</speed><course>165.538473</course><hAcc>2.168063</hAcc><vAcc>1.784665</vAcc></extensions></trkpt>
      <trkpt lon="121.344271" lat="31.229592"><ele>7.940338</ele><time>2026-01-15T12:32:50Z</time><extensions><speed>2.055268</speed><course>154.862235</course><hAcc>2.232763</hAcc><vAcc>1.780312</vAcc></extensions></trkpt>
      <trkpt lon="121.344283" lat="31.229577"><ele>7.879759</ele><time>2026-01-15T12:32:51Z</time><extensions><speed>1.966631</speed><course>139.845477</course><hAcc>2.295386</hAcc><vAcc>1.773636</vAcc></extensions></trkpt>
      <trkpt lon="121.344298" lat="31.229566"><ele>7.822322</ele><time>2026-01-15T12:32:52Z</time><extensions><speed>1.910120</speed><course>122.082697</course><hAcc>2.353409</hAcc><vAcc>1.764305</vAcc></extensions></trkpt>
      <trkpt lon="121.344316" lat="31.229559"><ele>7.767694</ele><time>2026-01-15T12:32:53Z</time><extensions><speed>1.957618</speed><course>106.636483</course><hAcc>2.407065</hAcc><vAcc>1.751993</vAcc></extensions></trkpt>
      <trkpt lon="121.344337" lat="31.229555"><ele>7.715850</ele><time>2026-01-15T12:32:54Z</time><extensions><speed>2.104868</speed><course>96.340763</course><hAcc>2.455516</hAcc><vAcc>1.736384</vAcc></extensions></trkpt>
      <trkpt lon="121.344359" lat="31.229554"><ele>7.666483</ele><time>2026-01-15T12:32:55Z</time><extensions><speed>2.246433</speed><course>88.915805</course><hAcc>2.497781</hAcc><vAcc>1.717178</vAcc></extensions></trkpt>
      <trkpt lon="121.344383" lat="31.229556"><ele>7.619439</ele><time>2026-01-15T12:32:56Z</time><extensions><speed>2.327522</speed><course>83.243703</course><hAcc>2.532999</hAcc><vAcc>1.694093</vAcc></extensions></trkpt>
      <trkpt lon="121.344408" lat="31.229559"><ele>7.574572</ele><time>2026-01-15T12:32:57Z</time><extensions><speed>2.383241</speed><course>79.590844</course><hAcc>2.562340</hAcc><vAcc>1.666877</vAcc></extensions></trkpt>
      <trkpt lon="121.344432" lat="31.229563"><ele>7.531739</ele><time>2026-01-15T12:32:58Z</time><extensions><speed>2.427382</speed><course>77.084735</course><hAcc>2.584894</hAcc><vAcc>1.635308</vAcc></extensions></trkpt>
      <trkpt lon="121.344457" lat="31.229569"><ele>7.490982</ele><time>2026-01-15T12:32:59Z</time><extensions><speed>2.469966</speed><course>74.341918</course><hAcc>2.598863</hAcc><vAcc>1.599210</vAcc></extensions></trkpt>
      <trkpt lon="121.344482" lat="31.229575"><ele>7.452110</ele><time>2026-01-15T12:33:00Z</time><extensions><speed>2.456015</speed><course>70.261780</course><hAcc>2.604197</hAcc><vAcc>1.558459</vAcc></extensions></trkpt>
      <trkpt lon="121.344506" lat="31.229583"><ele>7.415180</ele><time>2026-01-15T12:33:01Z</time><extensions><speed>2.467732</speed><course>67.394764</course><hAcc>2.600529</hAcc><vAcc>1.512988</vAcc></extensions></trkpt>
      <trkpt lon="121.344529" lat="31.229592"><ele>7.378141</ele><time>2026-01-15T12:33:02Z</time><extensions><speed>2.471560</speed><course>68.097530</course><hAcc>2.588413</hAcc><vAcc>1.462790</vAcc></extensions></trkpt>
      <trkpt lon="121.344554" lat="31.229599"><ele>7.344866</ele><time>2026-01-15T12:33:03Z</time><extensions><speed>2.459349</speed><course>71.096180</course><hAcc>2.568835</hAcc><vAcc>1.407937</vAcc></extensions></trkpt>
      <trkpt lon="121.344578" lat="31.229606"><ele>7.313687</ele><time>2026-01-15T12:33:04Z</time><extensions><speed>2.469321</speed><course>77.079073</course><hAcc>2.541702</hAcc><vAcc>1.348559</vAcc></extensions></trkpt>
      <trkpt lon="121.344604" lat="31.229610"><ele>7.284457</ele><time>2026-01-15T12:33:05Z</time><extensions><speed>2.488647</speed><course>81.626415</course><hAcc>2.505426</hAcc><vAcc>1.284888</vAcc></extensions></trkpt>
      <trkpt lon="121.344630" lat="31.229612"><ele>7.257165</ele><time>2026-01-15T12:33:06Z</time><extensions><speed>2.503569</speed><course>84.349685</course><hAcc>2.459005</hAcc><vAcc>1.217284</vAcc></extensions></trkpt>
      <trkpt lon="121.344656" lat="31.229614"><ele>7.231874</ele><time>2026-01-15T12:33:07Z</time><extensions><speed>2.494415</speed><course>85.590703</course><hAcc>2.403533</hAcc><vAcc>1.146276</vAcc></extensions></trkpt>
      <trkpt lon="121.344682" lat="31.229616"><ele>7.208660</ele><time>2026-01-15T12:33:08Z</time><extensions><speed>2.501634</speed><course>85.915573</course><hAcc>2.340750</hAcc><vAcc>1.072621</vAcc></extensions></trkpt>
      <trkpt lon="121.344708" lat="31.229618"><ele>7.187602</ele><time>2026-01-15T12:33:09Z</time><extensions><speed>2.529916</speed><course>86.331147</course><hAcc>2.272736</hAcc><vAcc>0.997379</vAcc></extensions></trkpt>
      <trkpt lon="121.344735" lat="31.229619"><ele>7.168844</ele><time>2026-01-15T12:33:10Z</time><extensions><speed>2.559733</speed><course>85.337812</course><hAcc>2.201322</hAcc><vAcc>0.922023</vAcc></extensions></trkpt>
      <trkpt lon="121.344762" lat="31.229621"><ele>7.152501</ele><time>2026-01-15T12:33:11Z</time><extensions><speed>2.586308</speed><course>83.730574</course><hAcc>2.126343</hAcc><vAcc>0.848547</vAcc></extensions></trkpt>
      <trkpt lon="121.344783" lat="31.229624"><ele>7.141065</ele><time>2026-01-15T12:33:12Z</time><extensions><speed>2.569767</speed><course>82.323724</course><hAcc>2.069407</hAcc><vAcc>0.793616</vAcc></extensions></trkpt>
      <trkpt lon="121.344810" lat="31.229627"><ele>7.128977</ele><time>2026-01-15T12:33:13Z</time><extensions><speed>2.578885</speed><course>79.713332</course><hAcc>2.007511</hAcc><vAcc>0.733505</vAcc></extensions></trkpt>
      <trkpt lon="121.344836" lat="31.229632"><ele>7.119585</ele><time>2026-01-15T12:33:14Z</time><extensions><speed>2.562235</speed><course>77.252088</course><hAcc>1.951430</hAcc><vAcc>0.683150</vAcc></extensions></trkpt>
      <trkpt lon="121.344862" lat="31.229638"><ele>7.112837</ele><time>2026-01-15T12:33:15Z</time><extensions><speed>2.523759</speed><course>74.506794</course><hAcc>1.907305</hAcc><vAcc>0.643635</vAcc></extensions></trkpt>
      <trkpt lon="121.344887" lat="31.229644"><ele>7.108538</ele><time>2026-01-15T12:33:16Z</time><extensions><speed>2.514674</speed><course>72.488785</course><hAcc>1.875926</hAcc><vAcc>0.614816</vAcc></extensions></trkpt>
      <trkpt lon="121.344912" lat="31.229651"><ele>7.106592</ele><time>2026-01-15T12:33:17Z</time><extensions><speed>2.510688</speed><course>70.828653</course><hAcc>1.854657</hAcc><vAcc>0.595569</vAcc></extensions></trkpt>
      <trkpt lon="121.344937" lat="31.229659"><ele>7.106622</ele><time>2026-01-15T12:33:18Z</time><extensions><speed>2.556360</speed><course>69.339159</course><hAcc>1.840212</hAcc><vAcc>0.584146</vAcc></extensions></trkpt>
      <trkpt lon="121.344963" lat="31.229667"><ele>7.108425</ele><time>2026-01-15T12:33:19Z</time><extensions><speed>2.590783</speed><course>68.482774</course><hAcc>1.831643</hAcc><vAcc>0.578557</vAcc></extensions></trkpt>
      <trkpt lon="121.344988" lat="31.229676"><ele>7.111545</ele><time>2026-01-15T12:33:20Z</time><extensions><speed>2.605663</speed><course>68.289749</course><hAcc>1.827651</hAcc><vAcc>0.576852</vAcc></extensions></trkpt>
      <trkpt lon="121.345013" lat="31.229684"><ele>7.115774</ele><time>2026-01-15T12:33:21Z</time><extensions><speed>2.590082</speed><course>68.974326</course><hAcc>1.827764</hAcc><vAcc>0.577313</vAcc></extensions></trkpt>
      <trkpt lon="121.345043" lat="31.229694"><ele>7.121664</ele><time>2026-01-15T12:33:22Z</time><extensions><speed>2.557309</speed><course>70.453834</course><hAcc>1.821618</hAcc><vAcc>0.575711</vAcc></extensions></trkpt>
      <trkpt lon="121.345064" lat="31.229700"><ele>7.126474</ele><time>2026-01-15T12:33:23Z</time><extensions><speed>2.549806</speed><course>71.564097</course><hAcc>1.816669</hAcc><vAcc>0.573693</vAcc></extensions></trkpt>
      <trkpt lon="121.345090" lat="31.229707"><ele>7.132354</ele><time>2026-01-15T12:33:24Z</time><extensions><speed>2.537170</speed><course>74.326531</course><hAcc>1.817343</hAcc><vAcc>0.573003</vAcc></extensions></trkpt>
      <trkpt lon="121.345115" lat="31.229712"><ele>7.138427</ele><time>2026-01-15T12:33:25Z</time><extensions><speed>2.517133</speed><course>77.315344</course><hAcc>1.817475</hAcc><vAcc>0.573207</vAcc></extensions></trkpt>
      <trkpt lon="121.345141" lat="31.229717"><ele>7.144695</ele><time>2026-01-15T12:33:26Z</time><extensions><speed>2.523388</speed><course>79.047734</course><hAcc>1.821841</hAcc><vAcc>0.575735</vAcc></extensions></trkpt>
      <trkpt lon="121.345167" lat="31.229721"><ele>7.151248</ele><time>2026-01-15T12:33:27Z</time><extensions><speed>2.499652</speed><course>79.435669</course><hAcc>1.831085</hAcc><vAcc>0.582231</vAcc></extensions></trkpt>
      <trkpt lon="121.345193" lat="31.229726"><ele>7.158390</ele><time>2026-01-15T12:33:28Z</time><extensions><speed>2.481561</speed><course>78.640118</course><hAcc>1.847294</hAcc><vAcc>0.594465</vAcc></extensions></trkpt>
      <trkpt lon="121.345218" lat="31.229730"><ele>7.166301</ele><time>2026-01-15T12:33:29Z</time><extensions><speed>2.504799</speed><course>80.224558</course><hAcc>1.875176</hAcc><vAcc>0.614156</vAcc></extensions></trkpt>
      <trkpt lon="121.345245" lat="31.229733"><ele>7.175227</ele><time>2026-01-15T12:33:30Z</time><extensions><speed>2.592062</speed><course>83.256089</course><hAcc>1.916471</hAcc><vAcc>0.642702</vAcc></extensions></trkpt>
      <trkpt lon="121.345273" lat="31.229735"><ele>7.185322</ele><time>2026-01-15T12:33:31Z</time><extensions><speed>2.703306</speed><course>86.133659</course><hAcc>1.969652</hAcc><vAcc>0.680845</vAcc></extensions></trkpt>
      <trkpt lon="121.345301" lat="31.229736"><ele>7.196687</ele><time>2026-01-15T12:33:32Z</time><extensions><speed>2.772899</speed><course>87.812061</course><hAcc>2.032975</hAcc><vAcc>0.728348</vAcc></extensions></trkpt>
      <trkpt lon="121.345331" lat="31.229737"><ele>7.208584</ele><time>2026-01-15T12:33:33Z</time><extensions><speed>2.834235</speed><course>88.534658</course><hAcc>2.106790</hAcc><vAcc>0.783786</vAcc></extensions></trkpt>
      <trkpt lon="121.345364" lat="31.229738"><ele>7.223170</ele><time>2026-01-15T12:33:34Z</time><extensions><speed>2.852457</speed><course>89.277779</course><hAcc>2.190089</hAcc><vAcc>0.850366</vAcc></extensions></trkpt>
      <trkpt lon="121.345394" lat="31.229738"><ele>7.235221</ele><time>2026-01-15T12:33:35Z</time><extensions><speed>2.854955</speed><course>89.247603</course><hAcc>2.258111</hAcc><vAcc>0.909939</vAcc></extensions></trkpt>
      <trkpt lon="121.345424" lat="31.229739"><ele>7.246797</ele><time>2026-01-15T12:33:36Z</time><extensions><speed>2.851802</speed><course>89.012021</course><hAcc>2.320903</hAcc><vAcc>0.967588</vAcc></extensions></trkpt>
      <trkpt lon="121.345454" lat="31.229739"><ele>7.255963</ele><time>2026-01-15T12:33:37Z</time><extensions><speed>2.842117</speed><course>88.160430</course><hAcc>2.374485</hAcc><vAcc>1.020713</vAcc></extensions></trkpt>
      <trkpt lon="121.345483" lat="31.229740"><ele>7.263959</ele><time>2026-01-15T12:33:38Z</time><extensions><speed>2.833035</speed><course>87.529191</course><hAcc>2.418668</hAcc><vAcc>1.067393</vAcc></extensions></trkpt>
      <trkpt lon="121.345513" lat="31.229741"><ele>7.269497</ele><time>2026-01-15T12:33:39Z</time><extensions><speed>2.807627</speed><course>87.031115</course><hAcc>2.453754</hAcc><vAcc>1.106217</vAcc></extensions></trkpt>
      <trkpt lon="121.345542" lat="31.229743"><ele>7.273553</ele><time>2026-01-15T12:33:40Z</time><extensions><speed>2.765462</speed><course>86.253547</course><hAcc>2.479838</hAcc><vAcc>1.136167</vAcc></extensions></trkpt>
      <trkpt lon="121.345571" lat="31.229745"><ele>7.275206</ele><time>2026-01-15T12:33:41Z</time><extensions><speed>2.742803</speed><course>85.638400</course><hAcc>2.496155</hAcc><vAcc>1.156528</vAcc></extensions></trkpt>
      <trkpt lon="121.345599" lat="31.229747"><ele>7.274535</ele><time>2026-01-15T12:33:42Z</time><extensions><speed>2.750901</speed><course>84.715388</course><hAcc>2.502470</hAcc><vAcc>1.166832</vAcc></extensions></trkpt>
      <trkpt lon="121.345628" lat="31.229749"><ele>7.270871</ele><time>2026-01-15T12:33:43Z</time><extensions><speed>2.769186</speed><course>83.630279</course><hAcc>2.499382</hAcc><vAcc>1.166820</vAcc></extensions></trkpt>
      <trkpt lon="121.345657" lat="31.229752"><ele>7.265627</ele><time>2026-01-15T12:33:44Z</time><extensions><speed>2.768829</speed><course>83.087949</course><hAcc>2.486751</hAcc><vAcc>1.156439</vAcc></extensions></trkpt>
      <trkpt lon="121.345685" lat="31.229755"><ele>7.258780</ele><time>2026-01-15T12:33:45Z</time><extensions><speed>2.778721</speed><course>82.653628</course><hAcc>2.464255</hAcc><vAcc>1.135846</vAcc></extensions></trkpt>
      <trkpt lon="121.345714" lat="31.229758"><ele>7.251582</ele><time>2026-01-15T12:33:46Z</time><extensions><speed>2.788893</speed><course>82.863949</course><hAcc>2.432068</hAcc><vAcc>1.105426</vAcc></extensions></trkpt>
      <trkpt lon="121.345743" lat="31.229761"><ele>7.244882</ele><time>2026-01-15T12:33:47Z</time><extensions><speed>2.789125</speed><course>82.832414</course><hAcc>2.391879</hAcc><vAcc>1.065866</vAcc></extensions></trkpt>
      <trkpt lon="121.345772" lat="31.229765"><ele>7.240073</ele><time>2026-01-15T12:33:48Z</time><extensions><speed>2.775317</speed><course>82.629142</course><hAcc>2.343953</hAcc><vAcc>1.018238</vAcc></extensions></trkpt>
      <trkpt lon="121.345801" lat="31.229768"><ele>7.238496</ele><time>2026-01-15T12:33:49Z</time><extensions><speed>2.690686</speed><course>83.265285</course><hAcc>2.289134</hAcc><vAcc>0.964055</vAcc></extensions></trkpt>
      <trkpt lon="121.345828" lat="31.229770"><ele>7.241138</ele><time>2026-01-15T12:33:50Z</time><extensions><speed>2.595013</speed><course>84.610977</course><hAcc>2.227236</hAcc><vAcc>0.905505</vAcc></extensions></trkpt>
      <trkpt lon="121.345855" lat="31.229772"><ele>7.250694</ele><time>2026-01-15T12:33:51Z</time><extensions><speed>2.507345</speed><course>85.618800</course><hAcc>2.160973</hAcc><vAcc>0.845707</vAcc></extensions></trkpt>
      <trkpt lon="121.345879" lat="31.229773"><ele>7.267258</ele><time>2026-01-15T12:33:51Z</time><extensions><speed>2.443763</speed><course>86.280176</course><hAcc>2.105084</hAcc><vAcc>0.792804</vAcc></extensions></trkpt>
      <trkpt lon="121.345904" lat="31.229775"><ele>7.295715</ele><time>2026-01-15T12:33:52Z</time><extensions><speed>2.429726</speed><course>86.190546</course><hAcc>2.056749</hAcc><vAcc>0.744807</vAcc></extensions></trkpt>
      <trkpt lon="121.345930" lat="31.229776"><ele>7.337469</ele><time>2026-01-15T12:33:53Z</time><extensions><speed>2.450757</speed><course>86.469194</course><hAcc>2.020572</hAcc><vAcc>0.710047</vAcc></extensions></trkpt>
      <trkpt lon="121.345956" lat="31.229778"><ele>7.394876</ele><time>2026-01-15T12:33:54Z</time><extensions><speed>2.507319</speed><course>86.503151</course><hAcc>2.000655</hAcc><vAcc>0.692783</vAcc></extensions></trkpt>
      <trkpt lon="121.345982" lat="31.229779"><ele>7.469591</ele><time>2026-01-15T12:33:55Z</time><extensions><speed>2.556861</speed><course>87.071162</course><hAcc>1.996963</hAcc><vAcc>0.695827</vAcc></extensions></trkpt>
      <trkpt lon="121.346009" lat="31.229780"><ele>7.562732</ele><time>2026-01-15T12:33:56Z</time><extensions><speed>2.547089</speed><course>86.749687</course><hAcc>2.007885</hAcc><vAcc>0.720022</vAcc></extensions></trkpt>
      <trkpt lon="121.346036" lat="31.229782"><ele>7.674879</ele><time>2026-01-15T12:33:57Z</time><extensions><speed>2.506451</speed><course>86.167168</course><hAcc>2.032696</hAcc><vAcc>0.764082</vAcc></extensions></trkpt>
      <trkpt lon="121.346061" lat="31.229783"><ele>7.805745</ele><time>2026-01-15T12:33:58Z</time><extensions><speed>2.414440</speed><course>86.303274</course><hAcc>2.068957</hAcc><vAcc>0.824912</vAcc></extensions></trkpt>
      <trkpt lon="121.346087" lat="31.229785"><ele>7.959370</ele><time>2026-01-15T12:34:00Z</time><extensions><speed>2.334614</speed><course>84.905456</course><hAcc>2.113072</hAcc><vAcc>0.900472</vAcc></extensions></trkpt>
      <trkpt lon="121.346111" lat="31.229787"><ele>8.122864</ele><time>2026-01-15T12:34:01Z</time><extensions><speed>2.267484</speed><course>81.850987</course><hAcc>2.155828</hAcc><vAcc>0.980612</vAcc></extensions></trkpt>
      <trkpt lon="121.346134" lat="31.229791"><ele>8.298638</ele><time>2026-01-15T12:34:02Z</time><extensions><speed>2.157542</speed><course>75.406640</course><hAcc>2.194489</hAcc><vAcc>1.064183</vAcc></extensions></trkpt>
      <trkpt lon="121.346154" lat="31.229797"><ele>8.484838</ele><time>2026-01-15T12:34:03Z</time><extensions><speed>2.001470</speed><course>65.298959</course><hAcc>2.226769</hAcc><vAcc>1.148325</vAcc></extensions></trkpt>
      <trkpt lon="121.346171" lat="31.229806"><ele>8.679321</ele><time>2026-01-15T12:34:04Z</time><extensions><speed>1.834806</speed><course>51.542016</course><hAcc>2.252910</hAcc><vAcc>1.231084</vAcc></extensions></trkpt>
      <trkpt lon="121.346184" lat="31.229818"><ele>8.881191</ele><time>2026-01-15T12:34:05Z</time><extensions><speed>1.760765</speed><course>34.995145</course><hAcc>2.273107</hAcc><vAcc>1.311164</vAcc></extensions></trkpt>
      <trkpt lon="121.346192" lat="31.229832"><ele>9.089482</ele><time>2026-01-15T12:34:06Z</time><extensions><speed>1.789681</speed><course>19.765860</course><hAcc>2.286961</hAcc><vAcc>1.387744</vAcc></extensions></trkpt>
      <trkpt lon="121.346197" lat="31.229848"><ele>9.302162</ele><time>2026-01-15T12:34:07Z</time><extensions><speed>1.868005</speed><course>8.156623</course><hAcc>2.292828</hAcc><vAcc>1.460328</vAcc></extensions></trkpt>
      <trkpt lon="121.346198" lat="31.229865"><ele>9.519450</ele><time>2026-01-15T12:34:08Z</time><extensions><speed>1.969238</speed><course>357.458777</course><hAcc>2.289850</hAcc><vAcc>1.528662</vAcc></extensions></trkpt>
      <trkpt lon="121.346195" lat="31.229883"><ele>9.738634</ele><time>2026-01-15T12:34:09Z</time><extensions><speed>2.069992</speed><course>348.076106</course><hAcc>2.278784</hAcc><vAcc>1.592658</vAcc></extensions></trkpt>
      <trkpt lon="121.346190" lat="31.229901"><ele>9.961625</ele><time>2026-01-15T12:34:10Z</time><extensions><speed>2.189515</speed><course>344.977511</course><hAcc>2.259304</hAcc><vAcc>1.652339</vAcc></extensions></trkpt>
      <trkpt lon="121.346184" lat="31.229921"><ele>10.186168</ele><time>2026-01-15T12:34:10Z</time><extensions><speed>2.308368</speed><course>347.309731</course><hAcc>2.229767</hAcc><vAcc>1.707803</vAcc></extensions></trkpt>
      <trkpt lon="121.346179" lat="31.229942"><ele>10.412239</ele><time>2026-01-15T12:34:11Z</time><extensions><speed>2.354488</speed><course>348.867317</course><hAcc>2.191363</hAcc><vAcc>1.759203</vAcc></extensions></trkpt>
      <trkpt lon="121.346175" lat="31.229962"><ele>10.639125</ele><time>2026-01-15T12:34:12Z</time><extensions><speed>2.361104</speed><course>349.115178</course><hAcc>2.148564</hAcc><vAcc>1.806727</vAcc></extensions></trkpt>
      <trkpt lon="121.346170" lat="31.229983"><ele>10.866778</ele><time>2026-01-15T12:34:13Z</time><extensions><speed>2.391581</speed><course>348.730275</course><hAcc>2.102658</hAcc><vAcc>1.850585</vAcc></extensions></trkpt>
      <trkpt lon="121.346165" lat="31.230005"><ele>11.093616</ele><time>2026-01-15T12:34:14Z</time><extensions><speed>2.445679</speed><course>347.099646</course><hAcc>2.057712</hAcc><vAcc>1.890996</vAcc></extensions></trkpt>
      <trkpt lon="121.346158" lat="31.230026"><ele>11.320608</ele><time>2026-01-15T12:34:15Z</time><extensions><speed>2.529816</speed><course>344.924837</course><hAcc>2.020398</hAcc><vAcc>1.928189</vAcc></extensions></trkpt>
      <trkpt lon="121.346151" lat="31.230048"><ele>11.546994</ele><time>2026-01-15T12:34:16Z</time><extensions><speed>2.589829</speed><course>343.644486</course><hAcc>1.995893</hAcc><vAcc>1.962399</vAcc></extensions></trkpt>
      <trkpt lon="121.346144" lat="31.230071"><ele>11.773641</ele><time>2026-01-15T12:34:17Z</time><extensions><speed>2.621002</speed><course>345.094528</course><hAcc>1.985714</hAcc><vAcc>1.993860</vAcc></extensions></trkpt>
      <trkpt lon="121.346137" lat="31.230094"><ele>11.999091</ele><time>2026-01-15T12:34:18Z</time><extensions><speed>2.673185</speed><course>346.064638</course><hAcc>1.989813</hAcc><vAcc>2.022781</vAcc></extensions></trkpt>
      <trkpt lon="121.346130" lat="31.230118"><ele>12.223281</ele><time>2026-01-15T12:34:19Z</time><extensions><speed>2.740311</speed><course>346.900998</course><hAcc>2.009779</hAcc><vAcc>2.049351</vAcc></extensions></trkpt>
      <trkpt lon="121.346124" lat="31.230142"><ele>12.445553</ele><time>2026-01-15T12:34:20Z</time><extensions><speed>2.776985</speed><course>347.879501</course><hAcc>2.045887</hAcc><vAcc>2.073735</vAcc></extensions></trkpt>
      <trkpt lon="121.346118" lat="31.230166"><ele>12.666204</ele><time>2026-01-15T12:34:21Z</time><extensions><speed>2.775695</speed><course>349.646038</course><hAcc>2.096481</hAcc><vAcc>2.096078</vAcc></extensions></trkpt>
      <trkpt lon="121.346113" lat="31.230191"><ele>12.885013</ele><time>2026-01-15T12:34:22Z</time><extensions><speed>2.729662</speed><course>351.052801</course><hAcc>2.159773</hAcc><vAcc>2.116511</vAcc></extensions></trkpt>
      <trkpt lon="121.346109" lat="31.230215"><ele>13.101470</ele><time>2026-01-15T12:34:23Z</time><extensions><speed>2.654358</speed><course>352.572240</course><hAcc>2.231137</hAcc><vAcc>2.135152</vAcc></extensions></trkpt>
      <trkpt lon="121.346106" lat="31.230238"><ele>13.315376</ele><time>2026-01-15T12:34:24Z</time><extensions><speed>2.571496</speed><course>353.909244</course><hAcc>2.305280</hAcc><vAcc>2.152108</vAcc></extensions></trkpt>
      <trkpt lon="121.346103" lat="31.230261"><ele>13.527248</ele><time>2026-01-15T12:34:25Z</time><extensions><speed>2.525458</speed><course>354.602993</course><hAcc>2.376819</hAcc><vAcc>2.167482</vAcc></extensions></trkpt>
      <trkpt lon="121.346101" lat="31.230283"><ele>13.735758</ele><time>2026-01-15T12:34:26Z</time><extensions><speed>2.496865</speed><course>355.594637</course><hAcc>2.441348</hAcc><vAcc>2.181370</vAcc></extensions></trkpt>
      <trkpt lon="121.346099" lat="31.230306"><ele>13.941742</ele><time>2026-01-15T12:34:27Z</time><extensions><speed>2.505475</speed><course>356.330607</course><hAcc>2.498641</hAcc><vAcc>2.193865</vAcc></extensions></trkpt>
      <trkpt lon="121.346098" lat="31.230328"><ele>14.144032</ele><time>2026-01-15T12:34:28Z</time><extensions><speed>2.523920</speed><course>357.300018</course><hAcc>2.550237</hAcc><vAcc>2.205055</vAcc></extensions></trkpt>
      <trkpt lon="121.346097" lat="31.230351"><ele>14.343299</ele><time>2026-01-15T12:34:29Z</time><extensions><speed>2.542628</speed><course>358.264163</course><hAcc>2.595794</hAcc><vAcc>2.215027</vAcc></extensions></trkpt>
      <trkpt lon="121.346096" lat="31.230374"><ele>14.538487</ele><time>2026-01-15T12:34:30Z</time><extensions><speed>2.555682</speed><course>358.225684</course><hAcc>2.636115</hAcc><vAcc>2.223866</vAcc></extensions></trkpt>
      <trkpt lon="121.346095" lat="31.230397"><ele>14.729745</ele><time>2026-01-15T12:34:31Z</time><extensions><speed>2.515942</speed><course>357.855027</course><hAcc>2.670669</hAcc><vAcc>2.231651</vAcc></extensions></trkpt>
      <trkpt lon="121.346094" lat="31.230419"><ele>14.916389</ele><time>2026-01-15T12:34:32Z</time><extensions><speed>2.462954</speed><course>357.031518</course><hAcc>2.698946</hAcc><vAcc>2.238455</vAcc></extensions></trkpt>
      <trkpt lon="121.346092" lat="31.230441"><ele>15.097888</ele><time>2026-01-15T12:34:33Z</time><extensions><speed>2.464032</speed><course>355.144125</course><hAcc>2.720221</hAcc><vAcc>2.244345</vAcc></extensions></trkpt>
      <trkpt lon="121.346090" lat="31.230463"><ele>15.273971</ele><time>2026-01-15T12:34:34Z</time><extensions><speed>2.505304</speed><course>355.907976</course><hAcc>2.733673</hAcc><vAcc>2.249378</vAcc></extensions></trkpt>
      <trkpt lon="121.346089" lat="31.230486"><ele>15.444540</ele><time>2026-01-15T12:34:35Z</time><extensions><speed>2.561611</speed><course>358.870716</course><hAcc>2.739314</hAcc><vAcc>2.253606</vAcc></extensions></trkpt>
      <trkpt lon="121.346089" lat="31.230509"><ele>15.609470</ele><time>2026-01-15T12:34:36Z</time><extensions><speed>2.534543</speed><course>0.307721</course><hAcc>2.737792</hAcc><vAcc>2.257077</vAcc></extensions></trkpt>
      <trkpt lon="121.346089" lat="31.230532"><ele>15.767520</ele><time>2026-01-15T12:34:37Z</time><extensions><speed>2.499262</speed><course>0.831088</course><hAcc>2.730276</hAcc><vAcc>2.259839</vAcc></extensions></trkpt>
      <trkpt lon="121.346089" lat="31.230554"><ele>15.919238</ele><time>2026-01-15T12:34:38Z</time><extensions><speed>2.466237</speed><course>0.954289</course><hAcc>2.717630</hAcc><vAcc>2.261938</vAcc></extensions></trkpt>
      <trkpt lon="121.346090" lat="31.230576"><ele>16.064085</ele><time>2026-01-15T12:34:39Z</time><extensions><speed>2.521481</speed><course>0.860250</course><hAcc>2.699840</hAcc><vAcc>2.263422</vAcc></extensions></trkpt>
      <trkpt lon="121.346090" lat="31.230600"><ele>16.200908</ele><time>2026-01-15T12:34:40Z</time><extensions><speed>2.642542</speed><course>0.074948</course><hAcc>2.674774</hAcc><vAcc>2.264338</vAcc></extensions></trkpt>
      <trkpt lon="121.346090" lat="31.230624"><ele>16.330546</ele><time>2026-01-15T12:34:41Z</time><extensions><speed>2.694712</speed><course>359.743216</course><hAcc>2.643519</hAcc><vAcc>2.264736</vAcc></extensions></trkpt>
      <trkpt lon="121.346090" lat="31.230648"><ele>16.452139</ele><time>2026-01-15T12:34:42Z</time><extensions><speed>2.674964</speed><course>358.700485</course><hAcc>2.608075</hAcc><vAcc>2.264667</vAcc></extensions></trkpt>
      <trkpt lon="121.346089" lat="31.230672"><ele>16.566261</ele><time>2026-01-15T12:34:43Z</time><extensions><speed>2.610291</speed><course>356.838634</course><hAcc>2.567781</hAcc><vAcc>2.264177</vAcc></extensions></trkpt>
      <trkpt lon="121.346087" lat="31.230695"><ele>16.672485</ele><time>2026-01-15T12:34:44Z</time><extensions><speed>2.526578</speed><course>354.292719</course><hAcc>2.521909</hAcc><vAcc>2.263309</vAcc></extensions></trkpt>
      <trkpt lon="121.346084" lat="31.230717"><ele>16.771540</ele><time>2026-01-15T12:34:45Z</time><extensions><speed>2.454562</speed><course>353.368352</course><hAcc>2.469613</hAcc><vAcc>2.262101</vAcc></extensions></trkpt>
      <trkpt lon="121.346080" lat="31.230738"><ele>16.863237</ele><time>2026-01-15T12:34:46Z</time><extensions><speed>2.360273</speed><course>351.741320</course><hAcc>2.412294</hAcc><vAcc>2.260592</vAcc></extensions></trkpt>
      <trkpt lon="121.346076" lat="31.230759"><ele>16.948470</ele><time>2026-01-15T12:34:47Z</time><extensions><speed>2.359440</speed><course>349.422865</course><hAcc>2.353254</hAcc><vAcc>2.258817</vAcc></extensions></trkpt>
      <trkpt lon="121.346071" lat="31.230780"><ele>17.027580</ele><time>2026-01-15T12:34:48Z</time><extensions><speed>2.392229</speed><course>345.256404</course><hAcc>2.293946</hAcc><vAcc>2.256809</vAcc></extensions></trkpt>
      <trkpt lon="121.346065" lat="31.230801"><ele>17.100751</ele><time>2026-01-15T12:34:49Z</time><extensions><speed>2.353225</speed><course>347.733786</course><hAcc>2.233222</hAcc><vAcc>2.254600</vAcc></extensions></trkpt>
      <trkpt lon="121.346061" lat="31.230821"><ele>17.168949</ele><time>2026-01-15T12:34:50Z</time><extensions><speed>2.274085</speed><course>353.938810</course><hAcc>2.174192</hAcc><vAcc>2.252229</vAcc></extensions></trkpt>
      <trkpt lon="121.346059" lat="31.230842"><ele>17.232736</ele><time>2026-01-15T12:34:51Z</time><extensions><speed>2.293405</speed><course>355.824420</course><hAcc>2.118731</hAcc><vAcc>2.249739</vAcc></extensions></trkpt>
      <trkpt lon="121.346057" lat="31.230863"><ele>17.292155</ele><time>2026-01-15T12:34:52Z</time><extensions><speed>2.366013</speed><course>354.337092</course><hAcc>2.071789</hAcc><vAcc>2.247178</vAcc></extensions></trkpt>
      <trkpt lon="121.346054" lat="31.230884"><ele>17.347805</ele><time>2026-01-15T12:34:53Z</time><extensions><speed>2.456910</speed><course>353.046512</course><hAcc>2.039589</hAcc><vAcc>2.244597</vAcc></extensions></trkpt>
      <trkpt lon="121.346052" lat="31.230906"><ele>17.401028</ele><time>2026-01-15T12:34:54Z</time><extensions><speed>2.498284</speed><course>354.380574</course><hAcc>2.026117</hAcc><vAcc>2.242052</vAcc></extensions></trkpt>
      <trkpt lon="121.346049" lat="31.230929"><ele>17.451656</ele><time>2026-01-15T12:34:55Z</time><extensions><speed>2.511755</speed><course>355.254524</course><hAcc>2.028888</hAcc><vAcc>2.239591</vAcc></extensions></trkpt>
      <trkpt lon="121.346047" lat="31.230951"><ele>17.500261</ele><time>2026-01-15T12:34:56Z</time><extensions><speed>2.445468</speed><course>355.175615</course><hAcc>2.045183</hAcc><vAcc>2.237266</vAcc></extensions></trkpt>
      <trkpt lon="121.346045" lat="31.230972"><ele>17.548968</ele><time>2026-01-15T12:34:57Z</time><extensions><speed>2.361292</speed><course>354.966450</course><hAcc>2.071584</hAcc><vAcc>2.235130</vAcc></extensions></trkpt>
      <trkpt lon="121.346042" lat="31.230993"><ele>17.595599</ele><time>2026-01-15T12:34:58Z</time><extensions><speed>2.334923</speed><course>354.162565</course><hAcc>2.099756</hAcc><vAcc>2.233238</vAcc></extensions></trkpt>
      <trkpt lon="121.346040" lat="31.231014"><ele>17.641937</ele><time>2026-01-15T12:34:59Z</time><extensions><speed>2.351353</speed><course>353.049872</course><hAcc>2.121227</hAcc><vAcc>2.231650</vAcc></extensions></trkpt>
      <trkpt lon="121.346036" lat="31.231035"><ele>17.686500</ele><time>2026-01-15T12:35:00Z</time><extensions><speed>2.381423</speed><course>351.300635</course><hAcc>2.134528</hAcc><vAcc>2.230426</vAcc></extensions></trkpt>
      <trkpt lon="121.346032" lat="31.231057"><ele>17.731062</ele><time>2026-01-15T12:35:01Z</time><extensions><speed>2.435355</speed><course>349.305997</course><hAcc>2.136218</hAcc><vAcc>2.229628</vAcc></extensions></trkpt>
      <trkpt lon="121.346027" lat="31.231078"><ele>17.773265</ele><time>2026-01-15T12:35:02Z</time><extensions><speed>2.494421</speed><course>346.656089</course><hAcc>2.125163</hAcc><vAcc>2.229320</vAcc></extensions></trkpt>
      <trkpt lon="121.346020" lat="31.231101"><ele>17.814341</ele><time>2026-01-15T12:35:03Z</time><extensions><speed>2.619417</speed><course>343.643738</course><hAcc>2.099328</hAcc><vAcc>2.229558</vAcc></extensions></trkpt>
      <trkpt lon="121.346012" lat="31.231124"><ele>17.853694</ele><time>2026-01-15T12:35:04Z</time><extensions><speed>2.764470</speed><course>342.648718</course><hAcc>2.059986</hAcc><vAcc>2.230398</vAcc></extensions></trkpt>
      <trkpt lon="121.346003" lat="31.231148"><ele>17.891612</ele><time>2026-01-15T12:35:05Z</time><extensions><speed>2.870797</speed><course>341.596393</course><hAcc>2.015824</hAcc><vAcc>2.231884</vAcc></extensions></trkpt>
      <trkpt lon="121.345993" lat="31.231172"><ele>17.928439</ele><time>2026-01-15T12:35:06Z</time><extensions><speed>2.880319</speed><course>341.915610</course><hAcc>1.976909</hAcc><vAcc>2.234043</vAcc></extensions></trkpt>
      <trkpt lon="121.345985" lat="31.231197"><ele>17.963580</ele><time>2026-01-15T12:35:07Z</time><extensions><speed>2.779227</speed><course>344.437345</course><hAcc>1.947006</hAcc><vAcc>2.236869</vAcc></extensions></trkpt>
      <trkpt lon="121.345978" lat="31.231221"><ele>17.995768</ele><time>2026-01-15T12:35:08Z</time><extensions><speed>2.694051</speed><course>347.428787</course><hAcc>1.921721</hAcc><vAcc>2.240317</vAcc></extensions></trkpt>
      <trkpt lon="121.345972" lat="31.231244"><ele>18.025088</ele><time>2026-01-15T12:35:09Z</time><extensions><speed>2.639944</speed><course>349.313988</course><hAcc>1.898975</hAcc><vAcc>2.244305</vAcc></extensions></trkpt>
      <trkpt lon="121.345967" lat="31.231267"><ele>18.053053</ele><time>2026-01-15T12:35:10Z</time><extensions><speed>2.629070</speed><course>351.005035</course><hAcc>1.879422</hAcc><vAcc>2.248742</vAcc></extensions></trkpt>
      <trkpt lon="121.345963" lat="31.231291"><ele>18.079601</ele><time>2026-01-15T12:35:11Z</time><extensions><speed>2.637956</speed><course>352.226631</course><hAcc>1.864676</hAcc><vAcc>2.253522</vAcc></extensions></trkpt>
      <trkpt lon="121.345960" lat="31.231314"><ele>18.105608</ele><time>2026-01-15T12:35:12Z</time><extensions><speed>2.614317</speed><course>352.874767</course><hAcc>1.855297</hAcc><vAcc>2.258537</vAcc></extensions></trkpt>
      <trkpt lon="121.345956" lat="31.231338"><ele>18.129890</ele><time>2026-01-15T12:35:13Z</time><extensions><speed>2.620613</speed><course>353.106787</course><hAcc>1.850608</hAcc><vAcc>2.263662</vAcc></extensions></trkpt>
      <trkpt lon="121.345953" lat="31.231361"><ele>18.152702</ele><time>2026-01-15T12:35:14Z</time><extensions><speed>2.609781</speed><course>352.725926</course><hAcc>1.849867</hAcc><vAcc>2.268788</vAcc></extensions></trkpt>
      <trkpt lon="121.345950" lat="31.231384"><ele>18.173764</ele><time>2026-01-15T12:35:15Z</time><extensions><speed>2.575779</speed><course>352.430744</course><hAcc>1.851949</hAcc><vAcc>2.273819</vAcc></extensions></trkpt>
      <trkpt lon="121.345946" lat="31.231407"><ele>18.191871</ele><time>2026-01-15T12:35:16Z</time><extensions><speed>2.572055</speed><course>352.222834</course><hAcc>1.857936</hAcc><vAcc>2.278673</vAcc></extensions></trkpt>
      <trkpt lon="121.345942" lat="31.231430"><ele>18.207401</ele><time>2026-01-15T12:35:17Z</time><extensions><speed>2.553737</speed><course>351.639029</course><hAcc>1.868021</hAcc><vAcc>2.283286</vAcc></extensions></trkpt>
      <trkpt lon="121.345938" lat="31.231453"><ele>18.219537</ele><time>2026-01-15T12:35:18Z</time><extensions><speed>2.557280</speed><course>352.109388</course><hAcc>1.880859</hAcc><vAcc>2.287610</vAcc></extensions></trkpt>
      <trkpt lon="121.345935" lat="31.231475"><ele>18.229258</ele><time>2026-01-15T12:35:19Z</time><extensions><speed>2.581218</speed><course>352.513232</course><hAcc>1.895996</hAcc><vAcc>2.291609</vAcc></extensions></trkpt>
      <trkpt lon="121.345931" lat="31.231498"><ele>18.235058</ele><time>2026-01-15T12:35:20Z</time><extensions><speed>2.560393</speed><course>352.745011</course><hAcc>1.911781</hAcc><vAcc>2.295262</vAcc></extensions></trkpt>
      <trkpt lon="121.345928" lat="31.231521"><ele>18.237274</ele><time>2026-01-15T12:35:21Z</time><extensions><speed>2.556683</speed><course>352.874330</course><hAcc>1.925543</hAcc><vAcc>2.298555</vAcc></extensions></trkpt>
      <trkpt lon="121.345925" lat="31.231544"><ele>18.235209</ele><time>2026-01-15T12:35:22Z</time><extensions><speed>2.565010</speed><course>352.710116</course><hAcc>1.934353</hAcc><vAcc>2.301481</vAcc></extensions></trkpt>
      <trkpt lon="121.345922" lat="31.231567"><ele>18.228777</ele><time>2026-01-15T12:35:23Z</time><extensions><speed>2.571887</speed><course>353.939517</course><hAcc>1.938353</hAcc><vAcc>2.304040</vAcc></extensions></trkpt>
      <trkpt lon="121.345919" lat="31.231590"><ele>18.217632</ele><time>2026-01-15T12:35:24Z</time><extensions><speed>2.613020</speed><course>354.577130</course><hAcc>1.943258</hAcc><vAcc>2.306229</vAcc></extensions></trkpt>
      <trkpt lon="121.345916" lat="31.231614"><ele>18.201605</ele><time>2026-01-15T12:35:25Z</time><extensions><speed>2.616461</speed><course>353.789313</course><hAcc>1.953280</hAcc><vAcc>2.308043</vAcc></extensions></trkpt>
      <trkpt lon="121.345913" lat="31.231637"><ele>18.180478</ele><time>2026-01-15T12:35:26Z</time><extensions><speed>2.594549</speed><course>353.845655</course><hAcc>1.971406</hAcc><vAcc>2.309476</vAcc></extensions></trkpt>
      <trkpt lon="121.345910" lat="31.231660"><ele>18.153822</ele><time>2026-01-15T12:35:27Z</time><extensions><speed>2.589337</speed><course>354.267245</course><hAcc>2.000626</hAcc><vAcc>2.310514</vAcc></extensions></trkpt>
      <trkpt lon="121.345908" lat="31.231683"><ele>18.121698</ele><time>2026-01-15T12:35:28Z</time><extensions><speed>2.537917</speed><course>354.277942</course><hAcc>2.038870</hAcc><vAcc>2.311141</vAcc></extensions></trkpt>
      <trkpt lon="121.345905" lat="31.231706"><ele>18.083823</ele><time>2026-01-15T12:35:29Z</time><extensions><speed>2.515334</speed><course>355.704014</course><hAcc>2.081342</hAcc><vAcc>2.311337</vAcc></extensions></trkpt>
      <trkpt lon="121.345904" lat="31.231728"><ele>18.039846</ele><time>2026-01-15T12:35:30Z</time><extensions><speed>2.533138</speed><course>356.380520</course><hAcc>2.124183</hAcc><vAcc>2.311077</vAcc></extensions></trkpt>
      <trkpt lon="121.345902" lat="31.231751"><ele>17.989546</ele><time>2026-01-15T12:35:31Z</time><extensions><speed>2.538553</speed><course>356.947545</course><hAcc>2.162524</hAcc><vAcc>2.310338</vAcc></extensions></trkpt>
      <trkpt lon="121.345901" lat="31.231774"><ele>17.932885</ele><time>2026-01-15T12:35:32Z</time><extensions><speed>2.589097</speed><course>357.518163</course><hAcc>2.194075</hAcc><vAcc>2.309093</vAcc></extensions></trkpt>
      <trkpt lon="121.345899" lat="31.231797"><ele>17.869690</ele><time>2026-01-15T12:35:33Z</time><extensions><speed>2.629918</speed><course>357.463383</course><hAcc>2.217479</hAcc><vAcc>2.307318</vAcc></extensions></trkpt>
      <trkpt lon="121.345898" lat="31.231821"><ele>17.800130</ele><time>2026-01-15T12:35:34Z</time><extensions><speed>2.624645</speed><course>357.222864</course><hAcc>2.231807</hAcc><vAcc>2.304993</vAcc></extensions></trkpt>
      <trkpt lon="121.345897" lat="31.231844"><ele>17.723380</ele><time>2026-01-15T12:35:35Z</time><extensions><speed>2.603626</speed><course>356.795673</course><hAcc>2.236088</hAcc><vAcc>2.302100</vAcc></extensions></trkpt>
      <trkpt lon="121.345895" lat="31.231868"><ele>17.639612</ele><time>2026-01-15T12:35:36Z</time><extensions><speed>2.555507</speed><course>355.826207</course><hAcc>2.229713</hAcc><vAcc>2.298626</vAcc></extensions></trkpt>
      <trkpt lon="121.345893" lat="31.231890"><ele>17.549281</ele><time>2026-01-15T12:35:37Z</time><extensions><speed>2.546228</speed><course>355.228616</course><hAcc>2.215344</hAcc><vAcc>2.294557</vAcc></extensions></trkpt>
      <trkpt lon="121.345891" lat="31.231913"><ele>17.451862</ele><time>2026-01-15T12:35:38Z</time><extensions><speed>2.576450</speed><course>354.244380</course><hAcc>2.195217</hAcc><vAcc>2.289890</vAcc></extensions></trkpt>
      <trkpt lon="121.345888" lat="31.231937"><ele>17.347256</ele><time>2026-01-15T12:35:39Z</time><extensions><speed>2.631500</speed><course>353.682595</course><hAcc>2.172234</hAcc><vAcc>2.284617</vAcc></extensions></trkpt>
      <trkpt lon="121.345885" lat="31.231961"><ele>17.236752</ele><time>2026-01-15T12:35:40Z</time><extensions><speed>2.708764</speed><course>354.033178</course><hAcc>2.149231</hAcc><vAcc>2.278928</vAcc></extensions></trkpt>
      <trkpt lon="121.345882" lat="31.231985"><ele>17.118993</ele><time>2026-01-15T12:35:41Z</time><extensions><speed>2.750785</speed><course>353.532391</course><hAcc>2.127365</hAcc><vAcc>2.272616</vAcc></extensions></trkpt>
      <trkpt lon="121.345879" lat="31.232009"><ele>16.994026</ele><time>2026-01-15T12:35:42Z</time><extensions><speed>2.741021</speed><course>354.317699</course><hAcc>2.107667</hAcc><vAcc>2.265660</vAcc></extensions></trkpt>
      <trkpt lon="121.345875" lat="31.232034"><ele>16.861959</ele><time>2026-01-15T12:35:43Z</time><extensions><speed>2.657968</speed><course>352.696344</course><hAcc>2.090476</hAcc><vAcc>2.258033</vAcc></extensions></trkpt>
      <trkpt lon="121.345871" lat="31.232057"><ele>16.722949</ele><time>2026-01-15T12:35:44Z</time><extensions><speed>2.523880</speed><course>350.108098</course><hAcc>2.074338</hAcc><vAcc>2.249697</vAcc></extensions></trkpt>
      <trkpt lon="121.345866" lat="31.232078"><ele>16.577207</ele><time>2026-01-15T12:35:45Z</time><extensions><speed>2.367828</speed><course>345.510698</course><hAcc>2.057149</hAcc><vAcc>2.240614</vAcc></extensions></trkpt>
      <trkpt lon="121.345858" lat="31.232097"><ele>16.424995</ele><time>2026-01-15T12:35:46Z</time><extensions><speed>2.187297</speed><course>336.858849</course><hAcc>2.038625</hAcc><vAcc>2.230740</vAcc></extensions></trkpt>
      <trkpt lon="121.345848" lat="31.232114"><ele>16.266629</ele><time>2026-01-15T12:35:47Z</time><extensions><speed>2.019741</speed><course>324.701379</course><hAcc>2.017598</hAcc><vAcc>2.220039</vAcc></extensions></trkpt>
      <trkpt lon="121.345834" lat="31.232127"><ele>16.102484</ele><time>2026-01-15T12:35:48Z</time><extensions><speed>1.940574</speed><course>309.878789</course><hAcc>1.994108</hAcc><vAcc>2.208488</vAcc></extensions></trkpt>
      <trkpt lon="121.345817" lat="31.232136"><ele>15.933019</ele><time>2026-01-15T12:35:49Z</time><extensions><speed>1.966515</speed><course>296.173690</course><hAcc>1.971088</hAcc><vAcc>2.196081</vAcc></extensions></trkpt>
      <trkpt lon="121.345797" lat="31.232143"><ele>15.758778</ele><time>2026-01-15T12:35:50Z</time><extensions><speed>2.056729</speed><course>287.466353</course><hAcc>1.951195</hAcc><vAcc>2.182833</vAcc></extensions></trkpt>
      <trkpt lon="121.345776" lat="31.232148"><ele>15.580380</ele><time>2026-01-15T12:35:51Z</time><extensions><speed>2.141114</speed><course>282.195876</course><hAcc>1.938402</hAcc><vAcc>2.168783</vAcc></extensions></trkpt>
      <trkpt lon="121.345754" lat="31.232152"><ele>15.398516</ele><time>2026-01-15T12:35:52Z</time><extensions><speed>2.132683</speed><course>279.816577</course><hAcc>1.935680</hAcc><vAcc>2.153997</vAcc></extensions></trkpt>
      <trkpt lon="121.345732" lat="31.232155"><ele>15.213939</ele><time>2026-01-15T12:35:53Z</time><extensions><speed>2.090867</speed><course>278.953472</course><hAcc>1.941393</hAcc><vAcc>2.138563</vAcc></extensions></trkpt>
      <trkpt lon="121.345711" lat="31.232157"><ele>15.027435</ele><time>2026-01-15T12:35:54Z</time><extensions><speed>2.041182</speed><course>277.629623</course><hAcc>1.953794</hAcc><vAcc>2.122594</vAcc></extensions></trkpt>
      <trkpt lon="121.345690" lat="31.232160"><ele>14.839790</ele><time>2026-01-15T12:35:55Z</time><extensions><speed>2.057550</speed><course>277.075458</course><hAcc>1.971367</hAcc><vAcc>2.106232</vAcc></extensions></trkpt>
      <trkpt lon="121.345668" lat="31.232162"><ele>14.651768</ele><time>2026-01-15T12:35:56Z</time><extensions><speed>2.122668</speed><course>277.177826</course><hAcc>1.994993</hAcc><vAcc>2.089648</vAcc></extensions></trkpt>
      <trkpt lon="121.345646" lat="31.232165"><ele>14.464099</ele><time>2026-01-15T12:35:57Z</time><extensions><speed>2.181710</speed><course>278.612941</course><hAcc>2.022845</hAcc><vAcc>2.073039</vAcc></extensions></trkpt>
      <trkpt lon="121.345623" lat="31.232168"><ele>14.277472</ele><time>2026-01-15T12:35:58Z</time><extensions><speed>2.193760</speed><course>281.998919</course><hAcc>2.048653</hAcc><vAcc>2.056630</vAcc></extensions></trkpt>
      <trkpt lon="121.345601" lat="31.232172"><ele>14.092518</ele><time>2026-01-15T12:35:59Z</time><extensions><speed>2.154253</speed><course>282.924147</course><hAcc>2.063392</hAcc><vAcc>2.040663</vAcc></extensions></trkpt>
      <trkpt lon="121.345579" lat="31.232177"><ele>13.909774</ele><time>2026-01-15T12:36:00Z</time><extensions><speed>2.086557</speed><course>282.271625</course><hAcc>2.066332</hAcc><vAcc>2.025392</vAcc></extensions></trkpt>
      <trkpt lon="121.345558" lat="31.232180"><ele>13.729652</ele><time>2026-01-15T12:36:01Z</time><extensions><speed>1.982543</speed><course>279.394592</course><hAcc>2.057365</hAcc><vAcc>2.011065</vAcc></extensions></trkpt>
      <trkpt lon="121.345538" lat="31.232182"><ele>13.552449</ele><time>2026-01-15T12:36:02Z</time><extensions><speed>1.909588</speed><course>273.254436</course><hAcc>2.037333</hAcc><vAcc>1.997919</vAcc></extensions></trkpt>
      <trkpt lon="121.345518" lat="31.232182"><ele>13.378365</ele><time>2026-01-15T12:36:03Z</time><extensions><speed>1.944683</speed><course>265.127582</course><hAcc>2.010046</hAcc><vAcc>1.986174</vAcc></extensions></trkpt>
      <trkpt lon="121.345498" lat="31.232179"><ele>13.207538</ele><time>2026-01-15T12:36:04Z</time><extensions><speed>2.022604</speed><course>257.743336</course><hAcc>1.978391</hAcc><vAcc>1.976044</vAcc></extensions></trkpt>
      <trkpt lon="121.345477" lat="31.232175"><ele>13.040057</ele><time>2026-01-15T12:36:05Z</time><extensions><speed>2.087059</speed><course>255.984893</course><hAcc>1.945674</hAcc><vAcc>1.967745</vAcc></extensions></trkpt>
      <trkpt lon="121.345455" lat="31.232171"><ele>12.875994</ele><time>2026-01-15T12:36:06Z</time><extensions><speed>2.112031</speed><course>259.490956</course><hAcc>1.916917</hAcc><vAcc>1.961499</vAcc></extensions></trkpt>
      <trkpt lon="121.345433" lat="31.232168"><ele>12.715415</ele><time>2026-01-15T12:36:07Z</time><extensions><speed>2.139707</speed><course>261.284090</course><hAcc>1.894533</hAcc><vAcc>1.957546</vAcc></extensions></trkpt>
      <trkpt lon="121.345411" lat="31.232165"><ele>12.558373</ele><time>2026-01-15T12:36:08Z</time><extensions><speed>2.197157</speed><course>262.846828</course><hAcc>1.879193</hAcc><vAcc>1.956145</vAcc></extensions></trkpt>
      <trkpt lon="121.345388" lat="31.232162"><ele>12.404910</ele><time>2026-01-15T12:36:09Z</time><extensions><speed>2.299303</speed><course>262.441873</course><hAcc>1.869938</hAcc><vAcc>1.957580</vAcc></extensions></trkpt>
      <trkpt lon="121.345363" lat="31.232159"><ele>12.255067</ele><time>2026-01-15T12:36:10Z</time><extensions><speed>2.383265</speed><course>261.047140</course><hAcc>1.864360</hAcc><vAcc>1.962160</vAcc></extensions></trkpt>
      <trkpt lon="121.345339" lat="31.232156"><ele>12.108918</ele><time>2026-01-15T12:36:11Z</time><extensions><speed>2.412573</speed><course>259.105675</course><hAcc>1.861126</hAcc><vAcc>1.970227</vAcc></extensions></trkpt>
      <trkpt lon="121.345314" lat="31.232151"><ele>11.966580</ele><time>2026-01-15T12:36:12Z</time><extensions><speed>2.390117</speed><course>255.361715</course><hAcc>1.857094</hAcc><vAcc>1.982152</vAcc></extensions></trkpt>
      <trkpt lon="121.345290" lat="31.232145"><ele>11.828209</ele><time>2026-01-15T12:36:13Z</time><extensions><speed>2.367245</speed><course>251.366881</course><hAcc>1.848564</hAcc><vAcc>1.998343</vAcc></extensions></trkpt>
      <trkpt lon="121.345268" lat="31.232137"><ele>11.693992</ele><time>2026-01-15T12:36:14Z</time><extensions><speed>2.265542</speed><course>246.031920</course><hAcc>1.835539</hAcc><vAcc>2.019240</vAcc></extensions></trkpt>
      <trkpt lon="121.345248" lat="31.232128"><ele>11.564108</ele><time>2026-01-15T12:36:15Z</time><extensions><speed>2.115603</speed><course>236.646385</course><hAcc>1.822381</hAcc><vAcc>2.045318</vAcc></extensions></trkpt>
      <trkpt lon="121.345231" lat="31.232116"><ele>11.438708</ele><time>2026-01-15T12:36:16Z</time><extensions><speed>2.034633</speed><course>225.358653</course><hAcc>1.812139</hAcc><vAcc>2.077082</vAcc></extensions></trkpt>
      <trkpt lon="121.345217" lat="31.232102"><ele>11.317886</ele><time>2026-01-15T12:36:17Z</time><extensions><speed>2.055148</speed><course>213.846583</course><hAcc>1.804434</hAcc><vAcc>2.115059</vAcc></extensions></trkpt>
      <trkpt lon="121.345207" lat="31.232086"><ele>11.201675</ele><time>2026-01-15T12:36:18Z</time><extensions><speed>2.111658</speed><course>203.483460</course><hAcc>1.799499</hAcc><vAcc>2.159788</vAcc></extensions></trkpt>
      <trkpt lon="121.345199" lat="31.232067"><ele>11.090052</ele><time>2026-01-15T12:36:19Z</time><extensions><speed>2.209647</speed><course>195.291728</course><hAcc>1.802342</hAcc><vAcc>2.211813</vAcc></extensions></trkpt>
      <trkpt lon="121.345195" lat="31.232047"><ele>10.982925</ele><time>2026-01-15T12:36:20Z</time><extensions><speed>2.313759</speed><course>187.834061</course><hAcc>1.816190</hAcc><vAcc>2.271700</vAcc></extensions></trkpt>
      <trkpt lon="121.345193" lat="31.232027"><ele>10.880116</ele><time>2026-01-15T12:36:21Z</time><extensions><speed>2.359666</speed><course>182.688341</course><hAcc>1.839852</hAcc><vAcc>2.340058</vAcc></extensions></trkpt>
      <trkpt lon="121.345192" lat="31.232006"><ele>10.781367</ele><time>2026-01-15T12:36:22Z</time><extensions><speed>2.274648</speed><course>178.350396</course><hAcc>1.869628</hAcc><vAcc>2.417569</vAcc></extensions></trkpt>
      <trkpt lon="121.345194" lat="31.231986"><ele>10.686352</ele><time>2026-01-15T12:36:23Z</time><extensions><speed>2.150834</speed><course>173.428768</course><hAcc>1.909150</hAcc><vAcc>2.504995</vAcc></extensions></trkpt>
      <trkpt lon="121.345197" lat="31.231967"><ele>10.594690</ele><time>2026-01-15T12:36:24Z</time><extensions><speed>2.046127</speed><course>168.452295</course><hAcc>1.963851</hAcc><vAcc>2.603182</vAcc></extensions></trkpt>
      <trkpt lon="121.345202" lat="31.231950"><ele>10.505948</ele><time>2026-01-15T12:36:25Z</time><extensions><speed>1.922998</speed><course>163.046861</course><hAcc>2.043225</hAcc><vAcc>2.713053</vAcc></extensions></trkpt>
      <trkpt lon="121.345208" lat="31.231934"><ele>10.419642</ele><time>2026-01-15T12:36:26Z</time><extensions><speed>1.757943</speed><course>161.376998</course><hAcc>2.161900</hAcc><vAcc>2.835605</vAcc></extensions></trkpt>
      <trkpt lon="121.345216" lat="31.231915"><ele>10.298039</ele><time>2026-01-15T12:36:28Z</time><extensions><speed>1.393167</speed><course>163.811041</course><hAcc>2.389647</hAcc><vAcc>3.037334</vAcc></extensions></trkpt>
      <trkpt lon="121.345219" lat="31.231903"><ele>10.216734</ele><time>2026-01-15T12:36:29Z</time><extensions><speed>1.195207</speed><course>164.924470</course><hAcc>2.592709</hAcc><vAcc>3.194639</vAcc></extensions></trkpt>
      <trkpt lon="121.345222" lat="31.231893"><ele>10.136336</ele><time>2026-01-15T12:36:30Z</time><extensions><speed>1.121546</speed><course>165.060655</course><hAcc>2.901414</hAcc><vAcc>3.369256</vAcc></extensions></trkpt>
    </trkseg>
  </trk>
</gpx>