<?xml version="1.0" encoding="UTF-8"?>
<gpx version="1.1" creator="Apple Health Export" xmlns="http://www.topografix.com/GPX/1/1" xmlns:xsi="http://www.w3.org/2001/XMLSchema-instance" xsi:schemaLocation="http://www.topografix.com/GPX/1/1 http://www.topografix.com/GPX/1/1/gpx.xsd">
  <metadata>
    <time>2026-04-04T03:22:00Z</time>
  </metadata>
  <trk>
    <name>Route 2026-02-12 8:43am</name>
    <trkseg>
      <trkpt lon="114.372347" lat="33.669864"><ele>59.400346</ele><time>2026-02-11T23:33:29Z</time><extensions><speed>0.108482</speed><course>70.110897</course><hAcc>2.800866</hAcc><vAcc>1.315219</vAcc></extensions></trkpt>
      <trkpt lon="114.372348" lat="33.669866"><ele>58.874965</ele><time>2026-02-11T23:33:30Z</time><extensions><speed>0.187561</speed><course>43.355475</course><hAcc>2.593465</hAcc><vAcc>1.125436</vAcc></extensions></trkpt>
      <trkpt lon="114.372351" lat="33.669869"><ele>58.418642</ele><time>2026-02-11T23:33:31Z</time><extensions><speed>0.407246</speed><course>42.477892</course><hAcc>2.416344</hAcc><vAcc>0.972719</vAcc></extensions></trkpt>
      <trkpt lon="114.372353" lat="33.669874"><ele>58.027114</ele><time>2026-02-11T23:33:32Z</time><extensions><speed>0.765074</speed><course>10.298925</course><hAcc>2.303114</hAcc><vAcc>0.852201</vAcc></extensions></trkpt>
      <trkpt lon="114.372356" lat="33.669883"><ele>57.696896</ele><time>2026-02-11T23:33:33Z</time><extensions><speed>1.449878</speed><course>9.429510</course><hAcc>2.219514</hAcc><vAcc>0.759792</vAcc></extensions></trkpt>
      <trkpt lon="114.372360" lat="33.669897"><ele>57.423725</ele><time>2026-02-11T23:33:34Z</time><extensions><speed>1.962033</speed><course>14.046146</course><hAcc>2.133859</hAcc><vAcc>0.691721</vAcc></extensions></trkpt>
      <trkpt lon="114.372365" lat="33.669915"><ele>57.201862</ele><time>2026-02-11T23:33:35Z</time><extensions><speed>2.241385</speed><course>12.226034</course><hAcc>2.070914</hAcc><vAcc>0.643926</vAcc></extensions></trkpt>
      <trkpt lon="114.372369" lat="33.669935"><ele>57.026043</ele><time>2026-02-11T23:33:36Z</time><extensions><speed>2.332554</speed><course>10.149198</course><hAcc>2.026208</hAcc><vAcc>0.612011</vAcc></extensions></trkpt>
      <trkpt lon="114.372373" lat="33.669956"><ele>56.889672</ele><time>2026-02-11T23:33:37Z</time><extensions><speed>2.339863</speed><course>5.876080</course><hAcc>1.991986</hAcc><vAcc>0.591765</vAcc></extensions></trkpt>
      <trkpt lon="114.372374" lat="33.669977"><ele>56.791383</ele><time>2026-02-11T23:33:38Z</time><extensions><speed>2.440794</speed><course>359.407700</course><hAcc>1.960304</hAcc><vAcc>0.579584</vAcc></extensions></trkpt>
      <trkpt lon="114.372373" lat="33.670000"><ele>56.726658</ele><time>2026-02-11T23:33:39Z</time><extensions><speed>2.509316</speed><course>358.395759</course><hAcc>1.935369</hAcc><vAcc>0.572573</vAcc></extensions></trkpt>
      <trkpt lon="114.372372" lat="33.670022"><ele>56.691240</ele><time>2026-02-11T23:33:40Z</time><extensions><speed>2.234734</speed><course>355.798917</course><hAcc>1.911506</hAcc><vAcc>0.568685</vAcc></extensions></trkpt>
      <trkpt lon="114.372371" lat="33.670041"><ele>56.680814</ele><time>2026-02-11T23:33:41Z</time><extensions><speed>2.179441</speed><course>356.133609</course><hAcc>1.893465</hAcc><vAcc>0.566586</vAcc></extensions></trkpt>
      <trkpt lon="114.372370" lat="33.670060"><ele>56.690921</ele><time>2026-02-11T23:33:42Z</time><extensions><speed>2.137756</speed><course>359.420045</course><hAcc>1.884407</hAcc><vAcc>0.565482</vAcc></extensions></trkpt>
      <trkpt lon="114.372371" lat="33.670077"><ele>56.717267</ele><time>2026-02-11T23:33:43Z</time><extensions><speed>1.992971</speed><course>1.969757</course><hAcc>1.881253</hAcc><vAcc>0.564951</vAcc></extensions></trkpt>
      <trkpt lon="114.372372" lat="33.670094"><ele>56.755931</ele><time>2026-02-11T23:33:44Z</time><extensions><speed>1.786974</speed><course>3.971550</course><hAcc>1.887693</hAcc><vAcc>0.564827</vAcc></extensions></trkpt>
      <trkpt lon="114.372373" lat="33.670110"><ele>56.803445</ele><time>2026-02-11T23:33:45Z</time><extensions><speed>1.792728</speed><course>1.381330</course><hAcc>1.900047</hAcc><vAcc>0.565114</vAcc></extensions></trkpt>
      <trkpt lon="114.372374" lat="33.670127"><ele>56.856720</ele><time>2026-02-11T23:33:46Z</time><extensions><speed>1.976922</speed><course>1.436435</course><hAcc>1.907854</hAcc><vAcc>0.565948</vAcc></extensions></trkpt>
      <trkpt lon="114.372376" lat="33.670149"><ele>56.915453</ele><time>2026-02-11T23:33:47Z</time><extensions><speed>2.116892</speed><course>4.178146</course><hAcc>1.912562</hAcc><vAcc>0.565269</vAcc></extensions></trkpt>
      <trkpt lon="114.372379" lat="33.670169"><ele>56.969382</ele><time>2026-02-11T23:33:48Z</time><extensions><speed>2.150079</speed><course>6.081531</course><hAcc>1.919359</hAcc><vAcc>0.563053</vAcc></extensions></trkpt>
      <trkpt lon="114.372384" lat="33.670189"><ele>57.020014</ele><time>2026-02-11T23:33:49Z</time><extensions><speed>2.221309</speed><course>7.317864</course><hAcc>1.918746</hAcc><vAcc>0.561447</vAcc></extensions></trkpt>
      <trkpt lon="114.372389" lat="33.670209"><ele>57.065697</ele><time>2026-02-11T23:33:50Z</time><extensions><speed>2.192295</speed><course>9.074032</course><hAcc>1.912113</hAcc><vAcc>0.560270</vAcc></extensions></trkpt>
      <trkpt lon="114.372396" lat="33.670235"><ele>57.105253</ele><time>2026-02-11T23:33:51Z</time><extensions><speed>2.243879</speed><course>9.550440</course><hAcc>1.826176</hAcc><vAcc>0.559400</vAcc></extensions></trkpt>
      <trkpt lon="114.372400" lat="33.670256"><ele>57.137987</ele><time>2026-02-11T23:33:52Z</time><extensions><speed>2.158058</speed><course>8.052768</course><hAcc>1.805513</hAcc><vAcc>0.558752</vAcc></extensions></trkpt>
      <trkpt lon="114.372404" lat="33.670276"><ele>57.163626</ele><time>2026-02-11T23:33:54Z</time><extensions><speed>2.142394</speed><course>10.231109</course><hAcc>1.771809</hAcc><vAcc>0.558270</vAcc></extensions></trkpt>
      <trkpt lon="114.372409" lat="33.670296"><ele>57.182370</ele><time>2026-02-11T23:33:55Z</time><extensions><speed>2.232573</speed><course>11.718505</course><hAcc>1.744818</hAcc><vAcc>0.557910</vAcc></extensions></trkpt>
      <trkpt lon="114.372415" lat="33.670316"><ele>57.194575</ele><time>2026-02-11T23:33:56Z</time><extensions><speed>2.333139</speed><course>15.464668</course><hAcc>1.726425</hAcc><vAcc>0.557643</vAcc></extensions></trkpt>
      <trkpt lon="114.372424" lat="33.670336"><ele>57.200706</ele><time>2026-02-11T23:33:57Z</time><extensions><speed>2.378331</speed><course>22.236490</course><hAcc>1.692235</hAcc><vAcc>0.557447</vAcc></extensions></trkpt>
      <trkpt lon="114.372437" lat="33.670354"><ele>57.201208</ele><time>2026-02-11T23:33:58Z</time><extensions><speed>2.385715</speed><course>34.713218</course><hAcc>1.658639</hAcc><vAcc>0.557304</vAcc></extensions></trkpt>
      <trkpt lon="114.372455" lat="33.670370"><ele>57.196614</ele><time>2026-02-11T23:33:59Z</time><extensions><speed>2.402434</speed><course>51.524912</course><hAcc>1.633979</hAcc><vAcc>0.557201</vAcc></extensions></trkpt>
      <trkpt lon="114.372477" lat="33.670381"><ele>57.187545</ele><time>2026-02-11T23:34:00Z</time><extensions><speed>2.382467</speed><course>63.559050</course><hAcc>1.616857</hAcc><vAcc>0.557126</vAcc></extensions></trkpt>
      <trkpt lon="114.372500" lat="33.670390"><ele>57.174383</ele><time>2026-02-11T23:34:01Z</time><extensions><speed>2.299132</speed><course>65.124468</course><hAcc>1.587447</hAcc><vAcc>0.557073</vAcc></extensions></trkpt>
      <trkpt lon="114.372520" lat="33.670399"><ele>57.157289</ele><time>2026-02-11T23:34:02Z</time><extensions><speed>1.865162</speed><course>58.245180</course><hAcc>1.479990</hAcc><vAcc>0.557035</vAcc></extensions></trkpt>
      <trkpt lon="114.372535" lat="33.670407"><ele>57.136401</ele><time>2026-02-11T23:34:03Z</time><extensions><speed>1.501660</speed><course>55.676571</course><hAcc>1.448346</hAcc><vAcc>0.557009</vAcc></extensions></trkpt>
      <trkpt lon="114.372550" lat="33.670414"><ele>57.111981</ele><time>2026-02-11T23:34:04Z</time><extensions><speed>1.608456</speed><course>65.035659</course><hAcc>1.474458</hAcc><vAcc>0.556990</vAcc></extensions></trkpt>
      <trkpt lon="114.372568" lat="33.670419"><ele>57.084528</ele><time>2026-02-11T23:34:05Z</time><extensions><speed>1.793528</speed><course>75.169365</course><hAcc>1.526997</hAcc><vAcc>0.556977</vAcc></extensions></trkpt>
      <trkpt lon="114.372590" lat="33.670420"><ele>57.054405</ele><time>2026-02-11T23:34:06Z</time><extensions><speed>2.423236</speed><course>95.044593</course><hAcc>1.517883</hAcc><vAcc>0.556968</vAcc></extensions></trkpt>
      <trkpt lon="114.372619" lat="33.670416"><ele>57.021935</ele><time>2026-02-11T23:34:07Z</time><extensions><speed>2.915421</speed><course>104.113929</course><hAcc>1.499785</hAcc><vAcc>0.556962</vAcc></extensions></trkpt>
      <trkpt lon="114.372651" lat="33.670408"><ele>56.987762</ele><time>2026-02-11T23:34:08Z</time><extensions><speed>3.252947</speed><course>109.014565</course><hAcc>1.484673</hAcc><vAcc>0.556957</vAcc></extensions></trkpt>
      <trkpt lon="114.372685" lat="33.670399"><ele>56.952531</ele><time>2026-02-11T23:34:09Z</time><extensions><speed>3.229219</speed><course>108.124281</course><hAcc>1.470434</hAcc><vAcc>0.556954</vAcc></extensions></trkpt>
      <trkpt lon="114.372718" lat="33.670391"><ele>56.916942</ele><time>2026-02-11T23:34:10Z</time><extensions><speed>3.146154</speed><course>103.376470</course><hAcc>1.455667</hAcc><vAcc>0.556952</vAcc></extensions></trkpt>
      <trkpt lon="114.372751" lat="33.670385"><ele>56.881111</ele><time>2026-02-11T23:34:11Z</time><extensions><speed>3.141942</speed><course>99.141730</course><hAcc>1.439723</hAcc><vAcc>0.556950</vAcc></extensions></trkpt>
      <trkpt lon="114.372784" lat="33.670382"><ele>56.845310</ele><time>2026-02-11T23:34:12Z</time><extensions><speed>2.953939</speed><course>94.775017</course><hAcc>1.422946</hAcc><vAcc>0.556949</vAcc></extensions></trkpt>
      <trkpt lon="114.372815" lat="33.670380"><ele>56.809875</ele><time>2026-02-11T23:34:13Z</time><extensions><speed>2.838798</speed><course>94.102732</course><hAcc>1.411271</hAcc><vAcc>0.556948</vAcc></extensions></trkpt>
      <trkpt lon="114.372846" lat="33.670378"><ele>56.775440</ele><time>2026-02-11T23:34:14Z</time><extensions><speed>2.879443</speed><course>94.894622</course><hAcc>1.400352</hAcc><vAcc>0.556947</vAcc></extensions></trkpt>
      <trkpt lon="114.372878" lat="33.670375"><ele>56.742491</ele><time>2026-02-11T23:34:15Z</time><extensions><speed>3.014637</speed><course>95.627365</course><hAcc>1.385627</hAcc><vAcc>0.556947</vAcc></extensions></trkpt>
      <trkpt lon="114.372910" lat="33.670373"><ele>56.711296</ele><time>2026-02-11T23:34:16Z</time><extensions><speed>2.972411</speed><course>95.303472</course><hAcc>1.375330</hAcc><vAcc>0.556947</vAcc></extensions></trkpt>
      <trkpt lon="114.372942" lat="33.670370"><ele>56.682191</ele><time>2026-02-11T23:34:17Z</time><extensions><speed>2.925748</speed><course>94.819645</course><hAcc>1.361054</hAcc><vAcc>0.556946</vAcc></extensions></trkpt>
      <trkpt lon="114.372973" lat="33.670368"><ele>56.655332</ele><time>2026-02-11T23:34:18Z</time><extensions><speed>2.909923</speed><course>94.960767</course><hAcc>1.351123</hAcc><vAcc>0.556946</vAcc></extensions></trkpt>
      <trkpt lon="114.373004" lat="33.670366"><ele>56.630743</ele><time>2026-02-11T23:34:19Z</time><extensions><speed>2.813291</speed><course>95.641142</course><hAcc>1.338474</hAcc><vAcc>0.556946</vAcc></extensions></trkpt>
      <trkpt lon="114.373034" lat="33.670363"><ele>56.608247</ele><time>2026-02-11T23:34:20Z</time><extensions><speed>2.822816</speed><course>96.099521</course><hAcc>1.327915</hAcc><vAcc>0.556946</vAcc></extensions></trkpt>
      <trkpt lon="114.373064" lat="33.670361"><ele>56.587721</ele><time>2026-02-11T23:34:21Z</time><extensions><speed>2.780309</speed><course>95.663679</course><hAcc>1.323868</hAcc><vAcc>0.556946</vAcc></extensions></trkpt>
      <trkpt lon="114.373093" lat="33.670358"><ele>56.569187</ele><time>2026-02-11T23:34:22Z</time><extensions><speed>2.689528</speed><course>96.359384</course><hAcc>1.318104</hAcc><vAcc>0.556945</vAcc></extensions></trkpt>
      <trkpt lon="114.373122" lat="33.670355"><ele>56.552613</ele><time>2026-02-11T23:34:23Z</time><extensions><speed>2.738496</speed><course>99.710241</course><hAcc>1.312206</hAcc><vAcc>0.556944</vAcc></extensions></trkpt>
      <trkpt lon="114.373152" lat="33.670350"><ele>56.537921</ele><time>2026-02-11T23:34:24Z</time><extensions><speed>2.764598</speed><course>100.069515</course><hAcc>1.307223</hAcc><vAcc>0.556944</vAcc></extensions></trkpt>
      <trkpt lon="114.373182" lat="33.670346"><ele>56.524981</ele><time>2026-02-11T23:34:25Z</time><extensions><speed>2.909306</speed><course>98.985177</course><hAcc>1.293466</hAcc><vAcc>0.556944</vAcc></extensions></trkpt>
      <trkpt lon="114.373214" lat="33.670342"><ele>56.513768</ele><time>2026-02-11T23:34:26Z</time><extensions><speed>3.046084</speed><course>96.875039</course><hAcc>1.277055</hAcc><vAcc>0.556945</vAcc></extensions></trkpt>
      <trkpt lon="114.373246" lat="33.670340"><ele>56.504164</ele><time>2026-02-11T23:34:27Z</time><extensions><speed>2.928339</speed><course>94.605706</course><hAcc>1.267430</hAcc><vAcc>0.556945</vAcc></extensions></trkpt>
      <trkpt lon="114.373277" lat="33.670337"><ele>56.495944</ele><time>2026-02-11T23:34:28Z</time><extensions><speed>2.806335</speed><course>95.356290</course><hAcc>1.266899</hAcc><vAcc>0.556945</vAcc></extensions></trkpt>
      <trkpt lon="114.373306" lat="33.670335"><ele>56.488887</ele><time>2026-02-11T23:34:29Z</time><extensions><speed>2.704336</speed><course>96.908586</course><hAcc>1.260466</hAcc><vAcc>0.556945</vAcc></extensions></trkpt>
      <trkpt lon="114.373336" lat="33.670331"><ele>56.482788</ele><time>2026-02-11T23:34:30Z</time><extensions><speed>2.737060</speed><course>98.663926</course><hAcc>1.257706</hAcc><vAcc>0.556945</vAcc></extensions></trkpt>
      <trkpt lon="114.373365" lat="33.670327"><ele>56.477506</ele><time>2026-02-11T23:34:31Z</time><extensions><speed>2.815402</speed><course>100.104066</course><hAcc>1.260785</hAcc><vAcc>0.556945</vAcc></extensions></trkpt>
      <trkpt lon="114.373395" lat="33.670323"><ele>56.472991</ele><time>2026-02-11T23:34:32Z</time><extensions><speed>2.843892</speed><course>101.429207</course><hAcc>1.263611</hAcc><vAcc>0.556945</vAcc></extensions></trkpt>
      <trkpt lon="114.373426" lat="33.670317"><ele>56.469293</ele><time>2026-02-11T23:34:33Z</time><extensions><speed>2.967682</speed><course>102.368385</course><hAcc>1.264730</hAcc><vAcc>0.556945</vAcc></extensions></trkpt>
      <trkpt lon="114.373457" lat="33.670311"><ele>56.466547</ele><time>2026-02-11T23:34:34Z</time><extensions><speed>2.945849</speed><course>103.560705</course><hAcc>1.270014</hAcc><vAcc>0.556945</vAcc></extensions></trkpt>
      <trkpt lon="114.373488" lat="33.670305"><ele>56.464860</ele><time>2026-02-11T23:34:35Z</time><extensions><speed>2.915301</speed><course>102.501238</course><hAcc>1.270283</hAcc><vAcc>0.556945</vAcc></extensions></trkpt>
      <trkpt lon="114.373518" lat="33.670300"><ele>56.464308</ele><time>2026-02-11T23:34:36Z</time><extensions><speed>2.795925</speed><course>100.156413</course><hAcc>1.265215</hAcc><vAcc>0.556945</vAcc></extensions></trkpt>
      <trkpt lon="114.373547" lat="33.670297"><ele>56.464914</ele><time>2026-02-11T23:34:37Z</time><extensions><speed>2.680185</speed><course>96.727058</course><hAcc>1.260650</hAcc><vAcc>0.556945</vAcc></extensions></trkpt>
      <trkpt lon="114.373575" lat="33.670294"><ele>56.466572</ele><time>2026-02-11T23:34:38Z</time><extensions><speed>2.605162</speed><course>94.438694</course><hAcc>1.257280</hAcc><vAcc>0.556945</vAcc></extensions></trkpt>
      <trkpt lon="114.373602" lat="33.670293"><ele>56.469084</ele><time>2026-02-11T23:34:39Z</time><extensions><speed>2.404357</speed><course>93.098140</course><hAcc>1.256684</hAcc><vAcc>0.556945</vAcc></extensions></trkpt>
      <trkpt lon="114.373629" lat="33.670291"><ele>56.472195</ele><time>2026-02-11T23:34:40Z</time><extensions><speed>2.445406</speed><course>94.095045</course><hAcc>1.247168</hAcc><vAcc>0.556945</vAcc></extensions></trkpt>
      <trkpt lon="114.373655" lat="33.670289"><ele>56.475656</ele><time>2026-02-11T23:34:41Z</time><extensions><speed>2.539813</speed><course>95.265404</course><hAcc>1.243808</hAcc><vAcc>0.556945</vAcc></extensions></trkpt>
      <trkpt lon="114.373683" lat="33.670287"><ele>56.479202</ele><time>2026-02-11T23:34:42Z</time><extensions><speed>2.582422</speed><course>95.601048</course><hAcc>1.245134</hAcc><vAcc>0.556945</vAcc></extensions></trkpt>
      <trkpt lon="114.373711" lat="33.670285"><ele>56.482659</ele><time>2026-02-11T23:34:43Z</time><extensions><speed>2.575087</speed><course>95.134437</course><hAcc>1.242639</hAcc><vAcc>0.556945</vAcc></extensions></trkpt>
      <trkpt lon="114.373738" lat="33.670283"><ele>56.486119</ele><time>2026-02-11T23:34:44Z</time><extensions><speed>2.483419</speed><course>93.394291</course><hAcc>1.249206</hAcc><vAcc>0.556945</vAcc></extensions></trkpt>
      <trkpt lon="114.373765" lat="33.670282"><ele>56.489701</ele><time>2026-02-11T23:34:45Z</time><extensions><speed>2.575093</speed><course>93.831904</course><hAcc>1.254898</hAcc><vAcc>0.556945</vAcc></extensions></trkpt>
      <trkpt lon="114.373793" lat="33.670280"><ele>56.493104</ele><time>2026-02-11T23:34:46Z</time><extensions><speed>2.646724</speed><course>95.518891</course><hAcc>1.250574</hAcc><vAcc>0.556945</vAcc></extensions></trkpt>
      <trkpt lon="114.373821" lat="33.670277"><ele>56.495937</ele><time>2026-02-11T23:34:47Z</time><extensions><speed>2.594177</speed><course>98.342599</course><hAcc>1.249255</hAcc><vAcc>0.556945</vAcc></extensions></trkpt>
      <trkpt lon="114.373849" lat="33.670273"><ele>56.497724</ele><time>2026-02-11T23:34:48Z</time><extensions><speed>2.568859</speed><course>100.315510</course><hAcc>1.250072</hAcc><vAcc>0.556945</vAcc></extensions></trkpt>
      <trkpt lon="114.373876" lat="33.670269"><ele>56.497299</ele><time>2026-02-11T23:34:49Z</time><extensions><speed>2.547485</speed><course>101.011423</course><hAcc>1.244787</hAcc><vAcc>0.556945</vAcc></extensions></trkpt>
      <trkpt lon="114.373904" lat="33.670265"><ele>56.493559</ele><time>2026-02-11T23:34:50Z</time><extensions><speed>2.674025</speed><course>99.209452</course><hAcc>1.236801</hAcc><vAcc>0.556945</vAcc></extensions></trkpt>
      <trkpt lon="114.373932" lat="33.670262"><ele>56.485705</ele><time>2026-02-11T23:34:51Z</time><extensions><speed>2.655577</speed><course>94.952074</course><hAcc>1.233133</hAcc><vAcc>0.556945</vAcc></extensions></trkpt>
      <trkpt lon="114.373961" lat="33.670260"><ele>56.473071</ele><time>2026-02-11T23:34:52Z</time><extensions><speed>2.717005</speed><course>94.137467</course><hAcc>1.229077</hAcc><vAcc>0.556945</vAcc></extensions></trkpt>
      <trkpt lon="114.373991" lat="33.670258"><ele>56.454966</ele><time>2026-02-11T23:34:53Z</time><extensions><speed>2.760002</speed><course>95.533289</course><hAcc>1.229042</hAcc><vAcc>0.556945</vAcc></extensions></trkpt>
      <trkpt lon="114.374020" lat="33.670255"><ele>56.431080</ele><time>2026-02-11T23:34:54Z</time><extensions><speed>2.709564</speed><course>97.397716</course><hAcc>1.229131</hAcc><vAcc>0.556945</vAcc></extensions></trkpt>
      <trkpt lon="114.374049" lat="33.670252"><ele>56.401117</ele><time>2026-02-11T23:34:55Z</time><extensions><speed>2.733980</speed><course>99.465451</course><hAcc>1.234299</hAcc><vAcc>0.556945</vAcc></extensions></trkpt>
      <trkpt lon="114.374078" lat="33.670247"><ele>56.364995</ele><time>2026-02-11T23:34:56Z</time><extensions><speed>2.618853</speed><course>100.397837</course><hAcc>1.247044</hAcc><vAcc>0.556945</vAcc></extensions></trkpt>
      <trkpt lon="114.374105" lat="33.670242"><ele>56.322971</ele><time>2026-02-11T23:34:57Z</time><extensions><speed>2.670143</speed><course>103.736738</course><hAcc>1.256002</hAcc><vAcc>0.556945</vAcc></extensions></trkpt>
      <trkpt lon="114.374133" lat="33.670236"><ele>56.275655</ele><time>2026-02-11T23:34:58Z</time><extensions><speed>2.689638</speed><course>107.402272</course><hAcc>1.262721</hAcc><vAcc>0.556945</vAcc></extensions></trkpt>
      <trkpt lon="114.374161" lat="33.670228"><ele>56.224381</ele><time>2026-02-11T23:34:59Z</time><extensions><speed>2.749491</speed><course>108.807233</course><hAcc>1.262167</hAcc><vAcc>0.556945</vAcc></extensions></trkpt>
      <trkpt lon="114.374190" lat="33.670220"><ele>56.170774</ele><time>2026-02-11T23:35:00Z</time><extensions><speed>2.777903</speed><course>108.472981</course><hAcc>1.259602</hAcc><vAcc>0.556945</vAcc></extensions></trkpt>
      <trkpt lon="114.374217" lat="33.670213"><ele>56.116426</ele><time>2026-02-11T23:35:01Z</time><extensions><speed>2.604885</speed><course>107.010982</course><hAcc>1.260029</hAcc><vAcc>0.556945</vAcc></extensions></trkpt>
      <trkpt lon="114.374244" lat="33.670207"><ele>56.062644</ele><time>2026-02-11T23:35:02Z</time><extensions><speed>2.519161</speed><course>104.699983</course><hAcc>1.260526</hAcc><vAcc>0.556945</vAcc></extensions></trkpt>
      <trkpt lon="114.374270" lat="33.670202"><ele>56.010570</ele><time>2026-02-11T23:35:03Z</time><extensions><speed>2.421612</speed><course>101.662498</course><hAcc>1.260611</hAcc><vAcc>0.556945</vAcc></extensions></trkpt>
      <trkpt lon="114.374295" lat="33.670198"><ele>55.959957</ele><time>2026-02-11T23:35:04Z</time><extensions><speed>2.386443</speed><course>99.093898</course><hAcc>1.252406</hAcc><vAcc>0.556945</vAcc></extensions></trkpt>
      <trkpt lon="114.374321" lat="33.670195"><ele>55.910158</ele><time>2026-02-11T23:35:05Z</time><extensions><speed>2.440664</speed><course>96.479746</course><hAcc>1.249255</hAcc><vAcc>0.556945</vAcc></extensions></trkpt>
      <trkpt lon="114.374348" lat="33.670193"><ele>55.860078</ele><time>2026-02-11T23:35:06Z</time><extensions><speed>2.462794</speed><course>91.371554</course><hAcc>1.244382</hAcc><vAcc>0.556945</vAcc></extensions></trkpt>
      <trkpt lon="114.374375" lat="33.670194"><ele>55.808042</ele><time>2026-02-11T23:35:07Z</time><extensions><speed>2.523838</speed><course>86.080250</course><hAcc>1.239329</hAcc><vAcc>0.556945</vAcc></extensions></trkpt>
      <trkpt lon="114.374402" lat="33.670196"><ele>55.752152</ele><time>2026-02-11T23:35:08Z</time><extensions><speed>2.554780</speed><course>84.523111</course><hAcc>1.235266</hAcc><vAcc>0.556945</vAcc></extensions></trkpt>
      <trkpt lon="114.374429" lat="33.670197"><ele>55.690916</ele><time>2026-02-11T23:35:09Z</time><extensions><speed>2.514737</speed><course>87.250700</course><hAcc>1.230214</hAcc><vAcc>0.556945</vAcc></extensions></trkpt>
      <trkpt lon="114.374457" lat="33.670197"><ele>55.622872</ele><time>2026-02-11T23:35:10Z</time><extensions><speed>2.575116</speed><course>91.683261</course><hAcc>1.225397</hAcc><vAcc>0.556945</vAcc></extensions></trkpt>
      <trkpt lon="114.374484" lat="33.670196"><ele>55.546692</ele><time>2026-02-11T23:35:11Z</time><extensions><speed>2.474464</speed><course>97.471667</course><hAcc>1.227096</hAcc><vAcc>0.556945</vAcc></extensions></trkpt>
      <trkpt lon="114.374510" lat="33.670191"><ele>55.461629</ele><time>2026-02-11T23:35:12Z</time><extensions><speed>2.468176</speed><course>103.792341</course><hAcc>1.225774</hAcc><vAcc>0.556945</vAcc></extensions></trkpt>
      <trkpt lon="114.374535" lat="33.670185"><ele>55.367310</ele><time>2026-02-11T23:35:13Z</time><extensions><speed>2.332721</speed><course>108.961416</course><hAcc>1.232311</hAcc><vAcc>0.556945</vAcc></extensions></trkpt>
      <trkpt lon="114.374559" lat="33.670178"><ele>55.263996</ele><time>2026-02-11T23:35:14Z</time><extensions><speed>2.469417</speed><course>109.540827</course><hAcc>1.228733</hAcc><vAcc>0.556945</vAcc></extensions></trkpt>
      <trkpt lon="114.374585" lat="33.670171"><ele>55.152606</ele><time>2026-02-11T23:35:15Z</time><extensions><speed>2.509539</speed><course>106.624641</course><hAcc>1.229644</hAcc><vAcc>0.556945</vAcc></extensions></trkpt>
      <trkpt lon="114.374611" lat="33.670165"><ele>55.034619</ele><time>2026-02-11T23:35:16Z</time><extensions><speed>2.456213</speed><course>103.589866</course><hAcc>1.232922</hAcc><vAcc>0.556945</vAcc></extensions></trkpt>
      <trkpt lon="114.374637" lat="33.670161"><ele>54.911956</ele><time>2026-02-11T23:35:17Z</time><extensions><speed>2.517883</speed><course>101.328315</course><hAcc>1.236876</hAcc><vAcc>0.556945</vAcc></extensions></trkpt>
      <trkpt lon="114.374663" lat="33.670156"><ele>54.786739</ele><time>2026-02-11T23:35:18Z</time><extensions><speed>2.473350</speed><course>102.025407</course><hAcc>1.238462</hAcc><vAcc>0.556945</vAcc></extensions></trkpt>
      <trkpt lon="114.374690" lat="33.670151"><ele>54.661392</ele><time>2026-02-11T23:35:19Z</time><extensions><speed>2.577269</speed><course>102.789921</course><hAcc>1.236390</hAcc><vAcc>0.556945</vAcc></extensions></trkpt>
      <trkpt lon="114.374717" lat="33.670146"><ele>54.538327</ele><time>2026-02-11T23:35:20Z</time><extensions><speed>2.637757</speed><course>101.145977</course><hAcc>1.236710</hAcc><vAcc>0.556945</vAcc></extensions></trkpt>
      <trkpt lon="114.374745" lat="33.670142"><ele>54.419591</ele><time>2026-02-11T23:35:21Z</time><extensions><speed>2.608211</speed><course>98.174439</course><hAcc>1.231279</hAcc><vAcc>0.556945</vAcc></extensions></trkpt>
      <trkpt lon="114.374773" lat="33.670140"><ele>54.306723</ele><time>2026-02-11T23:35:22Z</time><extensions><speed>2.594413</speed><course>94.168244</course><hAcc>1.221262</hAcc><vAcc>0.556945</vAcc></extensions></trkpt>
      <trkpt lon="114.374800" lat="33.670138"><ele>54.200883</ele><time>2026-02-11T23:35:23Z</time><extensions><speed>2.422952</speed><course>93.115330</course><hAcc>1.214178</hAcc><vAcc>0.556945</vAcc></extensions></trkpt>
      <trkpt lon="114.374827" lat="33.670136"><ele>54.102885</ele><time>2026-02-11T23:35:24Z</time><extensions><speed>2.465451</speed><course>98.057858</course><hAcc>1.205426</hAcc><vAcc>0.556945</vAcc></extensions></trkpt>
      <trkpt lon="114.374853" lat="33.670132"><ele>54.013246</ele><time>2026-02-11T23:35:25Z</time><extensions><speed>2.493434</speed><course>105.664536</course><hAcc>1.199242</hAcc><vAcc>0.556945</vAcc></extensions></trkpt>
      <trkpt lon="114.374879" lat="33.670124"><ele>53.932226</ele><time>2026-02-11T23:35:26Z</time><extensions><speed>2.563075</speed><course>110.787915</course><hAcc>1.188938</hAcc><vAcc>0.556945</vAcc></extensions></trkpt>
      <trkpt lon="114.374905" lat="33.670115"><ele>53.859521</ele><time>2026-02-11T23:35:27Z</time><extensions><speed>2.708859</speed><course>115.654890</course><hAcc>1.178519</hAcc><vAcc>0.556945</vAcc></extensions></trkpt>
      <trkpt lon="114.374930" lat="33.670103"><ele>53.794610</ele><time>2026-02-11T23:35:28Z</time><extensions><speed>2.701331</speed><course>121.072702</course><hAcc>1.172685</hAcc><vAcc>0.556945</vAcc></extensions></trkpt>
      <trkpt lon="114.374955" lat="33.670090"><ele>53.736829</ele><time>2026-02-11T23:35:29Z</time><extensions><speed>2.711853</speed><course>125.968889</course><hAcc>1.171495</hAcc><vAcc>0.556945</vAcc></extensions></trkpt>
      <trkpt lon="114.374978" lat="33.670075"><ele>53.685422</ele><time>2026-02-11T23:35:30Z</time><extensions><speed>2.727440</speed><course>130.151604</course><hAcc>1.170467</hAcc><vAcc>0.556945</vAcc></extensions></trkpt>
      <trkpt lon="114.375000" lat="33.670058"><ele>53.639456</ele><time>2026-02-11T23:35:31Z</time><extensions><speed>2.687612</speed><course>133.126167</course><hAcc>1.174237</hAcc><vAcc>0.556945</vAcc></extensions></trkpt>
      <trkpt lon="114.375021" lat="33.670042"><ele>53.598508</ele><time>2026-02-11T23:35:32Z</time><extensions><speed>2.755243</speed><course>133.824102</course><hAcc>1.172955</hAcc><vAcc>0.556945</vAcc></extensions></trkpt>
      <trkpt lon="114.375042" lat="33.670025"><ele>53.562253</ele><time>2026-02-11T23:35:33Z</time><extensions><speed>2.590960</speed><course>135.259605</course><hAcc>1.184899</hAcc><vAcc>0.556945</vAcc></extensions></trkpt>
      <trkpt lon="114.375061" lat="33.670007"><ele>53.530362</ele><time>2026-02-11T23:35:34Z</time><extensions><speed>2.656800</speed><course>137.683428</course><hAcc>1.197321</hAcc><vAcc>0.556945</vAcc></extensions></trkpt>
      <trkpt lon="114.375081" lat="33.669989"><ele>53.502470</ele><time>2026-02-11T23:35:35Z</time><extensions><speed>2.764738</speed><course>139.244928</course><hAcc>1.206742</hAcc><vAcc>0.556945</vAcc></extensions></trkpt>
      <trkpt lon="114.375100" lat="33.669970"><ele>53.478362</ele><time>2026-02-11T23:35:36Z</time><extensions><speed>2.760568</speed><course>139.188738</course><hAcc>1.218706</hAcc><vAcc>0.556945</vAcc></extensions></trkpt>
      <trkpt lon="114.375120" lat="33.669951"><ele>53.457551</ele><time>2026-02-11T23:35:37Z</time><extensions><speed>2.801941</speed><course>138.059113</course><hAcc>1.229131</hAcc><vAcc>0.556945</vAcc></extensions></trkpt>
      <trkpt lon="114.375140" lat="33.669933"><ele>53.439570</ele><time>2026-02-11T23:35:38Z</time><extensions><speed>2.779309</speed><course>135.922918</course><hAcc>1.235589</hAcc><vAcc>0.556945</vAcc></extensions></trkpt>
      <trkpt lon="114.375162" lat="33.669915"><ele>53.424059</ele><time>2026-02-11T23:35:39Z</time><extensions><speed>2.880266</speed><course>133.715509</course><hAcc>1.235478</hAcc><vAcc>0.556945</vAcc></extensions></trkpt>
      <trkpt lon="114.375185" lat="33.669897"><ele>53.410664</ele><time>2026-02-11T23:35:40Z</time><extensions><speed>2.885723</speed><course>133.130719</course><hAcc>1.236940</hAcc><vAcc>0.556945</vAcc></extensions></trkpt>
      <trkpt lon="114.375207" lat="33.669879"><ele>53.398937</ele><time>2026-02-11T23:35:41Z</time><extensions><speed>2.766408</speed><course>134.484044</course><hAcc>1.240264</hAcc><vAcc>0.556945</vAcc></extensions></trkpt>
      <trkpt lon="114.375227" lat="33.669862"><ele>53.388498</ele><time>2026-02-11T23:35:42Z</time><extensions><speed>2.689389</speed><course>137.836446</course><hAcc>1.245523</hAcc><vAcc>0.556945</vAcc></extensions></trkpt>
      <trkpt lon="114.375246" lat="33.669844"><ele>53.378900</ele><time>2026-02-11T23:35:43Z</time><extensions><speed>2.570024</speed><course>139.220385</course><hAcc>1.244612</hAcc><vAcc>0.556945</vAcc></extensions></trkpt>
      <trkpt lon="114.375264" lat="33.669826"><ele>53.369570</ele><time>2026-02-11T23:35:44Z</time><extensions><speed>2.561428</speed><course>140.628087</course><hAcc>1.242271</hAcc><vAcc>0.556945</vAcc></extensions></trkpt>
      <trkpt lon="114.375281" lat="33.669808"><ele>53.359902</ele><time>2026-02-11T23:35:45Z</time><extensions><speed>2.591249</speed><course>142.004496</course><hAcc>1.239873</hAcc><vAcc>0.556945</vAcc></extensions></trkpt>
      <trkpt lon="114.375298" lat="33.669790"><ele>53.349408</ele><time>2026-02-11T23:35:46Z</time><extensions><speed>2.501441</speed><course>142.327725</course><hAcc>1.238696</hAcc><vAcc>0.556945</vAcc></extensions></trkpt>
      <trkpt lon="114.375315" lat="33.669772"><ele>53.337975</ele><time>2026-02-11T23:35:47Z</time><extensions><speed>2.536542</speed><course>142.822541</course><hAcc>1.237656</hAcc><vAcc>0.556945</vAcc></extensions></trkpt>
      <trkpt lon="114.375331" lat="33.669754"><ele>53.325879</ele><time>2026-02-11T23:35:48Z</time><extensions><speed>2.537266</speed><course>141.848245</course><hAcc>1.239543</hAcc><vAcc>0.556945</vAcc></extensions></trkpt>
      <trkpt lon="114.375349" lat="33.669736"><ele>53.313606</ele><time>2026-02-11T23:35:49Z</time><extensions><speed>2.555041</speed><course>138.718430</course><hAcc>1.238979</hAcc><vAcc>0.556945</vAcc></extensions></trkpt>
      <trkpt lon="114.375368" lat="33.669719"><ele>53.301552</ele><time>2026-02-11T23:35:50Z</time><extensions><speed>2.709983</speed><course>136.584084</course><hAcc>1.239861</hAcc><vAcc>0.556945</vAcc></extensions></trkpt>
      <trkpt lon="114.375388" lat="33.669701"><ele>53.290184</ele><time>2026-02-11T23:35:51Z</time><extensions><speed>2.694440</speed><course>135.688198</course><hAcc>1.237786</hAcc><vAcc>0.556945</vAcc></extensions></trkpt>
      <trkpt lon="114.375408" lat="33.669684"><ele>53.280039</ele><time>2026-02-11T23:35:52Z</time><extensions><speed>2.578187</speed><course>135.403824</course><hAcc>1.233944</hAcc><vAcc>0.556945</vAcc></extensions></trkpt>
      <trkpt lon="114.375427" lat="33.669667"><ele>53.271677</ele><time>2026-02-11T23:35:53Z</time><extensions><speed>2.553885</speed><course>137.281580</course><hAcc>1.237248</hAcc><vAcc>0.556945</vAcc></extensions></trkpt>
      <trkpt lon="114.375446" lat="33.669650"><ele>53.265535</ele><time>2026-02-11T23:35:54Z</time><extensions><speed>2.531607</speed><course>139.209779</course><hAcc>1.235565</hAcc><vAcc>0.556945</vAcc></extensions></trkpt>
      <trkpt lon="114.375463" lat="33.669633"><ele>53.262236</ele><time>2026-02-11T23:35:55Z</time><extensions><speed>2.496893</speed><course>139.815370</course><hAcc>1.232522</hAcc><vAcc>0.556946</vAcc></extensions></trkpt>
      <trkpt lon="114.375480" lat="33.669616"><ele>53.262317</ele><time>2026-02-11T23:35:56Z</time><extensions><speed>2.305785</speed><course>139.130019</course><hAcc>1.234274</hAcc><vAcc>0.556946</vAcc></extensions></trkpt>
      <trkpt lon="114.375496" lat="33.669600"><ele>53.266263</ele><time>2026-02-11T23:35:57Z</time><extensions><speed>2.334429</speed><course>139.704075</course><hAcc>1.230441</hAcc><vAcc>0.556947</vAcc></extensions></trkpt>
      <trkpt lon="114.375513" lat="33.669584"><ele>53.274557</ele><time>2026-02-11T23:35:58Z</time><extensions><speed>2.484984</speed><course>140.242494</course><hAcc>1.227034</hAcc><vAcc>0.556947</vAcc></extensions></trkpt>
      <trkpt lon="114.375530" lat="33.669566"><ele>53.287584</ele><time>2026-02-11T23:35:59Z</time><extensions><speed>2.541029</speed><course>140.592771</course><hAcc>1.227866</hAcc><vAcc>0.556947</vAcc></extensions></trkpt>
      <trkpt lon="114.375548" lat="33.669548"><ele>53.306593</ele><time>2026-02-11T23:36:00Z</time><extensions><speed>2.591247</speed><course>142.533936</course><hAcc>1.228992</hAcc><vAcc>0.556947</vAcc></extensions></trkpt>
      <trkpt lon="114.375565" lat="33.669529"><ele>53.333003</ele><time>2026-02-11T23:36:01Z</time><extensions><speed>2.613921</speed><course>142.272531</course><hAcc>1.234132</hAcc><vAcc>0.556946</vAcc></extensions></trkpt>
      <trkpt lon="114.375582" lat="33.669511"><ele>53.367982</ele><time>2026-02-11T23:36:02Z</time><extensions><speed>2.531777</speed><course>140.400125</course><hAcc>1.237894</hAcc><vAcc>0.556946</vAcc></extensions></trkpt>
      <trkpt lon="114.375600" lat="33.669494"><ele>53.411943</ele><time>2026-02-11T23:36:03Z</time><extensions><speed>2.575308</speed><course>138.966699</course><hAcc>1.247359</hAcc><vAcc>0.556946</vAcc></extensions></trkpt>
      <trkpt lon="114.375618" lat="33.669476"><ele>53.465237</ele><time>2026-02-11T23:36:04Z</time><extensions><speed>2.546947</speed><course>137.172870</course><hAcc>1.254503</hAcc><vAcc>0.556946</vAcc></extensions></trkpt>
      <trkpt lon="114.375637" lat="33.669459"><ele>53.527089</ele><time>2026-02-11T23:36:05Z</time><extensions><speed>2.567907</speed><course>137.657684</course><hAcc>1.262920</hAcc><vAcc>0.556945</vAcc></extensions></trkpt>
      <trkpt lon="114.375655" lat="33.669443"><ele>53.596148</ele><time>2026-02-11T23:36:06Z</time><extensions><speed>2.498262</speed><course>137.933530</course><hAcc>1.266830</hAcc><vAcc>0.556945</vAcc></extensions></trkpt>
      <trkpt lon="114.375673" lat="33.669426"><ele>53.670817</ele><time>2026-02-11T23:36:07Z</time><extensions><speed>2.471105</speed><course>138.231861</course><hAcc>1.272345</hAcc><vAcc>0.556945</vAcc></extensions></trkpt>
      <trkpt lon="114.375692" lat="33.669409"><ele>53.749018</ele><time>2026-02-11T23:36:08Z</time><extensions><speed>2.530693</speed><course>136.922960</course><hAcc>1.278533</hAcc><vAcc>0.556945</vAcc></extensions></trkpt>
      <trkpt lon="114.375710" lat="33.669392"><ele>53.828408</ele><time>2026-02-11T23:36:09Z</time><extensions><speed>2.574078</speed><course>138.663577</course><hAcc>1.282392</hAcc><vAcc>0.556945</vAcc></extensions></trkpt>
      <trkpt lon="114.375729" lat="33.669375"><ele>53.906617</ele><time>2026-02-11T23:36:10Z</time><extensions><speed>2.637821</speed><course>137.657584</course><hAcc>1.287239</hAcc><vAcc>0.556944</vAcc></extensions></trkpt>
      <trkpt lon="114.375748" lat="33.669358"><ele>53.981205</ele><time>2026-02-11T23:36:11Z</time><extensions><speed>2.584215</speed><course>134.586567</course><hAcc>1.291679</hAcc><vAcc>0.556944</vAcc></extensions></trkpt>
      <trkpt lon="114.375768" lat="33.669341"><ele>54.049685</ele><time>2026-02-11T23:36:12Z</time><extensions><speed>2.601229</speed><course>136.792851</course><hAcc>1.288206</hAcc><vAcc>0.556944</vAcc></extensions></trkpt>
      <trkpt lon="114.375787" lat="33.669324"><ele>54.109912</ele><time>2026-02-11T23:36:13Z</time><extensions><speed>2.564275</speed><course>138.710459</course><hAcc>1.281631</hAcc><vAcc>0.556944</vAcc></extensions></trkpt>
      <trkpt lon="114.375804" lat="33.669307"><ele>54.160250</ele><time>2026-02-11T23:36:14Z</time><extensions><speed>2.423961</speed><course>138.592353</course><hAcc>1.272689</hAcc><vAcc>0.556944</vAcc></extensions></trkpt>
      <trkpt lon="114.375822" lat="33.669290"><ele>54.199660</ele><time>2026-02-11T23:36:15Z</time><extensions><speed>2.422228</speed><course>139.553754</course><hAcc>1.265002</hAcc><vAcc>0.556944</vAcc></extensions></trkpt>
      <trkpt lon="114.375838" lat="33.669273"><ele>54.227782</ele><time>2026-02-11T23:36:16Z</time><extensions><speed>2.345448</speed><course>142.208423</course><hAcc>1.264961</hAcc><vAcc>0.556944</vAcc></extensions></trkpt>
      <trkpt lon="114.375853" lat="33.669256"><ele>54.244936</ele><time>2026-02-11T23:36:17Z</time><extensions><speed>2.383011</speed><course>146.366439</course><hAcc>1.257163</hAcc><vAcc>0.556944</vAcc></extensions></trkpt>
      <trkpt lon="114.375867" lat="33.669239"><ele>54.252452</ele><time>2026-02-11T23:36:18Z</time><extensions><speed>2.313463</speed><course>146.003546</course><hAcc>1.255810</hAcc><vAcc>0.556944</vAcc></extensions></trkpt>
      <trkpt lon="114.375881" lat="33.669221"><ele>54.251995</ele><time>2026-02-11T23:36:19Z</time><extensions><speed>2.298957</speed><course>145.478538</course><hAcc>1.255429</hAcc><vAcc>0.556944</vAcc></extensions></trkpt>
      <trkpt lon="114.375895" lat="33.669204"><ele>54.245483</ele><time>2026-02-11T23:36:20Z</time><extensions><speed>2.436384</speed><course>145.099958</course><hAcc>1.254135</hAcc><vAcc>0.556944</vAcc></extensions></trkpt>
      <trkpt lon="114.375911" lat="33.669186"><ele>54.234979</ele><time>2026-02-11T23:36:21Z</time><extensions><speed>2.412848</speed><course>142.751471</course><hAcc>1.251660</hAcc><vAcc>0.556944</vAcc></extensions></trkpt>
      <trkpt lon="114.375927" lat="33.669169"><ele>54.222416</ele><time>2026-02-11T23:36:22Z</time><extensions><speed>2.534648</speed><course>140.569430</course><hAcc>1.249802</hAcc><vAcc>0.556944</vAcc></extensions></trkpt>
      <trkpt lon="114.375945" lat="33.669151"><ele>54.210263</ele><time>2026-02-11T23:36:23Z</time><extensions><speed>2.627904</speed><course>140.701298</course><hAcc>1.254421</hAcc><vAcc>0.556944</vAcc></extensions></trkpt>
      <trkpt lon="114.375963" lat="33.669132"><ele>54.200912</ele><time>2026-02-11T23:36:24Z</time><extensions><speed>2.652500</speed><course>140.704847</course><hAcc>1.249843</hAcc><vAcc>0.556944</vAcc></extensions></trkpt>
      <trkpt lon="114.375981" lat="33.669114"><ele>54.196834</ele><time>2026-02-11T23:36:25Z</time><extensions><speed>2.632383</speed><course>139.411921</course><hAcc>1.249914</hAcc><vAcc>0.556944</vAcc></extensions></trkpt>
      <trkpt lon="114.375999" lat="33.669097"><ele>54.200924</ele><time>2026-02-11T23:36:26Z</time><extensions><speed>2.403992</speed><course>137.703082</course><hAcc>1.254932</hAcc><vAcc>0.556944</vAcc></extensions></trkpt>
      <trkpt lon="114.376016" lat="33.669082"><ele>54.215837</ele><time>2026-02-11T23:36:27Z</time><extensions><speed>2.329576</speed><course>135.415643</course><hAcc>1.257635</hAcc><vAcc>0.556944</vAcc></extensions></trkpt>
      <trkpt lon="114.376034" lat="33.669067"><ele>54.243229</ele><time>2026-02-11T23:36:28Z</time><extensions><speed>2.339305</speed><course>133.382119</course><hAcc>1.258181</hAcc><vAcc>0.556944</vAcc></extensions></trkpt>
      <trkpt lon="114.376052" lat="33.669054"><ele>54.284207</ele><time>2026-02-11T23:36:29Z</time><extensions><speed>2.213596</speed><course>130.424986</course><hAcc>1.255806</hAcc><vAcc>0.556944</vAcc></extensions></trkpt>
      <trkpt lon="114.376070" lat="33.669042"><ele>54.339371</ele><time>2026-02-11T23:36:30Z</time><extensions><speed>2.125676</speed><course>127.481045</course><hAcc>1.250161</hAcc><vAcc>0.556944</vAcc></extensions></trkpt>
      <trkpt lon="114.376088" lat="33.669031"><ele>54.408331</ele><time>2026-02-11T23:36:31Z</time><extensions><speed>2.016763</speed><course>123.051377</course><hAcc>1.246622</hAcc><vAcc>0.556944</vAcc></extensions></trkpt>
      <trkpt lon="114.376105" lat="33.669022"><ele>54.490289</ele><time>2026-02-11T23:36:32Z</time><extensions><speed>1.727993</speed><course>118.359905</course><hAcc>1.244043</hAcc><vAcc>0.556944</vAcc></extensions></trkpt>
      <trkpt lon="114.376120" lat="33.669017"><ele>54.583808</ele><time>2026-02-11T23:36:33Z</time><extensions><speed>1.325174</speed><course>105.499962</course><hAcc>1.250190</hAcc><vAcc>0.556944</vAcc></extensions></trkpt>
      <trkpt lon="114.376134" lat="33.669016"><ele>54.686863</ele><time>2026-02-11T23:36:34Z</time><extensions><speed>1.196123</speed><course>82.472550</course><hAcc>1.246507</hAcc><vAcc>0.556944</vAcc></extensions></trkpt>
      <trkpt lon="114.376146" lat="33.669021"><ele>54.797032</ele><time>2026-02-11T23:36:35Z</time><extensions><speed>1.425662</speed><course>48.213269</course><hAcc>1.241896</hAcc><vAcc>0.556944</vAcc></extensions></trkpt>
      <trkpt lon="114.376153" lat="33.669034"><ele>54.911992</ele><time>2026-02-11T23:36:36Z</time><extensions><speed>1.965607</speed><course>8.949063</course><hAcc>1.237841</hAcc><vAcc>0.556944</vAcc></extensions></trkpt>
      <trkpt lon="114.376152" lat="33.669054"><ele>55.029233</ele><time>2026-02-11T23:36:37Z</time><extensions><speed>2.440178</speed><course>347.679041</course><hAcc>1.237563</hAcc><vAcc>0.556944</vAcc></extensions></trkpt>
      <trkpt lon="114.376145" lat="33.669076"><ele>55.146247</ele><time>2026-02-11T23:36:38Z</time><extensions><speed>2.647067</speed><course>341.334702</course><hAcc>1.243032</hAcc><vAcc>0.556944</vAcc></extensions></trkpt>
      <trkpt lon="114.376135" lat="33.669098"><ele>55.260817</ele><time>2026-02-11T23:36:39Z</time><extensions><speed>2.566870</speed><course>338.745540</course><hAcc>1.243898</hAcc><vAcc>0.556944</vAcc></extensions></trkpt>
      <trkpt lon="114.376125" lat="33.669120"><ele>55.371255</ele><time>2026-02-11T23:36:40Z</time><extensions><speed>2.634500</speed><course>339.841439</course><hAcc>1.246459</hAcc><vAcc>0.556944</vAcc></extensions></trkpt>
      <trkpt lon="114.376116" lat="33.669142"><ele>55.476630</ele><time>2026-02-11T23:36:41Z</time><extensions><speed>2.491003</speed><course>339.757584</course><hAcc>1.252860</hAcc><vAcc>0.556944</vAcc></extensions></trkpt>
      <trkpt lon="114.376106" lat="33.669162"><ele>55.576570</ele><time>2026-02-11T23:36:42Z</time><extensions><speed>2.441791</speed><course>339.443530</course><hAcc>1.256555</hAcc><vAcc>0.556944</vAcc></extensions></trkpt>
      <trkpt lon="114.376097" lat="33.669183"><ele>55.671393</ele><time>2026-02-11T23:36:43Z</time><extensions><speed>2.433462</speed><course>340.760969</course><hAcc>1.262014</hAcc><vAcc>0.556944</vAcc></extensions></trkpt>
      <trkpt lon="114.376089" lat="33.669204"><ele>55.762023</ele><time>2026-02-11T23:36:44Z</time><extensions><speed>2.414680</speed><course>341.949900</course><hAcc>1.267106</hAcc><vAcc>0.556944</vAcc></extensions></trkpt>
      <trkpt lon="114.376081" lat="33.669225"><ele>55.849586</ele><time>2026-02-11T23:36:45Z</time><extensions><speed>2.439847</speed><course>344.074383</course><hAcc>1.273053</hAcc><vAcc>0.556944</vAcc></extensions></trkpt>
      <trkpt lon="114.376075" lat="33.669246"><ele>55.935599</ele><time>2026-02-11T23:36:46Z</time><extensions><speed>2.377075</speed><course>346.531083</course><hAcc>1.281344</hAcc><vAcc>0.556944</vAcc></extensions></trkpt>
      <trkpt lon="114.376069" lat="33.669266"><ele>56.021577</ele><time>2026-02-11T23:36:47Z</time><extensions><speed>2.330820</speed><course>347.183910</course><hAcc>1.285654</hAcc><vAcc>0.556944</vAcc></extensions></trkpt>
      <trkpt lon="114.376063" lat="33.669287"><ele>56.108955</ele><time>2026-02-11T23:36:48Z</time><extensions><speed>2.407769</speed><course>347.144641</course><hAcc>1.288251</hAcc><vAcc>0.556944</vAcc></extensions></trkpt>
      <trkpt lon="114.376058" lat="33.669308"><ele>56.199072</ele><time>2026-02-11T23:36:49Z</time><extensions><speed>2.333633</speed><course>347.466567</course><hAcc>1.296922</hAcc><vAcc>0.556944</vAcc></extensions></trkpt>
      <trkpt lon="114.376052" lat="33.669329"><ele>56.293194</ele><time>2026-02-11T23:36:50Z</time><extensions><speed>2.293115</speed><course>348.025987</course><hAcc>1.306807</hAcc><vAcc>0.556944</vAcc></extensions></trkpt>
      <trkpt lon="114.376047" lat="33.669349"><ele>56.392566</ele><time>2026-02-11T23:36:51Z</time><extensions><speed>2.318995</speed><course>346.880735</course><hAcc>1.313973</hAcc><vAcc>0.556944</vAcc></extensions></trkpt>
      <trkpt lon="114.376041" lat="33.669369"><ele>56.498252</ele><time>2026-02-11T23:36:52Z</time><extensions><speed>2.263009</speed><course>346.537726</course><hAcc>1.317549</hAcc><vAcc>0.556944</vAcc></extensions></trkpt>
      <trkpt lon="114.376035" lat="33.669389"><ele>56.611108</ele><time>2026-02-11T23:36:53Z</time><extensions><speed>2.365740</speed><course>346.862654</course><hAcc>1.306864</hAcc><vAcc>0.556944</vAcc></extensions></trkpt>
      <trkpt lon="114.376030" lat="33.669410"><ele>56.731824</ele><time>2026-02-11T23:36:54Z</time><extensions><speed>2.381509</speed><course>348.289324</course><hAcc>1.300814</hAcc><vAcc>0.556944</vAcc></extensions></trkpt>
      <trkpt lon="114.376025" lat="33.669431"><ele>56.860779</ele><time>2026-02-11T23:36:55Z</time><extensions><speed>2.238266</speed><course>349.658616</course><hAcc>1.298162</hAcc><vAcc>0.556944</vAcc></extensions></trkpt>
      <trkpt lon="114.376021" lat="33.669451"><ele>56.998390</ele><time>2026-02-11T23:36:56Z</time><extensions><speed>2.287651</speed><course>350.623691</course><hAcc>1.303245</hAcc><vAcc>0.556944</vAcc></extensions></trkpt>
      <trkpt lon="114.376017" lat="33.669471"><ele>57.144952</ele><time>2026-02-11T23:36:57Z</time><extensions><speed>2.356362</speed><course>352.025119</course><hAcc>1.295479</hAcc><vAcc>0.556944</vAcc></extensions></trkpt>
      <trkpt lon="114.376014" lat="33.669492"><ele>57.300445</ele><time>2026-02-11T23:36:58Z</time><extensions><speed>2.427743</speed><course>352.077018</course><hAcc>1.283949</hAcc><vAcc>0.556944</vAcc></extensions></trkpt>
      <trkpt lon="114.376010" lat="33.669514"><ele>57.464027</ele><time>2026-02-11T23:36:59Z</time><extensions><speed>2.407941</speed><course>350.611774</course><hAcc>1.279692</hAcc><vAcc>0.556944</vAcc></extensions></trkpt>
      <trkpt lon="114.376006" lat="33.669534"><ele>57.634842</ele><time>2026-02-11T23:37:00Z</time><extensions><speed>2.246937</speed><course>349.898203</course><hAcc>1.275372</hAcc><vAcc>0.556944</vAcc></extensions></trkpt>
      <trkpt lon="114.376002" lat="33.669554"><ele>57.811912</ele><time>2026-02-11T23:37:01Z</time><extensions><speed>2.208031</speed><course>350.498608</course><hAcc>1.270496</hAcc><vAcc>0.556944</vAcc></extensions></trkpt>
      <trkpt lon="114.375999" lat="33.669573"><ele>57.994156</ele><time>2026-02-11T23:37:02Z</time><extensions><speed>2.054865</speed><course>354.947157</course><hAcc>1.265490</hAcc><vAcc>0.556944</vAcc></extensions></trkpt>
      <trkpt lon="114.375999" lat="33.669591"><ele>58.180354</ele><time>2026-02-11T23:37:03Z</time><extensions><speed>1.980749</speed><course>2.484014</course><hAcc>1.260084</hAcc><vAcc>0.556944</vAcc></extensions></trkpt>
      <trkpt lon="114.376002" lat="33.669608"><ele>58.367894</ele><time>2026-02-11T23:37:04Z</time><extensions><speed>1.863200</speed><course>14.939161</course><hAcc>1.262758</hAcc><vAcc>0.556944</vAcc></extensions></trkpt>
      <trkpt lon="114.376011" lat="33.669622"><ele>58.554172</ele><time>2026-02-11T23:37:05Z</time><extensions><speed>1.796972</speed><course>41.002319</course><hAcc>1.260986</hAcc><vAcc>0.556944</vAcc></extensions></trkpt>
      <trkpt lon="114.376028" lat="33.669631"><ele>58.736294</ele><time>2026-02-11T23:37:06Z</time><extensions><speed>2.052664</speed><course>70.333774</course><hAcc>1.255103</hAcc><vAcc>0.556944</vAcc></extensions></trkpt>
      <trkpt lon="114.376050" lat="33.669632"><ele>58.911139</ele><time>2026-02-11T23:37:07Z</time><extensions><speed>2.345197</speed><course>100.177019</course><hAcc>1.253304</hAcc><vAcc>0.556944</vAcc></extensions></trkpt>
      <trkpt lon="114.376075" lat="33.669624"><ele>59.075694</ele><time>2026-02-11T23:37:08Z</time><extensions><speed>2.652840</speed><course>122.908935</course><hAcc>1.251722</hAcc><vAcc>0.556944</vAcc></extensions></trkpt>
      <trkpt lon="114.376098" lat="33.669609"><ele>59.227797</ele><time>2026-02-11T23:37:09Z</time><extensions><speed>2.863726</speed><course>133.765018</course><hAcc>1.245801</hAcc><vAcc>0.556944</vAcc></extensions></trkpt>
      <trkpt lon="114.376120" lat="33.669591"><ele>59.365670</ele><time>2026-02-11T23:37:10Z</time><extensions><speed>2.711126</speed><course>134.015132</course><hAcc>1.242492</hAcc><vAcc>0.556944</vAcc></extensions></trkpt>
      <trkpt lon="114.376141" lat="33.669574"><ele>59.488024</ele><time>2026-02-11T23:37:11Z</time><extensions><speed>2.665720</speed><course>134.862950</course><hAcc>1.238223</hAcc><vAcc>0.556944</vAcc></extensions></trkpt>
      <trkpt lon="114.376160" lat="33.669557"><ele>59.594110</ele><time>2026-02-11T23:37:12Z</time><extensions><speed>2.491247</speed><course>137.138549</course><hAcc>1.240062</hAcc><vAcc>0.556944</vAcc></extensions></trkpt>
      <trkpt lon="114.376178" lat="33.669541"><ele>59.683719</ele><time>2026-02-11T23:37:13Z</time><extensions><speed>2.514835</speed><course>136.499458</course><hAcc>1.235967</hAcc><vAcc>0.556944</vAcc></extensions></trkpt>
      <trkpt lon="114.376197" lat="33.669525"><ele>59.757427</ele><time>2026-02-11T23:37:14Z</time><extensions><speed>2.551265</speed><course>135.165724</course><hAcc>1.233121</hAcc><vAcc>0.556944</vAcc></extensions></trkpt>
      <trkpt lon="114.376217" lat="33.669509"><ele>59.816498</ele><time>2026-02-11T23:37:15Z</time><extensions><speed>2.385435</speed><course>132.145747</course><hAcc>1.237100</hAcc><vAcc>0.556945</vAcc></extensions></trkpt>
      <trkpt lon="114.376236" lat="33.669495"><ele>59.862707</ele><time>2026-02-11T23:37:16Z</time><extensions><speed>2.388079</speed><course>129.831487</course><hAcc>1.231228</hAcc><vAcc>0.556944</vAcc></extensions></trkpt>
      <trkpt lon="114.376256" lat="33.669482"><ele>59.898101</ele><time>2026-02-11T23:37:17Z</time><extensions><speed>2.384236</speed><course>126.839509</course><hAcc>1.227851</hAcc><vAcc>0.556944</vAcc></extensions></trkpt>
      <trkpt lon="114.376277" lat="33.669469"><ele>59.924905</ele><time>2026-02-11T23:37:18Z</time><extensions><speed>2.397621</speed><course>125.641358</course><hAcc>1.221493</hAcc><vAcc>0.556944</vAcc></extensions></trkpt>
      <trkpt lon="114.376299" lat="33.669456"><ele>59.945267</ele><time>2026-02-11T23:37:19Z</time><extensions><speed>2.458416</speed><course>125.363335</course><hAcc>1.212513</hAcc><vAcc>0.556944</vAcc></extensions></trkpt>
      <trkpt lon="114.376320" lat="33.669444"><ele>59.961106</ele><time>2026-02-11T23:37:20Z</time><extensions><speed>2.417468</speed><course>124.700846</course><hAcc>1.204520</hAcc><vAcc>0.556944</vAcc></extensions></trkpt>
      <trkpt lon="114.376342" lat="33.669431"><ele>59.973990</ele><time>2026-02-11T23:37:21Z</time><extensions><speed>2.435410</speed><course>124.389174</course><hAcc>1.195891</hAcc><vAcc>0.556945</vAcc></extensions></trkpt>
      <trkpt lon="114.376363" lat="33.669419"><ele>59.985010</ele><time>2026-02-11T23:37:22Z</time><extensions><speed>2.389590</speed><course>125.177964</course><hAcc>1.189851</hAcc><vAcc>0.556945</vAcc></extensions></trkpt>
      <trkpt lon="114.376384" lat="33.669406"><ele>59.994956</ele><time>2026-02-11T23:37:23Z</time><extensions><speed>2.423836</speed><course>125.387295</course><hAcc>1.189854</hAcc><vAcc>0.556944</vAcc></extensions></trkpt>
      <trkpt lon="114.376406" lat="33.669394"><ele>60.004303</ele><time>2026-02-11T23:37:24Z</time><extensions><speed>2.462355</speed><course>124.764029</course><hAcc>1.190610</hAcc><vAcc>0.556945</vAcc></extensions></trkpt>
      <trkpt lon="114.376428" lat="33.669381"><ele>60.013261</ele><time>2026-02-11T23:37:25Z</time><extensions><speed>2.483419</speed><course>123.453876</course><hAcc>1.189655</hAcc><vAcc>0.556945</vAcc></extensions></trkpt>
      <trkpt lon="114.376451" lat="33.669369"><ele>60.021906</ele><time>2026-02-11T23:37:26Z</time><extensions><speed>2.543235</speed><course>122.942615</course><hAcc>1.197047</hAcc><vAcc>0.556945</vAcc></extensions></trkpt>
      <trkpt lon="114.376473" lat="33.669357"><ele>60.030658</ele><time>2026-02-11T23:37:27Z</time><extensions><speed>2.485804</speed><course>121.242761</course><hAcc>1.208583</hAcc><vAcc>0.556945</vAcc></extensions></trkpt>
      <trkpt lon="114.376496" lat="33.669345"><ele>60.039839</ele><time>2026-02-11T23:37:28Z</time><extensions><speed>2.461647</speed><course>120.414874</course><hAcc>1.216988</hAcc><vAcc>0.556945</vAcc></extensions></trkpt>
      <trkpt lon="114.376519" lat="33.669334"><ele>60.049335</ele><time>2026-02-11T23:37:29Z</time><extensions><speed>2.477767</speed><course>121.266891</course><hAcc>1.226871</hAcc><vAcc>0.556945</vAcc></extensions></trkpt>
      <trkpt lon="114.376542" lat="33.669322"><ele>60.058744</ele><time>2026-02-11T23:37:30Z</time><extensions><speed>2.392945</speed><course>123.297133</course><hAcc>1.233183</hAcc><vAcc>0.556945</vAcc></extensions></trkpt>
      <trkpt lon="114.376563" lat="33.669310"><ele>60.067705</ele><time>2026-02-11T23:37:31Z</time><extensions><speed>2.409818</speed><course>124.241432</course><hAcc>1.239511</hAcc><vAcc>0.556945</vAcc></extensions></trkpt>
      <trkpt lon="114.376584" lat="33.669298"><ele>60.075400</ele><time>2026-02-11T23:37:32Z</time><extensions><speed>2.359842</speed><course>125.497363</course><hAcc>1.253900</hAcc><vAcc>0.556945</vAcc></extensions></trkpt>
      <trkpt lon="114.376605" lat="33.669285"><ele>60.081089</ele><time>2026-02-11T23:37:33Z</time><extensions><speed>2.424460</speed><course>126.096542</course><hAcc>1.256826</hAcc><vAcc>0.556945</vAcc></extensions></trkpt>
      <trkpt lon="114.376626" lat="33.669272"><ele>60.084787</ele><time>2026-02-11T23:37:34Z</time><extensions><speed>2.403657</speed><course>125.118479</course><hAcc>1.261519</hAcc><vAcc>0.556944</vAcc></extensions></trkpt>
      <trkpt lon="114.376648" lat="33.669260"><ele>60.087298</ele><time>2026-02-11T23:37:35Z</time><extensions><speed>2.400906</speed><course>121.924726</course><hAcc>1.263327</hAcc><vAcc>0.556945</vAcc></extensions></trkpt>
      <trkpt lon="114.376670" lat="33.669249"><ele>60.089339</ele><time>2026-02-11T23:37:36Z</time><extensions><speed>2.410411</speed><course>120.061998</course><hAcc>1.263625</hAcc><vAcc>0.556945</vAcc></extensions></trkpt>
      <trkpt lon="114.376692" lat="33.669238"><ele>60.090448</ele><time>2026-02-11T23:37:37Z</time><extensions><speed>2.377918</speed><course>121.773687</course><hAcc>1.265115</hAcc><vAcc>0.556945</vAcc></extensions></trkpt>
      <trkpt lon="114.376714" lat="33.669226"><ele>60.090103</ele><time>2026-02-11T23:37:38Z</time><extensions><speed>2.424732</speed><course>124.522131</course><hAcc>1.264399</hAcc><vAcc>0.556944</vAcc></extensions></trkpt>
      <trkpt lon="114.376736" lat="33.669214"><ele>60.087565</ele><time>2026-02-11T23:37:39Z</time><extensions><speed>2.468779</speed><course>124.406031</course><hAcc>1.260693</hAcc><vAcc>0.556945</vAcc></extensions></trkpt>
      <trkpt lon="114.376758" lat="33.669202"><ele>60.081787</ele><time>2026-02-11T23:37:40Z</time><extensions><speed>2.435072</speed><course>121.186567</course><hAcc>1.257832</hAcc><vAcc>0.556945</vAcc></extensions></trkpt>
      <trkpt lon="114.376781" lat="33.669191"><ele>60.071942</ele><time>2026-02-11T23:37:41Z</time><extensions><speed>2.482898</speed><course>118.112638</course><hAcc>1.257305</hAcc><vAcc>0.556944</vAcc></extensions></trkpt>
      <trkpt lon="114.376805" lat="33.669181"><ele>60.058492</ele><time>2026-02-11T23:37:42Z</time><extensions><speed>2.440911</speed><course>116.449454</course><hAcc>1.257904</hAcc><vAcc>0.556945</vAcc></extensions></trkpt>
      <trkpt lon="114.376828" lat="33.669171"><ele>60.042134</ele><time>2026-02-11T23:37:43Z</time><extensions><speed>2.390151</speed><course>115.674911</course><hAcc>1.250099</hAcc><vAcc>0.556945</vAcc></extensions></trkpt>
      <trkpt lon="114.376852" lat="33.669162"><ele>60.023477</ele><time>2026-02-11T23:37:44Z</time><extensions><speed>2.485056</speed><course>114.371010</course><hAcc>1.246386</hAcc><vAcc>0.556944</vAcc></extensions></trkpt>
      <trkpt lon="114.376876" lat="33.669153"><ele>60.002954</ele><time>2026-02-11T23:37:45Z</time><extensions><speed>2.470909</speed><course>114.198117</course><hAcc>1.246943</hAcc><vAcc>0.556944</vAcc></extensions></trkpt>
      <trkpt lon="114.376901" lat="33.669144"><ele>59.980831</ele><time>2026-02-11T23:37:46Z</time><extensions><speed>2.432947</speed><course>112.811551</course><hAcc>1.251318</hAcc><vAcc>0.556944</vAcc></extensions></trkpt>
      <trkpt lon="114.376924" lat="33.669136"><ele>59.957056</ele><time>2026-02-11T23:37:47Z</time><extensions><speed>2.286111</speed><course>110.196871</course><hAcc>1.256165</hAcc><vAcc>0.556944</vAcc></extensions></trkpt>
      <trkpt lon="114.376948" lat="33.669129"><ele>59.931722</ele><time>2026-02-11T23:37:48Z</time><extensions><speed>2.370632</speed><course>109.244516</course><hAcc>1.252312</hAcc><vAcc>0.556945</vAcc></extensions></trkpt>
      <trkpt lon="114.376972" lat="33.669122"><ele>59.905272</ele><time>2026-02-11T23:37:49Z</time><extensions><speed>2.386092</speed><course>109.102718</course><hAcc>1.250354</hAcc><vAcc>0.556944</vAcc></extensions></trkpt>
      <trkpt lon="114.376997" lat="33.669115"><ele>59.878527</ele><time>2026-02-11T23:37:50Z</time><extensions><speed>2.407909</speed><course>107.313806</course><hAcc>1.244843</hAcc><vAcc>0.556944</vAcc></extensions></trkpt>
      <trkpt lon="114.377022" lat="33.669109"><ele>59.852394</ele><time>2026-02-11T23:37:51Z</time><extensions><speed>2.539854</speed><course>104.360484</course><hAcc>1.242688</hAcc><vAcc>0.556944</vAcc></extensions></trkpt>
      <trkpt lon="114.377049" lat="33.669104"><ele>59.827979</ele><time>2026-02-11T23:37:52Z</time><extensions><speed>2.528002</speed><course>101.354125</course><hAcc>1.238505</hAcc><vAcc>0.556944</vAcc></extensions></trkpt>
      <trkpt lon="114.377076" lat="33.669100"><ele>59.806238</ele><time>2026-02-11T23:37:53Z</time><extensions><speed>2.570127</speed><course>99.178309</course><hAcc>1.230347</hAcc><vAcc>0.556944</vAcc></extensions></trkpt>
      <trkpt lon="114.377103" lat="33.669097"><ele>59.787764</ele><time>2026-02-11T23:37:54Z</time><extensions><speed>2.504452</speed><course>96.583451</course><hAcc>1.225186</hAcc><vAcc>0.556944</vAcc></extensions></trkpt>
      <trkpt lon="114.377130" lat="33.669094"><ele>59.772810</ele><time>2026-02-11T23:37:55Z</time><extensions><speed>2.435103</speed><course>95.313381</course><hAcc>1.226270</hAcc><vAcc>0.556944</vAcc></extensions></trkpt>
      <trkpt lon="114.377157" lat="33.669092"><ele>59.761499</ele><time>2026-02-11T23:37:56Z</time><extensions><speed>2.529933</speed><course>95.103153</course><hAcc>1.224537</hAcc><vAcc>0.556944</vAcc></extensions></trkpt>
      <trkpt lon="114.377184" lat="33.669090"><ele>59.753645</ele><time>2026-02-11T23:37:57Z</time><extensions><speed>2.525078</speed><course>95.153719</course><hAcc>1.225143</hAcc><vAcc>0.556944</vAcc></extensions></trkpt>
      <trkpt lon="114.377211" lat="33.669088"><ele>59.748860</ele><time>2026-02-11T23:37:58Z</time><extensions><speed>2.525592</speed><course>95.045490</course><hAcc>1.229240</hAcc><vAcc>0.556944</vAcc></extensions></trkpt>
      <trkpt lon="114.377238" lat="33.669086"><ele>59.746816</ele><time>2026-02-11T23:37:59Z</time><extensions><speed>2.478426</speed><course>95.464850</course><hAcc>1.233937</hAcc><vAcc>0.556943</vAcc></extensions></trkpt>
      <trkpt lon="114.377264" lat="33.669084"><ele>59.747239</ele><time>2026-02-11T23:38:00Z</time><extensions><speed>2.421445</speed><course>96.098896</course><hAcc>1.237603</hAcc><vAcc>0.556943</vAcc></extensions></trkpt>
      <trkpt lon="114.377290" lat="33.669081"><ele>59.749771</ele><time>2026-02-11T23:38:01Z</time><extensions><speed>2.458413</speed><course>97.516680</course><hAcc>1.241862</hAcc><vAcc>0.556943</vAcc></extensions></trkpt>
      <trkpt lon="114.377316" lat="33.669078"><ele>59.754322</ele><time>2026-02-11T23:38:02Z</time><extensions><speed>2.414262</speed><course>97.992967</course><hAcc>1.244216</hAcc><vAcc>0.556943</vAcc></extensions></trkpt>
      <trkpt lon="114.377343" lat="33.669075"><ele>59.761166</ele><time>2026-02-11T23:38:03Z</time><extensions><speed>2.566754</speed><course>98.122092</course><hAcc>1.252254</hAcc><vAcc>0.556943</vAcc></extensions></trkpt>
      <trkpt lon="114.377371" lat="33.669072"><ele>59.770436</ele><time>2026-02-11T23:38:04Z</time><extensions><speed>2.688356</speed><course>98.766471</course><hAcc>1.255645</hAcc><vAcc>0.556942</vAcc></extensions></trkpt>
      <trkpt lon="114.377399" lat="33.669068"><ele>59.781866</ele><time>2026-02-11T23:38:05Z</time><extensions><speed>2.660795</speed><course>99.825876</course><hAcc>1.263046</hAcc><vAcc>0.556942</vAcc></extensions></trkpt>
      <trkpt lon="114.377428" lat="33.669063"><ele>59.795232</ele><time>2026-02-11T23:38:06Z</time><extensions><speed>2.640016</speed><course>101.488178</course><hAcc>1.259714</hAcc><vAcc>0.556942</vAcc></extensions></trkpt>
      <trkpt lon="114.377455" lat="33.669059"><ele>59.810071</ele><time>2026-02-11T23:38:07Z</time><extensions><speed>2.493719</speed><course>101.127508</course><hAcc>1.254015</hAcc><vAcc>0.556941</vAcc></extensions></trkpt>
      <trkpt lon="114.377480" lat="33.669055"><ele>59.825330</ele><time>2026-02-11T23:38:08Z</time><extensions><speed>2.364983</speed><course>101.026665</course><hAcc>1.250281</hAcc><vAcc>0.556941</vAcc></extensions></trkpt>
      <trkpt lon="114.377505" lat="33.669050"><ele>59.840151</ele><time>2026-02-11T23:38:09Z</time><extensions><speed>2.296671</speed><course>101.988251</course><hAcc>1.244044</hAcc><vAcc>0.556941</vAcc></extensions></trkpt>
      <trkpt lon="114.377529" lat="33.669046"><ele>59.854040</ele><time>2026-02-11T23:38:10Z</time><extensions><speed>2.267042</speed><course>101.622273</course><hAcc>1.244944</hAcc><vAcc>0.556941</vAcc></extensions></trkpt>
      <trkpt lon="114.377554" lat="33.669042"><ele>59.866526</ele><time>2026-02-11T23:38:11Z</time><extensions><speed>2.384954</speed><course>100.773713</course><hAcc>1.237704</hAcc><vAcc>0.556941</vAcc></extensions></trkpt>
      <trkpt lon="114.377579" lat="33.669038"><ele>59.877175</ele><time>2026-02-11T23:38:12Z</time><extensions><speed>2.412559</speed><course>99.225110</course><hAcc>1.231524</hAcc><vAcc>0.556941</vAcc></extensions></trkpt>
      <trkpt lon="114.377605" lat="33.669035"><ele>59.885987</ele><time>2026-02-11T23:38:13Z</time><extensions><speed>2.452102</speed><course>98.572613</course><hAcc>1.225878</hAcc><vAcc>0.556941</vAcc></extensions></trkpt>
      <trkpt lon="114.377632" lat="33.669032"><ele>59.892775</ele><time>2026-02-11T23:38:14Z</time><extensions><speed>2.525516</speed><course>98.220948</course><hAcc>1.221292</hAcc><vAcc>0.556941</vAcc></extensions></trkpt>
      <trkpt lon="114.377659" lat="33.669028"><ele>59.897832</ele><time>2026-02-11T23:38:15Z</time><extensions><speed>2.493744</speed><course>98.810296</course><hAcc>1.218974</hAcc><vAcc>0.556941</vAcc></extensions></trkpt>
      <trkpt lon="114.377685" lat="33.669025"><ele>59.901837</ele><time>2026-02-11T23:38:16Z</time><extensions><speed>2.484958</speed><course>100.069782</course><hAcc>1.212316</hAcc><vAcc>0.556941</vAcc></extensions></trkpt>
      <trkpt lon="114.377711" lat="33.669021"><ele>59.905560</ele><time>2026-02-11T23:38:17Z</time><extensions><speed>2.406310</speed><course>100.105259</course><hAcc>1.207416</hAcc><vAcc>0.556941</vAcc></extensions></trkpt>
      <trkpt lon="114.377737" lat="33.669017"><ele>59.908739</ele><time>2026-02-11T23:38:18Z</time><extensions><speed>2.460830</speed><course>99.709850</course><hAcc>1.200679</hAcc><vAcc>0.556942</vAcc></extensions></trkpt>
      <trkpt lon="114.377764" lat="33.669013"><ele>59.911548</ele><time>2026-02-11T23:38:19Z</time><extensions><speed>2.580259</speed><course>101.346029</course><hAcc>1.199869</hAcc><vAcc>0.556942</vAcc></extensions></trkpt>
      <trkpt lon="114.377791" lat="33.669008"><ele>59.913858</ele><time>2026-02-11T23:38:20Z</time><extensions><speed>2.534825</speed><course>102.446488</course><hAcc>1.202504</hAcc><vAcc>0.556942</vAcc></extensions></trkpt>
      <trkpt lon="114.377818" lat="33.669004"><ele>59.915168</ele><time>2026-02-11T23:38:21Z</time><extensions><speed>2.572821</speed><course>100.852544</course><hAcc>1.203278</hAcc><vAcc>0.556942</vAcc></extensions></trkpt>
      <trkpt lon="114.377845" lat="33.669000"><ele>59.914792</ele><time>2026-02-11T23:38:22Z</time><extensions><speed>2.449946</speed><course>96.433725</course><hAcc>1.208298</hAcc><vAcc>0.556942</vAcc></extensions></trkpt>
      <trkpt lon="114.377870" lat="33.668999"><ele>59.912863</ele><time>2026-02-11T23:38:23Z</time><extensions><speed>2.367256</speed><course>91.021901</course><hAcc>1.214823</hAcc><vAcc>0.556942</vAcc></extensions></trkpt>
      <trkpt lon="114.377896" lat="33.668998"><ele>59.909027</ele><time>2026-02-11T23:38:24Z</time><extensions><speed>2.462871</speed><course>94.483027</course><hAcc>1.214701</hAcc><vAcc>0.556942</vAcc></extensions></trkpt>
      <trkpt lon="114.377923" lat="33.668995"><ele>59.902812</ele><time>2026-02-11T23:38:25Z</time><extensions><speed>2.546146</speed><course>96.870909</course><hAcc>1.213266</hAcc><vAcc>0.556943</vAcc></extensions></trkpt>
      <trkpt lon="114.377951" lat="33.668992"><ele>59.893782</ele><time>2026-02-11T23:38:26Z</time><extensions><speed>2.577111</speed><course>100.173929</course><hAcc>1.213166</hAcc><vAcc>0.556943</vAcc></extensions></trkpt>
      <trkpt lon="114.377977" lat="33.668987"><ele>59.881546</ele><time>2026-02-11T23:38:27Z</time><extensions><speed>2.370067</speed><course>103.608283</course><hAcc>1.215211</hAcc><vAcc>0.556943</vAcc></extensions></trkpt>
      <trkpt lon="114.378001" lat="33.668982"><ele>59.865827</ele><time>2026-02-11T23:38:28Z</time><extensions><speed>2.332515</speed><course>104.486624</course><hAcc>1.218510</hAcc><vAcc>0.556943</vAcc></extensions></trkpt>
      <trkpt lon="114.378026" lat="33.668977"><ele>59.846903</ele><time>2026-02-11T23:38:29Z</time><extensions><speed>2.410094</speed><course>103.883631</course><hAcc>1.219551</hAcc><vAcc>0.556943</vAcc></extensions></trkpt>
      <trkpt lon="114.378052" lat="33.668972"><ele>59.825449</ele><time>2026-02-11T23:38:30Z</time><extensions><speed>2.503539</speed><course>101.264217</course><hAcc>1.218673</hAcc><vAcc>0.556943</vAcc></extensions></trkpt>
      <trkpt lon="114.378079" lat="33.668968"><ele>59.802323</ele><time>2026-02-11T23:38:31Z</time><extensions><speed>2.596120</speed><course>98.829359</course><hAcc>1.220016</hAcc><vAcc>0.556943</vAcc></extensions></trkpt>
      <trkpt lon="114.378107" lat="33.668965"><ele>59.778582</ele><time>2026-02-11T23:38:32Z</time><extensions><speed>2.557788</speed><course>97.567537</course><hAcc>1.215456</hAcc><vAcc>0.556943</vAcc></extensions></trkpt>
      <trkpt lon="114.378134" lat="33.668962"><ele>59.755108</ele><time>2026-02-11T23:38:33Z</time><extensions><speed>2.547665</speed><course>97.277812</course><hAcc>1.213438</hAcc><vAcc>0.556943</vAcc></extensions></trkpt>
      <trkpt lon="114.378161" lat="33.668959"><ele>59.732439</ele><time>2026-02-11T23:38:34Z</time><extensions><speed>2.460685</speed><course>97.617851</course><hAcc>1.218174</hAcc><vAcc>0.556943</vAcc></extensions></trkpt>
      <trkpt lon="114.378186" lat="33.668956"><ele>59.710826</ele><time>2026-02-11T23:38:35Z</time><extensions><speed>2.334543</speed><course>96.641846</course><hAcc>1.214120</hAcc><vAcc>0.556943</vAcc></extensions></trkpt>
      <trkpt lon="114.378212" lat="33.668954"><ele>59.690415</ele><time>2026-02-11T23:38:36Z</time><extensions><speed>2.434475</speed><course>96.659931</course><hAcc>1.208005</hAcc><vAcc>0.556943</vAcc></extensions></trkpt>
      <trkpt lon="114.378238" lat="33.668951"><ele>59.671071</ele><time>2026-02-11T23:38:37Z</time><extensions><speed>2.408171</speed><course>97.042264</course><hAcc>1.201869</hAcc><vAcc>0.556944</vAcc></extensions></trkpt>
      <trkpt lon="114.378264" lat="33.668948"><ele>59.652681</ele><time>2026-02-11T23:38:38Z</time><extensions><speed>2.471031</speed><course>99.013474</course><hAcc>1.201112</hAcc><vAcc>0.556944</vAcc></extensions></trkpt>
      <trkpt lon="114.378290" lat="33.668944"><ele>59.635167</ele><time>2026-02-11T23:38:39Z</time><extensions><speed>2.510435</speed><course>100.327821</course><hAcc>1.205159</hAcc><vAcc>0.556944</vAcc></extensions></trkpt>
      <trkpt lon="114.378317" lat="33.668940"><ele>59.618500</ele><time>2026-02-11T23:38:40Z</time><extensions><speed>2.416965</speed><course>100.849171</course><hAcc>1.203271</hAcc><vAcc>0.556944</vAcc></extensions></trkpt>
      <trkpt lon="114.378342" lat="33.668936"><ele>59.602677</ele><time>2026-02-11T23:38:41Z</time><extensions><speed>2.415241</speed><course>101.187551</course><hAcc>1.204648</hAcc><vAcc>0.556944</vAcc></extensions></trkpt>
      <trkpt lon="114.378367" lat="33.668932"><ele>59.587846</ele><time>2026-02-11T23:38:42Z</time><extensions><speed>2.342507</speed><course>100.264672</course><hAcc>1.211916</hAcc><vAcc>0.556944</vAcc></extensions></trkpt>
      <trkpt lon="114.378392" lat="33.668929"><ele>59.574794</ele><time>2026-02-11T23:38:43Z</time><extensions><speed>2.377642</speed><course>98.427073</course><hAcc>1.217130</hAcc><vAcc>0.556944</vAcc></extensions></trkpt>
      <trkpt lon="114.378418" lat="33.668926"><ele>59.564636</ele><time>2026-02-11T23:38:44Z</time><extensions><speed>2.426019</speed><course>97.388113</course><hAcc>1.223221</hAcc><vAcc>0.556944</vAcc></extensions></trkpt>
      <trkpt lon="114.378445" lat="33.668923"><ele>59.558464</ele><time>2026-02-11T23:38:45Z</time><extensions><speed>2.504103</speed><course>95.288157</course><hAcc>1.221493</hAcc><vAcc>0.556944</vAcc></extensions></trkpt>
      <trkpt lon="114.378472" lat="33.668921"><ele>59.557294</ele><time>2026-02-11T23:38:46Z</time><extensions><speed>2.558621</speed><course>94.495212</course><hAcc>1.220219</hAcc><vAcc>0.556944</vAcc></extensions></trkpt>
      <trkpt lon="114.378499" lat="33.668919"><ele>59.562024</ele><time>2026-02-11T23:38:47Z</time><extensions><speed>2.462290</speed><course>95.175895</course><hAcc>1.217164</hAcc><vAcc>0.556944</vAcc></extensions></trkpt>
      <trkpt lon="114.378525" lat="33.668917"><ele>59.572679</ele><time>2026-02-11T23:38:48Z</time><extensions><speed>2.469400</speed><course>96.785532</course><hAcc>1.211992</hAcc><vAcc>0.556944</vAcc></extensions></trkpt>
      <trkpt lon="114.378552" lat="33.668914"><ele>59.588559</ele><time>2026-02-11T23:38:49Z</time><extensions><speed>2.479775</speed><course>98.764719</course><hAcc>1.212207</hAcc><vAcc>0.556944</vAcc></extensions></trkpt>
      <trkpt lon="114.378578" lat="33.668911"><ele>59.608859</ele><time>2026-02-11T23:38:50Z</time><extensions><speed>2.443827</speed><course>98.602733</course><hAcc>1.210394</hAcc><vAcc>0.556944</vAcc></extensions></trkpt>
      <trkpt lon="114.378605" lat="33.668908"><ele>59.632223</ele><time>2026-02-11T23:38:51Z</time><extensions><speed>2.522460</speed><course>97.154810</course><hAcc>1.207450</hAcc><vAcc>0.556944</vAcc></extensions></trkpt>
      <trkpt lon="114.378632" lat="33.668906"><ele>59.657145</ele><time>2026-02-11T23:38:52Z</time><extensions><speed>2.556220</speed><course>91.507674</course><hAcc>1.210142</hAcc><vAcc>0.556944</vAcc></extensions></trkpt>
      <trkpt lon="114.378660" lat="33.668905"><ele>59.682243</ele><time>2026-02-11T23:38:53Z</time><extensions><speed>2.668126</speed><course>91.195820</course><hAcc>1.209956</hAcc><vAcc>0.556944</vAcc></extensions></trkpt>
      <trkpt lon="114.378689" lat="33.668904"><ele>59.706298</ele><time>2026-02-11T23:38:54Z</time><extensions><speed>2.635870</speed><course>93.362949</course><hAcc>1.210484</hAcc><vAcc>0.556944</vAcc></extensions></trkpt>
      <trkpt lon="114.378716" lat="33.668902"><ele>59.727898</ele><time>2026-02-11T23:38:55Z</time><extensions><speed>2.522462</speed><course>96.200143</course><hAcc>1.209112</hAcc><vAcc>0.556944</vAcc></extensions></trkpt>
      <trkpt lon="114.378743" lat="33.668899"><ele>59.745837</ele><time>2026-02-11T23:38:56Z</time><extensions><speed>2.444924</speed><course>100.118009</course><hAcc>1.207462</hAcc><vAcc>0.556944</vAcc></extensions></trkpt>
      <trkpt lon="114.378768" lat="33.668895"><ele>59.759099</ele><time>2026-02-11T23:38:57Z</time><extensions><speed>2.316367</speed><course>102.079739</course><hAcc>1.202614</hAcc><vAcc>0.556944</vAcc></extensions></trkpt>
      <trkpt lon="114.378793" lat="33.668891"><ele>59.766926</ele><time>2026-02-11T23:38:58Z</time><extensions><speed>2.360945</speed><course>102.729057</course><hAcc>1.196863</hAcc><vAcc>0.556944</vAcc></extensions></trkpt>
      <trkpt lon="114.378818" lat="33.668886"><ele>59.768870</ele><time>2026-02-11T23:38:59Z</time><extensions><speed>2.371410</speed><course>101.887282</course><hAcc>1.194517</hAcc><vAcc>0.556944</vAcc></extensions></trkpt>
      <trkpt lon="114.378843" lat="33.668882"><ele>59.765059</ele><time>2026-02-11T23:39:00Z</time><extensions><speed>2.510175</speed><course>102.087788</course><hAcc>1.189687</hAcc><vAcc>0.556944</vAcc></extensions></trkpt>
      <trkpt lon="114.378870" lat="33.668877"><ele>59.756129</ele><time>2026-02-11T23:39:01Z</time><extensions><speed>2.595348</speed><course>101.073440</course><hAcc>1.183293</hAcc><vAcc>0.556944</vAcc></extensions></trkpt>
      <trkpt lon="114.378897" lat="33.668873"><ele>59.743026</ele><time>2026-02-11T23:39:02Z</time><extensions><speed>2.423423</speed><course>97.473485</course><hAcc>1.175724</hAcc><vAcc>0.556944</vAcc></extensions></trkpt>
      <trkpt lon="114.378923" lat="33.668871"><ele>59.726824</ele><time>2026-02-11T23:39:03Z</time><extensions><speed>2.439625</speed><course>94.517242</course><hAcc>1.173348</hAcc><vAcc>0.556944</vAcc></extensions></trkpt>
      <trkpt lon="114.378950" lat="33.668869"><ele>59.708587</ele><time>2026-02-11T23:39:04Z</time><extensions><speed>2.524838</speed><course>93.663397</course><hAcc>1.171532</hAcc><vAcc>0.556944</vAcc></extensions></trkpt>
      <trkpt lon="114.378977" lat="33.668868"><ele>59.689167</ele><time>2026-02-11T23:39:05Z</time><extensions><speed>2.486548</speed><course>94.674817</course><hAcc>1.171206</hAcc><vAcc>0.556944</vAcc></extensions></trkpt>
      <trkpt lon="114.379004" lat="33.668866"><ele>59.669353</ele><time>2026-02-11T23:39:06Z</time><extensions><speed>2.531206</speed><course>95.881651</course><hAcc>1.174927</hAcc><vAcc>0.556944</vAcc></extensions></trkpt>
      <trkpt lon="114.379031" lat="33.668863"><ele>59.649795</ele><time>2026-02-11T23:39:07Z</time><extensions><speed>2.541054</speed><course>94.935721</course><hAcc>1.173796</hAcc><vAcc>0.556944</vAcc></extensions></trkpt>
      <trkpt lon="114.379059" lat="33.668862"><ele>59.630952</ele><time>2026-02-11T23:39:08Z</time><extensions><speed>2.604684</speed><course>93.474506</course><hAcc>1.175676</hAcc><vAcc>0.556944</vAcc></extensions></trkpt>
      <trkpt lon="114.379087" lat="33.668860"><ele>59.612882</ele><time>2026-02-11T23:39:09Z</time><extensions><speed>2.586945</speed><course>93.303687</course><hAcc>1.178643</hAcc><vAcc>0.556944</vAcc></extensions></trkpt>
      <trkpt lon="114.379114" lat="33.668859"><ele>59.595642</ele><time>2026-02-11T23:39:10Z</time><extensions><speed>2.505093</speed><course>94.099052</course><hAcc>1.176423</hAcc><vAcc>0.556944</vAcc></extensions></trkpt>
      <trkpt lon="114.379141" lat="33.668857"><ele>59.579457</ele><time>2026-02-11T23:39:11Z</time><extensions><speed>2.541015</speed><course>93.516345</course><hAcc>1.181909</hAcc><vAcc>0.556944</vAcc></extensions></trkpt>
      <trkpt lon="114.379168" lat="33.668856"><ele>59.564621</ele><time>2026-02-11T23:39:12Z</time><extensions><speed>2.477077</speed><course>92.844984</course><hAcc>1.192349</hAcc><vAcc>0.556944</vAcc></extensions></trkpt>
      <trkpt lon="114.379195" lat="33.668855"><ele>59.551378</ele><time>2026-02-11T23:39:13Z</time><extensions><speed>2.489117</speed><course>92.665505</course><hAcc>1.195313</hAcc><vAcc>0.556944</vAcc></extensions></trkpt>
      <trkpt lon="114.379222" lat="33.668854"><ele>59.540412</ele><time>2026-02-11T23:39:14Z</time><extensions><speed>2.461214</speed><course>92.151210</course><hAcc>1.194127</hAcc><vAcc>0.556944</vAcc></extensions></trkpt>
      <trkpt lon="114.379248" lat="33.668853"><ele>59.532300</ele><time>2026-02-11T23:39:15Z</time><extensions><speed>2.366732</speed><course>92.555427</course><hAcc>1.192138</hAcc><vAcc>0.556944</vAcc></extensions></trkpt>
      <trkpt lon="114.379274" lat="33.668852"><ele>59.527449</ele><time>2026-02-11T23:39:16Z</time><extensions><speed>2.412253</speed><course>93.689126</course><hAcc>1.190482</hAcc><vAcc>0.556944</vAcc></extensions></trkpt>
      <trkpt lon="114.379300" lat="33.668850"><ele>59.526122</ele><time>2026-02-11T23:39:17Z</time><extensions><speed>2.445693</speed><course>96.501553</course><hAcc>1.189193</hAcc><vAcc>0.556944</vAcc></extensions></trkpt>
      <trkpt lon="114.379326" lat="33.668847"><ele>59.528571</ele><time>2026-02-11T23:39:18Z</time><extensions><speed>2.535304</speed><course>97.460977</course><hAcc>1.188904</hAcc><vAcc>0.556944</vAcc></extensions></trkpt>
      <trkpt lon="114.379353" lat="33.668845"><ele>59.534736</ele><time>2026-02-11T23:39:19Z</time><extensions><speed>2.550284</speed><course>96.824743</course><hAcc>1.191275</hAcc><vAcc>0.556944</vAcc></extensions></trkpt>
      <trkpt lon="114.379380" lat="33.668842"><ele>59.544578</ele><time>2026-02-11T23:39:20Z</time><extensions><speed>2.408930</speed><course>94.444681</course><hAcc>1.193598</hAcc><vAcc>0.556944</vAcc></extensions></trkpt>
      <trkpt lon="114.379406" lat="33.668841"><ele>59.557975</ele><time>2026-02-11T23:39:21Z</time><extensions><speed>2.396367</speed><course>90.676639</course><hAcc>1.189250</hAcc><vAcc>0.556944</vAcc></extensions></trkpt>
      <trkpt lon="114.379432" lat="33.668841"><ele>59.574614</ele><time>2026-02-11T23:39:22Z</time><extensions><speed>2.347679</speed><course>88.516602</course><hAcc>1.191050</hAcc><vAcc>0.556944</vAcc></extensions></trkpt>
      <trkpt lon="114.379458" lat="33.668842"><ele>59.594021</ele><time>2026-02-11T23:39:23Z</time><extensions><speed>2.610350</speed><course>91.147162</course><hAcc>1.187968</hAcc><vAcc>0.556944</vAcc></extensions></trkpt>
      <trkpt lon="114.379486" lat="33.668840"><ele>59.615591</ele><time>2026-02-11T23:39:24Z</time><extensions><speed>2.571210</speed><course>95.925604</course><hAcc>1.192089</hAcc><vAcc>0.556944</vAcc></extensions></trkpt>
      <trkpt lon="114.379514" lat="33.668838"><ele>59.638544</ele><time>2026-02-11T23:39:25Z</time><extensions><speed>2.561894</speed><course>95.856399</course><hAcc>1.184522</hAcc><vAcc>0.556944</vAcc></extensions></trkpt>
      <trkpt lon="114.379542" lat="33.668835"><ele>59.662010</ele><time>2026-02-11T23:39:26Z</time><extensions><speed>2.626268</speed><course>95.726501</course><hAcc>1.175520</hAcc><vAcc>0.556944</vAcc></extensions></trkpt>
      <trkpt lon="114.379568" lat="33.668833"><ele>59.685147</ele><time>2026-02-11T23:39:27Z</time><extensions><speed>2.344599</speed><course>96.241106</course><hAcc>1.170193</hAcc><vAcc>0.556944</vAcc></extensions></trkpt>
      <trkpt lon="114.379593" lat="33.668831"><ele>59.707212</ele><time>2026-02-11T23:39:28Z</time><extensions><speed>2.350188</speed><course>96.357396</course><hAcc>1.165220</hAcc><vAcc>0.556944</vAcc></extensions></trkpt>
      <trkpt lon="114.379618" lat="33.668829"><ele>59.727547</ele><time>2026-02-11T23:39:29Z</time><extensions><speed>2.289979</speed><course>93.837280</course><hAcc>1.162137</hAcc><vAcc>0.556944</vAcc></extensions></trkpt>
      <trkpt lon="114.379644" lat="33.668828"><ele>59.745678</ele><time>2026-02-11T23:39:30Z</time><extensions><speed>2.420230</speed><course>90.887768</course><hAcc>1.168143</hAcc><vAcc>0.556944</vAcc></extensions></trkpt>
      <trkpt lon="114.379670" lat="33.668828"><ele>59.761340</ele><time>2026-02-11T23:39:31Z</time><extensions><speed>2.514560</speed><course>90.513194</course><hAcc>1.169195</hAcc><vAcc>0.556944</vAcc></extensions></trkpt>
      <trkpt lon="114.379697" lat="33.668828"><ele>59.774490</ele><time>2026-02-11T23:39:32Z</time><extensions><speed>2.429579</speed><course>89.389732</course><hAcc>1.169447</hAcc><vAcc>0.556944</vAcc></extensions></trkpt>
      <trkpt lon="114.379724" lat="33.668828"><ele>59.785214</ele><time>2026-02-11T23:39:33Z</time><extensions><speed>2.530855</speed><course>88.772987</course><hAcc>1.171132</hAcc><vAcc>0.556944</vAcc></extensions></trkpt>
      <trkpt lon="114.379749" lat="33.668828"><ele>59.793893</ele><time>2026-02-11T23:39:34Z</time><extensions><speed>2.266758</speed><course>89.358730</course><hAcc>1.172536</hAcc><vAcc>0.556944</vAcc></extensions></trkpt>
      <trkpt lon="114.379774" lat="33.668828"><ele>59.801105</ele><time>2026-02-11T23:39:35Z</time><extensions><speed>2.332296</speed><course>91.172254</course><hAcc>1.177186</hAcc><vAcc>0.556944</vAcc></extensions></trkpt>
      <trkpt lon="114.379799" lat="33.668828"><ele>59.807430</ele><time>2026-02-11T23:39:36Z</time><extensions><speed>2.228566</speed><course>92.772477</course><hAcc>1.184834</hAcc><vAcc>0.556944</vAcc></extensions></trkpt>
      <trkpt lon="114.379822" lat="33.668827"><ele>59.812850</ele><time>2026-02-11T23:39:37Z</time><extensions><speed>2.125087</speed><course>92.018761</course><hAcc>1.201629</hAcc><vAcc>0.556944</vAcc></extensions></trkpt>
      <trkpt lon="114.379845" lat="33.668826"><ele>59.817383</ele><time>2026-02-11T23:39:38Z</time><extensions><speed>2.138441</speed><course>92.144172</course><hAcc>1.216514</hAcc><vAcc>0.556944</vAcc></extensions></trkpt>
      <trkpt lon="114.379868" lat="33.668825"><ele>59.820777</ele><time>2026-02-11T23:39:39Z</time><extensions><speed>2.187074</speed><course>92.273493</course><hAcc>1.232224</hAcc><vAcc>0.556944</vAcc></extensions></trkpt>
      <trkpt lon="114.379892" lat="33.668824"><ele>59.822473</ele><time>2026-02-11T23:39:40Z</time><extensions><speed>2.170651</speed><course>93.292383</course><hAcc>1.243048</hAcc><vAcc>0.556944</vAcc></extensions></trkpt>
      <trkpt lon="114.379915" lat="33.668823"><ele>59.821896</ele><time>2026-02-11T23:39:41Z</time><extensions><speed>2.106124</speed><course>93.508292</course><hAcc>1.255276</hAcc><vAcc>0.556944</vAcc></extensions></trkpt>
      <trkpt lon="114.379937" lat="33.668822"><ele>59.818962</ele><time>2026-02-11T23:39:42Z</time><extensions><speed>2.058961</speed><course>94.330497</course><hAcc>1.273188</hAcc><vAcc>0.556944</vAcc></extensions></trkpt>
      <trkpt lon="114.379960" lat="33.668820"><ele>59.813526</ele><time>2026-02-11T23:39:43Z</time><extensions><speed>2.201236</speed><course>97.062213</course><hAcc>1.286095</hAcc><vAcc>0.556944</vAcc></extensions></trkpt>
      <trkpt lon="114.379984" lat="33.668817"><ele>59.805645</ele><time>2026-02-11T23:39:44Z</time><extensions><speed>2.302562</speed><course>97.775763</course><hAcc>1.294759</hAcc><vAcc>0.556944</vAcc></extensions></trkpt>
      <trkpt lon="114.380009" lat="33.668815"><ele>59.795810</ele><time>2026-02-11T23:39:45Z</time><extensions><speed>2.326227</speed><course>97.369191</course><hAcc>1.305897</hAcc><vAcc>0.556944</vAcc></extensions></trkpt>
      <trkpt lon="114.380033" lat="33.668812"><ele>59.784500</ele><time>2026-02-11T23:39:46Z</time><extensions><speed>2.225212</speed><course>98.634780</course><hAcc>1.316100</hAcc><vAcc>0.556944</vAcc></extensions></trkpt>
      <trkpt lon="114.380056" lat="33.668809"><ele>59.772457</ele><time>2026-02-11T23:39:47Z</time><extensions><speed>2.154708</speed><course>99.231400</course><hAcc>1.317684</hAcc><vAcc>0.556944</vAcc></extensions></trkpt>
      <trkpt lon="114.380079" lat="33.668806"><ele>59.760688</ele><time>2026-02-11T23:39:48Z</time><extensions><speed>2.172854</speed><course>99.242465</course><hAcc>1.314255</hAcc><vAcc>0.556944</vAcc></extensions></trkpt>
      <trkpt lon="114.380102" lat="33.668802"><ele>59.750290</ele><time>2026-02-11T23:39:49Z</time><extensions><speed>2.121321</speed><course>99.496009</course><hAcc>1.308739</hAcc><vAcc>0.556944</vAcc></extensions></trkpt>
      <trkpt lon="114.380125" lat="33.668799"><ele>59.742126</ele><time>2026-02-11T23:39:50Z</time><extensions><speed>2.191096</speed><course>101.684554</course><hAcc>1.300796</hAcc><vAcc>0.556944</vAcc></extensions></trkpt>
      <trkpt lon="114.380149" lat="33.668795"><ele>59.737180</ele><time>2026-02-11T23:39:51Z</time><extensions><speed>2.315796</speed><course>99.861534</course><hAcc>1.294015</hAcc><vAcc>0.556944</vAcc></extensions></trkpt>
      <trkpt lon="114.380174" lat="33.668792"><ele>59.735756</ele><time>2026-02-11T23:39:52Z</time><extensions><speed>2.373045</speed><course>98.794411</course><hAcc>1.292249</hAcc><vAcc>0.556944</vAcc></extensions></trkpt>
      <trkpt lon="114.380199" lat="33.668789"><ele>59.737692</ele><time>2026-02-11T23:39:53Z</time><extensions><speed>2.327642</speed><course>96.460430</course><hAcc>1.290456</hAcc><vAcc>0.556944</vAcc></extensions></trkpt>
      <trkpt lon="114.380224" lat="33.668787"><ele>59.742559</ele><time>2026-02-11T23:39:54Z</time><extensions><speed>2.293399</speed><course>96.490935</course><hAcc>1.288957</hAcc><vAcc>0.556944</vAcc></extensions></trkpt>
      <trkpt lon="114.380248" lat="33.668784"><ele>59.749965</ele><time>2026-02-11T23:39:55Z</time><extensions><speed>2.337607</speed><course>99.156781</course><hAcc>1.286463</hAcc><vAcc>0.556944</vAcc></extensions></trkpt>
      <trkpt lon="114.380273" lat="33.668780"><ele>59.759095</ele><time>2026-02-11T23:39:56Z</time><extensions><speed>2.292601</speed><course>100.334706</course><hAcc>1.285751</hAcc><vAcc>0.556944</vAcc></extensions></trkpt>
      <trkpt lon="114.380297" lat="33.668776"><ele>59.768882</ele><time>2026-02-11T23:39:57Z</time><extensions><speed>2.306764</speed><course>102.054418</course><hAcc>1.280069</hAcc><vAcc>0.556944</vAcc></extensions></trkpt>
      <trkpt lon="114.380322" lat="33.668772"><ele>59.778144</ele><time>2026-02-11T23:39:58Z</time><extensions><speed>2.339594</speed><course>99.657572</course><hAcc>1.271881</hAcc><vAcc>0.556944</vAcc></extensions></trkpt>
      <trkpt lon="114.380347" lat="33.668768"><ele>59.785702</ele><time>2026-02-11T23:39:59Z</time><extensions><speed>2.312197</speed><course>100.951504</course><hAcc>1.266292</hAcc><vAcc>0.556944</vAcc></extensions></trkpt>
      <trkpt lon="114.380372" lat="33.668765"><ele>59.790110</ele><time>2026-02-11T23:40:00Z</time><extensions><speed>2.347943</speed><course>99.886149</course><hAcc>1.253597</hAcc><vAcc>0.556944</vAcc></extensions></trkpt>
      <trkpt lon="114.380397" lat="33.668761"><ele>59.790276</ele><time>2026-02-11T23:40:01Z</time><extensions><speed>2.362228</speed><course>98.317534</course><hAcc>1.234301</hAcc><vAcc>0.556944</vAcc></extensions></trkpt>
      <trkpt lon="114.380424" lat="33.668759"><ele>59.785490</ele><time>2026-02-11T23:40:02Z</time><extensions><speed>2.537023</speed><course>95.713235</course><hAcc>1.200826</hAcc><vAcc>0.556944</vAcc></extensions></trkpt>
      <trkpt lon="114.380452" lat="33.668757"><ele>59.775413</ele><time>2026-02-11T23:40:03Z</time><extensions><speed>2.552888</speed><course>90.864124</course><hAcc>1.162545</hAcc><vAcc>0.556944</vAcc></extensions></trkpt>
      <trkpt lon="114.380477" lat="33.668758"><ele>59.759979</ele><time>2026-02-11T23:40:04Z</time><extensions><speed>2.144896</speed><course>84.142447</course><hAcc>1.151031</hAcc><vAcc>0.556943</vAcc></extensions></trkpt>
      <trkpt lon="114.380499" lat="33.668761"><ele>59.739787</ele><time>2026-02-11T23:40:05Z</time><extensions><speed>1.896234</speed><course>78.844314</course><hAcc>1.146893</hAcc><vAcc>0.556943</vAcc></extensions></trkpt>
      <trkpt lon="114.380520" lat="33.668762"><ele>59.715435</ele><time>2026-02-11T23:40:06Z</time><extensions><speed>1.961817</speed><course>89.101009</course><hAcc>1.138304</hAcc><vAcc>0.556943</vAcc></extensions></trkpt>
      <trkpt lon="114.380542" lat="33.668761"><ele>59.687456</ele><time>2026-02-11T23:40:07Z</time><extensions><speed>2.077649</speed><course>97.088092</course><hAcc>1.130796</hAcc><vAcc>0.556943</vAcc></extensions></trkpt>
      <trkpt lon="114.380565" lat="33.668759"><ele>59.656317</ele><time>2026-02-11T23:40:08Z</time><extensions><speed>2.134096</speed><course>99.835903</course><hAcc>1.135520</hAcc><vAcc>0.556943</vAcc></extensions></trkpt>
      <trkpt lon="114.380587" lat="33.668755"><ele>59.622536</ele><time>2026-02-11T23:40:09Z</time><extensions><speed>2.185225</speed><course>102.368497</course><hAcc>1.153036</hAcc><vAcc>0.556942</vAcc></extensions></trkpt>
      <trkpt lon="114.380611" lat="33.668751"><ele>59.586909</ele><time>2026-02-11T23:40:10Z</time><extensions><speed>2.194260</speed><course>97.978672</course><hAcc>1.182166</hAcc><vAcc>0.556942</vAcc></extensions></trkpt>
      <trkpt lon="114.380634" lat="33.668749"><ele>59.550360</ele><time>2026-02-11T23:40:11Z</time><extensions><speed>2.147199</speed><course>95.819268</course><hAcc>1.220928</hAcc><vAcc>0.556942</vAcc></extensions></trkpt>
      <trkpt lon="114.380660" lat="33.668747"><ele>59.513836</ele><time>2026-02-11T23:40:12Z</time><extensions><speed>2.654353</speed><course>93.644028</course><hAcc>1.224495</hAcc><vAcc>0.556941</vAcc></extensions></trkpt>
      <trkpt lon="114.380690" lat="33.668745"><ele>59.478185</ele><time>2026-02-11T23:40:13Z</time><extensions><speed>3.052604</speed><course>94.791693</course><hAcc>1.247731</hAcc><vAcc>0.556941</vAcc></extensions></trkpt>
      <trkpt lon="114.380724" lat="33.668742"><ele>59.444166</ele><time>2026-02-11T23:40:14Z</time><extensions><speed>3.244288</speed><course>97.105378</course><hAcc>1.277076</hAcc><vAcc>0.556941</vAcc></extensions></trkpt>
      <trkpt lon="114.380759" lat="33.668739"><ele>59.412623</ele><time>2026-02-11T23:40:15Z</time><extensions><speed>3.235082</speed><course>97.418808</course><hAcc>1.297823</hAcc><vAcc>0.556941</vAcc></extensions></trkpt>
      <trkpt lon="114.380792" lat="33.668735"><ele>59.384245</ele><time>2026-02-11T23:40:16Z</time><extensions><speed>2.939628</speed><course>97.193577</course><hAcc>1.307489</hAcc><vAcc>0.556940</vAcc></extensions></trkpt>
      <trkpt lon="114.380823" lat="33.668732"><ele>59.359480</ele><time>2026-02-11T23:40:17Z</time><extensions><speed>2.856682</speed><course>96.572000</course><hAcc>1.316701</hAcc><vAcc>0.556940</vAcc></extensions></trkpt>
      <trkpt lon="114.380853" lat="33.668729"><ele>59.338486</ele><time>2026-02-11T23:40:18Z</time><extensions><speed>2.869493</speed><course>95.916280</course><hAcc>1.321722</hAcc><vAcc>0.556940</vAcc></extensions></trkpt>
      <trkpt lon="114.380884" lat="33.668727"><ele>59.321330</ele><time>2026-02-11T23:40:19Z</time><extensions><speed>2.804462</speed><course>93.984149</course><hAcc>1.326040</hAcc><vAcc>0.556940</vAcc></extensions></trkpt>
      <trkpt lon="114.380914" lat="33.668725"><ele>59.308008</ele><time>2026-02-11T23:40:20Z</time><extensions><speed>2.766967</speed><course>92.645062</course><hAcc>1.331279</hAcc><vAcc>0.556940</vAcc></extensions></trkpt>
      <trkpt lon="114.380943" lat="33.668724"><ele>59.298437</ele><time>2026-02-11T23:40:21Z</time><extensions><speed>2.650772</speed><course>92.402911</course><hAcc>1.334230</hAcc><vAcc>0.556940</vAcc></extensions></trkpt>
      <trkpt lon="114.380970" lat="33.668723"><ele>59.292456</ele><time>2026-02-11T23:40:22Z</time><extensions><speed>2.461761</speed><course>92.578679</course><hAcc>1.333750</hAcc><vAcc>0.556940</vAcc></extensions></trkpt>
      <trkpt lon="114.380997" lat="33.668723"><ele>59.289820</ele><time>2026-02-11T23:40:23Z</time><extensions><speed>2.586371</speed><course>91.841237</course><hAcc>1.333289</hAcc><vAcc>0.556941</vAcc></extensions></trkpt>
      <trkpt lon="114.381025" lat="33.668722"><ele>59.290250</ele><time>2026-02-11T23:40:24Z</time><extensions><speed>2.630195</speed><course>90.189459</course><hAcc>1.331328</hAcc><vAcc>0.556941</vAcc></extensions></trkpt>
      <trkpt lon="114.381054" lat="33.668722"><ele>59.293429</ele><time>2026-02-11T23:40:25Z</time><extensions><speed>2.747970</speed><course>90.707846</course><hAcc>1.323462</hAcc><vAcc>0.556941</vAcc></extensions></trkpt>
      <trkpt lon="114.381084" lat="33.668722"><ele>59.298985</ele><time>2026-02-11T23:40:26Z</time><extensions><speed>2.728429</speed><course>90.815604</course><hAcc>1.322202</hAcc><vAcc>0.556941</vAcc></extensions></trkpt>
      <trkpt lon="114.381113" lat="33.668721"><ele>59.306505</ele><time>2026-02-11T23:40:27Z</time><extensions><speed>2.660935</speed><course>92.244690</course><hAcc>1.316361</hAcc><vAcc>0.556941</vAcc></extensions></trkpt>
      <trkpt lon="114.381142" lat="33.668720"><ele>59.315208</ele><time>2026-02-11T23:40:28Z</time><extensions><speed>2.765182</speed><course>94.887699</course><hAcc>1.316454</hAcc><vAcc>0.556941</vAcc></extensions></trkpt>
      <trkpt lon="114.381171" lat="33.668718"><ele>59.324377</ele><time>2026-02-11T23:40:29Z</time><extensions><speed>2.682786</speed><course>94.103062</course><hAcc>1.321932</hAcc><vAcc>0.556942</vAcc></extensions></trkpt>
      <trkpt lon="114.381200" lat="33.668716"><ele>59.333379</ele><time>2026-02-11T23:40:30Z</time><extensions><speed>2.594122</speed><course>91.523815</course><hAcc>1.328647</hAcc><vAcc>0.556942</vAcc></extensions></trkpt>
      <trkpt lon="114.381227" lat="33.668716"><ele>59.341656</ele><time>2026-02-11T23:40:31Z</time><extensions><speed>2.534573</speed><course>89.844163</course><hAcc>1.336389</hAcc><vAcc>0.556942</vAcc></extensions></trkpt>
      <trkpt lon="114.381254" lat="33.668717"><ele>59.348689</ele><time>2026-02-11T23:40:32Z</time><extensions><speed>2.408405</speed><course>88.045500</course><hAcc>1.343430</hAcc><vAcc>0.556942</vAcc></extensions></trkpt>
      <trkpt lon="114.381281" lat="33.668718"><ele>59.354447</ele><time>2026-02-11T23:40:33Z</time><extensions><speed>2.531195</speed><course>87.167989</course><hAcc>1.353161</hAcc><vAcc>0.556942</vAcc></extensions></trkpt>
      <trkpt lon="114.381308" lat="33.668719"><ele>59.358973</ele><time>2026-02-11T23:40:34Z</time><extensions><speed>2.588443</speed><course>87.215685</course><hAcc>1.366234</hAcc><vAcc>0.556942</vAcc></extensions></trkpt>
      <trkpt lon="114.381336" lat="33.668720"><ele>59.362233</ele><time>2026-02-11T23:40:35Z</time><extensions><speed>2.543593</speed><course>88.155741</course><hAcc>1.371559</hAcc><vAcc>0.556942</vAcc></extensions></trkpt>
      <trkpt lon="114.381364" lat="33.668720"><ele>59.364031</ele><time>2026-02-11T23:40:36Z</time><extensions><speed>2.691211</speed><course>88.701548</course><hAcc>1.375417</hAcc><vAcc>0.556942</vAcc></extensions></trkpt>
      <trkpt lon="114.381393" lat="33.668721"><ele>59.364289</ele><time>2026-02-11T23:40:37Z</time><extensions><speed>2.657395</speed><course>86.534858</course><hAcc>1.381447</hAcc><vAcc>0.556943</vAcc></extensions></trkpt>
      <trkpt lon="114.381421" lat="33.668723"><ele>59.363063</ele><time>2026-02-11T23:40:38Z</time><extensions><speed>2.628779</speed><course>84.733101</course><hAcc>1.383090</hAcc><vAcc>0.556943</vAcc></extensions></trkpt>
      <trkpt lon="114.381449" lat="33.668725"><ele>59.360537</ele><time>2026-02-11T23:40:39Z</time><extensions><speed>2.642505</speed><course>86.176320</course><hAcc>1.379179</hAcc><vAcc>0.556943</vAcc></extensions></trkpt>
      <trkpt lon="114.381477" lat="33.668726"><ele>59.356977</ele><time>2026-02-11T23:40:40Z</time><extensions><speed>2.537675</speed><course>87.175912</course><hAcc>1.377332</hAcc><vAcc>0.556943</vAcc></extensions></trkpt>
      <trkpt lon="114.381505" lat="33.668727"><ele>59.352682</ele><time>2026-02-11T23:40:41Z</time><extensions><speed>2.620559</speed><course>89.315420</course><hAcc>1.377361</hAcc><vAcc>0.556943</vAcc></extensions></trkpt>
      <trkpt lon="114.381533" lat="33.668727"><ele>59.347895</ele><time>2026-02-11T23:40:42Z</time><extensions><speed>2.642483</speed><course>90.410917</course><hAcc>1.374995</hAcc><vAcc>0.556943</vAcc></extensions></trkpt>
      <trkpt lon="114.381561" lat="33.668727"><ele>59.342601</ele><time>2026-02-11T23:40:43Z</time><extensions><speed>2.588558</speed><course>91.467173</course><hAcc>1.361883</hAcc><vAcc>0.556943</vAcc></extensions></trkpt>
      <trkpt lon="114.381589" lat="33.668726"><ele>59.336615</ele><time>2026-02-11T23:40:44Z</time><extensions><speed>2.545161</speed><course>92.518568</course><hAcc>1.351113</hAcc><vAcc>0.556943</vAcc></extensions></trkpt>
      <trkpt lon="114.381616" lat="33.668725"><ele>59.329684</ele><time>2026-02-11T23:40:45Z</time><extensions><speed>2.415341</speed><course>94.066735</course><hAcc>1.344634</hAcc><vAcc>0.556943</vAcc></extensions></trkpt>
      <trkpt lon="114.381642" lat="33.668723"><ele>59.321556</ele><time>2026-02-11T23:40:46Z</time><extensions><speed>2.455869</speed><course>95.396908</course><hAcc>1.335679</hAcc><vAcc>0.556943</vAcc></extensions></trkpt>
      <trkpt lon="114.381669" lat="33.668721"><ele>59.312028</ele><time>2026-02-11T23:40:47Z</time><extensions><speed>2.540467</speed><course>93.898789</course><hAcc>1.326242</hAcc><vAcc>0.556943</vAcc></extensions></trkpt>
      <trkpt lon="114.381696" lat="33.668720"><ele>59.301336</ele><time>2026-02-11T23:40:48Z</time><extensions><speed>2.537819</speed><course>90.703218</course><hAcc>1.320341</hAcc><vAcc>0.556943</vAcc></extensions></trkpt>
      <trkpt lon="114.381724" lat="33.668720"><ele>59.289969</ele><time>2026-02-11T23:40:49Z</time><extensions><speed>2.764860</speed><course>89.359250</course><hAcc>1.313987</hAcc><vAcc>0.556943</vAcc></extensions></trkpt>
      <trkpt lon="114.381754" lat="33.668721"><ele>59.278411</ele><time>2026-02-11T23:40:50Z</time><extensions><speed>2.752617</speed><course>87.540728</course><hAcc>1.311170</hAcc><vAcc>0.556943</vAcc></extensions></trkpt>
      <trkpt lon="114.381784" lat="33.668722"><ele>59.266907</ele><time>2026-02-11T23:40:51Z</time><extensions><speed>2.789746</speed><course>86.335044</course><hAcc>1.310004</hAcc><vAcc>0.556944</vAcc></extensions></trkpt>
      <trkpt lon="114.381814" lat="33.668724"><ele>59.255754</ele><time>2026-02-11T23:40:52Z</time><extensions><speed>2.781030</speed><course>86.404108</course><hAcc>1.313922</hAcc><vAcc>0.556944</vAcc></extensions></trkpt>
      <trkpt lon="114.381843" lat="33.668725"><ele>59.245297</ele><time>2026-02-11T23:40:53Z</time><extensions><speed>2.554791</speed><course>86.139821</course><hAcc>1.319095</hAcc><vAcc>0.556944</vAcc></extensions></trkpt>
      <trkpt lon="114.381869" lat="33.668727"><ele>59.235923</ele><time>2026-02-11T23:40:54Z</time><extensions><speed>2.443060</speed><course>87.056100</course><hAcc>1.320137</hAcc><vAcc>0.556944</vAcc></extensions></trkpt>
      <trkpt lon="114.381895" lat="33.668727"><ele>59.228035</ele><time>2026-02-11T23:40:55Z</time><extensions><speed>2.376385</speed><course>88.294273</course><hAcc>1.324286</hAcc><vAcc>0.556944</vAcc></extensions></trkpt>
      <trkpt lon="114.381921" lat="33.668727"><ele>59.221840</ele><time>2026-02-11T23:40:56Z</time><extensions><speed>2.421548</speed><course>91.972042</course><hAcc>1.332220</hAcc><vAcc>0.556944</vAcc></extensions></trkpt>
      <trkpt lon="114.381948" lat="33.668726"><ele>59.217459</ele><time>2026-02-11T23:40:57Z</time><extensions><speed>2.551749</speed><course>95.751288</course><hAcc>1.337249</hAcc><vAcc>0.556944</vAcc></extensions></trkpt>
      <trkpt lon="114.381975" lat="33.668724"><ele>59.214799</ele><time>2026-02-11T23:40:58Z</time><extensions><speed>2.531354</speed><course>95.619363</course><hAcc>1.336699</hAcc><vAcc>0.556944</vAcc></extensions></trkpt>
      <trkpt lon="114.382002" lat="33.668722"><ele>59.213494</ele><time>2026-02-11T23:40:59Z</time><extensions><speed>2.571012</speed><course>93.991794</course><hAcc>1.333537</hAcc><vAcc>0.556944</vAcc></extensions></trkpt>
      <trkpt lon="114.382030" lat="33.668720"><ele>59.213019</ele><time>2026-02-11T23:41:00Z</time><extensions><speed>2.528069</speed><course>93.943001</course><hAcc>1.332447</hAcc><vAcc>0.556944</vAcc></extensions></trkpt>
      <trkpt lon="114.382057" lat="33.668719"><ele>59.212842</ele><time>2026-02-11T23:41:01Z</time><extensions><speed>2.589430</speed><course>93.692691</course><hAcc>1.327980</hAcc><vAcc>0.556944</vAcc></extensions></trkpt>
      <trkpt lon="114.382085" lat="33.668717"><ele>59.212437</ele><time>2026-02-11T23:41:02Z</time><extensions><speed>2.621756</speed><course>92.679946</course><hAcc>1.319197</hAcc><vAcc>0.556944</vAcc></extensions></trkpt>
      <trkpt lon="114.382113" lat="33.668717"><ele>59.211381</ele><time>2026-02-11T23:41:03Z</time><extensions><speed>2.466853</speed><course>91.299385</course><hAcc>1.311710</hAcc><vAcc>0.556944</vAcc></extensions></trkpt>
      <trkpt lon="114.382140" lat="33.668716"><ele>59.209442</ele><time>2026-02-11T23:41:04Z</time><extensions><speed>2.567311</speed><course>90.520331</course><hAcc>1.304583</hAcc><vAcc>0.556944</vAcc></extensions></trkpt>
      <trkpt lon="114.382167" lat="33.668716"><ele>59.206457</ele><time>2026-02-11T23:41:05Z</time><extensions><speed>2.513153</speed><course>89.850282</course><hAcc>1.299761</hAcc><vAcc>0.556944</vAcc></extensions></trkpt>
      <trkpt lon="114.382194" lat="33.668716"><ele>59.203257</ele><time>2026-02-11T23:41:06Z</time><extensions><speed>2.454186</speed><course>90.804994</course><hAcc>1.289213</hAcc><vAcc>0.556944</vAcc></extensions></trkpt>
      <trkpt lon="114.382221" lat="33.668715"><ele>59.201003</ele><time>2026-02-11T23:41:07Z</time><extensions><speed>2.639416</speed><course>92.425537</course><hAcc>1.283393</hAcc><vAcc>0.556944</vAcc></extensions></trkpt>
      <trkpt lon="114.382250" lat="33.668714"><ele>59.200786</ele><time>2026-02-11T23:41:08Z</time><extensions><speed>2.600526</speed><course>92.566269</course><hAcc>1.286179</hAcc><vAcc>0.556944</vAcc></extensions></trkpt>
      <trkpt lon="114.382278" lat="33.668713"><ele>59.203176</ele><time>2026-02-11T23:41:09Z</time><extensions><speed>2.650698</speed><course>94.286349</course><hAcc>1.288712</hAcc><vAcc>0.556944</vAcc></extensions></trkpt>
      <trkpt lon="114.382306" lat="33.668711"><ele>59.208859</ele><time>2026-02-11T23:41:10Z</time><extensions><speed>2.671245</speed><course>92.778457</course><hAcc>1.286383</hAcc><vAcc>0.556944</vAcc></extensions></trkpt>
      <trkpt lon="114.382334" lat="33.668711"><ele>59.217689</ele><time>2026-02-11T23:41:11Z</time><extensions><speed>2.551487</speed><course>88.993900</course><hAcc>1.286757</hAcc><vAcc>0.556944</vAcc></extensions></trkpt>
      <trkpt lon="114.382362" lat="33.668712"><ele>59.229099</ele><time>2026-02-11T23:41:12Z</time><extensions><speed>2.483092</speed><course>86.130495</course><hAcc>1.283234</hAcc><vAcc>0.556944</vAcc></extensions></trkpt>
      <trkpt lon="114.382388" lat="33.668714"><ele>59.242424</ele><time>2026-02-11T23:41:13Z</time><extensions><speed>2.453659</speed><course>85.474701</course><hAcc>1.283910</hAcc><vAcc>0.556944</vAcc></extensions></trkpt>
      <trkpt lon="114.382415" lat="33.668716"><ele>59.256961</ele><time>2026-02-11T23:41:14Z</time><extensions><speed>2.541015</speed><course>83.467377</course><hAcc>1.277351</hAcc><vAcc>0.556944</vAcc></extensions></trkpt>
      <trkpt lon="114.382443" lat="33.668719"><ele>59.271699</ele><time>2026-02-11T23:41:15Z</time><extensions><speed>2.734720</speed><course>80.630954</course><hAcc>1.274431</hAcc><vAcc>0.556944</vAcc></extensions></trkpt>
      <trkpt lon="114.382472" lat="33.668724"><ele>59.285862</ele><time>2026-02-11T23:41:16Z</time><extensions><speed>2.735580</speed><course>77.059648</course><hAcc>1.274372</hAcc><vAcc>0.556944</vAcc></extensions></trkpt>
      <trkpt lon="114.382501" lat="33.668729"><ele>59.298751</ele><time>2026-02-11T23:41:17Z</time><extensions><speed>2.836952</speed><course>78.088345</course><hAcc>1.270929</hAcc><vAcc>0.556944</vAcc></extensions></trkpt>
      <trkpt lon="114.382531" lat="33.668734"><ele>59.309498</ele><time>2026-02-11T23:41:18Z</time><extensions><speed>2.829902</speed><course>82.443319</course><hAcc>1.270728</hAcc><vAcc>0.556944</vAcc></extensions></trkpt>
      <trkpt lon="114.382561" lat="33.668736"><ele>59.316967</ele><time>2026-02-11T23:41:19Z</time><extensions><speed>2.689514</speed><course>85.648511</course><hAcc>1.265608</hAcc><vAcc>0.556944</vAcc></extensions></trkpt>
      <trkpt lon="114.382589" lat="33.668737"><ele>59.320412</ele><time>2026-02-11T23:41:20Z</time><extensions><speed>2.568601</speed><course>91.242118</course><hAcc>1.259805</hAcc><vAcc>0.556944</vAcc></extensions></trkpt>
      <trkpt lon="114.382617" lat="33.668736"><ele>59.319515</ele><time>2026-02-11T23:41:21Z</time><extensions><speed>2.517427</speed><course>94.327221</course><hAcc>1.252910</hAcc><vAcc>0.556944</vAcc></extensions></trkpt>
      <trkpt lon="114.382645" lat="33.668734"><ele>59.314420</ele><time>2026-02-11T23:41:22Z</time><extensions><speed>2.693245</speed><course>94.677778</course><hAcc>1.238524</hAcc><vAcc>0.556944</vAcc></extensions></trkpt>
      <trkpt lon="114.382674" lat="33.668732"><ele>59.305703</ele><time>2026-02-11T23:41:23Z</time><extensions><speed>2.726326</speed><course>92.922898</course><hAcc>1.231758</hAcc><vAcc>0.556944</vAcc></extensions></trkpt>
      <trkpt lon="114.382703" lat="33.668731"><ele>59.294095</ele><time>2026-02-11T23:41:24Z</time><extensions><speed>2.614907</speed><course>92.081407</course><hAcc>1.232545</hAcc><vAcc>0.556944</vAcc></extensions></trkpt>
      <trkpt lon="114.382730" lat="33.668730"><ele>59.280345</ele><time>2026-02-11T23:41:25Z</time><extensions><speed>2.578380</speed><course>92.925013</course><hAcc>1.231241</hAcc><vAcc>0.556944</vAcc></extensions></trkpt>
      <trkpt lon="114.382758" lat="33.668729"><ele>59.265132</ele><time>2026-02-11T23:41:26Z</time><extensions><speed>2.529734</speed><course>92.735110</course><hAcc>1.230962</hAcc><vAcc>0.556944</vAcc></extensions></trkpt>
      <trkpt lon="114.382786" lat="33.668728"><ele>59.249003</ele><time>2026-02-11T23:41:27Z</time><extensions><speed>2.616597</speed><course>91.624344</course><hAcc>1.234959</hAcc><vAcc>0.556944</vAcc></extensions></trkpt>
      <trkpt lon="114.382814" lat="33.668728"><ele>59.232246</ele><time>2026-02-11T23:41:28Z</time><extensions><speed>2.726091</speed><course>90.222913</course><hAcc>1.238927</hAcc><vAcc>0.556944</vAcc></extensions></trkpt>
      <trkpt lon="114.382844" lat="33.668728"><ele>59.214958</ele><time>2026-02-11T23:41:29Z</time><extensions><speed>2.692795</speed><course>89.579467</course><hAcc>1.243494</hAcc><vAcc>0.556944</vAcc></extensions></trkpt>
      <trkpt lon="114.382872" lat="33.668728"><ele>59.197192</ele><time>2026-02-11T23:41:30Z</time><extensions><speed>2.615984</speed><course>88.949379</course><hAcc>1.245588</hAcc><vAcc>0.556944</vAcc></extensions></trkpt>
      <trkpt lon="114.382901" lat="33.668729"><ele>59.179066</ele><time>2026-02-11T23:41:31Z</time><extensions><speed>2.657924</speed><course>89.642062</course><hAcc>1.248975</hAcc><vAcc>0.556944</vAcc></extensions></trkpt>
      <trkpt lon="114.382929" lat="33.668729"><ele>59.160845</ele><time>2026-02-11T23:41:32Z</time><extensions><speed>2.619446</speed><course>88.588102</course><hAcc>1.249029</hAcc><vAcc>0.556944</vAcc></extensions></trkpt>
      <trkpt lon="114.382957" lat="33.668730"><ele>59.142823</ele><time>2026-02-11T23:41:33Z</time><extensions><speed>2.652987</speed><course>87.554799</course><hAcc>1.250306</hAcc><vAcc>0.556944</vAcc></extensions></trkpt>
      <trkpt lon="114.382986" lat="33.668731"><ele>59.125247</ele><time>2026-02-11T23:41:34Z</time><extensions><speed>2.612099</speed><course>88.177213</course><hAcc>1.255960</hAcc><vAcc>0.556944</vAcc></extensions></trkpt>
      <trkpt lon="114.383014" lat="33.668731"><ele>59.108328</ele><time>2026-02-11T23:41:35Z</time><extensions><speed>2.582354</speed><course>89.082480</course><hAcc>1.258021</hAcc><vAcc>0.556943</vAcc></extensions></trkpt>
      <trkpt lon="114.383042" lat="33.668731"><ele>59.092307</ele><time>2026-02-11T23:41:36Z</time><extensions><speed>2.688161</speed><course>90.974586</course><hAcc>1.257963</hAcc><vAcc>0.556941</vAcc></extensions></trkpt>
      <trkpt lon="114.383070" lat="33.668731"><ele>59.077554</ele><time>2026-02-11T23:41:37Z</time><extensions><speed>2.519014</speed><course>89.973815</course><hAcc>1.254319</hAcc><vAcc>0.556939</vAcc></extensions></trkpt>
      <trkpt lon="114.383097" lat="33.668731"><ele>59.064361</ele><time>2026-02-11T23:41:38Z</time><extensions><speed>2.500647</speed><course>88.428444</course><hAcc>1.251316</hAcc><vAcc>0.556937</vAcc></extensions></trkpt>
      <trkpt lon="114.383125" lat="33.668732"><ele>59.052871</ele><time>2026-02-11T23:41:39Z</time><extensions><speed>2.600589</speed><course>88.801033</course><hAcc>1.246963</hAcc><vAcc>0.556933</vAcc></extensions></trkpt>
      <trkpt lon="114.383152" lat="33.668732"><ele>59.043132</ele><time>2026-02-11T23:41:40Z</time><extensions><speed>2.494162</speed><course>89.764848</course><hAcc>1.245435</hAcc><vAcc>0.556929</vAcc></extensions></trkpt>
      <trkpt lon="114.383179" lat="33.668732"><ele>59.035158</ele><time>2026-02-11T23:41:41Z</time><extensions><speed>2.527998</speed><course>91.828537</course><hAcc>1.245616</hAcc><vAcc>0.556924</vAcc></extensions></trkpt>
      <trkpt lon="114.383206" lat="33.668731"><ele>59.029011</ele><time>2026-02-11T23:41:42Z</time><extensions><speed>2.470354</speed><course>93.841152</course><hAcc>1.248523</hAcc><vAcc>0.556918</vAcc></extensions></trkpt>
      <trkpt lon="114.383232" lat="33.668729"><ele>59.024692</ele><time>2026-02-11T23:41:43Z</time><extensions><speed>2.398977</speed><course>95.311351</course><hAcc>1.247338</hAcc><vAcc>0.556909</vAcc></extensions></trkpt>
      <trkpt lon="114.383259" lat="33.668727"><ele>59.022070</ele><time>2026-02-11T23:41:44Z</time><extensions><speed>2.576945</speed><course>95.751308</course><hAcc>1.242090</hAcc><vAcc>0.556908</vAcc></extensions></trkpt>
      <trkpt lon="114.383286" lat="33.668725"><ele>59.020771</ele><time>2026-02-11T23:41:45Z</time><extensions><speed>2.487301</speed><course>94.439541</course><hAcc>1.237228</hAcc><vAcc>0.556918</vAcc></extensions></trkpt>
      <trkpt lon="114.383313" lat="33.668723"><ele>59.020510</ele><time>2026-02-11T23:41:46Z</time><extensions><speed>2.478155</speed><course>93.360081</course><hAcc>1.227655</hAcc><vAcc>0.556924</vAcc></extensions></trkpt>
      <trkpt lon="114.383340" lat="33.668722"><ele>59.020867</ele><time>2026-02-11T23:41:47Z</time><extensions><speed>2.504916</speed><course>92.639449</course><hAcc>1.225344</hAcc><vAcc>0.556929</vAcc></extensions></trkpt>
      <trkpt lon="114.383366" lat="33.668721"><ele>59.021388</ele><time>2026-02-11T23:41:48Z</time><extensions><speed>2.425097</speed><course>92.428322</course><hAcc>1.238146</hAcc><vAcc>0.556933</vAcc></extensions></trkpt>
      <trkpt lon="114.383392" lat="33.668720"><ele>59.021677</ele><time>2026-02-11T23:41:49Z</time><extensions><speed>2.432154</speed><course>92.946925</course><hAcc>1.232566</hAcc><vAcc>0.556936</vAcc></extensions></trkpt>
      <trkpt lon="114.383418" lat="33.668718"><ele>59.021441</ele><time>2026-02-11T23:41:50Z</time><extensions><speed>2.446121</speed><course>96.052476</course><hAcc>1.233720</hAcc><vAcc>0.556938</vAcc></extensions></trkpt>
      <trkpt lon="114.383446" lat="33.668715"><ele>59.020417</ele><time>2026-02-11T23:41:51Z</time><extensions><speed>2.639578</speed><course>98.432789</course><hAcc>1.236580</hAcc><vAcc>0.556939</vAcc></extensions></trkpt>
      <trkpt lon="114.383474" lat="33.668712"><ele>59.018767</ele><time>2026-02-11T23:41:52Z</time><extensions><speed>2.668289</speed><course>98.045786</course><hAcc>1.247532</hAcc><vAcc>0.556941</vAcc></extensions></trkpt>
      <trkpt lon="114.383502" lat="33.668709"><ele>59.016728</ele><time>2026-02-11T23:41:53Z</time><extensions><speed>2.498488</speed><course>94.985814</course><hAcc>1.255212</hAcc><vAcc>0.556941</vAcc></extensions></trkpt>
      <trkpt lon="114.383528" lat="33.668708"><ele>59.014470</ele><time>2026-02-11T23:41:54Z</time><extensions><speed>2.506111</speed><course>93.774248</course><hAcc>1.256715</hAcc><vAcc>0.556942</vAcc></extensions></trkpt>
      <trkpt lon="114.383556" lat="33.668706"><ele>59.011999</ele><time>2026-02-11T23:41:55Z</time><extensions><speed>2.575148</speed><course>92.677306</course><hAcc>1.252994</hAcc><vAcc>0.556943</vAcc></extensions></trkpt>
      <trkpt lon="114.383584" lat="33.668706"><ele>59.009441</ele><time>2026-02-11T23:41:56Z</time><extensions><speed>2.576825</speed><course>91.456911</course><hAcc>1.250576</hAcc><vAcc>0.556943</vAcc></extensions></trkpt>
      <trkpt lon="114.383612" lat="33.668705"><ele>59.006897</ele><time>2026-02-11T23:41:57Z</time><extensions><speed>2.665242</speed><course>92.931802</course><hAcc>1.252801</hAcc><vAcc>0.556943</vAcc></extensions></trkpt>
      <trkpt lon="114.383640" lat="33.668703"><ele>59.004479</ele><time>2026-02-11T23:41:58Z</time><extensions><speed>2.627085</speed><course>95.248437</course><hAcc>1.256153</hAcc><vAcc>0.556944</vAcc></extensions></trkpt>
      <trkpt lon="114.383668" lat="33.668700"><ele>59.002271</ele><time>2026-02-11T23:41:59Z</time><extensions><speed>2.614071</speed><course>96.856575</course><hAcc>1.255867</hAcc><vAcc>0.556944</vAcc></extensions></trkpt>
      <trkpt lon="114.383697" lat="33.668698"><ele>59.000258</ele><time>2026-02-11T23:42:00Z</time><extensions><speed>2.682681</speed><course>96.306691</course><hAcc>1.256828</hAcc><vAcc>0.556944</vAcc></extensions></trkpt>
      <trkpt lon="114.383725" lat="33.668695"><ele>58.998317</ele><time>2026-02-11T23:42:01Z</time><extensions><speed>2.649937</speed><course>95.398611</course><hAcc>1.262781</hAcc><vAcc>0.556944</vAcc></extensions></trkpt>
      <trkpt lon="114.383753" lat="33.668693"><ele>58.996434</ele><time>2026-02-11T23:42:02Z</time><extensions><speed>2.575394</speed><course>95.064042</course><hAcc>1.268257</hAcc><vAcc>0.556944</vAcc></extensions></trkpt>
      <trkpt lon="114.383781" lat="33.668691"><ele>58.994573</ele><time>2026-02-11T23:42:03Z</time><extensions><speed>2.550834</speed><course>94.925882</course><hAcc>1.278699</hAcc><vAcc>0.556944</vAcc></extensions></trkpt>
      <trkpt lon="114.383808" lat="33.668689"><ele>58.992603</ele><time>2026-02-11T23:42:04Z</time><extensions><speed>2.471208</speed><course>94.998557</course><hAcc>1.286208</hAcc><vAcc>0.556944</vAcc></extensions></trkpt>
      <trkpt lon="114.383835" lat="33.668687"><ele>58.990236</ele><time>2026-02-11T23:42:05Z</time><extensions><speed>2.574269</speed><course>94.569948</course><hAcc>1.291958</hAcc><vAcc>0.556944</vAcc></extensions></trkpt>
      <trkpt lon="114.383862" lat="33.668686"><ele>58.987297</ele><time>2026-02-11T23:42:06Z</time><extensions><speed>2.620695</speed><course>94.100685</course><hAcc>1.298496</hAcc><vAcc>0.556944</vAcc></extensions></trkpt>
      <trkpt lon="114.383890" lat="33.668684"><ele>58.983796</ele><time>2026-02-11T23:42:07Z</time><extensions><speed>2.541967</speed><course>92.842884</course><hAcc>1.304698</hAcc><vAcc>0.556944</vAcc></extensions></trkpt>
      <trkpt lon="114.383918" lat="33.668683"><ele>58.979885</ele><time>2026-02-11T23:42:08Z</time><extensions><speed>2.653678</speed><course>92.709467</course><hAcc>1.311800</hAcc><vAcc>0.556944</vAcc></extensions></trkpt>
      <trkpt lon="114.383946" lat="33.668682"><ele>58.975781</ele><time>2026-02-11T23:42:09Z</time><extensions><speed>2.560948</speed><course>91.862215</course><hAcc>1.319190</hAcc><vAcc>0.556943</vAcc></extensions></trkpt>
      <trkpt lon="114.383974" lat="33.668681"><ele>58.971659</ele><time>2026-02-11T23:42:10Z</time><extensions><speed>2.560681</speed><course>93.228318</course><hAcc>1.320882</hAcc><vAcc>0.556943</vAcc></extensions></trkpt>
      <trkpt lon="114.384001" lat="33.668679"><ele>58.967690</ele><time>2026-02-11T23:42:11Z</time><extensions><speed>2.562580</speed><course>95.778324</course><hAcc>1.317832</hAcc><vAcc>0.556943</vAcc></extensions></trkpt>
      <trkpt lon="114.384028" lat="33.668677"><ele>58.964046</ele><time>2026-02-11T23:42:12Z</time><extensions><speed>2.455336</speed><course>97.915514</course><hAcc>1.315693</hAcc><vAcc>0.556943</vAcc></extensions></trkpt>
      <trkpt lon="114.384054" lat="33.668673"><ele>58.960870</ele><time>2026-02-11T23:42:13Z</time><extensions><speed>2.402522</speed><course>99.925056</course><hAcc>1.309803</hAcc><vAcc>0.556943</vAcc></extensions></trkpt>
      <trkpt lon="114.384079" lat="33.668669"><ele>58.958231</ele><time>2026-02-11T23:42:14Z</time><extensions><speed>2.420384</speed><course>100.735577</course><hAcc>1.298790</hAcc><vAcc>0.556942</vAcc></extensions></trkpt>
      <trkpt lon="114.384105" lat="33.668666"><ele>58.956598</ele><time>2026-02-11T23:42:15Z</time><extensions><speed>2.304408</speed><course>99.094517</course><hAcc>1.286653</hAcc><vAcc>0.556942</vAcc></extensions></trkpt>
      <trkpt lon="114.384130" lat="33.668662"><ele>58.956455</ele><time>2026-02-11T23:42:16Z</time><extensions><speed>2.411504</speed><course>99.337018</course><hAcc>1.280752</hAcc><vAcc>0.556942</vAcc></extensions></trkpt>
      <trkpt lon="114.384156" lat="33.668658"><ele>58.957929</ele><time>2026-02-11T23:42:17Z</time><extensions><speed>2.462270</speed><course>100.838297</course><hAcc>1.274134</hAcc><vAcc>0.556941</vAcc></extensions></trkpt>
      <trkpt lon="114.384182" lat="33.668654"><ele>58.960594</ele><time>2026-02-11T23:42:18Z</time><extensions><speed>2.475800</speed><course>99.839109</course><hAcc>1.268417</hAcc><vAcc>0.556941</vAcc></extensions></trkpt>
      <trkpt lon="114.384209" lat="33.668651"><ele>58.964045</ele><time>2026-02-11T23:42:19Z</time><extensions><speed>2.553002</speed><course>97.895458</course><hAcc>1.260226</hAcc><vAcc>0.556941</vAcc></extensions></trkpt>
      <trkpt lon="114.384235" lat="33.668649"><ele>58.967226</ele><time>2026-02-11T23:42:20Z</time><extensions><speed>2.462798</speed><course>93.727994</course><hAcc>1.258093</hAcc><vAcc>0.556941</vAcc></extensions></trkpt>
      <trkpt lon="114.384262" lat="33.668648"><ele>58.968972</ele><time>2026-02-11T23:42:21Z</time><extensions><speed>2.413055</speed><course>87.858042</course><hAcc>1.257772</hAcc><vAcc>0.556940</vAcc></extensions></trkpt>
      <trkpt lon="114.384288" lat="33.668650"><ele>58.968495</ele><time>2026-02-11T23:42:22Z</time><extensions><speed>2.458953</speed><course>82.614800</course><hAcc>1.254776</hAcc><vAcc>0.556940</vAcc></extensions></trkpt>
      <trkpt lon="114.384314" lat="33.668653"><ele>58.965935</ele><time>2026-02-11T23:42:23Z</time><extensions><speed>2.524951</speed><course>81.188374</course><hAcc>1.257088</hAcc><vAcc>0.556940</vAcc></extensions></trkpt>
      <trkpt lon="114.384343" lat="33.668656"><ele>58.961293</ele><time>2026-02-11T23:42:24Z</time><extensions><speed>2.739225</speed><course>84.338067</course><hAcc>1.256449</hAcc><vAcc>0.556940</vAcc></extensions></trkpt>
      <trkpt lon="114.384372" lat="33.668658"><ele>58.954498</ele><time>2026-02-11T23:42:25Z</time><extensions><speed>2.791079</speed><course>87.818709</course><hAcc>1.256752</hAcc><vAcc>0.556940</vAcc></extensions></trkpt>
      <trkpt lon="114.384402" lat="33.668659"><ele>58.945483</ele><time>2026-02-11T23:42:26Z</time><extensions><speed>2.621415</speed><course>89.154769</course><hAcc>1.261916</hAcc><vAcc>0.556940</vAcc></extensions></trkpt>
      <trkpt lon="114.384430" lat="33.668659"><ele>58.934329</ele><time>2026-02-11T23:42:27Z</time><extensions><speed>2.729505</speed><course>89.028989</course><hAcc>1.263715</hAcc><vAcc>0.556940</vAcc></extensions></trkpt>
      <trkpt lon="114.384460" lat="33.668660"><ele>58.921425</ele><time>2026-02-11T23:42:28Z</time><extensions><speed>2.773945</speed><course>85.236859</course><hAcc>1.259556</hAcc><vAcc>0.556940</vAcc></extensions></trkpt>
      <trkpt lon="114.384490" lat="33.668663"><ele>58.907519</ele><time>2026-02-11T23:42:29Z</time><extensions><speed>2.810264</speed><course>82.415491</course><hAcc>1.252696</hAcc><vAcc>0.556940</vAcc></extensions></trkpt>
      <trkpt lon="114.384519" lat="33.668666"><ele>58.893423</ele><time>2026-02-11T23:42:30Z</time><extensions><speed>2.752965</speed><course>82.278588</course><hAcc>1.246211</hAcc><vAcc>0.556940</vAcc></extensions></trkpt>
      <trkpt lon="114.384547" lat="33.668670"><ele>58.880035</ele><time>2026-02-11T23:42:31Z</time><extensions><speed>2.490241</speed><course>81.480886</course><hAcc>1.241205</hAcc><vAcc>0.556941</vAcc></extensions></trkpt>
      <trkpt lon="114.384573" lat="33.668673"><ele>58.868230</ele><time>2026-02-11T23:42:32Z</time><extensions><speed>2.234028</speed><course>81.967456</course><hAcc>1.237871</hAcc><vAcc>0.556941</vAcc></extensions></trkpt>
      <trkpt lon="114.384596" lat="33.668676"><ele>58.858445</ele><time>2026-02-11T23:42:33Z</time><extensions><speed>2.227689</speed><course>78.351074</course><hAcc>1.233594</hAcc><vAcc>0.556941</vAcc></extensions></trkpt>
      <trkpt lon="114.384621" lat="33.668681"><ele>58.850735</ele><time>2026-02-11T23:42:34Z</time><extensions><speed>2.434926</speed><course>73.845583</course><hAcc>1.223823</hAcc><vAcc>0.556941</vAcc></extensions></trkpt>
      <trkpt lon="114.384646" lat="33.668688"><ele>58.844949</ele><time>2026-02-11T23:42:35Z</time><extensions><speed>2.522657</speed><course>69.354969</course><hAcc>1.221729</hAcc><vAcc>0.556941</vAcc></extensions></trkpt>
      <trkpt lon="114.384671" lat="33.668697"><ele>58.840792</ele><time>2026-02-11T23:42:36Z</time><extensions><speed>2.542858</speed><course>65.453284</course><hAcc>1.221630</hAcc><vAcc>0.556941</vAcc></extensions></trkpt>
      <trkpt lon="114.384696" lat="33.668706"><ele>58.837801</ele><time>2026-02-11T23:42:37Z</time><extensions><speed>2.540813</speed><course>67.675789</course><hAcc>1.222289</hAcc><vAcc>0.556942</vAcc></extensions></trkpt>
      <trkpt lon="114.384722" lat="33.668715"><ele>58.835402</ele><time>2026-02-11T23:42:38Z</time><extensions><speed>2.497725</speed><course>69.466009</course><hAcc>1.227475</hAcc><vAcc>0.556942</vAcc></extensions></trkpt>
      <trkpt lon="114.384746" lat="33.668721"><ele>58.833020</ele><time>2026-02-11T23:42:39Z</time><extensions><speed>2.348625</speed><course>73.829881</course><hAcc>1.230896</hAcc><vAcc>0.556942</vAcc></extensions></trkpt>
      <trkpt lon="114.384771" lat="33.668727"><ele>58.830109</ele><time>2026-02-11T23:42:40Z</time><extensions><speed>2.486068</speed><course>77.118208</course><hAcc>1.233899</hAcc><vAcc>0.556942</vAcc></extensions></trkpt>
      <trkpt lon="114.384798" lat="33.668732"><ele>58.826201</ele><time>2026-02-11T23:42:41Z</time><extensions><speed>2.456916</speed><course>78.450410</course><hAcc>1.237878</hAcc><vAcc>0.556942</vAcc></extensions></trkpt>
      <trkpt lon="114.384824" lat="33.668736"><ele>58.821003</ele><time>2026-02-11T23:42:42Z</time><extensions><speed>2.468243</speed><course>77.945694</course><hAcc>1.234795</hAcc><vAcc>0.556942</vAcc></extensions></trkpt>
      <trkpt lon="114.384850" lat="33.668741"><ele>58.814559</ele><time>2026-02-11T23:42:43Z</time><extensions><speed>2.532296</speed><course>74.873990</course><hAcc>1.231510</hAcc><vAcc>0.556942</vAcc></extensions></trkpt>
      <trkpt lon="114.384876" lat="33.668748"><ele>58.807044</ele><time>2026-02-11T23:42:44Z</time><extensions><speed>2.494888</speed><course>72.030567</course><hAcc>1.233515</hAcc><vAcc>0.556942</vAcc></extensions></trkpt>
      <trkpt lon="114.384901" lat="33.668755"><ele>58.798680</ele><time>2026-02-11T23:42:45Z</time><extensions><speed>2.546494</speed><course>71.732931</course><hAcc>1.229114</hAcc><vAcc>0.556943</vAcc></extensions></trkpt>
      <trkpt lon="114.384928" lat="33.668762"><ele>58.789674</ele><time>2026-02-11T23:42:46Z</time><extensions><speed>2.541985</speed><course>73.287728</course><hAcc>1.222130</hAcc><vAcc>0.556943</vAcc></extensions></trkpt>
      <trkpt lon="114.384953" lat="33.668768"><ele>58.780210</ele><time>2026-02-11T23:42:47Z</time><extensions><speed>2.387305</speed><course>75.822705</course><hAcc>1.215378</hAcc><vAcc>0.556943</vAcc></extensions></trkpt>
      <trkpt lon="114.384978" lat="33.668773"><ele>58.770519</ele><time>2026-02-11T23:42:48Z</time><extensions><speed>2.270181</speed><course>75.509522</course><hAcc>1.210384</hAcc><vAcc>0.556943</vAcc></extensions></trkpt>
      <trkpt lon="114.385001" lat="33.668778"><ele>58.760837</ele><time>2026-02-11T23:42:49Z</time><extensions><speed>2.266241</speed><course>75.359608</course><hAcc>1.209224</hAcc><vAcc>0.556943</vAcc></extensions></trkpt>
      <trkpt lon="114.385025" lat="33.668783"><ele>58.751374</ele><time>2026-02-11T23:42:50Z</time><extensions><speed>2.326775</speed><course>75.008377</course><hAcc>1.206641</hAcc><vAcc>0.556943</vAcc></extensions></trkpt>
      <trkpt lon="114.385050" lat="33.668789"><ele>58.742261</ele><time>2026-02-11T23:42:51Z</time><extensions><speed>2.508362</speed><course>74.796547</course><hAcc>1.213745</hAcc><vAcc>0.556943</vAcc></extensions></trkpt>
      <trkpt lon="114.385077" lat="33.668795"><ele>58.733625</ele><time>2026-02-11T23:42:52Z</time><extensions><speed>2.571855</speed><course>74.289540</course><hAcc>1.220100</hAcc><vAcc>0.556943</vAcc></extensions></trkpt>
      <trkpt lon="114.385103" lat="33.668802"><ele>58.725944</ele><time>2026-02-11T23:42:53Z</time><extensions><speed>2.516067</speed><course>72.223457</course><hAcc>1.223033</hAcc><vAcc>0.556943</vAcc></extensions></trkpt>
      <trkpt lon="114.385129" lat="33.668809"><ele>58.719779</ele><time>2026-02-11T23:42:54Z</time><extensions><speed>2.512185</speed><course>71.960510</course><hAcc>1.224708</hAcc><vAcc>0.556943</vAcc></extensions></trkpt>
      <trkpt lon="114.385153" lat="33.668816"><ele>58.715513</ele><time>2026-02-11T23:42:55Z</time><extensions><speed>2.326293</speed><course>71.224795</course><hAcc>1.228568</hAcc><vAcc>0.556943</vAcc></extensions></trkpt>
      <trkpt lon="114.385177" lat="33.668822"><ele>58.712848</ele><time>2026-02-11T23:42:56Z</time><extensions><speed>2.382535</speed><course>71.559458</course><hAcc>1.223464</hAcc><vAcc>0.556943</vAcc></extensions></trkpt>
      <trkpt lon="114.385202" lat="33.668829"><ele>58.711499</ele><time>2026-02-11T23:42:57Z</time><extensions><speed>2.435621</speed><course>71.306967</course><hAcc>1.218754</hAcc><vAcc>0.556943</vAcc></extensions></trkpt>
      <trkpt lon="114.385226" lat="33.668837"><ele>58.710991</ele><time>2026-02-11T23:42:58Z</time><extensions><speed>2.379667</speed><course>69.532875</course><hAcc>1.212546</hAcc><vAcc>0.556943</vAcc></extensions></trkpt>
      <trkpt lon="114.385252" lat="33.668844"><ele>58.710713</ele><time>2026-02-11T23:42:59Z</time><extensions><speed>2.624684</speed><course>69.419125</course><hAcc>1.207972</hAcc><vAcc>0.556943</vAcc></extensions></trkpt>
      <trkpt lon="114.385279" lat="33.668853"><ele>58.710056</ele><time>2026-02-11T23:43:00Z</time><extensions><speed>2.718513</speed><course>68.571197</course><hAcc>1.209179</hAcc><vAcc>0.556943</vAcc></extensions></trkpt>
      <trkpt lon="114.385305" lat="33.668862"><ele>58.709007</ele><time>2026-02-11T23:43:01Z</time><extensions><speed>2.548531</speed><course>68.084280</course><hAcc>1.203249</hAcc><vAcc>0.556943</vAcc></extensions></trkpt>
      <trkpt lon="114.385330" lat="33.668870"><ele>58.707474</ele><time>2026-02-11T23:43:02Z</time><extensions><speed>2.353776</speed><course>70.632710</course><hAcc>1.198086</hAcc><vAcc>0.556943</vAcc></extensions></trkpt>
      <trkpt lon="114.385353" lat="33.668875"><ele>58.705093</ele><time>2026-02-11T23:43:03Z</time><extensions><speed>2.189232</speed><course>77.401147</course><hAcc>1.194411</hAcc><vAcc>0.556944</vAcc></extensions></trkpt>
      <trkpt lon="114.385377" lat="33.668880"><ele>58.701248</ele><time>2026-02-11T23:43:04Z</time><extensions><speed>2.278558</speed><course>78.600067</course><hAcc>1.190571</hAcc><vAcc>0.556944</vAcc></extensions></trkpt>
      <trkpt lon="114.385401" lat="33.668884"><ele>58.695367</ele><time>2026-02-11T23:43:05Z</time><extensions><speed>2.305789</speed><course>77.854492</course><hAcc>1.193270</hAcc><vAcc>0.556944</vAcc></extensions></trkpt>
      <trkpt lon="114.385425" lat="33.668888"><ele>58.687370</ele><time>2026-02-11T23:43:06Z</time><extensions><speed>2.348854</speed><course>76.809177</course><hAcc>1.194930</hAcc><vAcc>0.556944</vAcc></extensions></trkpt>
      <trkpt lon="114.385450" lat="33.668893"><ele>58.677399</ele><time>2026-02-11T23:43:07Z</time><extensions><speed>2.355132</speed><course>79.260716</course><hAcc>1.192186</hAcc><vAcc>0.556944</vAcc></extensions></trkpt>
      <trkpt lon="114.385474" lat="33.668897"><ele>58.666042</ele><time>2026-02-11T23:43:08Z</time><extensions><speed>2.197095</speed><course>79.530032</course><hAcc>1.195711</hAcc><vAcc>0.556944</vAcc></extensions></trkpt>
      <trkpt lon="114.385498" lat="33.668900"><ele>58.654357</ele><time>2026-02-11T23:43:09Z</time><extensions><speed>2.251818</speed><course>78.410588</course><hAcc>1.195181</hAcc><vAcc>0.556944</vAcc></extensions></trkpt>
      <trkpt lon="114.385522" lat="33.668905"><ele>58.643450</ele><time>2026-02-11T23:43:10Z</time><extensions><speed>2.301249</speed><course>76.247378</course><hAcc>1.197657</hAcc><vAcc>0.556944</vAcc></extensions></trkpt>
      <trkpt lon="114.385546" lat="33.668910"><ele>58.633960</ele><time>2026-02-11T23:43:11Z</time><extensions><speed>2.366755</speed><course>76.500713</course><hAcc>1.204125</hAcc><vAcc>0.556944</vAcc></extensions></trkpt>
      <trkpt lon="114.385572" lat="33.668915"><ele>58.626371</ele><time>2026-02-11T23:43:12Z</time><extensions><speed>2.489543</speed><course>76.804618</course><hAcc>1.202334</hAcc><vAcc>0.556944</vAcc></extensions></trkpt>
      <trkpt lon="114.385598" lat="33.668920"><ele>58.620964</ele><time>2026-02-11T23:43:13Z</time><extensions><speed>2.452568</speed><course>77.005568</course><hAcc>1.200919</hAcc><vAcc>0.556944</vAcc></extensions></trkpt>
      <trkpt lon="114.385624" lat="33.668925"><ele>58.617708</ele><time>2026-02-11T23:43:14Z</time><extensions><speed>2.528787</speed><course>78.358618</course><hAcc>1.203107</hAcc><vAcc>0.556944</vAcc></extensions></trkpt>
      <trkpt lon="114.385651" lat="33.668929"><ele>58.616530</ele><time>2026-02-11T23:43:15Z</time><extensions><speed>2.596089</speed><course>80.950785</course><hAcc>1.200484</hAcc><vAcc>0.556944</vAcc></extensions></trkpt>
      <trkpt lon="114.385678" lat="33.668932"><ele>58.617452</ele><time>2026-02-11T23:43:16Z</time><extensions><speed>2.437614</speed><course>80.610344</course><hAcc>1.199323</hAcc><vAcc>0.556944</vAcc></extensions></trkpt>
      <trkpt lon="114.385704" lat="33.668936"><ele>58.620366</ele><time>2026-02-11T23:43:17Z</time><extensions><speed>2.493561</speed><course>80.968354</course><hAcc>1.198628</hAcc><vAcc>0.556944</vAcc></extensions></trkpt>
      <trkpt lon="114.385731" lat="33.668939"><ele>58.624950</ele><time>2026-02-11T23:43:18Z</time><extensions><speed>2.576172</speed><course>81.666051</course><hAcc>1.199194</hAcc><vAcc>0.556944</vAcc></extensions></trkpt>
      <trkpt lon="114.385759" lat="33.668943"><ele>58.630692</ele><time>2026-02-11T23:43:19Z</time><extensions><speed>2.597530</speed><course>81.900105</course><hAcc>1.192749</hAcc><vAcc>0.556944</vAcc></extensions></trkpt>
      <trkpt lon="114.385786" lat="33.668946"><ele>58.636958</ele><time>2026-02-11T23:43:20Z</time><extensions><speed>2.507807</speed><course>81.559963</course><hAcc>1.186753</hAcc><vAcc>0.556944</vAcc></extensions></trkpt>
      <trkpt lon="114.385812" lat="33.668949"><ele>58.643168</ele><time>2026-02-11T23:43:21Z</time><extensions><speed>2.336573</speed><course>82.016542</course><hAcc>1.186529</hAcc><vAcc>0.556944</vAcc></extensions></trkpt>
      <trkpt lon="114.385836" lat="33.668952"><ele>58.648896</ele><time>2026-02-11T23:43:22Z</time><extensions><speed>2.303020</speed><course>82.799952</course><hAcc>1.189717</hAcc><vAcc>0.556944</vAcc></extensions></trkpt>
      <trkpt lon="114.385861" lat="33.668954"><ele>58.653898</ele><time>2026-02-11T23:43:23Z</time><extensions><speed>2.226788</speed><course>85.231449</course><hAcc>1.199021</hAcc><vAcc>0.556944</vAcc></extensions></trkpt>
      <trkpt lon="114.385885" lat="33.668956"><ele>58.658127</ele><time>2026-02-11T23:43:24Z</time><extensions><speed>2.328062</speed><course>86.631295</course><hAcc>1.201353</hAcc><vAcc>0.556944</vAcc></extensions></trkpt>
      <trkpt lon="114.385911" lat="33.668957"><ele>58.661701</ele><time>2026-02-11T23:43:25Z</time><extensions><speed>2.451097</speed><course>83.926244</course><hAcc>1.207187</hAcc><vAcc>0.556944</vAcc></extensions></trkpt>
      <trkpt lon="114.385937" lat="33.668960"><ele>58.664766</ele><time>2026-02-11T23:43:26Z</time><extensions><speed>2.455873</speed><course>81.467034</course><hAcc>1.211876</hAcc><vAcc>0.556944</vAcc></extensions></trkpt>
      <trkpt lon="114.385964" lat="33.668964"><ele>58.667439</ele><time>2026-02-11T23:43:27Z</time><extensions><speed>2.582287</speed><course>81.197158</course><hAcc>1.214598</hAcc><vAcc>0.556944</vAcc></extensions></trkpt>
      <trkpt lon="114.385992" lat="33.668967"><ele>58.669821</ele><time>2026-02-11T23:43:28Z</time><extensions><speed>2.616282</speed><course>80.203194</course><hAcc>1.208307</hAcc><vAcc>0.556944</vAcc></extensions></trkpt>
      <trkpt lon="114.386019" lat="33.668971"><ele>58.672060</ele><time>2026-02-11T23:43:29Z</time><extensions><speed>2.552385</speed><course>79.987655</course><hAcc>1.207707</hAcc><vAcc>0.556944</vAcc></extensions></trkpt>
      <trkpt lon="114.386046" lat="33.668975"><ele>58.674268</ele><time>2026-02-11T23:43:30Z</time><extensions><speed>2.526797</speed><course>79.645150</course><hAcc>1.202615</hAcc><vAcc>0.556944</vAcc></extensions></trkpt>
      <trkpt lon="114.386072" lat="33.668980"><ele>58.676564</ele><time>2026-02-11T23:43:31Z</time><extensions><speed>2.461855</speed><course>78.377929</course><hAcc>1.199824</hAcc><vAcc>0.556944</vAcc></extensions></trkpt>
      <trkpt lon="114.386098" lat="33.668985"><ele>58.679085</ele><time>2026-02-11T23:43:32Z</time><extensions><speed>2.469782</speed><course>76.130213</course><hAcc>1.196789</hAcc><vAcc>0.556944</vAcc></extensions></trkpt>
      <trkpt lon="114.386124" lat="33.668990"><ele>58.681929</ele><time>2026-02-11T23:43:33Z</time><extensions><speed>2.524658</speed><course>75.677227</course><hAcc>1.195651</hAcc><vAcc>0.556944</vAcc></extensions></trkpt>
      <trkpt lon="114.386150" lat="33.668995"><ele>58.685202</ele><time>2026-02-11T23:43:34Z</time><extensions><speed>2.460573</speed><course>77.707164</course><hAcc>1.194901</hAcc><vAcc>0.556944</vAcc></extensions></trkpt>
      <trkpt lon="114.386177" lat="33.668999"><ele>58.689005</ele><time>2026-02-11T23:43:35Z</time><extensions><speed>2.593796</speed><course>82.094549</course><hAcc>1.196522</hAcc><vAcc>0.556944</vAcc></extensions></trkpt>
      <trkpt lon="114.386205" lat="33.669002"><ele>58.693529</ele><time>2026-02-11T23:43:36Z</time><extensions><speed>2.653807</speed><course>83.939772</course><hAcc>1.198372</hAcc><vAcc>0.556944</vAcc></extensions></trkpt>
      <trkpt lon="114.386234" lat="33.669005"><ele>58.699111</ele><time>2026-02-11T23:43:37Z</time><extensions><speed>2.624501</speed><course>83.763487</course><hAcc>1.206120</hAcc><vAcc>0.556944</vAcc></extensions></trkpt>
      <trkpt lon="114.386262" lat="33.669007"><ele>58.706098</ele><time>2026-02-11T23:43:38Z</time><extensions><speed>2.589931</speed><course>84.275784</course><hAcc>1.216149</hAcc><vAcc>0.556944</vAcc></extensions></trkpt>
      <trkpt lon="114.386289" lat="33.669009"><ele>58.714960</ele><time>2026-02-11T23:43:39Z</time><extensions><speed>2.558555</speed><course>84.720463</course><hAcc>1.227704</hAcc><vAcc>0.556944</vAcc></extensions></trkpt>
      <trkpt lon="114.386316" lat="33.669012"><ele>58.726166</ele><time>2026-02-11T23:43:40Z</time><extensions><speed>2.469627</speed><course>83.814223</course><hAcc>1.232988</hAcc><vAcc>0.556944</vAcc></extensions></trkpt>
      <trkpt lon="114.386343" lat="33.669014"><ele>58.740003</ele><time>2026-02-11T23:43:41Z</time><extensions><speed>2.529718</speed><course>82.648679</course><hAcc>1.239953</hAcc><vAcc>0.556944</vAcc></extensions></trkpt>
      <trkpt lon="114.386370" lat="33.669018"><ele>58.756319</ele><time>2026-02-11T23:43:42Z</time><extensions><speed>2.556089</speed><course>80.267853</course><hAcc>1.250978</hAcc><vAcc>0.556944</vAcc></extensions></trkpt>
      <trkpt lon="114.386397" lat="33.669022"><ele>58.774926</ele><time>2026-02-11T23:43:43Z</time><extensions><speed>2.588054</speed><course>80.031079</course><hAcc>1.256765</hAcc><vAcc>0.556944</vAcc></extensions></trkpt>
      <trkpt lon="114.386425" lat="33.669026"><ele>58.794958</ele><time>2026-02-11T23:43:44Z</time><extensions><speed>2.628412</speed><course>79.097139</course><hAcc>1.258989</hAcc><vAcc>0.556944</vAcc></extensions></trkpt>
      <trkpt lon="114.386452" lat="33.669031"><ele>58.815264</ele><time>2026-02-11T23:43:45Z</time><extensions><speed>2.578837</speed><course>76.646574</course><hAcc>1.261088</hAcc><vAcc>0.556944</vAcc></extensions></trkpt>
      <trkpt lon="114.386479" lat="33.669037"><ele>58.834712</ele><time>2026-02-11T23:43:46Z</time><extensions><speed>2.626130</speed><course>73.332573</course><hAcc>1.265169</hAcc><vAcc>0.556944</vAcc></extensions></trkpt>
      <trkpt lon="114.386506" lat="33.669044"><ele>58.852555</ele><time>2026-02-11T23:43:47Z</time><extensions><speed>2.611946</speed><course>71.057041</course><hAcc>1.267505</hAcc><vAcc>0.556944</vAcc></extensions></trkpt>
      <trkpt lon="114.386533" lat="33.669051"><ele>58.867927</ele><time>2026-02-11T23:43:48Z</time><extensions><speed>2.597203</speed><course>74.043380</course><hAcc>1.270407</hAcc><vAcc>0.556944</vAcc></extensions></trkpt>
      <trkpt lon="114.386561" lat="33.669057"><ele>58.879909</ele><time>2026-02-11T23:43:49Z</time><extensions><speed>2.780457</speed><course>77.583794</course><hAcc>1.277210</hAcc><vAcc>0.556944</vAcc></extensions></trkpt>
      <trkpt lon="114.386589" lat="33.669062"><ele>58.887607</ele><time>2026-02-11T23:43:50Z</time><extensions><speed>2.529121</speed><course>79.801730</course><hAcc>1.287872</hAcc><vAcc>0.556944</vAcc></extensions></trkpt>
      <trkpt lon="114.386616" lat="33.669066"><ele>58.890258</ele><time>2026-02-11T23:43:51Z</time><extensions><speed>2.462888</speed><course>80.981158</course><hAcc>1.297818</hAcc><vAcc>0.556944</vAcc></extensions></trkpt>
      <trkpt lon="114.386642" lat="33.669069"><ele>58.887439</ele><time>2026-02-11T23:43:52Z</time><extensions><speed>2.570145</speed><course>81.220252</course><hAcc>1.302412</hAcc><vAcc>0.556944</vAcc></extensions></trkpt>
      <trkpt lon="114.386669" lat="33.669073"><ele>58.879050</ele><time>2026-02-11T23:43:53Z</time><extensions><speed>2.489353</speed><course>80.264786</course><hAcc>1.306337</hAcc><vAcc>0.556944</vAcc></extensions></trkpt>
      <trkpt lon="114.386696" lat="33.669077"><ele>58.865452</ele><time>2026-02-11T23:43:54Z</time><extensions><speed>2.567247</speed><course>80.251322</course><hAcc>1.306600</hAcc><vAcc>0.556944</vAcc></extensions></trkpt>
      <trkpt lon="114.386723" lat="33.669081"><ele>58.847436</ele><time>2026-02-11T23:43:55Z</time><extensions><speed>2.531734</speed><course>80.422668</course><hAcc>1.300887</hAcc><vAcc>0.556944</vAcc></extensions></trkpt>
      <trkpt lon="114.386750" lat="33.669084"><ele>58.826021</ele><time>2026-02-11T23:43:56Z</time><extensions><speed>2.496343</speed><course>81.343320</course><hAcc>1.297425</hAcc><vAcc>0.556944</vAcc></extensions></trkpt>
      <trkpt lon="114.386777" lat="33.669087"><ele>58.802322</ele><time>2026-02-11T23:43:57Z</time><extensions><speed>2.583870</speed><course>81.686053</course><hAcc>1.288610</hAcc><vAcc>0.556944</vAcc></extensions></trkpt>
      <trkpt lon="114.386804" lat="33.669090"><ele>58.777392</ele><time>2026-02-11T23:43:58Z</time><extensions><speed>2.547538</speed><course>83.578479</course><hAcc>1.283836</hAcc><vAcc>0.556944</vAcc></extensions></trkpt>
      <trkpt lon="114.386831" lat="33.669093"><ele>58.752100</ele><time>2026-02-11T23:43:59Z</time><extensions><speed>2.400299</speed><course>84.971483</course><hAcc>1.282612</hAcc><vAcc>0.556944</vAcc></extensions></trkpt>
      <trkpt lon="114.386857" lat="33.669094"><ele>58.727094</ele><time>2026-02-11T23:44:00Z</time><extensions><speed>2.437526</speed><course>86.760970</course><hAcc>1.279786</hAcc><vAcc>0.556944</vAcc></extensions></trkpt>
      <trkpt lon="114.386883" lat="33.669096"><ele>58.702903</ele><time>2026-02-11T23:44:01Z</time><extensions><speed>2.465310</speed><course>86.119081</course><hAcc>1.284236</hAcc><vAcc>0.556944</vAcc></extensions></trkpt>
      <trkpt lon="114.386910" lat="33.669097"><ele>58.679995</ele><time>2026-02-11T23:44:02Z</time><extensions><speed>2.462242</speed><course>85.757205</course><hAcc>1.289056</hAcc><vAcc>0.556944</vAcc></extensions></trkpt>
      <trkpt lon="114.386937" lat="33.669099"><ele>58.658694</ele><time>2026-02-11T23:44:03Z</time><extensions><speed>2.606034</speed><course>85.413007</course><hAcc>1.288832</hAcc><vAcc>0.556944</vAcc></extensions></trkpt>
      <trkpt lon="114.386965" lat="33.669101"><ele>58.639234</ele><time>2026-02-11T23:44:04Z</time><extensions><speed>2.602057</speed><course>84.088343</course><hAcc>1.290739</hAcc><vAcc>0.556944</vAcc></extensions></trkpt>
      <trkpt lon="114.386992" lat="33.669104"><ele>58.621837</ele><time>2026-02-11T23:44:05Z</time><extensions><speed>2.509779</speed><course>82.819557</course><hAcc>1.291139</hAcc><vAcc>0.556944</vAcc></extensions></trkpt>
      <trkpt lon="114.387019" lat="33.669107"><ele>58.606594</ele><time>2026-02-11T23:44:06Z</time><extensions><speed>2.488565</speed><course>81.008314</course><hAcc>1.292040</hAcc><vAcc>0.556944</vAcc></extensions></trkpt>
      <trkpt lon="114.387045" lat="33.669111"><ele>58.593377</ele><time>2026-02-11T23:44:07Z</time><extensions><speed>2.451662</speed><course>79.956505</course><hAcc>1.293109</hAcc><vAcc>0.556944</vAcc></extensions></trkpt>
      <trkpt lon="114.387071" lat="33.669115"><ele>58.581976</ele><time>2026-02-11T23:44:08Z</time><extensions><speed>2.455196</speed><course>78.873552</course><hAcc>1.293644</hAcc><vAcc>0.556944</vAcc></extensions></trkpt>
      <trkpt lon="114.387098" lat="33.669119"><ele>58.572294</ele><time>2026-02-11T23:44:09Z</time><extensions><speed>2.586336</speed><course>78.319436</course><hAcc>1.290602</hAcc><vAcc>0.556944</vAcc></extensions></trkpt>
      <trkpt lon="114.387125" lat="33.669124"><ele>58.564661</ele><time>2026-02-11T23:44:10Z</time><extensions><speed>2.570578</speed><course>77.988172</course><hAcc>1.289116</hAcc><vAcc>0.556944</vAcc></extensions></trkpt>
      <trkpt lon="114.387153" lat="33.669129"><ele>58.559415</ele><time>2026-02-11T23:44:11Z</time><extensions><speed>2.627412</speed><course>79.544195</course><hAcc>1.287752</hAcc><vAcc>0.556944</vAcc></extensions></trkpt>
      <trkpt lon="114.387181" lat="33.669132"><ele>58.556760</ele><time>2026-02-11T23:44:12Z</time><extensions><speed>2.624028</speed><course>82.365583</course><hAcc>1.284373</hAcc><vAcc>0.556944</vAcc></extensions></trkpt>
      <trkpt lon="114.387208" lat="33.669135"><ele>58.556827</ele><time>2026-02-11T23:44:13Z</time><extensions><speed>2.509539</speed><course>83.117818</course><hAcc>1.278642</hAcc><vAcc>0.556944</vAcc></extensions></trkpt>
      <trkpt lon="114.387235" lat="33.669138"><ele>58.559655</ele><time>2026-02-11T23:44:14Z</time><extensions><speed>2.497973</speed><course>81.619706</course><hAcc>1.279889</hAcc><vAcc>0.556943</vAcc></extensions></trkpt>
      <trkpt lon="114.387261" lat="33.669141"><ele>58.564729</ele><time>2026-02-11T23:44:15Z</time><extensions><speed>2.456073</speed><course>82.906400</course><hAcc>1.283955</hAcc><vAcc>0.556943</vAcc></extensions></trkpt>
      <trkpt lon="114.387287" lat="33.669144"><ele>58.571513</ele><time>2026-02-11T23:44:16Z</time><extensions><speed>2.386823</speed><course>85.068546</course><hAcc>1.286037</hAcc><vAcc>0.556943</vAcc></extensions></trkpt>
      <trkpt lon="114.387313" lat="33.669145"><ele>58.579427</ele><time>2026-02-11T23:44:17Z</time><extensions><speed>2.473020</speed><course>88.548282</course><hAcc>1.281325</hAcc><vAcc>0.556943</vAcc></extensions></trkpt>
      <trkpt lon="114.387340" lat="33.669145"><ele>58.587848</ele><time>2026-02-11T23:44:18Z</time><extensions><speed>2.444511</speed><course>92.311940</course><hAcc>1.277789</hAcc><vAcc>0.556943</vAcc></extensions></trkpt>
      <trkpt lon="114.387366" lat="33.669143"><ele>58.596091</ele><time>2026-02-11T23:44:19Z</time><extensions><speed>2.460493</speed><course>95.828285</course><hAcc>1.276394</hAcc><vAcc>0.556943</vAcc></extensions></trkpt>
      <trkpt lon="114.387394" lat="33.669140"><ele>58.603392</ele><time>2026-02-11T23:44:20Z</time><extensions><speed>2.690755</speed><course>96.867942</course><hAcc>1.286412</hAcc><vAcc>0.556942</vAcc></extensions></trkpt>
      <trkpt lon="114.387423" lat="33.669138"><ele>58.608897</ele><time>2026-02-11T23:44:21Z</time><extensions><speed>2.737766</speed><course>95.153947</course><hAcc>1.286139</hAcc><vAcc>0.556942</vAcc></extensions></trkpt>
      <trkpt lon="114.387452" lat="33.669135"><ele>58.611928</ele><time>2026-02-11T23:44:22Z</time><extensions><speed>2.697472</speed><course>97.176468</course><hAcc>1.284506</hAcc><vAcc>0.556942</vAcc></extensions></trkpt>
      <trkpt lon="114.387481" lat="33.669131"><ele>58.612097</ele><time>2026-02-11T23:44:23Z</time><extensions><speed>2.676251</speed><course>101.103642</course><hAcc>1.284259</hAcc><vAcc>0.556942</vAcc></extensions></trkpt>
      <trkpt lon="114.387508" lat="33.669126"><ele>58.609177</ele><time>2026-02-11T23:44:24Z</time><extensions><speed>2.583755</speed><course>104.291113</course><hAcc>1.288703</hAcc><vAcc>0.556941</vAcc></extensions></trkpt>
      <trkpt lon="114.387536" lat="33.669120"><ele>58.602981</ele><time>2026-02-11T23:44:25Z</time><extensions><speed>2.698189</speed><course>106.192364</course><hAcc>1.292137</hAcc><vAcc>0.556941</vAcc></extensions></trkpt>
      <trkpt lon="114.387563" lat="33.669113"><ele>58.593580</ele><time>2026-02-11T23:44:26Z</time><extensions><speed>2.716176</speed><course>107.614904</course><hAcc>1.291216</hAcc><vAcc>0.556941</vAcc></extensions></trkpt>
      <trkpt lon="114.387590" lat="33.669105"><ele>58.581302</ele><time>2026-02-11T23:44:27Z</time><extensions><speed>2.560997</speed><course>109.095691</course><hAcc>1.286400</hAcc><vAcc>0.556941</vAcc></extensions></trkpt>
      <trkpt lon="114.387617" lat="33.669098"><ele>58.566684</ele><time>2026-02-11T23:44:28Z</time><extensions><speed>2.627419</speed><course>110.336560</course><hAcc>1.282892</hAcc><vAcc>0.556941</vAcc></extensions></trkpt>
      <trkpt lon="114.387643" lat="33.669089"><ele>58.550336</ele><time>2026-02-11T23:44:29Z</time><extensions><speed>2.607810</speed><course>111.172560</course><hAcc>1.280250</hAcc><vAcc>0.556941</vAcc></extensions></trkpt>
      <trkpt lon="114.387669" lat="33.669080"><ele>58.532836</ele><time>2026-02-11T23:44:30Z</time><extensions><speed>2.509131</speed><course>113.940789</course><hAcc>1.274796</hAcc><vAcc>0.556940</vAcc></extensions></trkpt>
      <trkpt lon="114.387693" lat="33.669071"><ele>58.514712</ele><time>2026-02-11T23:44:31Z</time><extensions><speed>2.603261</speed><course>117.085110</course><hAcc>1.275659</hAcc><vAcc>0.556941</vAcc></extensions></trkpt>
      <trkpt lon="114.387718" lat="33.669060"><ele>58.496466</ele><time>2026-02-11T23:44:32Z</time><extensions><speed>2.569790</speed><course>118.601553</course><hAcc>1.279516</hAcc><vAcc>0.556941</vAcc></extensions></trkpt>
      <trkpt lon="114.387742" lat="33.669049"><ele>58.478645</ele><time>2026-02-11T23:44:33Z</time><extensions><speed>2.496414</speed><course>118.471691</course><hAcc>1.284612</hAcc><vAcc>0.556941</vAcc></extensions></trkpt>
      <trkpt lon="114.387766" lat="33.669039"><ele>58.461661</ele><time>2026-02-11T23:44:34Z</time><extensions><speed>2.446208</speed><course>115.768507</course><hAcc>1.285861</hAcc><vAcc>0.556941</vAcc></extensions></trkpt>
      <trkpt lon="114.387789" lat="33.669030"><ele>58.445663</ele><time>2026-02-11T23:44:35Z</time><extensions><speed>2.299765</speed><course>113.627549</course><hAcc>1.289789</hAcc><vAcc>0.556941</vAcc></extensions></trkpt>
      <trkpt lon="114.387811" lat="33.669021"><ele>58.430705</ele><time>2026-02-11T23:44:36Z</time><extensions><speed>2.300900</speed><course>113.513687</course><hAcc>1.293318</hAcc><vAcc>0.556941</vAcc></extensions></trkpt>
      <trkpt lon="114.387835" lat="33.669013"><ele>58.416825</ele><time>2026-02-11T23:44:37Z</time><extensions><speed>2.419628</speed><course>115.749532</course><hAcc>1.297532</hAcc><vAcc>0.556941</vAcc></extensions></trkpt>
      <trkpt lon="114.387858" lat="33.669003"><ele>58.404063</ele><time>2026-02-11T23:44:38Z</time><extensions><speed>2.443871</speed><course>116.384632</course><hAcc>1.308012</hAcc><vAcc>0.556941</vAcc></extensions></trkpt>
      <trkpt lon="114.387882" lat="33.668993"><ele>58.392410</ele><time>2026-02-11T23:44:39Z</time><extensions><speed>2.473704</speed><course>116.352880</course><hAcc>1.321136</hAcc><vAcc>0.556941</vAcc></extensions></trkpt>
      <trkpt lon="114.387906" lat="33.668983"><ele>58.381908</ele><time>2026-02-11T23:44:40Z</time><extensions><speed>2.496687</speed><course>118.724647</course><hAcc>1.335656</hAcc><vAcc>0.556942</vAcc></extensions></trkpt>
      <trkpt lon="114.387929" lat="33.668972"><ele>58.372617</ele><time>2026-02-11T23:44:41Z</time><extensions><speed>2.471722</speed><course>119.416994</course><hAcc>1.349631</hAcc><vAcc>0.556942</vAcc></extensions></trkpt>
      <trkpt lon="114.387952" lat="33.668961"><ele>58.364539</ele><time>2026-02-11T23:44:42Z</time><extensions><speed>2.507135</speed><course>118.184786</course><hAcc>1.360077</hAcc><vAcc>0.556942</vAcc></extensions></trkpt>
      <trkpt lon="114.387977" lat="33.668951"><ele>58.357425</ele><time>2026-02-11T23:44:43Z</time><extensions><speed>2.559501</speed><course>115.699541</course><hAcc>1.366483</hAcc><vAcc>0.556942</vAcc></extensions></trkpt>
      <trkpt lon="114.388002" lat="33.668941"><ele>58.351007</ele><time>2026-02-11T23:44:44Z</time><extensions><speed>2.544032</speed><course>114.405434</course><hAcc>1.367932</hAcc><vAcc>0.556942</vAcc></extensions></trkpt>
      <trkpt lon="114.388027" lat="33.668931"><ele>58.344991</ele><time>2026-02-11T23:44:45Z</time><extensions><speed>2.608541</speed><course>114.814042</course><hAcc>1.366872</hAcc><vAcc>0.556942</vAcc></extensions></trkpt>
      <trkpt lon="114.388052" lat="33.668921"><ele>58.339101</ele><time>2026-02-11T23:44:46Z</time><extensions><speed>2.558363</speed><course>116.010696</course><hAcc>1.367397</hAcc><vAcc>0.556942</vAcc></extensions></trkpt>
      <trkpt lon="114.388077" lat="33.668911"><ele>58.333101</ele><time>2026-02-11T23:44:47Z</time><extensions><speed>2.511133</speed><course>117.173528</course><hAcc>1.361517</hAcc><vAcc>0.556942</vAcc></extensions></trkpt>
      <trkpt lon="114.388101" lat="33.668901"><ele>58.326900</ele><time>2026-02-11T23:44:48Z</time><extensions><speed>2.576809</speed><course>117.721633</course><hAcc>1.356081</hAcc><vAcc>0.556942</vAcc></extensions></trkpt>
      <trkpt lon="114.388125" lat="33.668890"><ele>58.320403</ele><time>2026-02-11T23:44:49Z</time><extensions><speed>2.570411</speed><course>117.643552</course><hAcc>1.352204</hAcc><vAcc>0.556943</vAcc></extensions></trkpt>
      <trkpt lon="114.388150" lat="33.668880"><ele>58.313619</ele><time>2026-02-11T23:44:50Z</time><extensions><speed>2.521078</speed><course>116.091947</course><hAcc>1.347456</hAcc><vAcc>0.556943</vAcc></extensions></trkpt>
      <trkpt lon="114.388175" lat="33.668870"><ele>58.306693</ele><time>2026-02-11T23:44:51Z</time><extensions><speed>2.578556</speed><course>114.840150</course><hAcc>1.346368</hAcc><vAcc>0.556943</vAcc></extensions></trkpt>
      <trkpt lon="114.388200" lat="33.668860"><ele>58.299773</ele><time>2026-02-11T23:44:52Z</time><extensions><speed>2.548742</speed><course>113.720914</course><hAcc>1.345332</hAcc><vAcc>0.556943</vAcc></extensions></trkpt>
      <trkpt lon="114.388225" lat="33.668851"><ele>58.292940</ele><time>2026-02-11T23:44:53Z</time><extensions><speed>2.522621</speed><course>112.743098</course><hAcc>1.341673</hAcc><vAcc>0.556943</vAcc></extensions></trkpt>
      <trkpt lon="114.388250" lat="33.668843"><ele>58.286336</ele><time>2026-02-11T23:44:54Z</time><extensions><speed>2.568454</speed><course>111.080770</course><hAcc>1.333251</hAcc><vAcc>0.556943</vAcc></extensions></trkpt>
      <trkpt lon="114.388276" lat="33.668834"><ele>58.280234</ele><time>2026-02-11T23:44:55Z</time><extensions><speed>2.482444</speed><course>111.211450</course><hAcc>1.325127</hAcc><vAcc>0.556943</vAcc></extensions></trkpt>
      <trkpt lon="114.388301" lat="33.668826"><ele>58.275075</ele><time>2026-02-11T23:44:56Z</time><extensions><speed>2.529388</speed><course>111.765626</course><hAcc>1.316596</hAcc><vAcc>0.556943</vAcc></extensions></trkpt>
      <trkpt lon="114.388326" lat="33.668817"><ele>58.271302</ele><time>2026-02-11T23:44:57Z</time><extensions><speed>2.599346</speed><course>112.789763</course><hAcc>1.310520</hAcc><vAcc>0.556943</vAcc></extensions></trkpt>
      <trkpt lon="114.388352" lat="33.668809"><ele>58.269135</ele><time>2026-02-11T23:44:58Z</time><extensions><speed>2.486473</speed><course>112.256349</course><hAcc>1.303252</hAcc><vAcc>0.556943</vAcc></extensions></trkpt>
      <trkpt lon="114.388376" lat="33.668800"><ele>58.268683</ele><time>2026-02-11T23:44:59Z</time><extensions><speed>2.385377</speed><course>112.107294</course><hAcc>1.296861</hAcc><vAcc>0.556943</vAcc></extensions></trkpt>
      <trkpt lon="114.388400" lat="33.668793"><ele>58.269917</ele><time>2026-02-11T23:45:00Z</time><extensions><speed>2.406356</speed><course>110.484301</course><hAcc>1.293626</hAcc><vAcc>0.556943</vAcc></extensions></trkpt>
      <trkpt lon="114.388424" lat="33.668785"><ele>58.272532</ele><time>2026-02-11T23:45:01Z</time><extensions><speed>2.372864</speed><course>108.297483</course><hAcc>1.295961</hAcc><vAcc>0.556943</vAcc></extensions></trkpt>
      <trkpt lon="114.388449" lat="33.668779"><ele>58.276141</ele><time>2026-02-11T23:45:02Z</time><extensions><speed>2.499653</speed><course>108.122088</course><hAcc>1.298549</hAcc><vAcc>0.556943</vAcc></extensions></trkpt>
      <trkpt lon="114.388475" lat="33.668772"><ele>58.280385</ele><time>2026-02-11T23:45:03Z</time><extensions><speed>2.585040</speed><course>107.961063</course><hAcc>1.299881</hAcc><vAcc>0.556943</vAcc></extensions></trkpt>
      <trkpt lon="114.388501" lat="33.668765"><ele>58.284912</ele><time>2026-02-11T23:45:04Z</time><extensions><speed>2.497241</speed><course>107.352624</course><hAcc>1.297962</hAcc><vAcc>0.556943</vAcc></extensions></trkpt>
      <trkpt lon="114.388528" lat="33.668758"><ele>58.289384</ele><time>2026-02-11T23:45:05Z</time><extensions><speed>2.612005</speed><course>107.176621</course><hAcc>1.297132</hAcc><vAcc>0.556943</vAcc></extensions></trkpt>
      <trkpt lon="114.388555" lat="33.668751"><ele>58.293699</ele><time>2026-02-11T23:45:06Z</time><extensions><speed>2.692079</speed><course>105.461248</course><hAcc>1.295770</hAcc><vAcc>0.556943</vAcc></extensions></trkpt>
      <trkpt lon="114.388582" lat="33.668745"><ele>58.297747</ele><time>2026-02-11T23:45:07Z</time><extensions><speed>2.510055</speed><course>104.254249</course><hAcc>1.299053</hAcc><vAcc>0.556943</vAcc></extensions></trkpt>
      <trkpt lon="114.388608" lat="33.668740"><ele>58.301473</ele><time>2026-02-11T23:45:08Z</time><extensions><speed>2.464627</speed><course>104.731319</course><hAcc>1.304629</hAcc><vAcc>0.556943</vAcc></extensions></trkpt>
      <trkpt lon="114.388634" lat="33.668734"><ele>58.304930</ele><time>2026-02-11T23:45:09Z</time><extensions><speed>2.498506</speed><course>105.851683</course><hAcc>1.309893</hAcc><vAcc>0.556943</vAcc></extensions></trkpt>
      <trkpt lon="114.388659" lat="33.668728"><ele>58.308287</ele><time>2026-02-11T23:45:10Z</time><extensions><speed>2.385253</speed><course>105.572658</course><hAcc>1.315470</hAcc><vAcc>0.556943</vAcc></extensions></trkpt>
      <trkpt lon="114.388684" lat="33.668722"><ele>58.311581</ele><time>2026-02-11T23:45:11Z</time><extensions><speed>2.347246</speed><course>103.047255</course><hAcc>1.318344</hAcc><vAcc>0.556943</vAcc></extensions></trkpt>
      <trkpt lon="114.388708" lat="33.668718"><ele>58.314956</ele><time>2026-02-11T23:45:12Z</time><extensions><speed>2.378570</speed><course>100.405243</course><hAcc>1.322999</hAcc><vAcc>0.556943</vAcc></extensions></trkpt>
      <trkpt lon="114.388733" lat="33.668714"><ele>58.318553</ele><time>2026-02-11T23:45:13Z</time><extensions><speed>2.253939</speed><course>99.726977</course><hAcc>1.330482</hAcc><vAcc>0.556943</vAcc></extensions></trkpt>
      <trkpt lon="114.388757" lat="33.668711"><ele>58.322442</ele><time>2026-02-11T23:45:14Z</time><extensions><speed>2.238250</speed><course>101.220761</course><hAcc>1.340080</hAcc><vAcc>0.556944</vAcc></extensions></trkpt>
      <trkpt lon="114.388780" lat="33.668706"><ele>58.326620</ele><time>2026-02-11T23:45:15Z</time><extensions><speed>2.250640</speed><course>104.625750</course><hAcc>1.343433</hAcc><vAcc>0.556944</vAcc></extensions></trkpt>
      <trkpt lon="114.388804" lat="33.668701"><ele>58.331112</ele><time>2026-02-11T23:45:16Z</time><extensions><speed>2.234271</speed><course>106.750541</course><hAcc>1.344989</hAcc><vAcc>0.556944</vAcc></extensions></trkpt>
      <trkpt lon="114.388826" lat="33.668695"><ele>58.335831</ele><time>2026-02-11T23:45:17Z</time><extensions><speed>2.214892</speed><course>107.342291</course><hAcc>1.340421</hAcc><vAcc>0.556944</vAcc></extensions></trkpt>
      <trkpt lon="114.388849" lat="33.668689"><ele>58.340939</ele><time>2026-02-11T23:45:18Z</time><extensions><speed>2.210322</speed><course>106.817846</course><hAcc>1.335941</hAcc><vAcc>0.556944</vAcc></extensions></trkpt>
      <trkpt lon="114.388872" lat="33.668684"><ele>58.347090</ele><time>2026-02-11T23:45:19Z</time><extensions><speed>2.153230</speed><course>105.542844</course><hAcc>1.330061</hAcc><vAcc>0.556944</vAcc></extensions></trkpt>
      <trkpt lon="114.388895" lat="33.668679"><ele>58.354920</ele><time>2026-02-11T23:45:20Z</time><extensions><speed>2.238476</speed><course>104.464591</course><hAcc>1.327093</hAcc><vAcc>0.556944</vAcc></extensions></trkpt>
      <trkpt lon="114.388919" lat="33.668673"><ele>58.364305</ele><time>2026-02-11T23:45:21Z</time><extensions><speed>2.372135</speed><course>104.477027</course><hAcc>1.325397</hAcc><vAcc>0.556944</vAcc></extensions></trkpt>
      <trkpt lon="114.388943" lat="33.668669"><ele>58.375099</ele><time>2026-02-11T23:45:22Z</time><extensions><speed>2.263689</speed><course>101.630972</course><hAcc>1.331386</hAcc><vAcc>0.556944</vAcc></extensions></trkpt>
      <trkpt lon="114.388967" lat="33.668665"><ele>58.386933</ele><time>2026-02-11T23:45:23Z</time><extensions><speed>2.319581</speed><course>99.246324</course><hAcc>1.334826</hAcc><vAcc>0.556944</vAcc></extensions></trkpt>
      <trkpt lon="114.388993" lat="33.668661"><ele>58.398696</ele><time>2026-02-11T23:45:24Z</time><extensions><speed>2.430526</speed><course>99.957654</course><hAcc>1.342512</hAcc><vAcc>0.556944</vAcc></extensions></trkpt>
      <trkpt lon="114.389018" lat="33.668658"><ele>58.409305</ele><time>2026-02-11T23:45:25Z</time><extensions><speed>2.321180</speed><course>100.506320</course><hAcc>1.344633</hAcc><vAcc>0.556944</vAcc></extensions></trkpt>
      <trkpt lon="114.389043" lat="33.668653"><ele>58.418222</ele><time>2026-02-11T23:45:26Z</time><extensions><speed>2.425963</speed><course>101.445297</course><hAcc>1.342679</hAcc><vAcc>0.556944</vAcc></extensions></trkpt>
      <trkpt lon="114.389069" lat="33.668649"><ele>58.424948</ele><time>2026-02-11T23:45:27Z</time><extensions><speed>2.461542</speed><course>102.554205</course><hAcc>1.342792</hAcc><vAcc>0.556944</vAcc></extensions></trkpt>
      <trkpt lon="114.389094" lat="33.668644"><ele>58.428834</ele><time>2026-02-11T23:45:28Z</time><extensions><speed>2.357692</speed><course>103.821635</course><hAcc>1.344872</hAcc><vAcc>0.556944</vAcc></extensions></trkpt>
      <trkpt lon="114.389119" lat="33.668638"><ele>58.429263</ele><time>2026-02-11T23:45:29Z</time><extensions><speed>2.404604</speed><course>106.728538</course><hAcc>1.341679</hAcc><vAcc>0.556944</vAcc></extensions></trkpt>
      <trkpt lon="114.389143" lat="33.668632"><ele>58.425536</ele><time>2026-02-11T23:45:30Z</time><extensions><speed>2.328732</speed><course>110.429363</course><hAcc>1.338540</hAcc><vAcc>0.556944</vAcc></extensions></trkpt>
      <trkpt lon="114.389166" lat="33.668624"><ele>58.417049</ele><time>2026-02-11T23:45:31Z</time><extensions><speed>2.287972</speed><course>110.203611</course><hAcc>1.335618</hAcc><vAcc>0.556944</vAcc></extensions></trkpt>
      <trkpt lon="114.389190" lat="33.668618"><ele>58.403530</ele><time>2026-02-11T23:45:32Z</time><extensions><speed>2.356264</speed><course>107.877463</course><hAcc>1.332578</hAcc><vAcc>0.556944</vAcc></extensions></trkpt>
      <trkpt lon="114.389214" lat="33.668611"><ele>58.385186</ele><time>2026-02-11T23:45:33Z</time><extensions><speed>2.432407</speed><course>106.268843</course><hAcc>1.335097</hAcc><vAcc>0.556944</vAcc></extensions></trkpt>
      <trkpt lon="114.389240" lat="33.668605"><ele>58.362975</ele><time>2026-02-11T23:45:34Z</time><extensions><speed>2.402512</speed><course>105.720849</course><hAcc>1.343122</hAcc><vAcc>0.556944</vAcc></extensions></trkpt>
      <trkpt lon="114.389265" lat="33.668599"><ele>58.338194</ele><time>2026-02-11T23:45:35Z</time><extensions><speed>2.491283</speed><course>105.007741</course><hAcc>1.344090</hAcc><vAcc>0.556944</vAcc></extensions></trkpt>
      <trkpt lon="114.389291" lat="33.668594"><ele>58.312216</ele><time>2026-02-11T23:45:36Z</time><extensions><speed>2.506553</speed><course>103.299061</course><hAcc>1.342381</hAcc><vAcc>0.556944</vAcc></extensions></trkpt>
      <trkpt lon="114.389317" lat="33.668589"><ele>58.286274</ele><time>2026-02-11T23:45:37Z</time><extensions><speed>2.483914</speed><course>101.800388</course><hAcc>1.337148</hAcc><vAcc>0.556944</vAcc></extensions></trkpt>
      <trkpt lon="114.389344" lat="33.668585"><ele>58.261413</ele><time>2026-02-11T23:45:38Z</time><extensions><speed>2.462114</speed><course>100.520779</course><hAcc>1.332013</hAcc><vAcc>0.556944</vAcc></extensions></trkpt>
      <trkpt lon="114.389369" lat="33.668581"><ele>58.238636</ele><time>2026-02-11T23:45:39Z</time><extensions><speed>2.276279</speed><course>98.813299</course><hAcc>1.329391</hAcc><vAcc>0.556944</vAcc></extensions></trkpt>
      <trkpt lon="114.389392" lat="33.668578"><ele>58.218713</ele><time>2026-02-11T23:45:40Z</time><extensions><speed>2.155425</speed><course>97.096014</course><hAcc>1.329098</hAcc><vAcc>0.556944</vAcc></extensions></trkpt>
      <trkpt lon="114.389416" lat="33.668576"><ele>58.202246</ele><time>2026-02-11T23:45:41Z</time><extensions><speed>2.243597</speed><course>97.733853</course><hAcc>1.333551</hAcc><vAcc>0.556944</vAcc></extensions></trkpt>
      <trkpt lon="114.389439" lat="33.668573"><ele>58.189700</ele><time>2026-02-11T23:45:42Z</time><extensions><speed>2.221882</speed><course>99.842223</course><hAcc>1.338721</hAcc><vAcc>0.556944</vAcc></extensions></trkpt>
      <trkpt lon="114.389463" lat="33.668569"><ele>58.181393</ele><time>2026-02-11T23:45:43Z</time><extensions><speed>2.293478</speed><course>101.496073</course><hAcc>1.335435</hAcc><vAcc>0.556944</vAcc></extensions></trkpt>
      <trkpt lon="114.389488" lat="33.668565"><ele>58.177426</ele><time>2026-02-11T23:45:44Z</time><extensions><speed>2.344728</speed><course>101.799239</course><hAcc>1.334681</hAcc><vAcc>0.556944</vAcc></extensions></trkpt>
      <trkpt lon="114.389512" lat="33.668560"><ele>58.177747</ele><time>2026-02-11T23:45:45Z</time><extensions><speed>2.359295</speed><course>105.544963</course><hAcc>1.331769</hAcc><vAcc>0.556944</vAcc></extensions></trkpt>
      <trkpt lon="114.389538" lat="33.668554"><ele>58.182145</ele><time>2026-02-11T23:45:46Z</time><extensions><speed>2.527836</speed><course>105.679956</course><hAcc>1.329765</hAcc><vAcc>0.556944</vAcc></extensions></trkpt>
      <trkpt lon="114.389565" lat="33.668547"><ele>58.190241</ele><time>2026-02-11T23:45:47Z</time><extensions><speed>2.644820</speed><course>105.838039</course><hAcc>1.326713</hAcc><vAcc>0.556944</vAcc></extensions></trkpt>
      <trkpt lon="114.389591" lat="33.668541"><ele>58.201615</ele><time>2026-02-11T23:45:48Z</time><extensions><speed>2.545409</speed><course>107.649372</course><hAcc>1.320979</hAcc><vAcc>0.556944</vAcc></extensions></trkpt>
      <trkpt lon="114.389617" lat="33.668534"><ele>58.215650</ele><time>2026-02-11T23:45:49Z</time><extensions><speed>2.399008</speed><course>105.826025</course><hAcc>1.317989</hAcc><vAcc>0.556944</vAcc></extensions></trkpt>
      <trkpt lon="114.389641" lat="33.668528"><ele>58.231641</ele><time>2026-02-11T23:45:50Z</time><extensions><speed>2.288189</speed><course>106.720044</course><hAcc>1.321474</hAcc><vAcc>0.556944</vAcc></extensions></trkpt>
      <trkpt lon="114.389664" lat="33.668523"><ele>58.248837</ele><time>2026-02-11T23:45:51Z</time><extensions><speed>2.129630</speed><course>105.545051</course><hAcc>1.322222</hAcc><vAcc>0.556944</vAcc></extensions></trkpt>
      <trkpt lon="114.389686" lat="33.668518"><ele>58.266429</ele><time>2026-02-11T23:45:52Z</time><extensions><speed>2.103183</speed><course>102.000832</course><hAcc>1.320321</hAcc><vAcc>0.556944</vAcc></extensions></trkpt>
      <trkpt lon="114.389710" lat="33.668515"><ele>58.283629</ele><time>2026-02-11T23:45:53Z</time><extensions><speed>2.282634</speed><course>99.471884</course><hAcc>1.318874</hAcc><vAcc>0.556944</vAcc></extensions></trkpt>
      <trkpt lon="114.389734" lat="33.668512"><ele>58.299686</ele><time>2026-02-11T23:45:54Z</time><extensions><speed>2.361537</speed><course>97.872968</course><hAcc>1.318391</hAcc><vAcc>0.556944</vAcc></extensions></trkpt>
      <trkpt lon="114.389760" lat="33.668509"><ele>58.313926</ele><time>2026-02-11T23:45:55Z</time><extensions><speed>2.500404</speed><course>95.485404</course><hAcc>1.313444</hAcc><vAcc>0.556944</vAcc></extensions></trkpt>
      <trkpt lon="114.389787" lat="33.668507"><ele>58.325788</ele><time>2026-02-11T23:45:56Z</time><extensions><speed>2.550500</speed><course>94.707509</course><hAcc>1.309167</hAcc><vAcc>0.556944</vAcc></extensions></trkpt>
      <trkpt lon="114.389814" lat="33.668506"><ele>58.334883</ele><time>2026-02-11T23:45:57Z</time><extensions><speed>2.378747</speed><course>92.842938</course><hAcc>1.316144</hAcc><vAcc>0.556944</vAcc></extensions></trkpt>
      <trkpt lon="114.389839" lat="33.668505"><ele>58.340960</ele><time>2026-02-11T23:45:58Z</time><extensions><speed>2.309984</speed><course>90.309958</course><hAcc>1.319545</hAcc><vAcc>0.556944</vAcc></extensions></trkpt>
      <trkpt lon="114.389865" lat="33.668505"><ele>58.344000</ele><time>2026-02-11T23:45:59Z</time><extensions><speed>2.456461</speed><course>92.099146</course><hAcc>1.319574</hAcc><vAcc>0.556944</vAcc></extensions></trkpt>
      <trkpt lon="114.389892" lat="33.668503"><ele>58.344177</ele><time>2026-02-11T23:46:00Z</time><extensions><speed>2.505836</speed><course>93.911184</course><hAcc>1.322199</hAcc><vAcc>0.556944</vAcc></extensions></trkpt>
      <trkpt lon="114.389919" lat="33.668501"><ele>58.341782</ele><time>2026-02-11T23:46:01Z</time><extensions><speed>2.581817</speed><course>96.260845</course><hAcc>1.322855</hAcc><vAcc>0.556944</vAcc></extensions></trkpt>
      <trkpt lon="114.389947" lat="33.668498"><ele>58.337220</ele><time>2026-02-11T23:46:02Z</time><extensions><speed>2.635617</speed><course>99.181298</course><hAcc>1.321149</hAcc><vAcc>0.556944</vAcc></extensions></trkpt>
      <trkpt lon="114.389974" lat="33.668494"><ele>58.330958</ele><time>2026-02-11T23:46:03Z</time><extensions><speed>2.428690</speed><course>99.752936</course><hAcc>1.315438</hAcc><vAcc>0.556944</vAcc></extensions></trkpt>
      <trkpt lon="114.389999" lat="33.668491"><ele>58.323417</ele><time>2026-02-11T23:46:04Z</time><extensions><speed>2.384531</speed><course>100.649479</course><hAcc>1.307269</hAcc><vAcc>0.556944</vAcc></extensions></trkpt>
      <trkpt lon="114.390024" lat="33.668486"><ele>58.314949</ele><time>2026-02-11T23:46:05Z</time><extensions><speed>2.393479</speed><course>102.394202</course><hAcc>1.297250</hAcc><vAcc>0.556944</vAcc></extensions></trkpt>
      <trkpt lon="114.390050" lat="33.668482"><ele>58.305886</ele><time>2026-02-11T23:46:06Z</time><extensions><speed>2.436617</speed><course>98.356884</course><hAcc>1.289885</hAcc><vAcc>0.556944</vAcc></extensions></trkpt>
      <trkpt lon="114.390076" lat="33.668480"><ele>58.296694</ele><time>2026-02-11T23:46:07Z</time><extensions><speed>2.466682</speed><course>96.645633</course><hAcc>1.286424</hAcc><vAcc>0.556944</vAcc></extensions></trkpt>
      <trkpt lon="114.390102" lat="33.668477"><ele>58.287773</ele><time>2026-02-11T23:46:08Z</time><extensions><speed>2.398482</speed><course>98.542891</course><hAcc>1.283986</hAcc><vAcc>0.556944</vAcc></extensions></trkpt>
      <trkpt lon="114.390128" lat="33.668473"><ele>58.279567</ele><time>2026-02-11T23:46:09Z</time><extensions><speed>2.368864</speed><course>100.740087</course><hAcc>1.282503</hAcc><vAcc>0.556944</vAcc></extensions></trkpt>
      <trkpt lon="114.390153" lat="33.668469"><ele>58.272616</ele><time>2026-02-11T23:46:10Z</time><extensions><speed>2.527708</speed><course>102.459376</course><hAcc>1.284953</hAcc><vAcc>0.556944</vAcc></extensions></trkpt>
      <trkpt lon="114.390180" lat="33.668464"><ele>58.267370</ele><time>2026-02-11T23:46:11Z</time><extensions><speed>2.479346</speed><course>102.006110</course><hAcc>1.291414</hAcc><vAcc>0.556944</vAcc></extensions></trkpt>
      <trkpt lon="114.390205" lat="33.668460"><ele>58.263749</ele><time>2026-02-11T23:46:12Z</time><extensions><speed>2.370248</speed><course>100.763104</course><hAcc>1.293172</hAcc><vAcc>0.556944</vAcc></extensions></trkpt>
      <trkpt lon="114.390231" lat="33.668456"><ele>58.261573</ele><time>2026-02-11T23:46:13Z</time><extensions><speed>2.455784</speed><course>99.852738</course><hAcc>1.304510</hAcc><vAcc>0.556944</vAcc></extensions></trkpt>
      <trkpt lon="114.390257" lat="33.668452"><ele>58.260640</ele><time>2026-02-11T23:46:14Z</time><extensions><speed>2.356412</speed><course>99.641617</course><hAcc>1.315940</hAcc><vAcc>0.556944</vAcc></extensions></trkpt>
      <trkpt lon="114.390281" lat="33.668448"><ele>58.260711</ele><time>2026-02-11T23:46:15Z</time><extensions><speed>2.268558</speed><course>100.836636</course><hAcc>1.326566</hAcc><vAcc>0.556944</vAcc></extensions></trkpt>
      <trkpt lon="114.390306" lat="33.668444"><ele>58.261525</ele><time>2026-02-11T23:46:16Z</time><extensions><speed>2.313518</speed><course>101.840672</course><hAcc>1.335599</hAcc><vAcc>0.556944</vAcc></extensions></trkpt>
      <trkpt lon="114.390330" lat="33.668440"><ele>58.262927</ele><time>2026-02-11T23:46:17Z</time><extensions><speed>2.315665</speed><course>101.173558</course><hAcc>1.334409</hAcc><vAcc>0.556944</vAcc></extensions></trkpt>
      <trkpt lon="114.390355" lat="33.668437"><ele>58.264725</ele><time>2026-02-11T23:46:18Z</time><extensions><speed>2.315255</speed><course>97.976678</course><hAcc>1.327249</hAcc><vAcc>0.556943</vAcc></extensions></trkpt>
      <trkpt lon="114.390379" lat="33.668434"><ele>58.266721</ele><time>2026-02-11T23:46:19Z</time><extensions><speed>2.302734</speed><course>96.822282</course><hAcc>1.323082</hAcc><vAcc>0.556943</vAcc></extensions></trkpt>
      <trkpt lon="114.390403" lat="33.668432"><ele>58.268980</ele><time>2026-02-11T23:46:20Z</time><extensions><speed>2.132656</speed><course>96.177004</course><hAcc>1.333584</hAcc><vAcc>0.556943</vAcc></extensions></trkpt>
      <trkpt lon="114.390426" lat="33.668430"><ele>58.271543</ele><time>2026-02-11T23:46:21Z</time><extensions><speed>2.216074</speed><course>96.240067</course><hAcc>1.331429</hAcc><vAcc>0.556943</vAcc></extensions></trkpt>
      <trkpt lon="114.390451" lat="33.668427"><ele>58.274473</ele><time>2026-02-11T23:46:22Z</time><extensions><speed>2.448716</speed><course>96.447945</course><hAcc>1.329178</hAcc><vAcc>0.556943</vAcc></extensions></trkpt>
      <trkpt lon="114.390478" lat="33.668425"><ele>58.277963</ele><time>2026-02-11T23:46:23Z</time><extensions><speed>2.512251</speed><course>95.938250</course><hAcc>1.333445</hAcc><vAcc>0.556942</vAcc></extensions></trkpt>
      <trkpt lon="114.390505" lat="33.668423"><ele>58.282322</ele><time>2026-02-11T23:46:24Z</time><extensions><speed>2.565027</speed><course>95.343658</course><hAcc>1.334845</hAcc><vAcc>0.556942</vAcc></extensions></trkpt>
      <trkpt lon="114.390533" lat="33.668421"><ele>58.287571</ele><time>2026-02-11T23:46:25Z</time><extensions><speed>2.562863</speed><course>94.758694</course><hAcc>1.332863</hAcc><vAcc>0.556942</vAcc></extensions></trkpt>
      <trkpt lon="114.390560" lat="33.668419"><ele>58.293796</ele><time>2026-02-11T23:46:26Z</time><extensions><speed>2.434616</speed><course>92.868333</course><hAcc>1.336722</hAcc><vAcc>0.556942</vAcc></extensions></trkpt>
      <trkpt lon="114.390586" lat="33.668419"><ele>58.301119</ele><time>2026-02-11T23:46:27Z</time><extensions><speed>2.363875</speed><course>90.143192</course><hAcc>1.333801</hAcc><vAcc>0.556942</vAcc></extensions></trkpt>
      <trkpt lon="114.390611" lat="33.668418"><ele>58.309621</ele><time>2026-02-11T23:46:28Z</time><extensions><speed>2.307062</speed><course>91.035886</course><hAcc>1.333997</hAcc><vAcc>0.556941</vAcc></extensions></trkpt>
      <trkpt lon="114.390636" lat="33.668417"><ele>58.319233</ele><time>2026-02-11T23:46:29Z</time><extensions><speed>2.326952</speed><course>93.831780</course><hAcc>1.331477</hAcc><vAcc>0.556941</vAcc></extensions></trkpt>
      <trkpt lon="114.390662" lat="33.668415"><ele>58.329764</ele><time>2026-02-11T23:46:30Z</time><extensions><speed>2.569656</speed><course>97.104310</course><hAcc>1.329940</hAcc><vAcc>0.556941</vAcc></extensions></trkpt>
      <trkpt lon="114.390689" lat="33.668412"><ele>58.340871</ele><time>2026-02-11T23:46:31Z</time><extensions><speed>2.469454</speed><course>101.219640</course><hAcc>1.327074</hAcc><vAcc>0.556941</vAcc></extensions></trkpt>
      <trkpt lon="114.390715" lat="33.668407"><ele>58.352113</ele><time>2026-02-11T23:46:32Z</time><extensions><speed>2.357920</speed><course>102.407456</course><hAcc>1.319623</hAcc><vAcc>0.556941</vAcc></extensions></trkpt>
      <trkpt lon="114.390740" lat="33.668403"><ele>58.363028</ele><time>2026-02-11T23:46:33Z</time><extensions><speed>2.418378</speed><course>102.031400</course><hAcc>1.314514</hAcc><vAcc>0.556940</vAcc></extensions></trkpt>
      <trkpt lon="114.390765" lat="33.668398"><ele>58.373224</ele><time>2026-02-11T23:46:34Z</time><extensions><speed>2.330842</speed><course>100.927788</course><hAcc>1.308779</hAcc><vAcc>0.556940</vAcc></extensions></trkpt>
      <trkpt lon="114.390790" lat="33.668395"><ele>58.382300</ele><time>2026-02-11T23:46:35Z</time><extensions><speed>2.376771</speed><course>98.810670</course><hAcc>1.300971</hAcc><vAcc>0.556940</vAcc></extensions></trkpt>
      <trkpt lon="114.390816" lat="33.668392"><ele>58.389996</ele><time>2026-02-11T23:46:36Z</time><extensions><speed>2.471985</speed><course>95.898688</course><hAcc>1.297909</hAcc><vAcc>0.556940</vAcc></extensions></trkpt>
      <trkpt lon="114.390842" lat="33.668390"><ele>58.396254</ele><time>2026-02-11T23:46:37Z</time><extensions><speed>2.378436</speed><course>93.330736</course><hAcc>1.296310</hAcc><vAcc>0.556939</vAcc></extensions></trkpt>
      <trkpt lon="114.390867" lat="33.668389"><ele>58.401240</ele><time>2026-02-11T23:46:38Z</time><extensions><speed>2.338693</speed><course>91.983132</course><hAcc>1.288617</hAcc><vAcc>0.556939</vAcc></extensions></trkpt>
      <trkpt lon="114.390893" lat="33.668388"><ele>58.405136</ele><time>2026-02-11T23:46:39Z</time><extensions><speed>2.373563</speed><course>92.450409</course><hAcc>1.287873</hAcc><vAcc>0.556939</vAcc></extensions></trkpt>
      <trkpt lon="114.390918" lat="33.668387"><ele>58.408204</ele><time>2026-02-11T23:46:40Z</time><extensions><speed>2.335162</speed><course>93.492908</course><hAcc>1.287827</hAcc><vAcc>0.556940</vAcc></extensions></trkpt>
      <trkpt lon="114.390943" lat="33.668386"><ele>58.410723</ele><time>2026-02-11T23:46:41Z</time><extensions><speed>2.327736</speed><course>93.629594</course><hAcc>1.279860</hAcc><vAcc>0.556940</vAcc></extensions></trkpt>
      <trkpt lon="114.390969" lat="33.668385"><ele>58.412962</ele><time>2026-02-11T23:46:42Z</time><extensions><speed>2.342677</speed><course>93.210970</course><hAcc>1.281591</hAcc><vAcc>0.556940</vAcc></extensions></trkpt>
      <trkpt lon="114.390993" lat="33.668384"><ele>58.415140</ele><time>2026-02-11T23:46:43Z</time><extensions><speed>2.267293</speed><course>91.969523</course><hAcc>1.290714</hAcc><vAcc>0.556940</vAcc></extensions></trkpt>
      <trkpt lon="114.391018" lat="33.668383"><ele>58.417496</ele><time>2026-02-11T23:46:44Z</time><extensions><speed>2.275823</speed><course>92.734201</course><hAcc>1.294596</hAcc><vAcc>0.556940</vAcc></extensions></trkpt>
      <trkpt lon="114.391043" lat="33.668382"><ele>58.420400</ele><time>2026-02-11T23:46:45Z</time><extensions><speed>2.362149</speed><course>93.891946</course><hAcc>1.296160</hAcc><vAcc>0.556940</vAcc></extensions></trkpt>
      <trkpt lon="114.391069" lat="33.668380"><ele>58.424265</ele><time>2026-02-11T23:46:46Z</time><extensions><speed>2.408433</speed><course>92.856167</course><hAcc>1.302970</hAcc><vAcc>0.556940</vAcc></extensions></trkpt>
      <trkpt lon="114.391094" lat="33.668380"><ele>58.429445</ele><time>2026-02-11T23:46:47Z</time><extensions><speed>2.368091</speed><course>90.671846</course><hAcc>1.309054</hAcc><vAcc>0.556941</vAcc></extensions></trkpt>
      <trkpt lon="114.391120" lat="33.668380"><ele>58.436061</ele><time>2026-02-11T23:46:48Z</time><extensions><speed>2.402261</speed><course>88.619166</course><hAcc>1.323243</hAcc><vAcc>0.556941</vAcc></extensions></trkpt>
      <trkpt lon="114.391146" lat="33.668381"><ele>58.444149</ele><time>2026-02-11T23:46:49Z</time><extensions><speed>2.338319</speed><course>87.942107</course><hAcc>1.327236</hAcc><vAcc>0.556941</vAcc></extensions></trkpt>
      <trkpt lon="114.391171" lat="33.668381"><ele>58.453815</ele><time>2026-02-11T23:46:50Z</time><extensions><speed>2.337749</speed><course>89.196813</course><hAcc>1.324791</hAcc><vAcc>0.556941</vAcc></extensions></trkpt>
      <trkpt lon="114.391197" lat="33.668381"><ele>58.465179</ele><time>2026-02-11T23:46:51Z</time><extensions><speed>2.456844</speed><course>91.910489</course><hAcc>1.323168</hAcc><vAcc>0.556941</vAcc></extensions></trkpt>
      <trkpt lon="114.391223" lat="33.668380"><ele>58.478298</ele><time>2026-02-11T23:46:52Z</time><extensions><speed>2.461633</speed><course>94.272710</course><hAcc>1.329005</hAcc><vAcc>0.556941</vAcc></extensions></trkpt>
      <trkpt lon="114.391250" lat="33.668378"><ele>58.493035</ele><time>2026-02-11T23:46:53Z</time><extensions><speed>2.397721</speed><course>95.814644</course><hAcc>1.333577</hAcc><vAcc>0.556942</vAcc></extensions></trkpt>
      <trkpt lon="114.391276" lat="33.668376"><ele>58.509250</ele><time>2026-02-11T23:46:54Z</time><extensions><speed>2.439455</speed><course>95.239596</course><hAcc>1.336063</hAcc><vAcc>0.556942</vAcc></extensions></trkpt>
      <trkpt lon="114.391301" lat="33.668374"><ele>58.526665</ele><time>2026-02-11T23:46:55Z</time><extensions><speed>2.341728</speed><course>92.694891</course><hAcc>1.347690</hAcc><vAcc>0.556942</vAcc></extensions></trkpt>
      <trkpt lon="114.391326" lat="33.668374"><ele>58.544870</ele><time>2026-02-11T23:46:56Z</time><extensions><speed>2.220577</speed><course>90.218768</course><hAcc>1.358497</hAcc><vAcc>0.556942</vAcc></extensions></trkpt>
      <trkpt lon="114.391350" lat="33.668374"><ele>58.563451</ele><time>2026-02-11T23:46:57Z</time><extensions><speed>2.272008</speed><course>87.994348</course><hAcc>1.362066</hAcc><vAcc>0.556942</vAcc></extensions></trkpt>
      <trkpt lon="114.391375" lat="33.668375"><ele>58.581957</ele><time>2026-02-11T23:46:58Z</time><extensions><speed>2.263242</speed><course>87.493482</course><hAcc>1.365531</hAcc><vAcc>0.556942</vAcc></extensions></trkpt>
      <trkpt lon="114.391399" lat="33.668376"><ele>58.599957</ele><time>2026-02-11T23:46:59Z</time><extensions><speed>2.306003</speed><course>87.432972</course><hAcc>1.364451</hAcc><vAcc>0.556942</vAcc></extensions></trkpt>
      <trkpt lon="114.391425" lat="33.668376"><ele>58.616936</ele><time>2026-02-11T23:47:00Z</time><extensions><speed>2.393600</speed><course>87.880630</course><hAcc>1.365147</hAcc><vAcc>0.556942</vAcc></extensions></trkpt>
      <trkpt lon="114.391450" lat="33.668377"><ele>58.632238</ele><time>2026-02-11T23:47:01Z</time><extensions><speed>2.359022</speed><course>88.870792</course><hAcc>1.369332</hAcc><vAcc>0.556942</vAcc></extensions></trkpt>
      <trkpt lon="114.391476" lat="33.668377"><ele>58.645217</ele><time>2026-02-11T23:47:02Z</time><extensions><speed>2.381872</speed><course>89.468652</course><hAcc>1.361998</hAcc><vAcc>0.556942</vAcc></extensions></trkpt>
      <trkpt lon="114.391502" lat="33.668378"><ele>58.655691</ele><time>2026-02-11T23:47:03Z</time><extensions><speed>2.395396</speed><course>89.277260</course><hAcc>1.355001</hAcc><vAcc>0.556943</vAcc></extensions></trkpt>
      <trkpt lon="114.391527" lat="33.668378"><ele>58.663614</ele><time>2026-02-11T23:47:04Z</time><extensions><speed>2.268478</speed><course>90.315830</course><hAcc>1.355287</hAcc><vAcc>0.556943</vAcc></extensions></trkpt>
      <trkpt lon="114.391551" lat="33.668378"><ele>58.669093</ele><time>2026-02-11T23:47:05Z</time><extensions><speed>2.233714</speed><course>89.611553</course><hAcc>1.356466</hAcc><vAcc>0.556943</vAcc></extensions></trkpt>
      <trkpt lon="114.391576" lat="33.668378"><ele>58.672471</ele><time>2026-02-11T23:47:06Z</time><extensions><speed>2.318028</speed><course>88.879450</course><hAcc>1.360294</hAcc><vAcc>0.556943</vAcc></extensions></trkpt>
      <trkpt lon="114.391600" lat="33.668379"><ele>58.674217</ele><time>2026-02-11T23:47:07Z</time><extensions><speed>2.225738</speed><course>88.054280</course><hAcc>1.369333</hAcc><vAcc>0.556943</vAcc></extensions></trkpt>
      <trkpt lon="114.391624" lat="33.668379"><ele>58.674536</ele><time>2026-02-11T23:47:08Z</time><extensions><speed>2.232154</speed><course>87.755952</course><hAcc>1.376626</hAcc><vAcc>0.556943</vAcc></extensions></trkpt>
      <trkpt lon="114.391648" lat="33.668380"><ele>58.673622</ele><time>2026-02-11T23:47:09Z</time><extensions><speed>2.211151</speed><course>87.160099</course><hAcc>1.373898</hAcc><vAcc>0.556943</vAcc></extensions></trkpt>
      <trkpt lon="114.391671" lat="33.668381"><ele>58.671750</ele><time>2026-02-11T23:47:10Z</time><extensions><speed>2.038022</speed><course>87.605414</course><hAcc>1.374201</hAcc><vAcc>0.556943</vAcc></extensions></trkpt>
      <trkpt lon="114.391693" lat="33.668382"><ele>58.669257</ele><time>2026-02-11T23:47:11Z</time><extensions><speed>2.022893</speed><course>88.983093</course><hAcc>1.372515</hAcc><vAcc>0.556943</vAcc></extensions></trkpt>
      <trkpt lon="114.391715" lat="33.668382"><ele>58.666442</ele><time>2026-02-11T23:47:12Z</time><extensions><speed>2.073154</speed><course>89.079834</course><hAcc>1.370624</hAcc><vAcc>0.556943</vAcc></extensions></trkpt>
      <trkpt lon="114.391737" lat="33.668383"><ele>58.663388</ele><time>2026-02-11T23:47:13Z</time><extensions><speed>2.027119</speed><course>88.310154</course><hAcc>1.372039</hAcc><vAcc>0.556943</vAcc></extensions></trkpt>
      <trkpt lon="114.391759" lat="33.668383"><ele>58.659952</ele><time>2026-02-11T23:47:14Z</time><extensions><speed>2.062941</speed><course>86.533655</course><hAcc>1.372699</hAcc><vAcc>0.556943</vAcc></extensions></trkpt>
      <trkpt lon="114.391782" lat="33.668385"><ele>58.655834</ele><time>2026-02-11T23:47:15Z</time><extensions><speed>2.146560</speed><course>84.845477</course><hAcc>1.370193</hAcc><vAcc>0.556943</vAcc></extensions></trkpt>
      <trkpt lon="114.391805" lat="33.668387"><ele>58.650630</ele><time>2026-02-11T23:47:16Z</time><extensions><speed>2.182808</speed><course>83.819113</course><hAcc>1.371012</hAcc><vAcc>0.556943</vAcc></extensions></trkpt>
      <trkpt lon="114.391828" lat="33.668389"><ele>58.643888</ele><time>2026-02-11T23:47:17Z</time><extensions><speed>2.145283</speed><course>83.116496</course><hAcc>1.378816</hAcc><vAcc>0.556943</vAcc></extensions></trkpt>
      <trkpt lon="114.391851" lat="33.668391"><ele>58.635332</ele><time>2026-02-11T23:47:18Z</time><extensions><speed>2.109561</speed><course>82.821308</course><hAcc>1.386429</hAcc><vAcc>0.556943</vAcc></extensions></trkpt>
      <trkpt lon="114.391873" lat="33.668394"><ele>58.624899</ele><time>2026-02-11T23:47:19Z</time><extensions><speed>1.993992</speed><course>82.291076</course><hAcc>1.391263</hAcc><vAcc>0.556943</vAcc></extensions></trkpt>
      <trkpt lon="114.391894" lat="33.668396"><ele>58.612647</ele><time>2026-02-11T23:47:20Z</time><extensions><speed>1.941535</speed><course>83.611143</course><hAcc>1.404494</hAcc><vAcc>0.556943</vAcc></extensions></trkpt>
      <trkpt lon="114.391916" lat="33.668397"><ele>58.598883</ele><time>2026-02-11T23:47:21Z</time><extensions><speed>2.090577</speed><course>86.649599</course><hAcc>1.409446</hAcc><vAcc>0.556943</vAcc></extensions></trkpt>
      <trkpt lon="114.391940" lat="33.668398"><ele>58.583988</ele><time>2026-02-11T23:47:22Z</time><extensions><speed>2.265175</speed><course>88.372381</course><hAcc>1.412999</hAcc><vAcc>0.556943</vAcc></extensions></trkpt>
      <trkpt lon="114.391964" lat="33.668399"><ele>58.568376</ele><time>2026-02-11T23:47:23Z</time><extensions><speed>2.232702</speed><course>89.463982</course><hAcc>1.417871</hAcc><vAcc>0.556943</vAcc></extensions></trkpt>
      <trkpt lon="114.391988" lat="33.668399"><ele>58.552475</ele><time>2026-02-11T23:47:24Z</time><extensions><speed>2.189684</speed><course>90.625060</course><hAcc>1.413558</hAcc><vAcc>0.556943</vAcc></extensions></trkpt>
      <trkpt lon="114.392012" lat="33.668398"><ele>58.536759</ele><time>2026-02-11T23:47:25Z</time><extensions><speed>2.209481</speed><course>91.958018</course><hAcc>1.409307</hAcc><vAcc>0.556943</vAcc></extensions></trkpt>
      <trkpt lon="114.392036" lat="33.668398"><ele>58.521724</ele><time>2026-02-11T23:47:26Z</time><extensions><speed>2.202468</speed><course>91.541620</course><hAcc>1.410004</hAcc><vAcc>0.556943</vAcc></extensions></trkpt>
      <trkpt lon="114.392060" lat="33.668397"><ele>58.507823</ele><time>2026-02-11T23:47:27Z</time><extensions><speed>2.203722</speed><course>90.959086</course><hAcc>1.404334</hAcc><vAcc>0.556943</vAcc></extensions></trkpt>
      <trkpt lon="114.392084" lat="33.668397"><ele>58.495437</ele><time>2026-02-11T23:47:28Z</time><extensions><speed>2.249929</speed><course>90.346200</course><hAcc>1.399786</hAcc><vAcc>0.556943</vAcc></extensions></trkpt>
      <trkpt lon="114.392108" lat="33.668397"><ele>58.484844</ele><time>2026-02-11T23:47:29Z</time><extensions><speed>2.235056</speed><course>89.224596</course><hAcc>1.397387</hAcc><vAcc>0.556943</vAcc></extensions></trkpt>
      <trkpt lon="114.392132" lat="33.668398"><ele>58.476191</ele><time>2026-02-11T23:47:30Z</time><extensions><speed>2.259813</speed><course>87.205871</course><hAcc>1.392645</hAcc><vAcc>0.556944</vAcc></extensions></trkpt>
      <trkpt lon="114.392157" lat="33.668399"><ele>58.469486</ele><time>2026-02-11T23:47:31Z</time><extensions><speed>2.280841</speed><course>85.335080</course><hAcc>1.393294</hAcc><vAcc>0.556944</vAcc></extensions></trkpt>
      <trkpt lon="114.392181" lat="33.668401"><ele>58.464632</ele><time>2026-02-11T23:47:32Z</time><extensions><speed>2.269702</speed><course>85.104595</course><hAcc>1.395713</hAcc><vAcc>0.556944</vAcc></extensions></trkpt>
      <trkpt lon="114.392206" lat="33.668403"><ele>58.461455</ele><time>2026-02-11T23:47:33Z</time><extensions><speed>2.301616</speed><course>84.741316</course><hAcc>1.395351</hAcc><vAcc>0.556944</vAcc></extensions></trkpt>
      <trkpt lon="114.392231" lat="33.668404"><ele>58.459700</ele><time>2026-02-11T23:47:34Z</time><extensions><speed>2.396126</speed><course>85.522210</course><hAcc>1.397136</hAcc><vAcc>0.556944</vAcc></extensions></trkpt>
      <trkpt lon="114.392257" lat="33.668406"><ele>58.459112</ele><time>2026-02-11T23:47:35Z</time><extensions><speed>2.377782</speed><course>85.336708</course><hAcc>1.401705</hAcc><vAcc>0.556944</vAcc></extensions></trkpt>
      <trkpt lon="114.392282" lat="33.668408"><ele>58.459431</ele><time>2026-02-11T23:47:36Z</time><extensions><speed>2.257991</speed><course>84.217301</course><hAcc>1.400935</hAcc><vAcc>0.556944</vAcc></extensions></trkpt>
      <trkpt lon="114.392306" lat="33.668410"><ele>58.460392</ele><time>2026-02-11T23:47:37Z</time><extensions><speed>2.221313</speed><course>83.809699</course><hAcc>1.405681</hAcc><vAcc>0.556944</vAcc></extensions></trkpt>
      <trkpt lon="114.392330" lat="33.668412"><ele>58.461769</ele><time>2026-02-11T23:47:38Z</time><extensions><speed>2.177903</speed><course>85.257686</course><hAcc>1.416159</hAcc><vAcc>0.556943</vAcc></extensions></trkpt>
      <trkpt lon="114.392353" lat="33.668413"><ele>58.463449</ele><time>2026-02-11T23:47:39Z</time><extensions><speed>2.195388</speed><course>86.378027</course><hAcc>1.416735</hAcc><vAcc>0.556943</vAcc></extensions></trkpt>
      <trkpt lon="114.392378" lat="33.668414"><ele>58.465335</ele><time>2026-02-11T23:47:40Z</time><extensions><speed>2.297897</speed><course>88.208668</course><hAcc>1.424563</hAcc><vAcc>0.556943</vAcc></extensions></trkpt>
      <trkpt lon="114.392403" lat="33.668415"><ele>58.467436</ele><time>2026-02-11T23:47:41Z</time><extensions><speed>2.344486</speed><course>87.855391</course><hAcc>1.428974</hAcc><vAcc>0.556943</vAcc></extensions></trkpt>
      <trkpt lon="114.392428" lat="33.668416"><ele>58.469845</ele><time>2026-02-11T23:47:42Z</time><extensions><speed>2.325784</speed><course>86.216258</course><hAcc>1.426313</hAcc><vAcc>0.556943</vAcc></extensions></trkpt>
      <trkpt lon="114.392453" lat="33.668418"><ele>58.472684</ele><time>2026-02-11T23:47:43Z</time><extensions><speed>2.334194</speed><course>83.807276</course><hAcc>1.422505</hAcc><vAcc>0.556943</vAcc></extensions></trkpt>
      <trkpt lon="114.392478" lat="33.668420"><ele>58.476034</ele><time>2026-02-11T23:47:44Z</time><extensions><speed>2.347813</speed><course>85.921406</course><hAcc>1.421592</hAcc><vAcc>0.556943</vAcc></extensions></trkpt>
      <trkpt lon="114.392503" lat="33.668421"><ele>58.480019</ele><time>2026-02-11T23:47:45Z</time><extensions><speed>2.257897</speed><course>88.858155</course><hAcc>1.412328</hAcc><vAcc>0.556943</vAcc></extensions></trkpt>
      <trkpt lon="114.392527" lat="33.668421"><ele>58.484675</ele><time>2026-02-11T23:47:46Z</time><extensions><speed>2.252674</speed><course>93.132508</course><hAcc>1.404036</hAcc><vAcc>0.556944</vAcc></extensions></trkpt>
      <trkpt lon="114.392551" lat="33.668419"><ele>58.489940</ele><time>2026-02-11T23:47:47Z</time><extensions><speed>2.176732</speed><course>93.831312</course><hAcc>1.400882</hAcc><vAcc>0.556944</vAcc></extensions></trkpt>
      <trkpt lon="114.392575" lat="33.668418"><ele>58.495736</ele><time>2026-02-11T23:47:48Z</time><extensions><speed>2.180111</speed><course>92.661518</course><hAcc>1.393170</hAcc><vAcc>0.556944</vAcc></extensions></trkpt>
      <trkpt lon="114.392598" lat="33.668417"><ele>58.501930</ele><time>2026-02-11T23:47:49Z</time><extensions><speed>2.197159</speed><course>92.424326</course><hAcc>1.387803</hAcc><vAcc>0.556944</vAcc></extensions></trkpt>
      <trkpt lon="114.392622" lat="33.668417"><ele>58.508322</ele><time>2026-02-11T23:47:50Z</time><extensions><speed>2.170293</speed><course>91.573639</course><hAcc>1.379439</hAcc><vAcc>0.556944</vAcc></extensions></trkpt>
      <trkpt lon="114.392646" lat="33.668416"><ele>58.514702</ele><time>2026-02-11T23:47:51Z</time><extensions><speed>2.213002</speed><course>90.772077</course><hAcc>1.371726</hAcc><vAcc>0.556944</vAcc></extensions></trkpt>
      <trkpt lon="114.392670" lat="33.668417"><ele>58.520892</ele><time>2026-02-11T23:47:52Z</time><extensions><speed>2.215450</speed><course>88.332550</course><hAcc>1.361226</hAcc><vAcc>0.556944</vAcc></extensions></trkpt>
      <trkpt lon="114.392693" lat="33.668418"><ele>58.526676</ele><time>2026-02-11T23:47:53Z</time><extensions><speed>2.222901</speed><course>85.507109</course><hAcc>1.352636</hAcc><vAcc>0.556944</vAcc></extensions></trkpt>
      <trkpt lon="114.392717" lat="33.668420"><ele>58.531689</ele><time>2026-02-11T23:47:54Z</time><extensions><speed>2.236100</speed><course>81.845418</course><hAcc>1.353327</hAcc><vAcc>0.556944</vAcc></extensions></trkpt>
      <trkpt lon="114.392741" lat="33.668423"><ele>58.535605</ele><time>2026-02-11T23:47:55Z</time><extensions><speed>2.173397</speed><course>81.183992</course><hAcc>1.353085</hAcc><vAcc>0.556944</vAcc></extensions></trkpt>
      <trkpt lon="114.392764" lat="33.668426"><ele>58.538218</ele><time>2026-02-11T23:47:56Z</time><extensions><speed>2.231398</speed><course>82.039882</course><hAcc>1.348301</hAcc><vAcc>0.556944</vAcc></extensions></trkpt>
      <trkpt lon="114.392789" lat="33.668428"><ele>58.539514</ele><time>2026-02-11T23:47:57Z</time><extensions><speed>2.335505</speed><course>83.743801</course><hAcc>1.350037</hAcc><vAcc>0.556944</vAcc></extensions></trkpt>
      <trkpt lon="114.392814" lat="33.668430"><ele>58.539560</ele><time>2026-02-11T23:47:58Z</time><extensions><speed>2.293781</speed><course>83.708604</course><hAcc>1.350056</hAcc><vAcc>0.556944</vAcc></extensions></trkpt>
      <trkpt lon="114.392838" lat="33.668433"><ele>58.538434</ele><time>2026-02-11T23:47:59Z</time><extensions><speed>2.269609</speed><course>84.313310</course><hAcc>1.352113</hAcc><vAcc>0.556944</vAcc></extensions></trkpt>
      <trkpt lon="114.392863" lat="33.668434"><ele>58.536239</ele><time>2026-02-11T23:48:00Z</time><extensions><speed>2.282000</speed><course>85.549663</course><hAcc>1.350533</hAcc><vAcc>0.556944</vAcc></extensions></trkpt>
      <trkpt lon="114.392887" lat="33.668436"><ele>58.533166</ele><time>2026-02-11T23:48:01Z</time><extensions><speed>2.179016</speed><course>84.611520</course><hAcc>1.346973</hAcc><vAcc>0.556944</vAcc></extensions></trkpt>
      <trkpt lon="114.392910" lat="33.668438"><ele>58.529674</ele><time>2026-02-11T23:48:02Z</time><extensions><speed>2.065359</speed><course>84.115325</course><hAcc>1.346137</hAcc><vAcc>0.556944</vAcc></extensions></trkpt>
      <trkpt lon="114.392932" lat="33.668440"><ele>58.526191</ele><time>2026-02-11T23:48:03Z</time><extensions><speed>2.136310</speed><course>86.340830</course><hAcc>1.345601</hAcc><vAcc>0.556944</vAcc></extensions></trkpt>
      <trkpt lon="114.392956" lat="33.668440"><ele>58.523193</ele><time>2026-02-11T23:48:04Z</time><extensions><speed>2.136535</speed><course>89.076646</course><hAcc>1.343875</hAcc><vAcc>0.556944</vAcc></extensions></trkpt>
      <trkpt lon="114.392979" lat="33.668440"><ele>58.521190</ele><time>2026-02-11T23:48:05Z</time><extensions><speed>2.124558</speed><course>89.903259</course><hAcc>1.346059</hAcc><vAcc>0.556944</vAcc></extensions></trkpt>
      <trkpt lon="114.393002" lat="33.668441"><ele>58.520658</ele><time>2026-02-11T23:48:06Z</time><extensions><speed>2.238825</speed><course>89.467129</course><hAcc>1.344726</hAcc><vAcc>0.556944</vAcc></extensions></trkpt>
      <trkpt lon="114.393027" lat="33.668441"><ele>58.521777</ele><time>2026-02-11T23:48:07Z</time><extensions><speed>2.275054</speed><course>89.615491</course><hAcc>1.349846</hAcc><vAcc>0.556944</vAcc></extensions></trkpt>
      <trkpt lon="114.393051" lat="33.668441"><ele>58.524695</ele><time>2026-02-11T23:48:08Z</time><extensions><speed>2.312766</speed><course>87.649371</course><hAcc>1.360014</hAcc><vAcc>0.556944</vAcc></extensions></trkpt>
      <trkpt lon="114.393077" lat="33.668442"><ele>58.529466</ele><time>2026-02-11T23:48:09Z</time><extensions><speed>2.327464</speed><course>87.766928</course><hAcc>1.362778</hAcc><vAcc>0.556944</vAcc></extensions></trkpt>
      <trkpt lon="114.393102" lat="33.668443"><ele>58.536051</ele><time>2026-02-11T23:48:10Z</time><extensions><speed>2.310133</speed><course>88.256723</course><hAcc>1.363586</hAcc><vAcc>0.556944</vAcc></extensions></trkpt>
      <trkpt lon="114.393127" lat="33.668443"><ele>58.544312</ele><time>2026-02-11T23:48:11Z</time><extensions><speed>2.287545</speed><course>89.898317</course><hAcc>1.373187</hAcc><vAcc>0.556944</vAcc></extensions></trkpt>
      <trkpt lon="114.393151" lat="33.668443"><ele>58.553676</ele><time>2026-02-11T23:48:12Z</time><extensions><speed>2.238893</speed><course>91.487394</course><hAcc>1.379870</hAcc><vAcc>0.556944</vAcc></extensions></trkpt>
      <trkpt lon="114.393176" lat="33.668443"><ele>58.563457</ele><time>2026-02-11T23:48:13Z</time><extensions><speed>2.250378</speed><course>91.350558</course><hAcc>1.382707</hAcc><vAcc>0.556944</vAcc></extensions></trkpt>
      <trkpt lon="114.393200" lat="33.668443"><ele>58.573049</ele><time>2026-02-11T23:48:14Z</time><extensions><speed>2.291237</speed><course>88.016245</course><hAcc>1.381300</hAcc><vAcc>0.556944</vAcc></extensions></trkpt>
      <trkpt lon="114.393225" lat="33.668444"><ele>58.581993</ele><time>2026-02-11T23:48:15Z</time><extensions><speed>2.231888</speed><course>83.975398</course><hAcc>1.379392</hAcc><vAcc>0.556944</vAcc></extensions></trkpt>
      <trkpt lon="114.393248" lat="33.668447"><ele>58.589832</ele><time>2026-02-11T23:48:16Z</time><extensions><speed>2.167870</speed><course>81.453747</course><hAcc>1.382020</hAcc><vAcc>0.556944</vAcc></extensions></trkpt>
      <trkpt lon="114.393272" lat="33.668450"><ele>58.596295</ele><time>2026-02-11T23:48:17Z</time><extensions><speed>2.292502</speed><course>80.372641</course><hAcc>1.379832</hAcc><vAcc>0.556945</vAcc></extensions></trkpt>
      <trkpt lon="114.393297" lat="33.668453"><ele>58.601250</ele><time>2026-02-11T23:48:18Z</time><extensions><speed>2.350906</speed><course>80.723304</course><hAcc>1.372801</hAcc><vAcc>0.556945</vAcc></extensions></trkpt>
      <trkpt lon="114.393323" lat="33.668457"><ele>58.604680</ele><time>2026-02-11T23:48:19Z</time><extensions><speed>2.389605</speed><course>81.950855</course><hAcc>1.369703</hAcc><vAcc>0.556945</vAcc></extensions></trkpt>
      <trkpt lon="114.393349" lat="33.668460"><ele>58.606652</ele><time>2026-02-11T23:48:20Z</time><extensions><speed>2.451881</speed><course>82.956398</course><hAcc>1.372888</hAcc><vAcc>0.556945</vAcc></extensions></trkpt>
      <trkpt lon="114.393375" lat="33.668462"><ele>58.607372</ele><time>2026-02-11T23:48:21Z</time><extensions><speed>2.370919</speed><course>82.883497</course><hAcc>1.376730</hAcc><vAcc>0.556945</vAcc></extensions></trkpt>
      <trkpt lon="114.393400" lat="33.668465"><ele>58.607159</ele><time>2026-02-11T23:48:22Z</time><extensions><speed>2.323423</speed><course>83.344362</course><hAcc>1.373914</hAcc><vAcc>0.556945</vAcc></extensions></trkpt>
      <trkpt lon="114.393425" lat="33.668467"><ele>58.606420</ele><time>2026-02-11T23:48:23Z</time><extensions><speed>2.353317</speed><course>84.433336</course><hAcc>1.377051</hAcc><vAcc>0.556945</vAcc></extensions></trkpt>
      <trkpt lon="114.393451" lat="33.668469"><ele>58.605574</ele><time>2026-02-11T23:48:24Z</time><extensions><speed>2.313953</speed><course>84.988865</course><hAcc>1.389337</hAcc><vAcc>0.556945</vAcc></extensions></trkpt>
      <trkpt lon="114.393475" lat="33.668471"><ele>58.604976</ele><time>2026-02-11T23:48:25Z</time><extensions><speed>2.290850</speed><course>85.656238</course><hAcc>1.396149</hAcc><vAcc>0.556944</vAcc></extensions></trkpt>
      <trkpt lon="114.393501" lat="33.668472"><ele>58.604865</ele><time>2026-02-11T23:48:26Z</time><extensions><speed>2.381906</speed><course>86.475350</course><hAcc>1.408291</hAcc><vAcc>0.556944</vAcc></extensions></trkpt>
      <trkpt lon="114.393527" lat="33.668473"><ele>58.605158</ele><time>2026-02-11T23:48:27Z</time><extensions><speed>2.418114</speed><course>86.862674</course><hAcc>1.419938</hAcc><vAcc>0.556944</vAcc></extensions></trkpt>
      <trkpt lon="114.393553" lat="33.668475"><ele>58.605606</ele><time>2026-02-11T23:48:28Z</time><extensions><speed>2.462132</speed><course>85.532775</course><hAcc>1.427959</hAcc><vAcc>0.556943</vAcc></extensions></trkpt>
      <trkpt lon="114.393580" lat="33.668477"><ele>58.605912</ele><time>2026-02-11T23:48:29Z</time><extensions><speed>2.444590</speed><course>84.210604</course><hAcc>1.434008</hAcc><vAcc>0.556943</vAcc></extensions></trkpt>
      <trkpt lon="114.393605" lat="33.668479"><ele>58.605817</ele><time>2026-02-11T23:48:30Z</time><extensions><speed>2.309110</speed><course>82.869870</course><hAcc>1.437535</hAcc><vAcc>0.556943</vAcc></extensions></trkpt>
      <trkpt lon="114.393630" lat="33.668482"><ele>58.605049</ele><time>2026-02-11T23:48:31Z</time><extensions><speed>2.328818</speed><course>83.237690</course><hAcc>1.438699</hAcc><vAcc>0.556943</vAcc></extensions></trkpt>
      <trkpt lon="114.393656" lat="33.668484"><ele>58.603125</ele><time>2026-02-11T23:48:32Z</time><extensions><speed>2.384191</speed><course>83.371243</course><hAcc>1.438789</hAcc><vAcc>0.556943</vAcc></extensions></trkpt>
      <trkpt lon="114.393681" lat="33.668487"><ele>58.599468</ele><time>2026-02-11T23:48:33Z</time><extensions><speed>2.374839</speed><course>83.630009</course><hAcc>1.430798</hAcc><vAcc>0.556943</vAcc></extensions></trkpt>
      <trkpt lon="114.393707" lat="33.668489"><ele>58.593552</ele><time>2026-02-11T23:48:34Z</time><extensions><speed>2.441128</speed><course>83.367979</course><hAcc>1.424452</hAcc><vAcc>0.556943</vAcc></extensions></trkpt>
      <trkpt lon="114.393734" lat="33.668492"><ele>58.585158</ele><time>2026-02-11T23:48:35Z</time><extensions><speed>2.403420</speed><course>83.495191</course><hAcc>1.420288</hAcc><vAcc>0.556942</vAcc></extensions></trkpt>
      <trkpt lon="114.393759" lat="33.668494"><ele>58.574108</ele><time>2026-02-11T23:48:36Z</time><extensions><speed>2.322610</speed><course>84.370992</course><hAcc>1.413880</hAcc><vAcc>0.556942</vAcc></extensions></trkpt>
      <trkpt lon="114.393784" lat="33.668496"><ele>58.560461</ele><time>2026-02-11T23:48:37Z</time><extensions><speed>2.353390</speed><course>84.906619</course><hAcc>1.406883</hAcc><vAcc>0.556942</vAcc></extensions></trkpt>
      <trkpt lon="114.393810" lat="33.668498"><ele>58.544508</ele><time>2026-02-11T23:48:38Z</time><extensions><speed>2.397843</speed><course>85.402412</course><hAcc>1.394043</hAcc><vAcc>0.556942</vAcc></extensions></trkpt>
      <trkpt lon="114.393836" lat="33.668499"><ele>58.526638</ele><time>2026-02-11T23:48:39Z</time><extensions><speed>2.382091</speed><course>86.255933</course><hAcc>1.384205</hAcc><vAcc>0.556942</vAcc></extensions></trkpt>
      <trkpt lon="114.393862" lat="33.668500"><ele>58.507112</ele><time>2026-02-11T23:48:40Z</time><extensions><speed>2.472500</speed><course>88.769349</course><hAcc>1.375422</hAcc><vAcc>0.556942</vAcc></extensions></trkpt>
      <trkpt lon="114.393888" lat="33.668500"><ele>58.486263</ele><time>2026-02-11T23:48:41Z</time><extensions><speed>2.433634</speed><course>93.332691</course><hAcc>1.365015</hAcc><vAcc>0.556942</vAcc></extensions></trkpt>
      <trkpt lon="114.393915" lat="33.668499"><ele>58.464556</ele><time>2026-02-11T23:48:42Z</time><extensions><speed>2.460118</speed><course>92.328277</course><hAcc>1.351623</hAcc><vAcc>0.556942</vAcc></extensions></trkpt>
      <trkpt lon="114.393941" lat="33.668498"><ele>58.442594</ele><time>2026-02-11T23:48:43Z</time><extensions><speed>2.453053</speed><course>90.589574</course><hAcc>1.347845</hAcc><vAcc>0.556942</vAcc></extensions></trkpt>
      <trkpt lon="114.393967" lat="33.668498"><ele>58.420991</ele><time>2026-02-11T23:48:44Z</time><extensions><speed>2.377855</speed><course>89.704739</course><hAcc>1.345049</hAcc><vAcc>0.556941</vAcc></extensions></trkpt>
      <trkpt lon="114.393993" lat="33.668498"><ele>58.400297</ele><time>2026-02-11T23:48:45Z</time><extensions><speed>2.389729</speed><course>88.627602</course><hAcc>1.341677</hAcc><vAcc>0.556941</vAcc></extensions></trkpt>
      <trkpt lon="114.394019" lat="33.668499"><ele>58.380943</ele><time>2026-02-11T23:48:46Z</time><extensions><speed>2.462948</speed><course>90.861609</course><hAcc>1.340040</hAcc><vAcc>0.556941</vAcc></extensions></trkpt>
      <trkpt lon="114.394045" lat="33.668498"><ele>58.363318</ele><time>2026-02-11T23:48:47Z</time><extensions><speed>2.380381</speed><course>90.487897</course><hAcc>1.345153</hAcc><vAcc>0.556941</vAcc></extensions></trkpt>
      <trkpt lon="114.394071" lat="33.668498"><ele>58.347865</ele><time>2026-02-11T23:48:48Z</time><extensions><speed>2.346498</speed><course>89.541288</course><hAcc>1.341628</hAcc><vAcc>0.556942</vAcc></extensions></trkpt>
      <trkpt lon="114.394096" lat="33.668499"><ele>58.334900</ele><time>2026-02-11T23:48:49Z</time><extensions><speed>2.289352</speed><course>88.268742</course><hAcc>1.342153</hAcc><vAcc>0.556942</vAcc></extensions></trkpt>
      <trkpt lon="114.394120" lat="33.668500"><ele>58.324505</ele><time>2026-02-11T23:48:50Z</time><extensions><speed>2.237672</speed><course>85.739436</course><hAcc>1.338568</hAcc><vAcc>0.556942</vAcc></extensions></trkpt>
      <trkpt lon="114.394144" lat="33.668502"><ele>58.316698</ele><time>2026-02-11T23:48:51Z</time><extensions><speed>2.245843</speed><course>84.192855</course><hAcc>1.338750</hAcc><vAcc>0.556942</vAcc></extensions></trkpt>
      <trkpt lon="114.394169" lat="33.668504"><ele>58.311499</ele><time>2026-02-11T23:48:52Z</time><extensions><speed>2.249451</speed><course>84.053320</course><hAcc>1.342874</hAcc><vAcc>0.556942</vAcc></extensions></trkpt>
      <trkpt lon="114.394192" lat="33.668506"><ele>58.308951</ele><time>2026-02-11T23:48:53Z</time><extensions><speed>2.164186</speed><course>82.921591</course><hAcc>1.348138</hAcc><vAcc>0.556942</vAcc></extensions></trkpt>
      <trkpt lon="114.394215" lat="33.668509"><ele>58.309043</ele><time>2026-02-11T23:48:54Z</time><extensions><speed>2.127846</speed><course>81.889882</course><hAcc>1.345978</hAcc><vAcc>0.556942</vAcc></extensions></trkpt>
      <trkpt lon="114.394238" lat="33.668511"><ele>58.311865</ele><time>2026-02-11T23:48:55Z</time><extensions><speed>2.106086</speed><course>81.251642</course><hAcc>1.345390</hAcc><vAcc>0.556942</vAcc></extensions></trkpt>
      <trkpt lon="114.394260" lat="33.668514"><ele>58.317518</ele><time>2026-02-11T23:48:56Z</time><extensions><speed>2.124877</speed><course>81.899051</course><hAcc>1.340773</hAcc><vAcc>0.556942</vAcc></extensions></trkpt>
      <trkpt lon="114.394284" lat="33.668517"><ele>58.326023</ele><time>2026-02-11T23:48:57Z</time><extensions><speed>2.260740</speed><course>82.800800</course><hAcc>1.332223</hAcc><vAcc>0.556942</vAcc></extensions></trkpt>
      <trkpt lon="114.394308" lat="33.668520"><ele>58.337193</ele><time>2026-02-11T23:48:58Z</time><extensions><speed>2.284312</speed><course>81.095523</course><hAcc>1.327300</hAcc><vAcc>0.556942</vAcc></extensions></trkpt>
      <trkpt lon="114.394333" lat="33.668523"><ele>58.350802</ele><time>2026-02-11T23:48:59Z</time><extensions><speed>2.319090</speed><course>78.696301</course><hAcc>1.332116</hAcc><vAcc>0.556942</vAcc></extensions></trkpt>
      <trkpt lon="114.394358" lat="33.668528"><ele>58.366667</ele><time>2026-02-11T23:49:00Z</time><extensions><speed>2.374303</speed><course>75.843934</course><hAcc>1.330916</hAcc><vAcc>0.556943</vAcc></extensions></trkpt>
      <trkpt lon="114.394382" lat="33.668533"><ele>58.384664</ele><time>2026-02-11T23:49:01Z</time><extensions><speed>2.343656</speed><course>76.350850</course><hAcc>1.338698</hAcc><vAcc>0.556943</vAcc></extensions></trkpt>
      <trkpt lon="114.394407" lat="33.668538"><ele>58.404691</ele><time>2026-02-11T23:49:02Z</time><extensions><speed>2.342674</speed><course>78.539325</course><hAcc>1.333769</hAcc><vAcc>0.556943</vAcc></extensions></trkpt>
      <trkpt lon="114.394432" lat="33.668541"><ele>58.426438</ele><time>2026-02-11T23:49:03Z</time><extensions><speed>2.303954</speed><course>80.680834</course><hAcc>1.328797</hAcc><vAcc>0.556943</vAcc></extensions></trkpt>
      <trkpt lon="114.394456" lat="33.668545"><ele>58.449591</ele><time>2026-02-11T23:49:04Z</time><extensions><speed>2.171299</speed><course>82.096417</course><hAcc>1.329477</hAcc><vAcc>0.556943</vAcc></extensions></trkpt>
      <trkpt lon="114.394479" lat="33.668547"><ele>58.473787</ele><time>2026-02-11T23:49:05Z</time><extensions><speed>2.239452</speed><course>82.762655</course><hAcc>1.325530</hAcc><vAcc>0.556943</vAcc></extensions></trkpt>
      <trkpt lon="114.394504" lat="33.668550"><ele>58.498603</ele><time>2026-02-11T23:49:06Z</time><extensions><speed>2.343245</speed><course>82.382172</course><hAcc>1.325341</hAcc><vAcc>0.556943</vAcc></extensions></trkpt>
      <trkpt lon="114.394529" lat="33.668553"><ele>58.523596</ele><time>2026-02-11T23:49:07Z</time><extensions><speed>2.300140</speed><course>80.467268</course><hAcc>1.326931</hAcc><vAcc>0.556943</vAcc></extensions></trkpt>
      <trkpt lon="114.394553" lat="33.668557"><ele>58.548487</ele><time>2026-02-11T23:49:08Z</time><extensions><speed>2.302963</speed><course>78.773569</course><hAcc>1.321557</hAcc><vAcc>0.556943</vAcc></extensions></trkpt>
      <trkpt lon="114.394577" lat="33.668561"><ele>58.573039</ele><time>2026-02-11T23:49:09Z</time><extensions><speed>2.288002</speed><course>77.348478</course><hAcc>1.321019</hAcc><vAcc>0.556943</vAcc></extensions></trkpt>
      <trkpt lon="114.394601" lat="33.668566"><ele>58.596983</ele><time>2026-02-11T23:49:10Z</time><extensions><speed>2.231014</speed><course>76.993300</course><hAcc>1.319798</hAcc><vAcc>0.556943</vAcc></extensions></trkpt>
      <trkpt lon="114.394625" lat="33.668570"><ele>58.619985</ele><time>2026-02-11T23:49:11Z</time><extensions><speed>2.315404</speed><course>77.124218</course><hAcc>1.319574</hAcc><vAcc>0.556943</vAcc></extensions></trkpt>
      <trkpt lon="114.394649" lat="33.668575"><ele>58.641770</ele><time>2026-02-11T23:49:12Z</time><extensions><speed>2.335109</speed><course>77.364129</course><hAcc>1.326239</hAcc><vAcc>0.556943</vAcc></extensions></trkpt>
      <trkpt lon="114.394674" lat="33.668580"><ele>58.661662</ele><time>2026-02-11T23:49:13Z</time><extensions><speed>2.253141</speed><course>76.147950</course><hAcc>1.322530</hAcc><vAcc>0.556943</vAcc></extensions></trkpt>
      <trkpt lon="114.394697" lat="33.668585"><ele>58.679008</ele><time>2026-02-11T23:49:14Z</time><extensions><speed>2.248441</speed><course>72.608134</course><hAcc>1.320095</hAcc><vAcc>0.556943</vAcc></extensions></trkpt>
      <trkpt lon="114.394720" lat="33.668591"><ele>58.693233</ele><time>2026-02-11T23:49:15Z</time><extensions><speed>2.210714</speed><course>71.616041</course><hAcc>1.321649</hAcc><vAcc>0.556943</vAcc></extensions></trkpt>
      <trkpt lon="114.394743" lat="33.668598"><ele>58.703800</ele><time>2026-02-11T23:49:16Z</time><extensions><speed>2.252884</speed><course>71.950394</course><hAcc>1.321049</hAcc><vAcc>0.556943</vAcc></extensions></trkpt>
      <trkpt lon="114.394766" lat="33.668604"><ele>58.710190</ele><time>2026-02-11T23:49:17Z</time><extensions><speed>2.308488</speed><course>70.831103</course><hAcc>1.321177</hAcc><vAcc>0.556943</vAcc></extensions></trkpt>
      <trkpt lon="114.394790" lat="33.668611"><ele>58.712359</ele><time>2026-02-11T23:49:18Z</time><extensions><speed>2.278645</speed><course>69.234961</course><hAcc>1.320738</hAcc><vAcc>0.556943</vAcc></extensions></trkpt>
      <trkpt lon="114.394813" lat="33.668619"><ele>58.710402</ele><time>2026-02-11T23:49:19Z</time><extensions><speed>2.351951</speed><course>69.255705</course><hAcc>1.318044</hAcc><vAcc>0.556943</vAcc></extensions></trkpt>
      <trkpt lon="114.394837" lat="33.668626"><ele>58.704496</ele><time>2026-02-11T23:49:20Z</time><extensions><speed>2.394204</speed><course>69.787860</course><hAcc>1.319583</hAcc><vAcc>0.556943</vAcc></extensions></trkpt>
      <trkpt lon="114.394861" lat="33.668634"><ele>58.695103</ele><time>2026-02-11T23:49:21Z</time><extensions><speed>2.274388</speed><course>69.665102</course><hAcc>1.322874</hAcc><vAcc>0.556943</vAcc></extensions></trkpt>
      <trkpt lon="114.394884" lat="33.668641"><ele>58.682831</ele><time>2026-02-11T23:49:22Z</time><extensions><speed>2.314412</speed><course>69.355421</course><hAcc>1.319452</hAcc><vAcc>0.556943</vAcc></extensions></trkpt>
      <trkpt lon="114.394907" lat="33.668648"><ele>58.668315</ele><time>2026-02-11T23:49:23Z</time><extensions><speed>2.198609</speed><course>69.878586</course><hAcc>1.320274</hAcc><vAcc>0.556943</vAcc></extensions></trkpt>
      <trkpt lon="114.394929" lat="33.668655"><ele>58.652311</ele><time>2026-02-11T23:49:24Z</time><extensions><speed>2.218099</speed><course>68.006474</course><hAcc>1.318135</hAcc><vAcc>0.556943</vAcc></extensions></trkpt>
      <trkpt lon="114.394952" lat="33.668663"><ele>58.635756</ele><time>2026-02-11T23:49:25Z</time><extensions><speed>2.316282</speed><course>67.171173</course><hAcc>1.312989</hAcc><vAcc>0.556943</vAcc></extensions></trkpt>
      <trkpt lon="114.394975" lat="33.668671"><ele>58.619892</ele><time>2026-02-11T23:49:26Z</time><extensions><speed>2.276798</speed><course>67.911074</course><hAcc>1.312894</hAcc><vAcc>0.556943</vAcc></extensions></trkpt>
      <trkpt lon="114.394998" lat="33.668678"><ele>58.605881</ele><time>2026-02-11T23:49:27Z</time><extensions><speed>2.388210</speed><course>69.795379</course><hAcc>1.304337</hAcc><vAcc>0.556943</vAcc></extensions></trkpt>
      <trkpt lon="114.395022" lat="33.668686"><ele>58.594523</ele><time>2026-02-11T23:49:28Z</time><extensions><speed>2.460620</speed><course>67.338258</course><hAcc>1.295803</hAcc><vAcc>0.556943</vAcc></extensions></trkpt>
      <trkpt lon="114.395046" lat="33.668696"><ele>58.586204</ele><time>2026-02-11T23:49:29Z</time><extensions><speed>2.411871</speed><course>60.926058</course><hAcc>1.292225</hAcc><vAcc>0.556943</vAcc></extensions></trkpt>
      <trkpt lon="114.395069" lat="33.668707"><ele>58.581045</ele><time>2026-02-11T23:49:30Z</time><extensions><speed>2.441267</speed><course>60.104529</course><hAcc>1.285371</hAcc><vAcc>0.556943</vAcc></extensions></trkpt>
      <trkpt lon="114.395092" lat="33.668717"><ele>58.579103</ele><time>2026-02-11T23:49:31Z</time><extensions><speed>2.422039</speed><course>64.413570</course><hAcc>1.276372</hAcc><vAcc>0.556943</vAcc></extensions></trkpt>
      <trkpt lon="114.395115" lat="33.668726"><ele>58.580240</ele><time>2026-02-11T23:49:32Z</time><extensions><speed>2.323043</speed><course>65.599455</course><hAcc>1.272542</hAcc><vAcc>0.556943</vAcc></extensions></trkpt>
      <trkpt lon="114.395138" lat="33.668735"><ele>58.584214</ele><time>2026-02-11T23:49:33Z</time><extensions><speed>2.336260</speed><course>64.252655</course><hAcc>1.261110</hAcc><vAcc>0.556943</vAcc></extensions></trkpt>
      <trkpt lon="114.395160" lat="33.668744"><ele>58.590758</ele><time>2026-02-11T23:49:34Z</time><extensions><speed>2.248012</speed><course>64.025429</course><hAcc>1.261408</hAcc><vAcc>0.556943</vAcc></extensions></trkpt>
      <trkpt lon="114.395182" lat="33.668753"><ele>58.599589</ele><time>2026-02-11T23:49:35Z</time><extensions><speed>2.247520</speed><course>64.447545</course><hAcc>1.263858</hAcc><vAcc>0.556943</vAcc></extensions></trkpt>
      <trkpt lon="114.395204" lat="33.668762"><ele>58.610391</ele><time>2026-02-11T23:49:36Z</time><extensions><speed>2.292798</speed><course>63.407799</course><hAcc>1.265920</hAcc><vAcc>0.556943</vAcc></extensions></trkpt>
      <trkpt lon="114.395226" lat="33.668771"><ele>58.622838</ele><time>2026-02-11T23:49:37Z</time><extensions><speed>2.238117</speed><course>63.977407</course><hAcc>1.271646</hAcc><vAcc>0.556943</vAcc></extensions></trkpt>
      <trkpt lon="114.395248" lat="33.668780"><ele>58.636535</ele><time>2026-02-11T23:49:38Z</time><extensions><speed>2.298243</speed><course>65.711131</course><hAcc>1.269219</hAcc><vAcc>0.556943</vAcc></extensions></trkpt>
      <trkpt lon="114.395271" lat="33.668789"><ele>58.650982</ele><time>2026-02-11T23:49:39Z</time><extensions><speed>2.379067</speed><course>64.094533</course><hAcc>1.270088</hAcc><vAcc>0.556943</vAcc></extensions></trkpt>
      <trkpt lon="114.395294" lat="33.668798"><ele>58.665765</ele><time>2026-02-11T23:49:40Z</time><extensions><speed>2.305947</speed><course>61.949204</course><hAcc>1.270615</hAcc><vAcc>0.556943</vAcc></extensions></trkpt>
      <trkpt lon="114.395316" lat="33.668808"><ele>58.680346</ele><time>2026-02-11T23:49:41Z</time><extensions><speed>2.344757</speed><course>60.742414</course><hAcc>1.274694</hAcc><vAcc>0.556943</vAcc></extensions></trkpt>
      <trkpt lon="114.395338" lat="33.668819"><ele>58.694155</ele><time>2026-02-11T23:49:42Z</time><extensions><speed>2.380380</speed><course>60.075602</course><hAcc>1.271460</hAcc><vAcc>0.556943</vAcc></extensions></trkpt>
      <trkpt lon="114.395360" lat="33.668830"><ele>58.706679</ele><time>2026-02-11T23:49:43Z</time><extensions><speed>2.397227</speed><course>59.743557</course><hAcc>1.270225</hAcc><vAcc>0.556943</vAcc></extensions></trkpt>
      <trkpt lon="114.395383" lat="33.668841"><ele>58.717588</ele><time>2026-02-11T23:49:44Z</time><extensions><speed>2.534297</speed><course>59.797267</course><hAcc>1.269482</hAcc><vAcc>0.556944</vAcc></extensions></trkpt>
      <trkpt lon="114.395407" lat="33.668852"><ele>58.726554</ele><time>2026-02-11T23:49:45Z</time><extensions><speed>2.563588</speed><course>60.542313</course><hAcc>1.270917</hAcc><vAcc>0.556944</vAcc></extensions></trkpt>
      <trkpt lon="114.395431" lat="33.668864"><ele>58.733386</ele><time>2026-02-11T23:49:46Z</time><extensions><speed>2.513678</speed><course>61.656545</course><hAcc>1.272673</hAcc><vAcc>0.556944</vAcc></extensions></trkpt>
      <trkpt lon="114.395455" lat="33.668874"><ele>58.737995</ele><time>2026-02-11T23:49:47Z</time><extensions><speed>2.494858</speed><course>62.725260</course><hAcc>1.273974</hAcc><vAcc>0.556944</vAcc></extensions></trkpt>
      <trkpt lon="114.395479" lat="33.668884"><ele>58.740376</ele><time>2026-02-11T23:49:48Z</time><extensions><speed>2.452947</speed><course>62.836610</course><hAcc>1.277837</hAcc><vAcc>0.556943</vAcc></extensions></trkpt>
      <trkpt lon="114.395503" lat="33.668894"><ele>58.740562</ele><time>2026-02-11T23:49:49Z</time><extensions><speed>2.462849</speed><course>63.993185</course><hAcc>1.281803</hAcc><vAcc>0.556943</vAcc></extensions></trkpt>
      <trkpt lon="114.395527" lat="33.668904"><ele>58.738737</ele><time>2026-02-11T23:49:50Z</time><extensions><speed>2.515380</speed><course>64.157761</course><hAcc>1.288984</hAcc><vAcc>0.556943</vAcc></extensions></trkpt>
      <trkpt lon="114.395551" lat="33.668914"><ele>58.735086</ele><time>2026-02-11T23:49:51Z</time><extensions><speed>2.453710</speed><course>65.341092</course><hAcc>1.289838</hAcc><vAcc>0.556943</vAcc></extensions></trkpt>
      <trkpt lon="114.395575" lat="33.668923"><ele>58.729806</ele><time>2026-02-11T23:49:52Z</time><extensions><speed>2.352559</speed><course>65.598386</course><hAcc>1.294708</hAcc><vAcc>0.556943</vAcc></extensions></trkpt>
      <trkpt lon="114.395598" lat="33.668932"><ele>58.723149</ele><time>2026-02-11T23:49:53Z</time><extensions><speed>2.356140</speed><course>64.528751</course><hAcc>1.299012</hAcc><vAcc>0.556944</vAcc></extensions></trkpt>
      <trkpt lon="114.395620" lat="33.668941"><ele>58.715663</ele><time>2026-02-11T23:49:54Z</time><extensions><speed>2.248885</speed><course>64.395029</course><hAcc>1.303862</hAcc><vAcc>0.556944</vAcc></extensions></trkpt>
      <trkpt lon="114.395642" lat="33.668949"><ele>58.707794</ele><time>2026-02-11T23:49:55Z</time><extensions><speed>2.277134</speed><course>64.802149</course><hAcc>1.305316</hAcc><vAcc>0.556944</vAcc></extensions></trkpt>
      <trkpt lon="114.395665" lat="33.668958"><ele>58.699821</ele><time>2026-02-11T23:49:56Z</time><extensions><speed>2.422583</speed><course>64.779695</course><hAcc>1.301394</hAcc><vAcc>0.556944</vAcc></extensions></trkpt>
      <trkpt lon="114.395688" lat="33.668968"><ele>58.691868</ele><time>2026-02-11T23:49:57Z</time><extensions><speed>2.394387</speed><course>64.233243</course><hAcc>1.306244</hAcc><vAcc>0.556944</vAcc></extensions></trkpt>
      <trkpt lon="114.395711" lat="33.668977"><ele>58.684003</ele><time>2026-02-11T23:49:58Z</time><extensions><speed>2.360001</speed><course>62.597152</course><hAcc>1.308218</hAcc><vAcc>0.556944</vAcc></extensions></trkpt>
      <trkpt lon="114.395734" lat="33.668987"><ele>58.676458</ele><time>2026-02-11T23:49:59Z</time><extensions><speed>2.307844</speed><course>61.283429</course><hAcc>1.313549</hAcc><vAcc>0.556944</vAcc></extensions></trkpt>
      <trkpt lon="114.395755" lat="33.668997"><ele>58.669472</ele><time>2026-02-11T23:50:00Z</time><extensions><speed>2.229489</speed><course>61.166408</course><hAcc>1.310228</hAcc><vAcc>0.556944</vAcc></extensions></trkpt>
      <trkpt lon="114.395777" lat="33.669007"><ele>58.663300</ele><time>2026-02-11T23:50:01Z</time><extensions><speed>2.315549</speed><course>63.443732</course><hAcc>1.307488</hAcc><vAcc>0.556944</vAcc></extensions></trkpt>
      <trkpt lon="114.395799" lat="33.669016"><ele>58.658218</ele><time>2026-02-11T23:50:02Z</time><extensions><speed>2.317010</speed><course>64.209060</course><hAcc>1.307597</hAcc><vAcc>0.556944</vAcc></extensions></trkpt>
      <trkpt lon="114.395822" lat="33.669025"><ele>58.654499</ele><time>2026-02-11T23:50:03Z</time><extensions><speed>2.291435</speed><course>65.800582</course><hAcc>1.305773</hAcc><vAcc>0.556944</vAcc></extensions></trkpt>
      <trkpt lon="114.395845" lat="33.669033"><ele>58.652316</ele><time>2026-02-11T23:50:04Z</time><extensions><speed>2.334748</speed><course>66.971755</course><hAcc>1.298273</hAcc><vAcc>0.556944</vAcc></extensions></trkpt>
      <trkpt lon="114.395868" lat="33.669041"><ele>58.651755</ele><time>2026-02-11T23:50:05Z</time><extensions><speed>2.284301</speed><course>66.031808</course><hAcc>1.293593</hAcc><vAcc>0.556944</vAcc></extensions></trkpt>
      <trkpt lon="114.395890" lat="33.669050"><ele>58.652795</ele><time>2026-02-11T23:50:06Z</time><extensions><speed>2.300997</speed><course>63.719362</course><hAcc>1.291610</hAcc><vAcc>0.556944</vAcc></extensions></trkpt>
      <trkpt lon="114.395912" lat="33.669060"><ele>58.655287</ele><time>2026-02-11T23:50:07Z</time><extensions><speed>2.304837</speed><course>62.446652</course><hAcc>1.295127</hAcc><vAcc>0.556944</vAcc></extensions></trkpt>
      <trkpt lon="114.395935" lat="33.669069"><ele>58.659051</ele><time>2026-02-11T23:50:08Z</time><extensions><speed>2.336259</speed><course>62.185809</course><hAcc>1.298167</hAcc><vAcc>0.556944</vAcc></extensions></trkpt>
      <trkpt lon="114.395957" lat="33.669080"><ele>58.663762</ele><time>2026-02-11T23:50:09Z</time><extensions><speed>2.480551</speed><course>61.538268</course><hAcc>1.296830</hAcc><vAcc>0.556944</vAcc></extensions></trkpt>
      <trkpt lon="114.395981" lat="33.669091"><ele>58.669010</ele><time>2026-02-11T23:50:10Z</time><extensions><speed>2.507160</speed><course>59.773697</course><hAcc>1.295465</hAcc><vAcc>0.556944</vAcc></extensions></trkpt>
      <trkpt lon="114.396004" lat="33.669102"><ele>58.674397</ele><time>2026-02-11T23:50:11Z</time><extensions><speed>2.452849</speed><course>58.731475</course><hAcc>1.291706</hAcc><vAcc>0.556944</vAcc></extensions></trkpt>
      <trkpt lon="114.396027" lat="33.669114"><ele>58.679735</ele><time>2026-02-11T23:50:12Z</time><extensions><speed>2.504213</speed><course>58.781904</course><hAcc>1.292574</hAcc><vAcc>0.556944</vAcc></extensions></trkpt>
      <trkpt lon="114.396050" lat="33.669126"><ele>58.684828</ele><time>2026-02-11T23:50:13Z</time><extensions><speed>2.518522</speed><course>58.706227</course><hAcc>1.297724</hAcc><vAcc>0.556944</vAcc></extensions></trkpt>
      <trkpt lon="114.396073" lat="33.669138"><ele>58.689548</ele><time>2026-02-11T23:50:14Z</time><extensions><speed>2.487740</speed><course>56.806391</course><hAcc>1.304767</hAcc><vAcc>0.556944</vAcc></extensions></trkpt>
      <trkpt lon="114.396096" lat="33.669150"><ele>58.693843</ele><time>2026-02-11T23:50:15Z</time><extensions><speed>2.546875</speed><course>55.413339</course><hAcc>1.310564</hAcc><vAcc>0.556944</vAcc></extensions></trkpt>
      <trkpt lon="114.396118" lat="33.669164"><ele>58.697739</ele><time>2026-02-11T23:50:16Z</time><extensions><speed>2.613749</speed><course>53.942936</course><hAcc>1.310072</hAcc><vAcc>0.556944</vAcc></extensions></trkpt>
      <trkpt lon="114.396141" lat="33.669178"><ele>58.701411</ele><time>2026-02-11T23:50:17Z</time><extensions><speed>2.622829</speed><course>52.156701</course><hAcc>1.310922</hAcc><vAcc>0.556944</vAcc></extensions></trkpt>
      <trkpt lon="114.396163" lat="33.669193"><ele>58.705114</ele><time>2026-02-11T23:50:18Z</time><extensions><speed>2.621206</speed><course>51.598146</course><hAcc>1.314271</hAcc><vAcc>0.556944</vAcc></extensions></trkpt>
      <trkpt lon="114.396185" lat="33.669207"><ele>58.708826</ele><time>2026-02-11T23:50:19Z</time><extensions><speed>2.560381</speed><course>53.574936</course><hAcc>1.315204</hAcc><vAcc>0.556944</vAcc></extensions></trkpt>
      <trkpt lon="114.396208" lat="33.669221"><ele>58.712305</ele><time>2026-02-11T23:50:20Z</time><extensions><speed>2.641416</speed><course>54.289222</course><hAcc>1.311423</hAcc><vAcc>0.556944</vAcc></extensions></trkpt>
      <trkpt lon="114.396231" lat="33.669235"><ele>58.715321</ele><time>2026-02-11T23:50:21Z</time><extensions><speed>2.648149</speed><course>53.819973</course><hAcc>1.309729</hAcc><vAcc>0.556944</vAcc></extensions></trkpt>
      <trkpt lon="114.396254" lat="33.669249"><ele>58.717269</ele><time>2026-02-11T23:50:22Z</time><extensions><speed>2.580940</speed><course>52.415669</course><hAcc>1.310414</hAcc><vAcc>0.556944</vAcc></extensions></trkpt>
      <trkpt lon="114.396276" lat="33.669264"><ele>58.717466</ele><time>2026-02-11T23:50:23Z</time><extensions><speed>2.545181</speed><course>50.763995</course><hAcc>1.308176</hAcc><vAcc>0.556944</vAcc></extensions></trkpt>
      <trkpt lon="114.396296" lat="33.669278"><ele>58.715428</ele><time>2026-02-11T23:50:24Z</time><extensions><speed>2.420771</speed><course>49.468886</course><hAcc>1.305016</hAcc><vAcc>0.556944</vAcc></extensions></trkpt>
      <trkpt lon="114.396315" lat="33.669292"><ele>58.710942</ele><time>2026-02-11T23:50:25Z</time><extensions><speed>2.346843</speed><course>48.397413</course><hAcc>1.301781</hAcc><vAcc>0.556944</vAcc></extensions></trkpt>
      <trkpt lon="114.396335" lat="33.669306"><ele>58.703741</ele><time>2026-02-11T23:50:26Z</time><extensions><speed>2.487715</speed><course>49.074993</course><hAcc>1.296205</hAcc><vAcc>0.556943</vAcc></extensions></trkpt>
      <trkpt lon="114.396356" lat="33.669321"><ele>58.693970</ele><time>2026-02-11T23:50:27Z</time><extensions><speed>2.503962</speed><course>51.095481</course><hAcc>1.286722</hAcc><vAcc>0.556943</vAcc></extensions></trkpt>
      <trkpt lon="114.396377" lat="33.669335"><ele>58.681882</ele><time>2026-02-11T23:50:28Z</time><extensions><speed>2.524914</speed><course>52.762707</course><hAcc>1.272620</hAcc><vAcc>0.556943</vAcc></extensions></trkpt>
      <trkpt lon="114.396399" lat="33.669348"><ele>58.667842</ele><time>2026-02-11T23:50:29Z</time><extensions><speed>2.601504</speed><course>55.073566</course><hAcc>1.266981</hAcc><vAcc>0.556943</vAcc></extensions></trkpt>
      <trkpt lon="114.396423" lat="33.669361"><ele>58.652367</ele><time>2026-02-11T23:50:30Z</time><extensions><speed>2.572854</speed><course>57.502481</course><hAcc>1.259166</hAcc><vAcc>0.556943</vAcc></extensions></trkpt>
      <trkpt lon="114.396446" lat="33.669374"><ele>58.636225</ele><time>2026-02-11T23:50:31Z</time><extensions><speed>2.474959</speed><course>56.463158</course><hAcc>1.255195</hAcc><vAcc>0.556943</vAcc></extensions></trkpt>
      <trkpt lon="114.396467" lat="33.669387"><ele>58.620398</ele><time>2026-02-11T23:50:32Z</time><extensions><speed>2.427755</speed><course>51.559358</course><hAcc>1.253056</hAcc><vAcc>0.556942</vAcc></extensions></trkpt>
      <trkpt lon="114.396486" lat="33.669401"><ele>58.605970</ele><time>2026-02-11T23:50:33Z</time><extensions><speed>2.265427</speed><course>47.711682</course><hAcc>1.250284</hAcc><vAcc>0.556942</vAcc></extensions></trkpt>
      <trkpt lon="114.396505" lat="33.669414"><ele>58.593879</ele><time>2026-02-11T23:50:34Z</time><extensions><speed>2.328592</speed><course>48.382953</course><hAcc>1.249298</hAcc><vAcc>0.556942</vAcc></extensions></trkpt>
      <trkpt lon="114.396524" lat="33.669428"><ele>58.584582</ele><time>2026-02-11T23:50:35Z</time><extensions><speed>2.363220</speed><course>49.591801</course><hAcc>1.249327</hAcc><vAcc>0.556941</vAcc></extensions></trkpt>
      <trkpt lon="114.396543" lat="33.669442"><ele>58.578277</ele><time>2026-02-11T23:50:36Z</time><extensions><speed>2.351744</speed><course>49.867012</course><hAcc>1.250608</hAcc><vAcc>0.556942</vAcc></extensions></trkpt>
      <trkpt lon="114.396563" lat="33.669456"><ele>58.574939</ele><time>2026-02-11T23:50:37Z</time><extensions><speed>2.408600</speed><course>49.983916</course><hAcc>1.248409</hAcc><vAcc>0.556942</vAcc></extensions></trkpt>
      <trkpt lon="114.396583" lat="33.669470"><ele>58.574288</ele><time>2026-02-11T23:50:38Z</time><extensions><speed>2.409221</speed><course>48.926292</course><hAcc>1.243998</hAcc><vAcc>0.556942</vAcc></extensions></trkpt>
      <trkpt lon="114.396602" lat="33.669485"><ele>58.575809</ele><time>2026-02-11T23:50:39Z</time><extensions><speed>2.469066</speed><course>48.511046</course><hAcc>1.242533</hAcc><vAcc>0.556942</vAcc></extensions></trkpt>
      <trkpt lon="114.396622" lat="33.669499"><ele>58.578748</ele><time>2026-02-11T23:50:40Z</time><extensions><speed>2.453885</speed><course>47.847177</course><hAcc>1.241976</hAcc><vAcc>0.556942</vAcc></extensions></trkpt>
      <trkpt lon="114.396641" lat="33.669514"><ele>58.582315</ele><time>2026-02-11T23:50:41Z</time><extensions><speed>2.346189</speed><course>46.728252</course><hAcc>1.240901</hAcc><vAcc>0.556942</vAcc></extensions></trkpt>
      <trkpt lon="114.396660" lat="33.669529"><ele>58.585833</ele><time>2026-02-11T23:50:42Z</time><extensions><speed>2.397426</speed><course>46.368650</course><hAcc>1.242178</hAcc><vAcc>0.556942</vAcc></extensions></trkpt>
      <trkpt lon="114.396679" lat="33.669544"><ele>58.588737</ele><time>2026-02-11T23:50:43Z</time><extensions><speed>2.406186</speed><course>46.598016</course><hAcc>1.239568</hAcc><vAcc>0.556942</vAcc></extensions></trkpt>
      <trkpt lon="114.396697" lat="33.669558"><ele>58.590559</ele><time>2026-02-11T23:50:44Z</time><extensions><speed>2.353952</speed><course>47.234929</course><hAcc>1.240535</hAcc><vAcc>0.556942</vAcc></extensions></trkpt>
      <trkpt lon="114.396716" lat="33.669573"><ele>58.590960</ele><time>2026-02-11T23:50:45Z</time><extensions><speed>2.459314</speed><course>47.117326</course><hAcc>1.242238</hAcc><vAcc>0.556942</vAcc></extensions></trkpt>
      <trkpt lon="114.396736" lat="33.669588"><ele>58.589767</ele><time>2026-02-11T23:50:46Z</time><extensions><speed>2.453202</speed><course>46.602494</course><hAcc>1.245246</hAcc><vAcc>0.556942</vAcc></extensions></trkpt>
      <trkpt lon="114.396755" lat="33.669603"><ele>58.587073</ele><time>2026-02-11T23:50:47Z</time><extensions><speed>2.412464</speed><course>45.587504</course><hAcc>1.248308</hAcc><vAcc>0.556942</vAcc></extensions></trkpt>
      <trkpt lon="114.396773" lat="33.669619"><ele>58.583179</ele><time>2026-02-11T23:50:48Z</time><extensions><speed>2.471819</speed><course>44.464259</course><hAcc>1.244719</hAcc><vAcc>0.556941</vAcc></extensions></trkpt>
      <trkpt lon="114.396791" lat="33.669635"><ele>58.578451</ele><time>2026-02-11T23:50:49Z</time><extensions><speed>2.389380</speed><course>43.778859</course><hAcc>1.244940</hAcc><vAcc>0.556941</vAcc></extensions></trkpt>
      <trkpt lon="114.396809" lat="33.669650"><ele>58.573183</ele><time>2026-02-11T23:50:50Z</time><extensions><speed>2.376996</speed><course>41.962475</course><hAcc>1.243653</hAcc><vAcc>0.556941</vAcc></extensions></trkpt>
      <trkpt lon="114.396826" lat="33.669667"><ele>58.567715</ele><time>2026-02-11T23:50:51Z</time><extensions><speed>2.383309</speed><course>41.411299</course><hAcc>1.244261</hAcc><vAcc>0.556941</vAcc></extensions></trkpt>
      <trkpt lon="114.396842" lat="33.669682"><ele>58.562328</ele><time>2026-02-11T23:50:52Z</time><extensions><speed>2.250747</speed><course>41.012116</course><hAcc>1.242382</hAcc><vAcc>0.556941</vAcc></extensions></trkpt>
      <trkpt lon="114.396859" lat="33.669698"><ele>58.557182</ele><time>2026-02-11T23:50:53Z</time><extensions><speed>2.285947</speed><course>41.778658</course><hAcc>1.241814</hAcc><vAcc>0.556941</vAcc></extensions></trkpt>
      <trkpt lon="114.396875" lat="33.669713"><ele>58.552386</ele><time>2026-02-11T23:50:54Z</time><extensions><speed>2.278917</speed><course>43.353455</course><hAcc>1.242839</hAcc><vAcc>0.556942</vAcc></extensions></trkpt>
      <trkpt lon="114.396892" lat="33.669727"><ele>58.547941</ele><time>2026-02-11T23:50:55Z</time><extensions><speed>2.180622</speed><course>44.366772</course><hAcc>1.246444</hAcc><vAcc>0.556942</vAcc></extensions></trkpt>
      <trkpt lon="114.396909" lat="33.669741"><ele>58.543777</ele><time>2026-02-11T23:50:56Z</time><extensions><speed>2.239635</speed><course>44.847399</course><hAcc>1.249025</hAcc><vAcc>0.556942</vAcc></extensions></trkpt>
      <trkpt lon="114.396926" lat="33.669756"><ele>58.539843</ele><time>2026-02-11T23:50:57Z</time><extensions><speed>2.268746</speed><course>43.628869</course><hAcc>1.248827</hAcc><vAcc>0.556942</vAcc></extensions></trkpt>
      <trkpt lon="114.396942" lat="33.669771"><ele>58.536216</ele><time>2026-02-11T23:50:58Z</time><extensions><speed>2.264760</speed><course>42.379854</course><hAcc>1.250316</hAcc><vAcc>0.556942</vAcc></extensions></trkpt>
      <trkpt lon="114.396959" lat="33.669786"><ele>58.532897</ele><time>2026-02-11T23:50:59Z</time><extensions><speed>2.329227</speed><course>41.197983</course><hAcc>1.253063</hAcc><vAcc>0.556942</vAcc></extensions></trkpt>
      <trkpt lon="114.396975" lat="33.669802"><ele>58.529567</ele><time>2026-02-11T23:51:00Z</time><extensions><speed>2.286658</speed><course>39.356957</course><hAcc>1.249677</hAcc><vAcc>0.556942</vAcc></extensions></trkpt>
      <trkpt lon="114.396990" lat="33.669819"><ele>58.525860</ele><time>2026-02-11T23:51:01Z</time><extensions><speed>2.286566</speed><course>37.517049</course><hAcc>1.246427</hAcc><vAcc>0.556942</vAcc></extensions></trkpt>
      <trkpt lon="114.397006" lat="33.669835"><ele>58.521530</ele><time>2026-02-11T23:51:02Z</time><extensions><speed>2.448535</speed><course>37.487930</course><hAcc>1.243927</hAcc><vAcc>0.556942</vAcc></extensions></trkpt>
      <trkpt lon="114.397022" lat="33.669853"><ele>58.516594</ele><time>2026-02-11T23:51:03Z</time><extensions><speed>2.414651</speed><course>36.836078</course><hAcc>1.237737</hAcc><vAcc>0.556942</vAcc></extensions></trkpt>
      <trkpt lon="114.397037" lat="33.669870"><ele>58.511118</ele><time>2026-02-11T23:51:04Z</time><extensions><speed>2.389643</speed><course>38.077453</course><hAcc>1.236820</hAcc><vAcc>0.556942</vAcc></extensions></trkpt>
      <trkpt lon="114.397054" lat="33.669887"><ele>58.505211</ele><time>2026-02-11T23:51:05Z</time><extensions><speed>2.379639</speed><course>40.368824</course><hAcc>1.236391</hAcc><vAcc>0.556942</vAcc></extensions></trkpt>
      <trkpt lon="114.397071" lat="33.669902"><ele>58.499002</ele><time>2026-02-11T23:51:06Z</time><extensions><speed>2.275953</speed><course>44.341675</course><hAcc>1.242791</hAcc><vAcc>0.556943</vAcc></extensions></trkpt>
      <trkpt lon="114.397088" lat="33.669917"><ele>58.492632</ele><time>2026-02-11T23:51:07Z</time><extensions><speed>2.225425</speed><course>44.493496</course><hAcc>1.243454</hAcc><vAcc>0.556943</vAcc></extensions></trkpt>
      <trkpt lon="114.397104" lat="33.669932"><ele>58.486374</ele><time>2026-02-11T23:51:08Z</time><extensions><speed>2.257414</speed><course>41.794999</course><hAcc>1.242122</hAcc><vAcc>0.556943</vAcc></extensions></trkpt>
      <trkpt lon="114.397120" lat="33.669948"><ele>58.480460</ele><time>2026-02-11T23:51:09Z</time><extensions><speed>2.376988</speed><course>37.294480</course><hAcc>1.244697</hAcc><vAcc>0.556943</vAcc></extensions></trkpt>
      <trkpt lon="114.397136" lat="33.669965"><ele>58.475076</ele><time>2026-02-11T23:51:10Z</time><extensions><speed>2.403046</speed><course>39.534954</course><hAcc>1.242471</hAcc><vAcc>0.556943</vAcc></extensions></trkpt>
      <trkpt lon="114.397152" lat="33.669981"><ele>58.470419</ele><time>2026-02-11T23:51:11Z</time><extensions><speed>2.282942</speed><course>40.836360</course><hAcc>1.244719</hAcc><vAcc>0.556943</vAcc></extensions></trkpt>
      <trkpt lon="114.397170" lat="33.669997"><ele>58.466709</ele><time>2026-02-11T23:51:12Z</time><extensions><speed>2.455368</speed><course>43.038064</course><hAcc>1.246351</hAcc><vAcc>0.556943</vAcc></extensions></trkpt>
      <trkpt lon="114.397188" lat="33.670013"><ele>58.463625</ele><time>2026-02-11T23:51:13Z</time><extensions><speed>2.493756</speed><course>44.731936</course><hAcc>1.250618</hAcc><vAcc>0.556943</vAcc></extensions></trkpt>
      <trkpt lon="114.397207" lat="33.670029"><ele>58.460821</ele><time>2026-02-11T23:51:14Z</time><extensions><speed>2.474759</speed><course>44.420425</course><hAcc>1.240488</hAcc><vAcc>0.556943</vAcc></extensions></trkpt>
      <trkpt lon="114.397225" lat="33.670045"><ele>58.457969</ele><time>2026-02-11T23:51:15Z</time><extensions><speed>2.431435</speed><course>42.926488</course><hAcc>1.227059</hAcc><vAcc>0.556943</vAcc></extensions></trkpt>
      <trkpt lon="114.397243" lat="33.670062"><ele>58.454768</ele><time>2026-02-11T23:51:16Z</time><extensions><speed>2.492469</speed><course>41.191719</course><hAcc>1.203783</hAcc><vAcc>0.556943</vAcc></extensions></trkpt>
      <trkpt lon="114.397262" lat="33.670078"><ele>58.450846</ele><time>2026-02-11T23:51:17Z</time><extensions><speed>2.437410</speed><course>45.371471</course><hAcc>1.176065</hAcc><vAcc>0.556943</vAcc></extensions></trkpt>
      <trkpt lon="114.397279" lat="33.670092"><ele>58.446303</ele><time>2026-02-11T23:51:18Z</time><extensions><speed>2.029254</speed><course>46.848026</course><hAcc>1.176195</hAcc><vAcc>0.556943</vAcc></extensions></trkpt>
      <trkpt lon="114.397295" lat="33.670104"><ele>58.441219</ele><time>2026-02-11T23:51:19Z</time><extensions><speed>1.935892</speed><course>48.124905</course><hAcc>1.158330</hAcc><vAcc>0.556943</vAcc></extensions></trkpt>
      <trkpt lon="114.397310" lat="33.670116"><ele>58.435722</ele><time>2026-02-11T23:51:20Z</time><extensions><speed>1.940530</speed><course>47.606407</course><hAcc>1.157976</hAcc><vAcc>0.556943</vAcc></extensions></trkpt>
      <trkpt lon="114.397326" lat="33.670128"><ele>58.430073</ele><time>2026-02-11T23:51:21Z</time><extensions><speed>2.067344</speed><course>45.492851</course><hAcc>1.138306</hAcc><vAcc>0.556943</vAcc></extensions></trkpt>
      <trkpt lon="114.397342" lat="33.670142"><ele>58.424656</ele><time>2026-02-11T23:51:22Z</time><extensions><speed>2.109886</speed><course>42.835189</course><hAcc>1.145805</hAcc><vAcc>0.556943</vAcc></extensions></trkpt>
      <trkpt lon="114.397358" lat="33.670157"><ele>58.419968</ele><time>2026-02-11T23:51:23Z</time><extensions><speed>2.369361</speed><course>39.753760</course><hAcc>1.149407</hAcc><vAcc>0.556943</vAcc></extensions></trkpt>
      <trkpt lon="114.397375" lat="33.670174"><ele>58.416668</ele><time>2026-02-11T23:51:24Z</time><extensions><speed>2.501187</speed><course>40.495230</course><hAcc>1.164471</hAcc><vAcc>0.556943</vAcc></extensions></trkpt>
      <trkpt lon="114.397392" lat="33.670191"><ele>58.415437</ele><time>2026-02-11T23:51:25Z</time><extensions><speed>2.430900</speed><course>40.700092</course><hAcc>1.181748</hAcc><vAcc>0.556943</vAcc></extensions></trkpt>
      <trkpt lon="114.397409" lat="33.670207"><ele>58.416743</ele><time>2026-02-11T23:51:26Z</time><extensions><speed>2.426906</speed><course>41.171864</course><hAcc>1.196635</hAcc><vAcc>0.556943</vAcc></extensions></trkpt>
      <trkpt lon="114.397426" lat="33.670224"><ele>58.420953</ele><time>2026-02-11T23:51:27Z</time><extensions><speed>2.439417</speed><course>39.837712</course><hAcc>1.206573</hAcc><vAcc>0.556943</vAcc></extensions></trkpt>
      <trkpt lon="114.397443" lat="33.670241"><ele>58.428216</ele><time>2026-02-11T23:51:28Z</time><extensions><speed>2.537298</speed><course>39.740579</course><hAcc>1.216712</hAcc><vAcc>0.556943</vAcc></extensions></trkpt>
      <trkpt lon="114.397461" lat="33.670259"><ele>58.438424</ele><time>2026-02-11T23:51:29Z</time><extensions><speed>2.513006</speed><course>41.547482</course><hAcc>1.223081</hAcc><vAcc>0.556943</vAcc></extensions></trkpt>
      <trkpt lon="114.397479" lat="33.670275"><ele>58.451259</ele><time>2026-02-11T23:51:30Z</time><extensions><speed>2.403896</speed><course>43.043133</course><hAcc>1.227421</hAcc><vAcc>0.556943</vAcc></extensions></trkpt>
      <trkpt lon="114.397497" lat="33.670291"><ele>58.466313</ele><time>2026-02-11T23:51:31Z</time><extensions><speed>2.435817</speed><course>44.164464</course><hAcc>1.230601</hAcc><vAcc>0.556943</vAcc></extensions></trkpt>
      <trkpt lon="114.397515" lat="33.670307"><ele>58.483069</ele><time>2026-02-11T23:51:32Z</time><extensions><speed>2.441953</speed><course>43.204151</course><hAcc>1.235608</hAcc><vAcc>0.556943</vAcc></extensions></trkpt>
      <trkpt lon="114.397532" lat="33.670322"><ele>58.500806</ele><time>2026-02-11T23:51:33Z</time><extensions><speed>2.292127</speed><course>41.442376</course><hAcc>1.239419</hAcc><vAcc>0.556943</vAcc></extensions></trkpt>
      <trkpt lon="114.397548" lat="33.670338"><ele>58.518740</ele><time>2026-02-11T23:51:34Z</time><extensions><speed>2.285915</speed><course>40.947511</course><hAcc>1.239577</hAcc><vAcc>0.556943</vAcc></extensions></trkpt>
      <trkpt lon="114.397565" lat="33.670354"><ele>58.536172</ele><time>2026-02-11T23:51:35Z</time><extensions><speed>2.276718</speed><course>40.386444</course><hAcc>1.237616</hAcc><vAcc>0.556943</vAcc></extensions></trkpt>
      <trkpt lon="114.397580" lat="33.670369"><ele>58.552561</ele><time>2026-02-11T23:51:36Z</time><extensions><speed>2.267291</speed><course>39.353814</course><hAcc>1.234173</hAcc><vAcc>0.556943</vAcc></extensions></trkpt>
      <trkpt lon="114.397596" lat="33.670386"><ele>58.567495</ele><time>2026-02-11T23:51:37Z</time><extensions><speed>2.354795</speed><course>38.832198</course><hAcc>1.230892</hAcc><vAcc>0.556943</vAcc></extensions></trkpt>
      <trkpt lon="114.397612" lat="33.670402"><ele>58.580666</ele><time>2026-02-11T23:51:38Z</time><extensions><speed>2.317750</speed><course>39.244777</course><hAcc>1.225902</hAcc><vAcc>0.556943</vAcc></extensions></trkpt>
      <trkpt lon="114.397628" lat="33.670418"><ele>58.591847</ele><time>2026-02-11T23:51:39Z</time><extensions><speed>2.254236</speed><course>39.371077</course><hAcc>1.232398</hAcc><vAcc>0.556943</vAcc></extensions></trkpt>
      <trkpt lon="114.397643" lat="33.670434"><ele>58.600884</ele><time>2026-02-11T23:51:40Z</time><extensions><speed>2.337438</speed><course>39.831539</course><hAcc>1.237612</hAcc><vAcc>0.556943</vAcc></extensions></trkpt>
      <trkpt lon="114.397659" lat="33.670450"><ele>58.607800</ele><time>2026-02-11T23:51:41Z</time><extensions><speed>2.328704</speed><course>38.680788</course><hAcc>1.243080</hAcc><vAcc>0.556943</vAcc></extensions></trkpt>
      <trkpt lon="114.397676" lat="33.670467"><ele>58.612664</ele><time>2026-02-11T23:51:42Z</time><extensions><speed>2.420032</speed><course>39.908394</course><hAcc>1.250455</hAcc><vAcc>0.556943</vAcc></extensions></trkpt>
      <trkpt lon="114.397693" lat="33.670484"><ele>58.615636</ele><time>2026-02-11T23:51:43Z</time><extensions><speed>2.493608</speed><course>41.230936</course><hAcc>1.257929</hAcc><vAcc>0.556943</vAcc></extensions></trkpt>
      <trkpt lon="114.397711" lat="33.670500"><ele>58.616999</ele><time>2026-02-11T23:51:44Z</time><extensions><speed>2.455185</speed><course>42.514010</course><hAcc>1.255552</hAcc><vAcc>0.556943</vAcc></extensions></trkpt>
      <trkpt lon="114.397729" lat="33.670517"><ele>58.617105</ele><time>2026-02-11T23:51:45Z</time><extensions><speed>2.459013</speed><course>42.931399</course><hAcc>1.252772</hAcc><vAcc>0.556943</vAcc></extensions></trkpt>
      <trkpt lon="114.397746" lat="33.670533"><ele>58.616220</ele><time>2026-02-11T23:51:46Z</time><extensions><speed>2.435906</speed><course>42.027658</course><hAcc>1.246759</hAcc><vAcc>0.556943</vAcc></extensions></trkpt>
      <trkpt lon="114.397764" lat="33.670549"><ele>58.614619</ele><time>2026-02-11T23:51:47Z</time><extensions><speed>2.385951</speed><course>40.363074</course><hAcc>1.250693</hAcc><vAcc>0.556943</vAcc></extensions></trkpt>
      <trkpt lon="114.397780" lat="33.670566"><ele>58.612544</ele><time>2026-02-11T23:51:48Z</time><extensions><speed>2.482045</speed><course>37.691709</course><hAcc>1.250515</hAcc><vAcc>0.556943</vAcc></extensions></trkpt>
      <trkpt lon="114.397796" lat="33.670584"><ele>58.610168</ele><time>2026-02-11T23:51:49Z</time><extensions><speed>2.502271</speed><course>36.666097</course><hAcc>1.254455</hAcc><vAcc>0.556943</vAcc></extensions></trkpt>
      <trkpt lon="114.397812" lat="33.670602"><ele>58.607623</ele><time>2026-02-11T23:51:50Z</time><extensions><speed>2.434509</speed><course>35.854980</course><hAcc>1.269780</hAcc><vAcc>0.556943</vAcc></extensions></trkpt>
      <trkpt lon="114.397827" lat="33.670620"><ele>58.605064</ele><time>2026-02-11T23:51:51Z</time><extensions><speed>2.473482</speed><course>35.356595</course><hAcc>1.284425</hAcc><vAcc>0.556943</vAcc></extensions></trkpt>
      <trkpt lon="114.397843" lat="33.670638"><ele>58.602587</ele><time>2026-02-11T23:51:52Z</time><extensions><speed>2.408709</speed><course>36.274917</course><hAcc>1.297997</hAcc><vAcc>0.556943</vAcc></extensions></trkpt>
      <trkpt lon="114.397858" lat="33.670655"><ele>58.600222</ele><time>2026-02-11T23:51:53Z</time><extensions><speed>2.330638</speed><course>37.765639</course><hAcc>1.312777</hAcc><vAcc>0.556943</vAcc></extensions></trkpt>
      <trkpt lon="114.397874" lat="33.670672"><ele>58.597966</ele><time>2026-02-11T23:51:54Z</time><extensions><speed>2.390597</speed><course>38.454628</course><hAcc>1.329374</hAcc><vAcc>0.556943</vAcc></extensions></trkpt>
      <trkpt lon="114.397890" lat="33.670689"><ele>58.595788</ele><time>2026-02-11T23:51:55Z</time><extensions><speed>2.363355</speed><course>38.767481</course><hAcc>1.345943</hAcc><vAcc>0.556943</vAcc></extensions></trkpt>
      <trkpt lon="114.397906" lat="33.670705"><ele>58.593644</ele><time>2026-02-11T23:51:56Z</time><extensions><speed>2.354477</speed><course>39.062340</course><hAcc>1.359530</hAcc><vAcc>0.556943</vAcc></extensions></trkpt>
      <trkpt lon="114.397922" lat="33.670722"><ele>58.591517</ele><time>2026-02-11T23:51:57Z</time><extensions><speed>2.330520</speed><course>38.793329</course><hAcc>1.364567</hAcc><vAcc>0.556943</vAcc></extensions></trkpt>
      <trkpt lon="114.397937" lat="33.670738"><ele>58.589297</ele><time>2026-02-11T23:51:58Z</time><extensions><speed>2.176419</speed><course>38.398292</course><hAcc>1.370142</hAcc><vAcc>0.556943</vAcc></extensions></trkpt>
      <trkpt lon="114.397952" lat="33.670753"><ele>58.586074</ele><time>2026-02-11T23:51:59Z</time><extensions><speed>2.150885</speed><course>38.425227</course><hAcc>1.373808</hAcc><vAcc>0.556943</vAcc></extensions></trkpt>
      <trkpt lon="114.397966" lat="33.670769"><ele>58.581005</ele><time>2026-02-11T23:52:00Z</time><extensions><speed>2.256786</speed><course>37.808679</course><hAcc>1.372373</hAcc><vAcc>0.556943</vAcc></extensions></trkpt>
      <trkpt lon="114.397981" lat="33.670785"><ele>58.573418</ele><time>2026-02-11T23:52:01Z</time><extensions><speed>2.285614</speed><course>36.711957</course><hAcc>1.367895</hAcc><vAcc>0.556943</vAcc></extensions></trkpt>
      <trkpt lon="114.397996" lat="33.670802"><ele>58.562730</ele><time>2026-02-11T23:52:02Z</time><extensions><speed>2.360079</speed><course>37.015805</course><hAcc>1.367920</hAcc><vAcc>0.556943</vAcc></extensions></trkpt>
      <trkpt lon="114.398012" lat="33.670819"><ele>58.548348</ele><time>2026-02-11T23:52:03Z</time><extensions><speed>2.408780</speed><course>39.512827</course><hAcc>1.366297</hAcc><vAcc>0.556943</vAcc></extensions></trkpt>
      <trkpt lon="114.398029" lat="33.670835"><ele>58.530480</ele><time>2026-02-11T23:52:04Z</time><extensions><speed>2.336459</speed><course>42.671651</course><hAcc>1.365211</hAcc><vAcc>0.556943</vAcc></extensions></trkpt>
      <trkpt lon="114.398046" lat="33.670851"><ele>58.509312</ele><time>2026-02-11T23:52:05Z</time><extensions><speed>2.393445</speed><course>39.540481</course><hAcc>1.365468</hAcc><vAcc>0.556943</vAcc></extensions></trkpt>
      <trkpt lon="114.398061" lat="33.670868"><ele>58.485071</ele><time>2026-02-11T23:52:06Z</time><extensions><speed>2.284431</speed><course>32.387664</course><hAcc>1.371721</hAcc><vAcc>0.556943</vAcc></extensions></trkpt>
      <trkpt lon="114.398074" lat="33.670886"><ele>58.458092</ele><time>2026-02-11T23:52:07Z</time><extensions><speed>2.386303</speed><course>30.839711</course><hAcc>1.368183</hAcc><vAcc>0.556943</vAcc></extensions></trkpt>
      <trkpt lon="114.398088" lat="33.670905"><ele>58.428924</ele><time>2026-02-11T23:52:08Z</time><extensions><speed>2.532898</speed><course>31.829162</course><hAcc>1.369593</hAcc><vAcc>0.556943</vAcc></extensions></trkpt>
      <trkpt lon="114.398102" lat="33.670924"><ele>58.398249</ele><time>2026-02-11T23:52:09Z</time><extensions><speed>2.455751</speed><course>33.351589</course><hAcc>1.367438</hAcc><vAcc>0.556943</vAcc></extensions></trkpt>
      <trkpt lon="114.398117" lat="33.670943"><ele>58.367018</ele><time>2026-02-11T23:52:10Z</time><extensions><speed>2.541175</speed><course>35.882183</course><hAcc>1.359520</hAcc><vAcc>0.556943</vAcc></extensions></trkpt>
      <trkpt lon="114.398134" lat="33.670961"><ele>58.336387</ele><time>2026-02-11T23:52:11Z</time><extensions><speed>2.520661</speed><course>37.643540</course><hAcc>1.354315</hAcc><vAcc>0.556944</vAcc></extensions></trkpt>
      <trkpt lon="114.398149" lat="33.670978"><ele>58.307577</ele><time>2026-02-11T23:52:12Z</time><extensions><speed>2.273760</speed><course>36.702877</course><hAcc>1.357194</hAcc><vAcc>0.556944</vAcc></extensions></trkpt>
      <trkpt lon="114.398164" lat="33.670995"><ele>58.281620</ele><time>2026-02-11T23:52:13Z</time><extensions><speed>2.273309</speed><course>36.171662</course><hAcc>1.345819</hAcc><vAcc>0.556944</vAcc></extensions></trkpt>
      <trkpt lon="114.398179" lat="33.671011"><ele>58.259562</ele><time>2026-02-11T23:52:14Z</time><extensions><speed>2.280034</speed><course>36.416274</course><hAcc>1.330133</hAcc><vAcc>0.556944</vAcc></extensions></trkpt>
      <trkpt lon="114.398193" lat="33.671028"><ele>58.242145</ele><time>2026-02-11T23:52:15Z</time><extensions><speed>2.345818</speed><course>34.799983</course><hAcc>1.316659</hAcc><vAcc>0.556944</vAcc></extensions></trkpt>
      <trkpt lon="114.398208" lat="33.671046"><ele>58.229768</ele><time>2026-02-11T23:52:16Z</time><extensions><speed>2.436160</speed><course>33.258088</course><hAcc>1.308259</hAcc><vAcc>0.556944</vAcc></extensions></trkpt>
      <trkpt lon="114.398222" lat="33.671065"><ele>58.222525</ele><time>2026-02-11T23:52:17Z</time><extensions><speed>2.424823</speed><course>31.745210</course><hAcc>1.303057</hAcc><vAcc>0.556944</vAcc></extensions></trkpt>
      <trkpt lon="114.398235" lat="33.671083"><ele>58.220407</ele><time>2026-02-11T23:52:18Z</time><extensions><speed>2.298785</speed><course>31.888963</course><hAcc>1.292238</hAcc><vAcc>0.556944</vAcc></extensions></trkpt>
      <trkpt lon="114.398248" lat="33.671100"><ele>58.222921</ele><time>2026-02-11T23:52:19Z</time><extensions><speed>2.305602</speed><course>33.779759</course><hAcc>1.284145</hAcc><vAcc>0.556943</vAcc></extensions></trkpt>
      <trkpt lon="114.398262" lat="33.671117"><ele>58.229424</ele><time>2026-02-11T23:52:20Z</time><extensions><speed>2.319346</speed><course>33.239032</course><hAcc>1.274719</hAcc><vAcc>0.556943</vAcc></extensions></trkpt>
      <trkpt lon="114.398276" lat="33.671135"><ele>58.239292</ele><time>2026-02-11T23:52:21Z</time><extensions><speed>2.392031</speed><course>31.317289</course><hAcc>1.269004</hAcc><vAcc>0.556943</vAcc></extensions></trkpt>
      <trkpt lon="114.398289" lat="33.671153"><ele>58.252098</ele><time>2026-02-11T23:52:22Z</time><extensions><speed>2.324195</speed><course>32.180846</course><hAcc>1.270176</hAcc><vAcc>0.556943</vAcc></extensions></trkpt>
      <trkpt lon="114.398302" lat="33.671171"><ele>58.267302</ele><time>2026-02-11T23:52:23Z</time><extensions><speed>2.344443</speed><course>30.284700</course><hAcc>1.272697</hAcc><vAcc>0.556943</vAcc></extensions></trkpt>
      <trkpt lon="114.398315" lat="33.671190"><ele>58.284266</ele><time>2026-02-11T23:52:24Z</time><extensions><speed>2.390292</speed><course>27.693703</course><hAcc>1.278972</hAcc><vAcc>0.556943</vAcc></extensions></trkpt>
      <trkpt lon="114.398326" lat="33.671209"><ele>58.302267</ele><time>2026-02-11T23:52:25Z</time><extensions><speed>2.282431</speed><course>25.131348</course><hAcc>1.286772</hAcc><vAcc>0.556943</vAcc></extensions></trkpt>
      <trkpt lon="114.398336" lat="33.671228"><ele>58.320489</ele><time>2026-02-11T23:52:26Z</time><extensions><speed>2.251953</speed><course>24.877732</course><hAcc>1.288378</hAcc><vAcc>0.556943</vAcc></extensions></trkpt>
      <trkpt lon="114.398347" lat="33.671246"><ele>58.337422</ele><time>2026-02-11T23:52:27Z</time><extensions><speed>2.311988</speed><course>28.190354</course><hAcc>1.290731</hAcc><vAcc>0.556943</vAcc></extensions></trkpt>
      <trkpt lon="114.398359" lat="33.671265"><ele>58.351743</ele><time>2026-02-11T23:52:28Z</time><extensions><speed>2.352404</speed><course>27.810844</course><hAcc>1.294729</hAcc><vAcc>0.556943</vAcc></extensions></trkpt>
      <trkpt lon="114.398370" lat="33.671283"><ele>58.362641</ele><time>2026-02-11T23:52:29Z</time><extensions><speed>2.249466</speed><course>26.688325</course><hAcc>1.297383</hAcc><vAcc>0.556943</vAcc></extensions></trkpt>
      <trkpt lon="114.398381" lat="33.671301"><ele>58.369771</ele><time>2026-02-11T23:52:30Z</time><extensions><speed>2.191878</speed><course>28.556409</course><hAcc>1.301695</hAcc><vAcc>0.556943</vAcc></extensions></trkpt>
      <trkpt lon="114.398393" lat="33.671319"><ele>58.372943</ele><time>2026-02-11T23:52:31Z</time><extensions><speed>2.267266</speed><course>29.429292</course><hAcc>1.294890</hAcc><vAcc>0.556943</vAcc></extensions></trkpt>
      <trkpt lon="114.398405" lat="33.671337"><ele>58.372607</ele><time>2026-02-11T23:52:32Z</time><extensions><speed>2.279668</speed><course>27.708201</course><hAcc>1.290719</hAcc><vAcc>0.556943</vAcc></extensions></trkpt>
      <trkpt lon="114.398416" lat="33.671355"><ele>58.369238</ele><time>2026-02-11T23:52:33Z</time><extensions><speed>2.181951</speed><course>24.641136</course><hAcc>1.285498</hAcc><vAcc>0.556943</vAcc></extensions></trkpt>
      <trkpt lon="114.398426" lat="33.671374"><ele>58.363408</ele><time>2026-02-11T23:52:34Z</time><extensions><speed>2.341744</speed><course>25.429867</course><hAcc>1.273261</hAcc><vAcc>0.556943</vAcc></extensions></trkpt>
      <trkpt lon="114.398437" lat="33.671394"><ele>58.355824</ele><time>2026-02-11T23:52:35Z</time><extensions><speed>2.547253</speed><course>24.084216</course><hAcc>1.251720</hAcc><vAcc>0.556943</vAcc></extensions></trkpt>
      <trkpt lon="114.398449" lat="33.671414"><ele>58.347336</ele><time>2026-02-11T23:52:36Z</time><extensions><speed>2.391719</speed><course>29.079711</course><hAcc>1.230884</hAcc><vAcc>0.556942</vAcc></extensions></trkpt>
      <trkpt lon="114.398462" lat="33.671431"><ele>58.338636</ele><time>2026-02-11T23:52:37Z</time><extensions><speed>1.964314</speed><course>33.889065</course><hAcc>1.234899</hAcc><vAcc>0.556941</vAcc></extensions></trkpt>
      <trkpt lon="114.398474" lat="33.671445"><ele>58.330565</ele><time>2026-02-11T23:52:38Z</time><extensions><speed>1.823159</speed><course>37.020731</course><hAcc>1.230293</hAcc><vAcc>0.556940</vAcc></extensions></trkpt>
      <trkpt lon="114.398485" lat="33.671459"><ele>58.324017</ele><time>2026-02-11T23:52:39Z</time><extensions><speed>1.858353</speed><course>30.485140</course><hAcc>1.202062</hAcc><vAcc>0.556938</vAcc></extensions></trkpt>
      <trkpt lon="114.398496" lat="33.671475"><ele>58.319780</ele><time>2026-02-11T23:52:40Z</time><extensions><speed>1.979015</speed><course>30.423043</course><hAcc>1.194424</hAcc><vAcc>0.556936</vAcc></extensions></trkpt>
      <trkpt lon="114.398507" lat="33.671491"><ele>58.318393</ele><time>2026-02-11T23:52:41Z</time><extensions><speed>2.093752</speed><course>28.713572</course><hAcc>1.182125</hAcc><vAcc>0.556934</vAcc></extensions></trkpt>
      <trkpt lon="114.398517" lat="33.671508"><ele>58.320130</ele><time>2026-02-11T23:52:42Z</time><extensions><speed>2.123558</speed><course>26.187182</course><hAcc>1.185962</hAcc><vAcc>0.556931</vAcc></extensions></trkpt>
      <trkpt lon="114.398527" lat="33.671525"><ele>58.324964</ele><time>2026-02-11T23:52:43Z</time><extensions><speed>2.101921</speed><course>24.236932</course><hAcc>1.190581</hAcc><vAcc>0.556928</vAcc></extensions></trkpt>
      <trkpt lon="114.398537" lat="33.671543"><ele>58.332557</ele><time>2026-02-11T23:52:44Z</time><extensions><speed>2.191768</speed><course>24.641092</course><hAcc>1.184062</hAcc><vAcc>0.556926</vAcc></extensions></trkpt>
      <trkpt lon="114.398547" lat="33.671561"><ele>58.342188</ele><time>2026-02-11T23:52:45Z</time><extensions><speed>2.110916</speed><course>26.078855</course><hAcc>1.201251</hAcc><vAcc>0.556928</vAcc></extensions></trkpt>
      <trkpt lon="114.398557" lat="33.671578"><ele>58.353086</ele><time>2026-02-11T23:52:46Z</time><extensions><speed>2.122569</speed><course>27.842068</course><hAcc>1.210222</hAcc><vAcc>0.556933</vAcc></extensions></trkpt>
      <trkpt lon="114.398568" lat="33.671595"><ele>58.364607</ele><time>2026-02-11T23:52:47Z</time><extensions><speed>2.157270</speed><course>29.509354</course><hAcc>1.229209</hAcc><vAcc>0.556935</vAcc></extensions></trkpt>
      <trkpt lon="114.398580" lat="33.671612"><ele>58.376228</ele><time>2026-02-11T23:52:48Z</time><extensions><speed>2.160538</speed><course>31.203131</course><hAcc>1.258714</hAcc><vAcc>0.556936</vAcc></extensions></trkpt>
      <trkpt lon="114.398592" lat="33.671629"><ele>58.387528</ele><time>2026-02-11T23:52:49Z</time><extensions><speed>2.215175</speed><course>30.482066</course><hAcc>1.285717</hAcc><vAcc>0.556938</vAcc></extensions></trkpt>
      <trkpt lon="114.398606" lat="33.671648"><ele>58.398155</ele><time>2026-02-11T23:52:50Z</time><extensions><speed>2.665343</speed><course>30.687097</course><hAcc>1.292776</hAcc><vAcc>0.556941</vAcc></extensions></trkpt>
      <trkpt lon="114.398621" lat="33.671669"><ele>58.407832</ele><time>2026-02-11T23:52:51Z</time><extensions><speed>2.869747</speed><course>31.614479</course><hAcc>1.325234</hAcc><vAcc>0.556943</vAcc></extensions></trkpt>
      <trkpt lon="114.398637" lat="33.671691"><ele>58.416327</ele><time>2026-02-11T23:52:52Z</time><extensions><speed>2.830032</speed><course>31.558620</course><hAcc>1.363347</hAcc><vAcc>0.556944</vAcc></extensions></trkpt>
      <trkpt lon="114.398653" lat="33.671713"><ele>58.423462</ele><time>2026-02-11T23:52:53Z</time><extensions><speed>2.790845</speed><course>31.121710</course><hAcc>1.393762</hAcc><vAcc>0.556945</vAcc></extensions></trkpt>
      <trkpt lon="114.398668" lat="33.671734"><ele>58.429133</ele><time>2026-02-11T23:52:54Z</time><extensions><speed>2.628898</speed><course>31.086472</course><hAcc>1.414715</hAcc><vAcc>0.556946</vAcc></extensions></trkpt>
      <trkpt lon="114.398683" lat="33.671754"><ele>58.433259</ele><time>2026-02-11T23:52:55Z</time><extensions><speed>2.588972</speed><course>31.598279</course><hAcc>1.424657</hAcc><vAcc>0.556947</vAcc></extensions></trkpt>
      <trkpt lon="114.398698" lat="33.671774"><ele>58.435853</ele><time>2026-02-11T23:52:56Z</time><extensions><speed>2.698648</speed><course>32.113135</course><hAcc>1.429254</hAcc><vAcc>0.556947</vAcc></extensions></trkpt>
      <trkpt lon="114.398714" lat="33.671794"><ele>58.437003</ele><time>2026-02-11T23:52:57Z</time><extensions><speed>2.670281</speed><course>33.840084</course><hAcc>1.432363</hAcc><vAcc>0.556947</vAcc></extensions></trkpt>
      <trkpt lon="114.398730" lat="33.671814"><ele>58.436825</ele><time>2026-02-11T23:52:58Z</time><extensions><speed>2.657563</speed><course>37.039392</course><hAcc>1.431965</hAcc><vAcc>0.556947</vAcc></extensions></trkpt>
      <trkpt lon="114.398749" lat="33.671833"><ele>58.435428</ele><time>2026-02-11T23:52:59Z</time><extensions><speed>2.715448</speed><course>40.620001</course><hAcc>1.426623</hAcc><vAcc>0.556947</vAcc></extensions></trkpt>
      <trkpt lon="114.398768" lat="33.671851"><ele>58.432894</ele><time>2026-02-11T23:53:00Z</time><extensions><speed>2.648235</speed><course>45.148451</course><hAcc>1.422124</hAcc><vAcc>0.556947</vAcc></extensions></trkpt>
      <trkpt lon="114.398789" lat="33.671867"><ele>58.429295</ele><time>2026-02-11T23:53:01Z</time><extensions><speed>2.658593</speed><course>48.498293</course><hAcc>1.422960</hAcc><vAcc>0.556947</vAcc></extensions></trkpt>
      <trkpt lon="114.398811" lat="33.671882"><ele>58.424619</ele><time>2026-02-11T23:53:02Z</time><extensions><speed>2.670732</speed><course>51.509989</course><hAcc>1.423939</hAcc><vAcc>0.556947</vAcc></extensions></trkpt>
      <trkpt lon="114.398834" lat="33.671897"><ele>58.418734</ele><time>2026-02-11T23:53:03Z</time><extensions><speed>2.634172</speed><course>52.826422</course><hAcc>1.428367</hAcc><vAcc>0.556947</vAcc></extensions></trkpt>
      <trkpt lon="114.398857" lat="33.671912"><ele>58.411525</ele><time>2026-02-11T23:53:04Z</time><extensions><speed>2.681975</speed><course>52.997282</course><hAcc>1.432039</hAcc><vAcc>0.556946</vAcc></extensions></trkpt>
      <trkpt lon="114.398880" lat="33.671926"><ele>58.403053</ele><time>2026-02-11T23:53:05Z</time><extensions><speed>2.616014</speed><course>54.967287</course><hAcc>1.434427</hAcc><vAcc>0.556946</vAcc></extensions></trkpt>
      <trkpt lon="114.398903" lat="33.671938"><ele>58.393411</ele><time>2026-02-11T23:53:06Z</time><extensions><speed>2.487377</speed><course>58.249168</course><hAcc>1.434933</hAcc><vAcc>0.556946</vAcc></extensions></trkpt>
      <trkpt lon="114.398927" lat="33.671950"><ele>58.382637</ele><time>2026-02-11T23:53:07Z</time><extensions><speed>2.616400</speed><course>62.310434</course><hAcc>1.425947</hAcc><vAcc>0.556946</vAcc></extensions></trkpt>
      <trkpt lon="114.398952" lat="33.671960"><ele>58.370640</ele><time>2026-02-11T23:53:08Z</time><extensions><speed>2.624161</speed><course>65.501391</course><hAcc>1.422491</hAcc><vAcc>0.556946</vAcc></extensions></trkpt>
      <trkpt lon="114.398978" lat="33.671969"><ele>58.357339</ele><time>2026-02-11T23:53:09Z</time><extensions><speed>2.585450</speed><course>68.265082</course><hAcc>1.411177</hAcc><vAcc>0.556946</vAcc></extensions></trkpt>
      <trkpt lon="114.399004" lat="33.671978"><ele>58.343050</ele><time>2026-02-11T23:53:10Z</time><extensions><speed>2.582889</speed><course>70.499105</course><hAcc>1.399029</hAcc><vAcc>0.556946</vAcc></extensions></trkpt>
      <trkpt lon="114.399030" lat="33.671985"><ele>58.328213</ele><time>2026-02-11T23:53:11Z</time><extensions><speed>2.479623</speed><course>72.566316</course><hAcc>1.392508</hAcc><vAcc>0.556945</vAcc></extensions></trkpt>
      <trkpt lon="114.399056" lat="33.671991"><ele>58.313196</ele><time>2026-02-11T23:53:12Z</time><extensions><speed>2.481937</speed><course>74.303382</course><hAcc>1.381895</hAcc><vAcc>0.556945</vAcc></extensions></trkpt>
      <trkpt lon="114.399082" lat="33.671997"><ele>58.298034</ele><time>2026-02-11T23:53:13Z</time><extensions><speed>2.567270</speed><course>75.973990</course><hAcc>1.370232</hAcc><vAcc>0.556945</vAcc></extensions></trkpt>
      <trkpt lon="114.399109" lat="33.672002"><ele>58.282815</ele><time>2026-02-11T23:53:14Z</time><extensions><speed>2.531632</speed><course>76.440810</course><hAcc>1.364703</hAcc><vAcc>0.556945</vAcc></extensions></trkpt>
      <trkpt lon="114.399136" lat="33.672008"><ele>58.267671</ele><time>2026-02-11T23:53:15Z</time><extensions><speed>2.602272</speed><course>76.003275</course><hAcc>1.357835</hAcc><vAcc>0.556945</vAcc></extensions></trkpt>
      <trkpt lon="114.399163" lat="33.672014"><ele>58.252712</ele><time>2026-02-11T23:53:16Z</time><extensions><speed>2.610091</speed><course>76.912265</course><hAcc>1.358558</hAcc><vAcc>0.556945</vAcc></extensions></trkpt>
      <trkpt lon="114.399190" lat="33.672019"><ele>58.237994</ele><time>2026-02-11T23:53:17Z</time><extensions><speed>2.523843</speed><course>78.156018</course><hAcc>1.365154</hAcc><vAcc>0.556945</vAcc></extensions></trkpt>
      <trkpt lon="114.399217" lat="33.672023"><ele>58.223421</ele><time>2026-02-11T23:53:18Z</time><extensions><speed>2.521081</speed><course>80.096401</course><hAcc>1.369578</hAcc><vAcc>0.556945</vAcc></extensions></trkpt>
      <trkpt lon="114.399243" lat="33.672026"><ele>58.208858</ele><time>2026-02-11T23:53:19Z</time><extensions><speed>2.415515</speed><course>82.708279</course><hAcc>1.369737</hAcc><vAcc>0.556945</vAcc></extensions></trkpt>
      <trkpt lon="114.399269" lat="33.672029"><ele>58.194356</ele><time>2026-02-11T23:53:20Z</time><extensions><speed>2.385519</speed><course>84.951159</course><hAcc>1.371345</hAcc><vAcc>0.556945</vAcc></extensions></trkpt>
      <trkpt lon="114.399295" lat="33.672030"><ele>58.180061</ele><time>2026-02-11T23:53:21Z</time><extensions><speed>2.501794</speed><course>86.849798</course><hAcc>1.364883</hAcc><vAcc>0.556944</vAcc></extensions></trkpt>
      <trkpt lon="114.399322" lat="33.672031"><ele>58.166056</ele><time>2026-02-11T23:53:22Z</time><extensions><speed>2.451106</speed><course>86.612932</course><hAcc>1.359146</hAcc><vAcc>0.556944</vAcc></extensions></trkpt>
      <trkpt lon="114.399348" lat="33.672033"><ele>58.152300</ele><time>2026-02-11T23:53:23Z</time><extensions><speed>2.500301</speed><course>84.871500</course><hAcc>1.353806</hAcc><vAcc>0.556944</vAcc></extensions></trkpt>
      <trkpt lon="114.399375" lat="33.672035"><ele>58.138858</ele><time>2026-02-11T23:53:24Z</time><extensions><speed>2.498896</speed><course>83.339452</course><hAcc>1.346838</hAcc><vAcc>0.556944</vAcc></extensions></trkpt>
      <trkpt lon="114.399401" lat="33.672038"><ele>58.125820</ele><time>2026-02-11T23:53:25Z</time><extensions><speed>2.403614</speed><course>83.753290</course><hAcc>1.344245</hAcc><vAcc>0.556944</vAcc></extensions></trkpt>
      <trkpt lon="114.399427" lat="33.672040"><ele>58.113258</ele><time>2026-02-11T23:53:26Z</time><extensions><speed>2.434050</speed><course>84.786847</course><hAcc>1.343491</hAcc><vAcc>0.556944</vAcc></extensions></trkpt>
      <trkpt lon="114.399453" lat="33.672042"><ele>58.101280</ele><time>2026-02-11T23:53:27Z</time><extensions><speed>2.400999</speed><course>85.549233</course><hAcc>1.351448</hAcc><vAcc>0.556944</vAcc></extensions></trkpt>
      <trkpt lon="114.399479" lat="33.672043"><ele>58.089874</ele><time>2026-02-11T23:53:28Z</time><extensions><speed>2.316657</speed><course>87.453315</course><hAcc>1.348721</hAcc><vAcc>0.556944</vAcc></extensions></trkpt>
      <trkpt lon="114.399504" lat="33.672044"><ele>58.078994</ele><time>2026-02-11T23:53:29Z</time><extensions><speed>2.372414</speed><course>89.722249</course><hAcc>1.349819</hAcc><vAcc>0.556944</vAcc></extensions></trkpt>
      <trkpt lon="114.399529" lat="33.672044"><ele>58.068628</ele><time>2026-02-11T23:53:30Z</time><extensions><speed>2.360403</speed><course>90.809217</course><hAcc>1.355028</hAcc><vAcc>0.556944</vAcc></extensions></trkpt>
      <trkpt lon="114.399555" lat="33.672043"><ele>58.058827</ele><time>2026-02-11T23:53:31Z</time><extensions><speed>2.370401</speed><course>92.590108</course><hAcc>1.356231</hAcc><vAcc>0.556944</vAcc></extensions></trkpt>
      <trkpt lon="114.399581" lat="33.672042"><ele>58.049520</ele><time>2026-02-11T23:53:32Z</time><extensions><speed>2.451856</speed><course>93.693689</course><hAcc>1.355960</hAcc><vAcc>0.556944</vAcc></extensions></trkpt>
      <trkpt lon="114.399607" lat="33.672040"><ele>58.040542</ele><time>2026-02-11T23:53:33Z</time><extensions><speed>2.425612</speed><course>92.903169</course><hAcc>1.357030</hAcc><vAcc>0.556944</vAcc></extensions></trkpt>
      <trkpt lon="114.399633" lat="33.672039"><ele>58.031727</ele><time>2026-02-11T23:53:34Z</time><extensions><speed>2.409888</speed><course>92.557338</course><hAcc>1.357435</hAcc><vAcc>0.556944</vAcc></extensions></trkpt>
      <trkpt lon="114.399659" lat="33.672038"><ele>58.022896</ele><time>2026-02-11T23:53:35Z</time><extensions><speed>2.402499</speed><course>94.001601</course><hAcc>1.361168</hAcc><vAcc>0.556944</vAcc></extensions></trkpt>
      <trkpt lon="114.399684" lat="33.672036"><ele>58.013756</ele><time>2026-02-11T23:53:36Z</time><extensions><speed>2.354992</speed><course>96.767347</course><hAcc>1.369354</hAcc><vAcc>0.556944</vAcc></extensions></trkpt>
      <trkpt lon="114.399710" lat="33.672033"><ele>58.004102</ele><time>2026-02-11T23:53:37Z</time><extensions><speed>2.486201</speed><course>98.874319</course><hAcc>1.374081</hAcc><vAcc>0.556944</vAcc></extensions></trkpt>
      <trkpt lon="114.399737" lat="33.672030"><ele>57.993865</ele><time>2026-02-11T23:53:38Z</time><extensions><speed>2.500455</speed><course>96.850904</course><hAcc>1.380968</hAcc><vAcc>0.556944</vAcc></extensions></trkpt>
      <trkpt lon="114.399763" lat="33.672028"><ele>57.983047</ele><time>2026-02-11T23:53:39Z</time><extensions><speed>2.436136</speed><course>93.129172</course><hAcc>1.388669</hAcc><vAcc>0.556944</vAcc></extensions></trkpt>
      <trkpt lon="114.399790" lat="33.672028"><ele>57.971680</ele><time>2026-02-11T23:53:40Z</time><extensions><speed>2.483039</speed><course>90.629797</course><hAcc>1.394020</hAcc><vAcc>0.556944</vAcc></extensions></trkpt>
      <trkpt lon="114.399816" lat="33.672028"><ele>57.959905</ele><time>2026-02-11T23:53:41Z</time><extensions><speed>2.394739</speed><course>89.759851</course><hAcc>1.397773</hAcc><vAcc>0.556944</vAcc></extensions></trkpt>
      <trkpt lon="114.399841" lat="33.672027"><ele>57.947806</ele><time>2026-02-11T23:53:42Z</time><extensions><speed>2.314313</speed><course>91.123693</course><hAcc>1.397198</hAcc><vAcc>0.556944</vAcc></extensions></trkpt>
      <trkpt lon="114.399866" lat="33.672026"><ele>57.935397</ele><time>2026-02-11T23:53:43Z</time><extensions><speed>2.329347</speed><course>95.132276</course><hAcc>1.400732</hAcc><vAcc>0.556944</vAcc></extensions></trkpt>
      <trkpt lon="114.399891" lat="33.672024"><ele>57.922681</ele><time>2026-02-11T23:53:44Z</time><extensions><speed>2.328329</speed><course>97.727955</course><hAcc>1.405586</hAcc><vAcc>0.556944</vAcc></extensions></trkpt>
      <trkpt lon="114.399916" lat="33.672021"><ele>57.909713</ele><time>2026-02-11T23:53:45Z</time><extensions><speed>2.345561</speed><course>98.033418</course><hAcc>1.409279</hAcc><vAcc>0.556944</vAcc></extensions></trkpt>
      <trkpt lon="114.399941" lat="33.672018"><ele>57.896732</ele><time>2026-02-11T23:53:46Z</time><extensions><speed>2.273588</speed><course>97.783568</course><hAcc>1.411489</hAcc><vAcc>0.556944</vAcc></extensions></trkpt>
      <trkpt lon="114.399965" lat="33.672016"><ele>57.884030</ele><time>2026-02-11T23:53:47Z</time><extensions><speed>2.268051</speed><course>95.894374</course><hAcc>1.418044</hAcc><vAcc>0.556944</vAcc></extensions></trkpt>
      <trkpt lon="114.399990" lat="33.672014"><ele>57.872058</ele><time>2026-02-11T23:53:48Z</time><extensions><speed>2.436547</speed><course>95.924365</course><hAcc>1.420406</hAcc><vAcc>0.556944</vAcc></extensions></trkpt>
      <trkpt lon="114.400016" lat="33.672011"><ele>57.861366</ele><time>2026-02-11T23:53:49Z</time><extensions><speed>2.395058</speed><course>96.247891</course><hAcc>1.416939</hAcc><vAcc>0.556944</vAcc></extensions></trkpt>
      <trkpt lon="114.400041" lat="33.672008"><ele>57.852458</ele><time>2026-02-11T23:53:50Z</time><extensions><speed>2.270894</speed><course>99.852716</course><hAcc>1.415738</hAcc><vAcc>0.556944</vAcc></extensions></trkpt>
      <trkpt lon="114.400065" lat="33.672004"><ele>57.845527</ele><time>2026-02-11T23:53:51Z</time><extensions><speed>2.359435</speed><course>105.222588</course><hAcc>1.415659</hAcc><vAcc>0.556944</vAcc></extensions></trkpt>
      <trkpt lon="114.400090" lat="33.671998"><ele>57.840706</ele><time>2026-02-11T23:53:52Z</time><extensions><speed>2.359524</speed><course>107.135702</course><hAcc>1.414254</hAcc><vAcc>0.556944</vAcc></extensions></trkpt>
      <trkpt lon="114.400114" lat="33.671992"><ele>57.838063</ele><time>2026-02-11T23:53:53Z</time><extensions><speed>2.338222</speed><course>107.393253</course><hAcc>1.407986</hAcc><vAcc>0.556944</vAcc></extensions></trkpt>
      <trkpt lon="114.400138" lat="33.671986"><ele>57.837599</ele><time>2026-02-11T23:53:54Z</time><extensions><speed>2.341644</speed><course>106.747140</course><hAcc>1.407432</hAcc><vAcc>0.556944</vAcc></extensions></trkpt>
      <trkpt lon="114.400162" lat="33.671980"><ele>57.839269</ele><time>2026-02-11T23:53:55Z</time><extensions><speed>2.250781</speed><course>106.107934</course><hAcc>1.411787</hAcc><vAcc>0.556944</vAcc></extensions></trkpt>
      <trkpt lon="114.400185" lat="33.671974"><ele>57.842688</ele><time>2026-02-11T23:53:56Z</time><extensions><speed>2.272071</speed><course>106.316486</course><hAcc>1.416101</hAcc><vAcc>0.556944</vAcc></extensions></trkpt>
      <trkpt lon="114.400209" lat="33.671968"><ele>57.847366</ele><time>2026-02-11T23:53:57Z</time><extensions><speed>2.406581</speed><course>107.048644</course><hAcc>1.413964</hAcc><vAcc>0.556944</vAcc></extensions></trkpt>
      <trkpt lon="114.400234" lat="33.671961"><ele>57.852779</ele><time>2026-02-11T23:53:58Z</time><extensions><speed>2.373652</speed><course>108.689853</course><hAcc>1.421483</hAcc><vAcc>0.556943</vAcc></extensions></trkpt>
      <trkpt lon="114.400258" lat="33.671954"><ele>57.858428</ele><time>2026-02-11T23:53:59Z</time><extensions><speed>2.366079</speed><course>111.715112</course><hAcc>1.427260</hAcc><vAcc>0.556943</vAcc></extensions></trkpt>
      <trkpt lon="114.400282" lat="33.671945"><ele>57.863767</ele><time>2026-02-11T23:54:00Z</time><extensions><speed>2.506700</speed><course>117.009007</course><hAcc>1.431502</hAcc><vAcc>0.556943</vAcc></extensions></trkpt>
      <trkpt lon="114.400305" lat="33.671935"><ele>57.868230</ele><time>2026-02-11T23:54:01Z</time><extensions><speed>2.425290</speed><course>118.270002</course><hAcc>1.439467</hAcc><vAcc>0.556943</vAcc></extensions></trkpt>
      <trkpt lon="114.400328" lat="33.671925"><ele>57.871317</ele><time>2026-02-11T23:54:02Z</time><extensions><speed>2.406811</speed><course>117.351685</course><hAcc>1.439977</hAcc><vAcc>0.556943</vAcc></extensions></trkpt>
      <trkpt lon="114.400352" lat="33.671915"><ele>57.872696</ele><time>2026-02-11T23:54:03Z</time><extensions><speed>2.537305</speed><course>115.881001</course><hAcc>1.439782</hAcc><vAcc>0.556943</vAcc></extensions></trkpt>
      <trkpt lon="114.400376" lat="33.671905"><ele>57.872363</ele><time>2026-02-11T23:54:04Z</time><extensions><speed>2.483024</speed><course>113.877122</course><hAcc>1.437631</hAcc><vAcc>0.556943</vAcc></extensions></trkpt>
      <trkpt lon="114.400401" lat="33.671896"><ele>57.870416</ele><time>2026-02-11T23:54:05Z</time><extensions><speed>2.460329</speed><course>113.346917</course><hAcc>1.433370</hAcc><vAcc>0.556943</vAcc></extensions></trkpt>
      <trkpt lon="114.400424" lat="33.671888"><ele>57.866952</ele><time>2026-02-11T23:54:06Z</time><extensions><speed>2.356665</speed><course>113.992846</course><hAcc>1.431372</hAcc><vAcc>0.556943</vAcc></extensions></trkpt>
      <trkpt lon="114.400447" lat="33.671879"><ele>57.862145</ele><time>2026-02-11T23:54:07Z</time><extensions><speed>2.304944</speed><course>115.121016</course><hAcc>1.431633</hAcc><vAcc>0.556943</vAcc></extensions></trkpt>
      <trkpt lon="114.400470" lat="33.671870"><ele>57.856218</ele><time>2026-02-11T23:54:08Z</time><extensions><speed>2.406236</speed><course>114.761737</course><hAcc>1.432399</hAcc><vAcc>0.556943</vAcc></extensions></trkpt>
      <trkpt lon="114.400494" lat="33.671861"><ele>57.849137</ele><time>2026-02-11T23:54:09Z</time><extensions><speed>2.408239</speed><course>116.647957</course><hAcc>1.429486</hAcc><vAcc>0.556943</vAcc></extensions></trkpt>
      <trkpt lon="114.400517" lat="33.671852"><ele>57.840878</ele><time>2026-02-11T23:54:10Z</time><extensions><speed>2.320615</speed><course>113.226984</course><hAcc>1.424012</hAcc><vAcc>0.556943</vAcc></extensions></trkpt>
      <trkpt lon="114.400540" lat="33.671844"><ele>57.831373</ele><time>2026-02-11T23:54:11Z</time><extensions><speed>2.414282</speed><course>111.667556</course><hAcc>1.419297</hAcc><vAcc>0.556943</vAcc></extensions></trkpt>
      <trkpt lon="114.400565" lat="33.671836"><ele>57.820503</ele><time>2026-02-11T23:54:12Z</time><extensions><speed>2.442614</speed><course>110.368136</course><hAcc>1.421555</hAcc><vAcc>0.556943</vAcc></extensions></trkpt>
      <trkpt lon="114.400590" lat="33.671828"><ele>57.808090</ele><time>2026-02-11T23:54:13Z</time><extensions><speed>2.485757</speed><course>109.449144</course><hAcc>1.410293</hAcc><vAcc>0.556943</vAcc></extensions></trkpt>
      <trkpt lon="114.400615" lat="33.671821"><ele>57.794122</ele><time>2026-02-11T23:54:14Z</time><extensions><speed>2.519257</speed><course>108.827529</course><hAcc>1.402817</hAcc><vAcc>0.556943</vAcc></extensions></trkpt>
      <trkpt lon="114.400640" lat="33.671813"><ele>57.778499</ele><time>2026-02-11T23:54:15Z</time><extensions><speed>2.370526</speed><course>111.200276</course><hAcc>1.401209</hAcc><vAcc>0.556943</vAcc></extensions></trkpt>
      <trkpt lon="114.400663" lat="33.671805"><ele>57.761183</ele><time>2026-02-11T23:54:16Z</time><extensions><speed>2.268957</speed><course>113.839430</course><hAcc>1.391546</hAcc><vAcc>0.556943</vAcc></extensions></trkpt>
      <trkpt lon="114.400685" lat="33.671796"><ele>57.742259</ele><time>2026-02-11T23:54:17Z</time><extensions><speed>2.341124</speed><course>116.933933</course><hAcc>1.381504</hAcc><vAcc>0.556943</vAcc></extensions></trkpt>
      <trkpt lon="114.400708" lat="33.671787"><ele>57.721904</ele><time>2026-02-11T23:54:18Z</time><extensions><speed>2.362823</speed><course>117.484554</course><hAcc>1.378151</hAcc><vAcc>0.556943</vAcc></extensions></trkpt>
      <trkpt lon="114.400731" lat="33.671777"><ele>57.700605</ele><time>2026-02-11T23:54:19Z</time><extensions><speed>2.408157</speed><course>116.008708</course><hAcc>1.375525</hAcc><vAcc>0.556943</vAcc></extensions></trkpt>
      <trkpt lon="114.400755" lat="33.671767"><ele>57.678992</ele><time>2026-02-11T23:54:20Z</time><extensions><speed>2.568159</speed><course>116.197154</course><hAcc>1.364693</hAcc><vAcc>0.556943</vAcc></extensions></trkpt>
      <trkpt lon="114.400779" lat="33.671757"><ele>57.657834</ele><time>2026-02-11T23:54:21Z</time><extensions><speed>2.503223</speed><course>115.934120</course><hAcc>1.359107</hAcc><vAcc>0.556943</vAcc></extensions></trkpt>
      <trkpt lon="114.400803" lat="33.671748"><ele>57.638023</ele><time>2026-02-11T23:54:22Z</time><extensions><speed>2.473059</speed><course>115.018305</course><hAcc>1.353502</hAcc><vAcc>0.556943</vAcc></extensions></trkpt>
      <trkpt lon="114.400827" lat="33.671738"><ele>57.620429</ele><time>2026-02-11T23:54:23Z</time><extensions><speed>2.402312</speed><course>115.505340</course><hAcc>1.347201</hAcc><vAcc>0.556943</vAcc></extensions></trkpt>
      <trkpt lon="114.400850" lat="33.671729"><ele>57.605673</ele><time>2026-02-11T23:54:24Z</time><extensions><speed>2.312092</speed><course>114.453390</course><hAcc>1.347901</hAcc><vAcc>0.556943</vAcc></extensions></trkpt>
      <trkpt lon="114.400873" lat="33.671721"><ele>57.594224</ele><time>2026-02-11T23:54:25Z</time><extensions><speed>2.379645</speed><course>112.711466</course><hAcc>1.351032</hAcc><vAcc>0.556943</vAcc></extensions></trkpt>
      <trkpt lon="114.400897" lat="33.671713"><ele>57.586454</ele><time>2026-02-11T23:54:26Z</time><extensions><speed>2.390001</speed><course>110.629194</course><hAcc>1.359156</hAcc><vAcc>0.556943</vAcc></extensions></trkpt>
      <trkpt lon="114.400921" lat="33.671706"><ele>57.582703</ele><time>2026-02-11T23:54:27Z</time><extensions><speed>2.336132</speed><course>109.513874</course><hAcc>1.367974</hAcc><vAcc>0.556943</vAcc></extensions></trkpt>
      <trkpt lon="114.400945" lat="33.671698"><ele>57.583138</ele><time>2026-02-11T23:54:28Z</time><extensions><speed>2.379410</speed><course>112.086958</course><hAcc>1.376496</hAcc><vAcc>0.556943</vAcc></extensions></trkpt>
      <trkpt lon="114.400968" lat="33.671689"><ele>57.587358</ele><time>2026-02-11T23:54:29Z</time><extensions><speed>2.380633</speed><course>115.217035</course><hAcc>1.379761</hAcc><vAcc>0.556943</vAcc></extensions></trkpt>
      <trkpt lon="114.400991" lat="33.671680"><ele>57.594688</ele><time>2026-02-11T23:54:30Z</time><extensions><speed>2.292216</speed><course>116.522501</course><hAcc>1.382217</hAcc><vAcc>0.556943</vAcc></extensions></trkpt>
      <trkpt lon="114.401013" lat="33.671671"><ele>57.604275</ele><time>2026-02-11T23:54:31Z</time><extensions><speed>2.367106</speed><course>117.798260</course><hAcc>1.386342</hAcc><vAcc>0.556943</vAcc></extensions></trkpt>
      <trkpt lon="114.401035" lat="33.671661"><ele>57.614896</ele><time>2026-02-11T23:54:32Z</time><extensions><speed>2.384158</speed><course>118.814549</course><hAcc>1.390518</hAcc><vAcc>0.556943</vAcc></extensions></trkpt>
      <trkpt lon="114.401058" lat="33.671650"><ele>57.625300</ele><time>2026-02-11T23:54:33Z</time><extensions><speed>2.317386</speed><course>118.558659</course><hAcc>1.388962</hAcc><vAcc>0.556943</vAcc></extensions></trkpt>
      <trkpt lon="114.401080" lat="33.671641"><ele>57.634618</ele><time>2026-02-11T23:54:34Z</time><extensions><speed>2.423046</speed><course>117.402848</course><hAcc>1.385806</hAcc><vAcc>0.556943</vAcc></extensions></trkpt>
      <trkpt lon="114.401103" lat="33.671631"><ele>57.642228</ele><time>2026-02-11T23:54:35Z</time><extensions><speed>2.419251</speed><course>116.313269</course><hAcc>1.382260</hAcc><vAcc>0.556943</vAcc></extensions></trkpt>
      <trkpt lon="114.401127" lat="33.671621"><ele>57.647625</ele><time>2026-02-11T23:54:36Z</time><extensions><speed>2.470080</speed><course>115.616681</course><hAcc>1.379944</hAcc><vAcc>0.556943</vAcc></extensions></trkpt>
      <trkpt lon="114.401151" lat="33.671611"><ele>57.650978</ele><time>2026-02-11T23:54:37Z</time><extensions><speed>2.536999</speed><course>115.263562</course><hAcc>1.380874</hAcc><vAcc>0.556943</vAcc></extensions></trkpt>
      <trkpt lon="114.401175" lat="33.671602"><ele>57.652553</ele><time>2026-02-11T23:54:38Z</time><extensions><speed>2.401045</speed><course>116.135790</course><hAcc>1.385811</hAcc><vAcc>0.556943</vAcc></extensions></trkpt>
      <trkpt lon="114.401198" lat="33.671592"><ele>57.653048</ele><time>2026-02-11T23:54:39Z</time><extensions><speed>2.275803</speed><course>116.114891</course><hAcc>1.388039</hAcc><vAcc>0.556943</vAcc></extensions></trkpt>
      <trkpt lon="114.401220" lat="33.671583"><ele>57.653606</ele><time>2026-02-11T23:54:40Z</time><extensions><speed>2.299192</speed><course>117.192923</course><hAcc>1.386142</hAcc><vAcc>0.556943</vAcc></extensions></trkpt>
      <trkpt lon="114.401242" lat="33.671574"><ele>57.655617</ele><time>2026-02-11T23:54:41Z</time><extensions><speed>2.223498</speed><course>118.177381</course><hAcc>1.380555</hAcc><vAcc>0.556942</vAcc></extensions></trkpt>
      <trkpt lon="114.401263" lat="33.671564"><ele>57.660303</ele><time>2026-02-11T23:54:42Z</time><extensions><speed>2.291068</speed><course>118.698726</course><hAcc>1.375235</hAcc><vAcc>0.556941</vAcc></extensions></trkpt>
      <trkpt lon="114.401285" lat="33.671554"><ele>57.668999</ele><time>2026-02-11T23:54:43Z</time><extensions><speed>2.380520</speed><course>118.776543</course><hAcc>1.369268</hAcc><vAcc>0.556940</vAcc></extensions></trkpt>
      <trkpt lon="114.401307" lat="33.671544"><ele>57.682768</ele><time>2026-02-11T23:54:44Z</time><extensions><speed>2.335162</speed><course>117.745498</course><hAcc>1.364400</hAcc><vAcc>0.556937</vAcc></extensions></trkpt>
      <trkpt lon="114.401330" lat="33.671534"><ele>57.702184</ele><time>2026-02-11T23:54:45Z</time><extensions><speed>2.334844</speed><course>116.703015</course><hAcc>1.356244</hAcc><vAcc>0.556935</vAcc></extensions></trkpt>
      <trkpt lon="114.401352" lat="33.671525"><ele>57.727507</ele><time>2026-02-11T23:54:46Z</time><extensions><speed>2.237834</speed><course>114.727743</course><hAcc>1.358859</hAcc><vAcc>0.556931</vAcc></extensions></trkpt>
      <trkpt lon="114.401373" lat="33.671517"><ele>57.758482</ele><time>2026-02-11T23:54:47Z</time><extensions><speed>2.064193</speed><course>115.145897</course><hAcc>1.356312</hAcc><vAcc>0.556928</vAcc></extensions></trkpt>
      <trkpt lon="114.401394" lat="33.671509"><ele>57.794428</ele><time>2026-02-11T23:54:48Z</time><extensions><speed>2.323604</speed><course>116.175955</course><hAcc>1.346515</hAcc><vAcc>0.556923</vAcc></extensions></trkpt>
      <trkpt lon="114.401418" lat="33.671498"><ele>57.834301</ele><time>2026-02-11T23:54:49Z</time><extensions><speed>2.615768</speed><course>120.721324</course><hAcc>1.347562</hAcc><vAcc>0.556917</vAcc></extensions></trkpt>
      <trkpt lon="114.401442" lat="33.671486"><ele>57.876782</ele><time>2026-02-11T23:54:50Z</time><extensions><speed>2.651761</speed><course>122.198223</course><hAcc>1.346410</hAcc><vAcc>0.556913</vAcc></extensions></trkpt>
      <trkpt lon="114.401465" lat="33.671473"><ele>57.920405</ele><time>2026-02-11T23:54:51Z</time><extensions><speed>2.522780</speed><course>122.597465</course><hAcc>1.350618</hAcc><vAcc>0.556914</vAcc></extensions></trkpt>
      <trkpt lon="114.401487" lat="33.671461"><ele>57.963655</ele><time>2026-02-11T23:54:51Z</time><extensions><speed>2.318369</speed><course>123.288499</course><hAcc>1.362689</hAcc><vAcc>0.556920</vAcc></extensions></trkpt>
      <trkpt lon="114.401508" lat="33.671450"><ele>58.005150</ele><time>2026-02-11T23:54:52Z</time><extensions><speed>2.243896</speed><course>124.279273</course><hAcc>1.368206</hAcc><vAcc>0.556929</vAcc></extensions></trkpt>
      <trkpt lon="114.401528" lat="33.671438"><ele>58.043732</ele><time>2026-02-11T23:54:54Z</time><extensions><speed>2.304382</speed><course>124.148284</course><hAcc>1.367081</hAcc><vAcc>0.556935</vAcc></extensions></trkpt>
      <trkpt lon="114.401549" lat="33.671427"><ele>58.078512</ele><time>2026-02-11T23:54:55Z</time><extensions><speed>2.313416</speed><course>123.449848</course><hAcc>1.369831</hAcc><vAcc>0.556940</vAcc></extensions></trkpt>
      <trkpt lon="114.401570" lat="33.671415"><ele>58.108910</ele><time>2026-02-11T23:54:56Z</time><extensions><speed>2.354351</speed><course>122.222643</course><hAcc>1.371436</hAcc><vAcc>0.556944</vAcc></extensions></trkpt>
      <trkpt lon="114.401592" lat="33.671404"><ele>58.134507</ele><time>2026-02-11T23:54:57Z</time><extensions><speed>2.433804</speed><course>120.219536</course><hAcc>1.369301</hAcc><vAcc>0.556946</vAcc></extensions></trkpt>
      <trkpt lon="114.401615" lat="33.671393"><ele>58.155067</ele><time>2026-02-11T23:54:58Z</time><extensions><speed>2.429929</speed><course>119.165897</course><hAcc>1.365472</hAcc><vAcc>0.556948</vAcc></extensions></trkpt>
      <trkpt lon="114.401638" lat="33.671383"><ele>58.170578</ele><time>2026-02-11T23:54:59Z</time><extensions><speed>2.542101</speed><course>118.174206</course><hAcc>1.361019</hAcc><vAcc>0.556949</vAcc></extensions></trkpt>
      <trkpt lon="114.401663" lat="33.671372"><ele>58.181437</ele><time>2026-02-11T23:55:00Z</time><extensions><speed>2.580903</speed><course>119.137127</course><hAcc>1.356355</hAcc><vAcc>0.556950</vAcc></extensions></trkpt>
      <trkpt lon="114.401687" lat="33.671360"><ele>58.188109</ele><time>2026-02-11T23:55:01Z</time><extensions><speed>2.495821</speed><course>119.171876</course><hAcc>1.354322</hAcc><vAcc>0.556950</vAcc></extensions></trkpt>
      <trkpt lon="114.401710" lat="33.671350"><ele>58.191257</ele><time>2026-02-11T23:55:02Z</time><extensions><speed>2.445623</speed><course>118.688639</course><hAcc>1.348590</hAcc><vAcc>0.556950</vAcc></extensions></trkpt>
      <trkpt lon="114.401733" lat="33.671339"><ele>58.191679</ele><time>2026-02-11T23:55:03Z</time><extensions><speed>2.463891</speed><course>118.005391</course><hAcc>1.345845</hAcc><vAcc>0.556950</vAcc></extensions></trkpt>
      <trkpt lon="114.401756" lat="33.671329"><ele>58.190173</ele><time>2026-02-11T23:55:04Z</time><extensions><speed>2.414704</speed><course>118.423888</course><hAcc>1.342383</hAcc><vAcc>0.556950</vAcc></extensions></trkpt>
      <trkpt lon="114.401779" lat="33.671317"><ele>58.186942</ele><time>2026-02-11T23:55:05Z</time><extensions><speed>2.544593</speed><course>121.861654</course><hAcc>1.338523</hAcc><vAcc>0.556950</vAcc></extensions></trkpt>
      <trkpt lon="114.401802" lat="33.671305"><ele>58.182229</ele><time>2026-02-11T23:55:06Z</time><extensions><speed>2.497839</speed><course>122.324616</course><hAcc>1.335050</hAcc><vAcc>0.556950</vAcc></extensions></trkpt>
      <trkpt lon="114.401825" lat="33.671294"><ele>58.176362</ele><time>2026-02-11T23:55:07Z</time><extensions><speed>2.404288</speed><course>120.592867</course><hAcc>1.331822</hAcc><vAcc>0.556949</vAcc></extensions></trkpt>
      <trkpt lon="114.401847" lat="33.671283"><ele>58.169714</ele><time>2026-02-11T23:55:08Z</time><extensions><speed>2.441711</speed><course>120.373297</course><hAcc>1.332398</hAcc><vAcc>0.556949</vAcc></extensions></trkpt>
      <trkpt lon="114.401870" lat="33.671272"><ele>58.162578</ele><time>2026-02-11T23:55:09Z</time><extensions><speed>2.418815</speed><course>120.827622</course><hAcc>1.328365</hAcc><vAcc>0.556949</vAcc></extensions></trkpt>
      <trkpt lon="114.401892" lat="33.671260"><ele>58.155376</ele><time>2026-02-11T23:55:10Z</time><extensions><speed>2.413429</speed><course>121.473507</course><hAcc>1.329376</hAcc><vAcc>0.556948</vAcc></extensions></trkpt>
      <trkpt lon="114.401915" lat="33.671249"><ele>58.148374</ele><time>2026-02-11T23:55:11Z</time><extensions><speed>2.537940</speed><course>122.311182</course><hAcc>1.326642</hAcc><vAcc>0.556948</vAcc></extensions></trkpt>
      <trkpt lon="114.401938" lat="33.671236"><ele>58.141738</ele><time>2026-02-11T23:55:12Z</time><extensions><speed>2.517536</speed><course>123.529380</course><hAcc>1.325879</hAcc><vAcc>0.556948</vAcc></extensions></trkpt>
      <trkpt lon="114.401960" lat="33.671224"><ele>58.135605</ele><time>2026-02-11T23:55:13Z</time><extensions><speed>2.508432</speed><course>123.982521</course><hAcc>1.323371</hAcc><vAcc>0.556947</vAcc></extensions></trkpt>
      <trkpt lon="114.401983" lat="33.671211"><ele>58.130091</ele><time>2026-02-11T23:55:14Z</time><extensions><speed>2.467218</speed><course>123.153625</course><hAcc>1.321042</hAcc><vAcc>0.556947</vAcc></extensions></trkpt>
      <trkpt lon="114.402004" lat="33.671200"><ele>58.125080</ele><time>2026-02-11T23:55:15Z</time><extensions><speed>2.260856</speed><course>120.861074</course><hAcc>1.319054</hAcc><vAcc>0.556947</vAcc></extensions></trkpt>
      <trkpt lon="114.402025" lat="33.671189"><ele>58.120550</ele><time>2026-02-11T23:55:16Z</time><extensions><speed>2.246609</speed><course>121.466830</course><hAcc>1.317554</hAcc><vAcc>0.556947</vAcc></extensions></trkpt>
      <trkpt lon="114.402047" lat="33.671179"><ele>58.116520</ele><time>2026-02-11T23:55:17Z</time><extensions><speed>2.354615</speed><course>120.438429</course><hAcc>1.320263</hAcc><vAcc>0.556947</vAcc></extensions></trkpt>
      <trkpt lon="114.402069" lat="33.671168"><ele>58.112898</ele><time>2026-02-11T23:55:18Z</time><extensions><speed>2.367135</speed><course>118.430849</course><hAcc>1.318700</hAcc><vAcc>0.556946</vAcc></extensions></trkpt>
      <trkpt lon="114.402092" lat="33.671158"><ele>58.109545</ele><time>2026-02-11T23:55:19Z</time><extensions><speed>2.530823</speed><course>119.716623</course><hAcc>1.320469</hAcc><vAcc>0.556946</vAcc></extensions></trkpt>
      <trkpt lon="114.402116" lat="33.671145"><ele>58.106162</ele><time>2026-02-11T23:55:20Z</time><extensions><speed>2.701580</speed><course>122.635980</course><hAcc>1.328630</hAcc><vAcc>0.556946</vAcc></extensions></trkpt>
      <trkpt lon="114.402140" lat="33.671132"><ele>58.102315</ele><time>2026-02-11T23:55:21Z</time><extensions><speed>2.675523</speed><course>125.236377</course><hAcc>1.333541</hAcc><vAcc>0.556946</vAcc></extensions></trkpt>
      <trkpt lon="114.402163" lat="33.671118"><ele>58.097468</ele><time>2026-02-11T23:55:22Z</time><extensions><speed>2.653421</speed><course>125.430245</course><hAcc>1.333919</hAcc><vAcc>0.556946</vAcc></extensions></trkpt>
      <trkpt lon="114.402186" lat="33.671104"><ele>58.091018</ele><time>2026-02-11T23:55:23Z</time><extensions><speed>2.493281</speed><course>126.917591</course><hAcc>1.339580</hAcc><vAcc>0.556946</vAcc></extensions></trkpt>
      <trkpt lon="114.402207" lat="33.671091"><ele>58.082362</ele><time>2026-02-11T23:55:24Z</time><extensions><speed>2.499965</speed><course>128.554731</course><hAcc>1.338553</hAcc><vAcc>0.556945</vAcc></extensions></trkpt>
      <trkpt lon="114.402229" lat="33.671076"><ele>58.071135</ele><time>2026-02-11T23:55:25Z</time><extensions><speed>2.582510</speed><course>127.531191</course><hAcc>1.340226</hAcc><vAcc>0.556945</vAcc></extensions></trkpt>
      <trkpt lon="114.402250" lat="33.671063"><ele>58.057189</ele><time>2026-02-11T23:55:26Z</time><extensions><speed>2.499178</speed><course>125.854249</course><hAcc>1.348183</hAcc><vAcc>0.556945</vAcc></extensions></trkpt>
      <trkpt lon="114.402272" lat="33.671050"><ele>58.040534</ele><time>2026-02-11T23:55:27Z</time><extensions><speed>2.463826</speed><course>125.313512</course><hAcc>1.348397</hAcc><vAcc>0.556945</vAcc></extensions></trkpt>
      <trkpt lon="114.402294" lat="33.671037"><ele>58.021420</ele><time>2026-02-11T23:55:28Z</time><extensions><speed>2.423815</speed><course>125.468948</course><hAcc>1.343453</hAcc><vAcc>0.556945</vAcc></extensions></trkpt>
      <trkpt lon="114.402314" lat="33.671025"><ele>58.000233</ele><time>2026-02-11T23:55:29Z</time><extensions><speed>2.292874</speed><course>125.256436</course><hAcc>1.339401</hAcc><vAcc>0.556945</vAcc></extensions></trkpt>
      <trkpt lon="114.402335" lat="33.671012"><ele>57.977592</ele><time>2026-02-11T23:55:30Z</time><extensions><speed>2.425353</speed><course>124.935365</course><hAcc>1.339361</hAcc><vAcc>0.556945</vAcc></extensions></trkpt>
      <trkpt lon="114.402357" lat="33.671000"><ele>57.954285</ele><time>2026-02-11T23:55:31Z</time><extensions><speed>2.510913</speed><course>124.917293</course><hAcc>1.344623</hAcc><vAcc>0.556945</vAcc></extensions></trkpt>
      <trkpt lon="114.402379" lat="33.670987"><ele>57.931137</ele><time>2026-02-11T23:55:32Z</time><extensions><speed>2.432746</speed><course>124.691704</course><hAcc>1.344616</hAcc><vAcc>0.556945</vAcc></extensions></trkpt>
      <trkpt lon="114.402400" lat="33.670975"><ele>57.908667</ele><time>2026-02-11T23:55:33Z</time><extensions><speed>2.428955</speed><course>124.230217</course><hAcc>1.337867</hAcc><vAcc>0.556944</vAcc></extensions></trkpt>
      <trkpt lon="114.402422" lat="33.670963"><ele>57.887369</ele><time>2026-02-11T23:55:34Z</time><extensions><speed>2.352446</speed><course>124.002403</course><hAcc>1.334154</hAcc><vAcc>0.556944</vAcc></extensions></trkpt>
      <trkpt lon="114.402443" lat="33.670951"><ele>57.867725</ele><time>2026-02-11T23:55:35Z</time><extensions><speed>2.303194</speed><course>121.939793</course><hAcc>1.330456</hAcc><vAcc>0.556944</vAcc></extensions></trkpt>
      <trkpt lon="114.402464" lat="33.670940"><ele>57.850173</ele><time>2026-02-11T23:55:36Z</time><extensions><speed>2.353683</speed><course>121.258005</course><hAcc>1.321299</hAcc><vAcc>0.556944</vAcc></extensions></trkpt>
      <trkpt lon="114.402486" lat="33.670929"><ele>57.834996</ele><time>2026-02-11T23:55:37Z</time><extensions><speed>2.378057</speed><course>122.415225</course><hAcc>1.312086</hAcc><vAcc>0.556944</vAcc></extensions></trkpt>
      <trkpt lon="114.402507" lat="33.670918"><ele>57.822553</ele><time>2026-02-11T23:55:38Z</time><extensions><speed>2.355194</speed><course>121.984165</course><hAcc>1.310771</hAcc><vAcc>0.556944</vAcc></extensions></trkpt>
      <trkpt lon="114.402529" lat="33.670906"><ele>57.813077</ele><time>2026-02-11T23:55:39Z</time><extensions><speed>2.367047</speed><course>122.247918</course><hAcc>1.305202</hAcc><vAcc>0.556944</vAcc></extensions></trkpt>
      <trkpt lon="114.402550" lat="33.670895"><ele>57.806671</ele><time>2026-02-11T23:55:40Z</time><extensions><speed>2.291851</speed><course>122.982364</course><hAcc>1.305326</hAcc><vAcc>0.556944</vAcc></extensions></trkpt>
      <trkpt lon="114.402571" lat="33.670884"><ele>57.803314</ele><time>2026-02-11T23:55:41Z</time><extensions><speed>2.233457</speed><course>122.679351</course><hAcc>1.306867</hAcc><vAcc>0.556944</vAcc></extensions></trkpt>
      <trkpt lon="114.402591" lat="33.670873"><ele>57.802941</ele><time>2026-02-11T23:55:42Z</time><extensions><speed>2.293280</speed><course>122.229558</course><hAcc>1.308938</hAcc><vAcc>0.556944</vAcc></extensions></trkpt>
      <trkpt lon="114.402612" lat="33.670862"><ele>57.805059</ele><time>2026-02-11T23:55:43Z</time><extensions><speed>2.302100</speed><course>121.805093</course><hAcc>1.308800</hAcc><vAcc>0.556944</vAcc></extensions></trkpt>
      <trkpt lon="114.402634" lat="33.670851"><ele>57.809139</ele><time>2026-02-11T23:55:44Z</time><extensions><speed>2.364767</speed><course>120.215272</course><hAcc>1.309072</hAcc><vAcc>0.556944</vAcc></extensions></trkpt>
      <trkpt lon="114.402656" lat="33.670841"><ele>57.814690</ele><time>2026-02-11T23:55:45Z</time><extensions><speed>2.374064</speed><course>118.771609</course><hAcc>1.304609</hAcc><vAcc>0.556944</vAcc></extensions></trkpt>
      <trkpt lon="114.402678" lat="33.670831"><ele>57.821239</ele><time>2026-02-11T23:55:46Z</time><extensions><speed>2.274396</speed><course>116.992941</course><hAcc>1.299687</hAcc><vAcc>0.556944</vAcc></extensions></trkpt>
      <trkpt lon="114.402700" lat="33.670821"><ele>57.828257</ele><time>2026-02-11T23:55:47Z</time><extensions><speed>2.343728</speed><course>117.089202</course><hAcc>1.292246</hAcc><vAcc>0.556944</vAcc></extensions></trkpt>
      <trkpt lon="114.402723" lat="33.670811"><ele>57.835301</ele><time>2026-02-11T23:55:48Z</time><extensions><speed>2.439785</speed><course>118.857480</course><hAcc>1.283603</hAcc><vAcc>0.556944</vAcc></extensions></trkpt>
      <trkpt lon="114.402745" lat="33.670800"><ele>57.841928</ele><time>2026-02-11T23:55:49Z</time><extensions><speed>2.374575</speed><course>121.825652</course><hAcc>1.273615</hAcc><vAcc>0.556944</vAcc></extensions></trkpt>
      <trkpt lon="114.402767" lat="33.670789"><ele>57.847662</ele><time>2026-02-11T23:55:50Z</time><extensions><speed>2.381245</speed><course>124.149939</course><hAcc>1.266357</hAcc><vAcc>0.556944</vAcc></extensions></trkpt>
      <trkpt lon="114.402788" lat="33.670777"><ele>57.852015</ele><time>2026-02-11T23:55:51Z</time><extensions><speed>2.334347</speed><course>123.732374</course><hAcc>1.268151</hAcc><vAcc>0.556944</vAcc></extensions></trkpt>
      <trkpt lon="114.402809" lat="33.670765"><ele>57.854609</ele><time>2026-02-11T23:55:52Z</time><extensions><speed>2.397880</speed><course>122.417192</course><hAcc>1.263987</hAcc><vAcc>0.556944</vAcc></extensions></trkpt>
      <trkpt lon="114.402832" lat="33.670753"><ele>57.855393</ele><time>2026-02-11T23:55:53Z</time><extensions><speed>2.583349</speed><course>121.701819</course><hAcc>1.261922</hAcc><vAcc>0.556944</vAcc></extensions></trkpt>
      <trkpt lon="114.402856" lat="33.670741"><ele>57.854602</ele><time>2026-02-11T23:55:54Z</time><extensions><speed>2.554669</speed><course>122.213005</course><hAcc>1.266723</hAcc><vAcc>0.556944</vAcc></extensions></trkpt>
      <trkpt lon="114.402879" lat="33.670729"><ele>57.852625</ele><time>2026-02-11T23:55:55Z</time><extensions><speed>2.522666</speed><course>123.087573</course><hAcc>1.267292</hAcc><vAcc>0.556944</vAcc></extensions></trkpt>
      <trkpt lon="114.402902" lat="33.670716"><ele>57.849719</ele><time>2026-02-11T23:55:56Z</time><extensions><speed>2.556314</speed><course>123.629377</course><hAcc>1.263580</hAcc><vAcc>0.556944</vAcc></extensions></trkpt>
      <trkpt lon="114.402924" lat="33.670704"><ele>57.846194</ele><time>2026-02-11T23:55:57Z</time><extensions><speed>2.386828</speed><course>123.244176</course><hAcc>1.265458</hAcc><vAcc>0.556944</vAcc></extensions></trkpt>
      <trkpt lon="114.402945" lat="33.670693"><ele>57.842322</ele><time>2026-02-11T23:55:58Z</time><extensions><speed>2.263765</speed><course>120.854780</course><hAcc>1.271277</hAcc><vAcc>0.556944</vAcc></extensions></trkpt>
      <trkpt lon="114.402966" lat="33.670682"><ele>57.838299</ele><time>2026-02-11T23:55:59Z</time><extensions><speed>2.317766</speed><course>121.848950</course><hAcc>1.272229</hAcc><vAcc>0.556944</vAcc></extensions></trkpt>
      <trkpt lon="114.402987" lat="33.670671"><ele>57.834249</ele><time>2026-02-11T23:56:00Z</time><extensions><speed>2.338179</speed><course>122.896022</course><hAcc>1.267957</hAcc><vAcc>0.556944</vAcc></extensions></trkpt>
      <trkpt lon="114.403009" lat="33.670659"><ele>57.830334</ele><time>2026-02-11T23:56:01Z</time><extensions><speed>2.357883</speed><course>122.974809</course><hAcc>1.262480</hAcc><vAcc>0.556944</vAcc></extensions></trkpt>
      <trkpt lon="114.403030" lat="33.670648"><ele>57.826652</ele><time>2026-02-11T23:56:02Z</time><extensions><speed>2.405717</speed><course>123.392031</course><hAcc>1.258159</hAcc><vAcc>0.556944</vAcc></extensions></trkpt>
      <trkpt lon="114.403051" lat="33.670636"><ele>57.823288</ele><time>2026-02-11T23:56:03Z</time><extensions><speed>2.384337</speed><course>123.940873</course><hAcc>1.256384</hAcc><vAcc>0.556944</vAcc></extensions></trkpt>
      <trkpt lon="114.403073" lat="33.670623"><ele>57.820342</ele><time>2026-02-11T23:56:04Z</time><extensions><speed>2.464144</speed><course>123.832110</course><hAcc>1.246876</hAcc><vAcc>0.556944</vAcc></extensions></trkpt>
      <trkpt lon="114.403095" lat="33.670611"><ele>57.817864</ele><time>2026-02-11T23:56:05Z</time><extensions><speed>2.485859</speed><course>124.390511</course><hAcc>1.238668</hAcc><vAcc>0.556944</vAcc></extensions></trkpt>
      <trkpt lon="114.403116" lat="33.670599"><ele>57.815756</ele><time>2026-02-11T23:56:06Z</time><extensions><speed>2.257624</speed><course>123.765420</course><hAcc>1.228747</hAcc><vAcc>0.556944</vAcc></extensions></trkpt>
      <trkpt lon="114.403136" lat="33.670588"><ele>57.813957</ele><time>2026-02-11T23:56:07Z</time><extensions><speed>2.171714</speed><course>122.473496</course><hAcc>1.226599</hAcc><vAcc>0.556944</vAcc></extensions></trkpt>
      <trkpt lon="114.403156" lat="33.670578"><ele>57.812428</ele><time>2026-02-11T23:56:08Z</time><extensions><speed>2.056008</speed><course>120.559088</course><hAcc>1.226134</hAcc><vAcc>0.556943</vAcc></extensions></trkpt>
      <trkpt lon="114.403175" lat="33.670569"><ele>57.811120</ele><time>2026-02-11T23:56:09Z</time><extensions><speed>2.168348</speed><course>119.806476</course><hAcc>1.209276</hAcc><vAcc>0.556943</vAcc></extensions></trkpt>
      <trkpt lon="114.403196" lat="33.670559"><ele>57.809992</ele><time>2026-02-11T23:56:10Z</time><extensions><speed>2.260241</speed><course>120.038963</course><hAcc>1.206304</hAcc><vAcc>0.556943</vAcc></extensions></trkpt>
      <trkpt lon="114.403217" lat="33.670548"><ele>57.809174</ele><time>2026-02-11T23:56:11Z</time><extensions><speed>2.217967</speed><course>120.684421</course><hAcc>1.213763</hAcc><vAcc>0.556943</vAcc></extensions></trkpt>
      <trkpt lon="114.403237" lat="33.670538"><ele>57.808801</ele><time>2026-02-11T23:56:12Z</time><extensions><speed>2.206939</speed><course>122.092319</course><hAcc>1.213670</hAcc><vAcc>0.556943</vAcc></extensions></trkpt>
      <trkpt lon="114.403258" lat="33.670527"><ele>57.808952</ele><time>2026-02-11T23:56:13Z</time><extensions><speed>2.276675</speed><course>123.785537</course><hAcc>1.217619</hAcc><vAcc>0.556943</vAcc></extensions></trkpt>
      <trkpt lon="114.403278" lat="33.670516"><ele>57.809634</ele><time>2026-02-11T23:56:14Z</time><extensions><speed>2.238669</speed><course>124.110902</course><hAcc>1.223808</hAcc><vAcc>0.556943</vAcc></extensions></trkpt>
      <trkpt lon="114.403298" lat="33.670504"><ele>57.810838</ele><time>2026-02-11T23:56:15Z</time><extensions><speed>2.238635</speed><course>123.368033</course><hAcc>1.224078</hAcc><vAcc>0.556943</vAcc></extensions></trkpt>
      <trkpt lon="114.403319" lat="33.670493"><ele>57.812701</ele><time>2026-02-11T23:56:16Z</time><extensions><speed>2.340597</speed><course>123.421982</course><hAcc>1.224398</hAcc><vAcc>0.556943</vAcc></extensions></trkpt>
      <trkpt lon="114.403340" lat="33.670481"><ele>57.815457</ele><time>2026-02-11T23:56:17Z</time><extensions><speed>2.378312</speed><course>124.166061</course><hAcc>1.222410</hAcc><vAcc>0.556943</vAcc></extensions></trkpt>
      <trkpt lon="114.403361" lat="33.670469"><ele>57.819340</ele><time>2026-02-11T23:56:18Z</time><extensions><speed>2.396242</speed><course>125.173415</course><hAcc>1.216424</hAcc><vAcc>0.556943</vAcc></extensions></trkpt>
      <trkpt lon="114.403382" lat="33.670456"><ele>57.824321</ele><time>2026-02-11T23:56:19Z</time><extensions><speed>2.452940</speed><course>124.822448</course><hAcc>1.206364</hAcc><vAcc>0.556943</vAcc></extensions></trkpt>
      <trkpt lon="114.403404" lat="33.670444"><ele>57.830391</ele><time>2026-02-11T23:56:20Z</time><extensions><speed>2.434018</speed><course>123.675609</course><hAcc>1.201898</hAcc><vAcc>0.556943</vAcc></extensions></trkpt>
      <trkpt lon="114.403426" lat="33.670432"><ele>57.837563</ele><time>2026-02-11T23:56:21Z</time><extensions><speed>2.447270</speed><course>123.348992</course><hAcc>1.193932</hAcc><vAcc>0.556943</vAcc></extensions></trkpt>
      <trkpt lon="114.403448" lat="33.670420"><ele>57.845822</ele><time>2026-02-11T23:56:22Z</time><extensions><speed>2.453401</speed><course>124.453120</course><hAcc>1.185236</hAcc><vAcc>0.556943</vAcc></extensions></trkpt>
      <trkpt lon="114.403469" lat="33.670407"><ele>57.855077</ele><time>2026-02-11T23:56:23Z</time><extensions><speed>2.388011</speed><course>125.043514</course><hAcc>1.181613</hAcc><vAcc>0.556943</vAcc></extensions></trkpt>
      <trkpt lon="114.403491" lat="33.670395"><ele>57.865128</ele><time>2026-02-11T23:56:24Z</time><extensions><speed>2.395064</speed><course>123.549121</course><hAcc>1.178974</hAcc><vAcc>0.556943</vAcc></extensions></trkpt>
      <trkpt lon="114.403512" lat="33.670383"><ele>57.875739</ele><time>2026-02-11T23:56:25Z</time><extensions><speed>2.332770</speed><course>122.021740</course><hAcc>1.185265</hAcc><vAcc>0.556943</vAcc></extensions></trkpt>
      <trkpt lon="114.403533" lat="33.670372"><ele>57.886672</ele><time>2026-02-11T23:56:26Z</time><extensions><speed>2.271564</speed><course>122.027587</course><hAcc>1.191068</hAcc><vAcc>0.556943</vAcc></extensions></trkpt>
      <trkpt lon="114.403554" lat="33.670361"><ele>57.897707</ele><time>2026-02-11T23:56:27Z</time><extensions><speed>2.381274</speed><course>122.930321</course><hAcc>1.193268</hAcc><vAcc>0.556943</vAcc></extensions></trkpt>
      <trkpt lon="114.403576" lat="33.670350"><ele>57.908628</ele><time>2026-02-11T23:56:28Z</time><extensions><speed>2.359145</speed><course>123.618491</course><hAcc>1.196786</hAcc><vAcc>0.556943</vAcc></extensions></trkpt>
      <trkpt lon="114.403597" lat="33.670338"><ele>57.919261</ele><time>2026-02-11T23:56:29Z</time><extensions><speed>2.278655</speed><course>122.277753</course><hAcc>1.199109</hAcc><vAcc>0.556943</vAcc></extensions></trkpt>
      <trkpt lon="114.403618" lat="33.670327"><ele>57.929519</ele><time>2026-02-11T23:56:30Z</time><extensions><speed>2.285147</speed><course>121.231026</course><hAcc>1.195524</hAcc><vAcc>0.556943</vAcc></extensions></trkpt>
      <trkpt lon="114.403639" lat="33.670317"><ele>57.939394</ele><time>2026-02-11T23:56:31Z</time><extensions><speed>2.272907</speed><course>121.001962</course><hAcc>1.196526</hAcc><vAcc>0.556943</vAcc></extensions></trkpt>
      <trkpt lon="114.403660" lat="33.670306"><ele>57.948937</ele><time>2026-02-11T23:56:32Z</time><extensions><speed>2.274495</speed><course>120.837606</course><hAcc>1.194491</hAcc><vAcc>0.556943</vAcc></extensions></trkpt>
      <trkpt lon="114.403681" lat="33.670295"><ele>57.958218</ele><time>2026-02-11T23:56:33Z</time><extensions><speed>2.422377</speed><course>121.201683</course><hAcc>1.193040</hAcc><vAcc>0.556943</vAcc></extensions></trkpt>
      <trkpt lon="114.403704" lat="33.670284"><ele>57.967178</ele><time>2026-02-11T23:56:34Z</time><extensions><speed>2.434009</speed><course>122.142632</course><hAcc>1.193855</hAcc><vAcc>0.556943</vAcc></extensions></trkpt>
      <trkpt lon="114.403726" lat="33.670272"><ele>57.975748</ele><time>2026-02-11T23:56:35Z</time><extensions><speed>2.445218</speed><course>123.381836</course><hAcc>1.188897</hAcc><vAcc>0.556943</vAcc></extensions></trkpt>
      <trkpt lon="114.403748" lat="33.670259"><ele>57.983801</ele><time>2026-02-11T23:56:36Z</time><extensions><speed>2.521695</speed><course>123.991611</course><hAcc>1.185839</hAcc><vAcc>0.556943</vAcc></extensions></trkpt>
      <trkpt lon="114.403771" lat="33.670247"><ele>57.991057</ele><time>2026-02-11T23:56:37Z</time><extensions><speed>2.511276</speed><course>123.715540</course><hAcc>1.179280</hAcc><vAcc>0.556943</vAcc></extensions></trkpt>
      <trkpt lon="114.403793" lat="33.670234"><ele>57.997219</ele><time>2026-02-11T23:56:38Z</time><extensions><speed>2.473174</speed><course>123.210150</course><hAcc>1.172077</hAcc><vAcc>0.556943</vAcc></extensions></trkpt>
      <trkpt lon="114.403815" lat="33.670222"><ele>58.002096</ele><time>2026-02-11T23:56:39Z</time><extensions><speed>2.454300</speed><course>121.714711</course><hAcc>1.171547</hAcc><vAcc>0.556943</vAcc></extensions></trkpt>
      <trkpt lon="114.403838" lat="33.670210"><ele>58.005523</ele><time>2026-02-11T23:56:40Z</time><extensions><speed>2.552031</speed><course>122.684725</course><hAcc>1.174219</hAcc><vAcc>0.556943</vAcc></extensions></trkpt>
      <trkpt lon="114.403861" lat="33.670197"><ele>58.007330</ele><time>2026-02-11T23:56:41Z</time><extensions><speed>2.651756</speed><course>126.182372</course><hAcc>1.174834</hAcc><vAcc>0.556943</vAcc></extensions></trkpt>
      <trkpt lon="114.403884" lat="33.670183"><ele>58.007329</ele><time>2026-02-11T23:56:42Z</time><extensions><speed>2.608789</speed><course>126.549024</course><hAcc>1.174615</hAcc><vAcc>0.556943</vAcc></extensions></trkpt>
      <trkpt lon="114.403906" lat="33.670170"><ele>58.005367</ele><time>2026-02-11T23:56:43Z</time><extensions><speed>2.353264</speed><course>125.170811</course><hAcc>1.179871</hAcc><vAcc>0.556943</vAcc></extensions></trkpt>
      <trkpt lon="114.403926" lat="33.670158"><ele>58.001407</ele><time>2026-02-11T23:56:44Z</time><extensions><speed>2.296687</speed><course>123.870415</course><hAcc>1.188614</hAcc><vAcc>0.556943</vAcc></extensions></trkpt>
      <trkpt lon="114.403947" lat="33.670146"><ele>57.995527</ele><time>2026-02-11T23:56:45Z</time><extensions><speed>2.355799</speed><course>123.795888</course><hAcc>1.197538</hAcc><vAcc>0.556943</vAcc></extensions></trkpt>
      <trkpt lon="114.403969" lat="33.670135"><ele>57.987886</ele><time>2026-02-11T23:56:46Z</time><extensions><speed>2.340951</speed><course>122.831804</course><hAcc>1.196367</hAcc><vAcc>0.556943</vAcc></extensions></trkpt>
      <trkpt lon="114.403990" lat="33.670123"><ele>57.978536</ele><time>2026-02-11T23:56:47Z</time><extensions><speed>2.446747</speed><course>121.956712</course><hAcc>1.188658</hAcc><vAcc>0.556943</vAcc></extensions></trkpt>
      <trkpt lon="114.404013" lat="33.670112"><ele>57.967604</ele><time>2026-02-11T23:56:48Z</time><extensions><speed>2.487255</speed><course>121.177883</course><hAcc>1.183487</hAcc><vAcc>0.556943</vAcc></extensions></trkpt>
      <trkpt lon="114.404036" lat="33.670100"><ele>57.955470</ele><time>2026-02-11T23:56:49Z</time><extensions><speed>2.423349</speed><course>120.820888</course><hAcc>1.185952</hAcc><vAcc>0.556943</vAcc></extensions></trkpt>
      <trkpt lon="114.404058" lat="33.670089"><ele>57.942708</ele><time>2026-02-11T23:56:50Z</time><extensions><speed>2.467778</speed><course>120.945376</course><hAcc>1.188246</hAcc><vAcc>0.556943</vAcc></extensions></trkpt>
      <trkpt lon="114.404081" lat="33.670077"><ele>57.929842</ele><time>2026-02-11T23:56:51Z</time><extensions><speed>2.478160</speed><course>121.336454</course><hAcc>1.191613</hAcc><vAcc>0.556942</vAcc></extensions></trkpt>
      <trkpt lon="114.404104" lat="33.670066"><ele>57.917239</ele><time>2026-02-11T23:56:52Z</time><extensions><speed>2.529894</speed><course>121.152611</course><hAcc>1.190441</hAcc><vAcc>0.556942</vAcc></extensions></trkpt>
      <trkpt lon="114.404128" lat="33.670053"><ele>57.905242</ele><time>2026-02-11T23:56:53Z</time><extensions><speed>2.642509</speed><course>121.121352</course><hAcc>1.196456</hAcc><vAcc>0.556942</vAcc></extensions></trkpt>
      <trkpt lon="114.404152" lat="33.670042"><ele>57.894150</ele><time>2026-02-11T23:56:54Z</time><extensions><speed>2.489646</speed><course>120.722911</course><hAcc>1.205945</hAcc><vAcc>0.556942</vAcc></extensions></trkpt>
      <trkpt lon="114.404175" lat="33.670030"><ele>57.884223</ele><time>2026-02-11T23:56:55Z</time><extensions><speed>2.445838</speed><course>123.063419</course><hAcc>1.205817</hAcc><vAcc>0.556942</vAcc></extensions></trkpt>
      <trkpt lon="114.404197" lat="33.670017"><ele>57.875687</ele><time>2026-02-11T23:56:56Z</time><extensions><speed>2.596998</speed><course>122.984664</course><hAcc>1.201513</hAcc><vAcc>0.556942</vAcc></extensions></trkpt>
      <trkpt lon="114.404221" lat="33.670004"><ele>57.868963</ele><time>2026-02-11T23:56:57Z</time><extensions><speed>2.669887</speed><course>124.522192</course><hAcc>1.203758</hAcc><vAcc>0.556942</vAcc></extensions></trkpt>
      <trkpt lon="114.404245" lat="33.669990"><ele>57.864463</ele><time>2026-02-11T23:56:58Z</time><extensions><speed>2.751572</speed><course>125.818923</course><hAcc>1.209600</hAcc><vAcc>0.556942</vAcc></extensions></trkpt>
      <trkpt lon="114.404270" lat="33.669976"><ele>57.862464</ele><time>2026-02-11T23:56:59Z</time><extensions><speed>2.828862</speed><course>124.407504</course><hAcc>1.210902</hAcc><vAcc>0.556942</vAcc></extensions></trkpt>
      <trkpt lon="114.404294" lat="33.669962"><ele>57.862998</ele><time>2026-02-11T23:57:00Z</time><extensions><speed>2.667275</speed><course>123.033083</course><hAcc>1.209350</hAcc><vAcc>0.556942</vAcc></extensions></trkpt>
      <trkpt lon="114.404318" lat="33.669949"><ele>57.865990</ele><time>2026-02-11T23:57:01Z</time><extensions><speed>2.562557</speed><course>122.265629</course><hAcc>1.208373</hAcc><vAcc>0.556942</vAcc></extensions></trkpt>
      <trkpt lon="114.404341" lat="33.669937"><ele>57.871256</ele><time>2026-02-11T23:57:02Z</time><extensions><speed>2.485299</speed><course>122.108813</course><hAcc>1.208817</hAcc><vAcc>0.556942</vAcc></extensions></trkpt>
      <trkpt lon="114.404363" lat="33.669925"><ele>57.878570</ele><time>2026-02-11T23:57:03Z</time><extensions><speed>2.429157</speed><course>122.360269</course><hAcc>1.214258</hAcc><vAcc>0.556942</vAcc></extensions></trkpt>
      <trkpt lon="114.404385" lat="33.669913"><ele>57.887662</ele><time>2026-02-11T23:57:04Z</time><extensions><speed>2.456088</speed><course>123.708042</course><hAcc>1.215958</hAcc><vAcc>0.556942</vAcc></extensions></trkpt>
      <trkpt lon="114.404408" lat="33.669901"><ele>57.898149</ele><time>2026-02-11T23:57:05Z</time><extensions><speed>2.573024</speed><course>124.604454</course><hAcc>1.220762</hAcc><vAcc>0.556942</vAcc></extensions></trkpt>
      <trkpt lon="114.404430" lat="33.669887"><ele>57.909628</ele><time>2026-02-11T23:57:06Z</time><extensions><speed>2.513768</speed><course>125.929392</course><hAcc>1.221851</hAcc><vAcc>0.556942</vAcc></extensions></trkpt>
      <trkpt lon="114.404452" lat="33.669874"><ele>57.921709</ele><time>2026-02-11T23:57:07Z</time><extensions><speed>2.428244</speed><course>126.434511</course><hAcc>1.222515</hAcc><vAcc>0.556942</vAcc></extensions></trkpt>
      <trkpt lon="114.404473" lat="33.669861"><ele>57.933985</ele><time>2026-02-11T23:57:08Z</time><extensions><speed>2.448051</speed><course>126.814159</course><hAcc>1.221368</hAcc><vAcc>0.556942</vAcc></extensions></trkpt>
      <trkpt lon="114.404494" lat="33.669848"><ele>57.946042</ele><time>2026-02-11T23:57:09Z</time><extensions><speed>2.416786</speed><course>128.208006</course><hAcc>1.228994</hAcc><vAcc>0.556942</vAcc></extensions></trkpt>
      <trkpt lon="114.404514" lat="33.669834"><ele>57.957514</ele><time>2026-02-11T23:57:10Z</time><extensions><speed>2.465430</speed><course>127.838265</course><hAcc>1.226763</hAcc><vAcc>0.556942</vAcc></extensions></trkpt>
      <trkpt lon="114.404536" lat="33.669821"><ele>57.968110</ele><time>2026-02-11T23:57:11Z</time><extensions><speed>2.494584</speed><course>126.966869</course><hAcc>1.231075</hAcc><vAcc>0.556942</vAcc></extensions></trkpt>
      <trkpt lon="114.404557" lat="33.669808"><ele>57.977588</ele><time>2026-02-11T23:57:12Z</time><extensions><speed>2.398484</speed><course>124.870255</course><hAcc>1.236183</hAcc><vAcc>0.556942</vAcc></extensions></trkpt>
      <trkpt lon="114.404578" lat="33.669795"><ele>57.985771</ele><time>2026-02-11T23:57:13Z</time><extensions><speed>2.396136</speed><course>123.914787</course><hAcc>1.235705</hAcc><vAcc>0.556943</vAcc></extensions></trkpt>
      <trkpt lon="114.404600" lat="33.669783"><ele>57.992568</ele><time>2026-02-11T23:57:14Z</time><extensions><speed>2.494164</speed><course>124.675664</course><hAcc>1.241566</hAcc><vAcc>0.556943</vAcc></extensions></trkpt>
      <trkpt lon="114.404622" lat="33.669770"><ele>57.998125</ele><time>2026-02-11T23:57:15Z</time><extensions><speed>2.464984</speed><course>123.904408</course><hAcc>1.251008</hAcc><vAcc>0.556943</vAcc></extensions></trkpt>
      <trkpt lon="114.404645" lat="33.669758"><ele>58.002640</ele><time>2026-02-11T23:57:16Z</time><extensions><speed>2.609184</speed><course>123.343121</course><hAcc>1.252843</hAcc><vAcc>0.556943</vAcc></extensions></trkpt>
      <trkpt lon="114.404669" lat="33.669745"><ele>58.006234</ele><time>2026-02-11T23:57:17Z</time><extensions><speed>2.695117</speed><course>121.800799</course><hAcc>1.256126</hAcc><vAcc>0.556943</vAcc></extensions></trkpt>
      <trkpt lon="114.404694" lat="33.669733"><ele>58.008906</ele><time>2026-02-11T23:57:18Z</time><extensions><speed>2.609076</speed><course>117.721017</course><hAcc>1.260206</hAcc><vAcc>0.556943</vAcc></extensions></trkpt>
      <trkpt lon="114.404719" lat="33.669722"><ele>58.010666</ele><time>2026-02-11T23:57:19Z</time><extensions><speed>2.548659</speed><course>118.797673</course><hAcc>1.260967</hAcc><vAcc>0.556943</vAcc></extensions></trkpt>
      <trkpt lon="114.404742" lat="33.669710"><ele>58.011855</ele><time>2026-02-11T23:57:20Z</time><extensions><speed>2.512635</speed><course>123.081988</course><hAcc>1.262765</hAcc><vAcc>0.556943</vAcc></extensions></trkpt>
      <trkpt lon="114.404764" lat="33.669697"><ele>58.012818</ele><time>2026-02-11T23:57:21Z</time><extensions><speed>2.486123</speed><course>126.923527</course><hAcc>1.261243</hAcc><vAcc>0.556943</vAcc></extensions></trkpt>
      <trkpt lon="114.404785" lat="33.669684"><ele>58.013701</ele><time>2026-02-11T23:57:22Z</time><extensions><speed>2.467439</speed><course>127.733402</course><hAcc>1.261498</hAcc><vAcc>0.556943</vAcc></extensions></trkpt>
      <trkpt lon="114.404806" lat="33.669671"><ele>58.014336</ele><time>2026-02-11T23:57:23Z</time><extensions><speed>2.282231</speed><course>126.542978</course><hAcc>1.265668</hAcc><vAcc>0.556943</vAcc></extensions></trkpt>
      <trkpt lon="114.404826" lat="33.669659"><ele>58.014558</ele><time>2026-02-11T23:57:24Z</time><extensions><speed>2.281338</speed><course>124.079262</course><hAcc>1.266174</hAcc><vAcc>0.556943</vAcc></extensions></trkpt>
      <trkpt lon="114.404847" lat="33.669648"><ele>58.014361</ele><time>2026-02-11T23:57:25Z</time><extensions><speed>2.353653</speed><course>122.491757</course><hAcc>1.263415</hAcc><vAcc>0.556943</vAcc></extensions></trkpt>
      <trkpt lon="114.404868" lat="33.669636"><ele>58.013732</ele><time>2026-02-11T23:57:26Z</time><extensions><speed>2.387268</speed><course>121.231046</course><hAcc>1.265260</hAcc><vAcc>0.556943</vAcc></extensions></trkpt>
      <trkpt lon="114.404891" lat="33.669625"><ele>58.012661</ele><time>2026-02-11T23:57:27Z</time><extensions><speed>2.453260</speed><course>120.869798</course><hAcc>1.257426</hAcc><vAcc>0.556943</vAcc></extensions></trkpt>
      <trkpt lon="114.404913" lat="33.669613"><ele>58.011194</ele><time>2026-02-11T23:57:28Z</time><extensions><speed>2.446738</speed><course>122.767200</course><hAcc>1.259539</hAcc><vAcc>0.556943</vAcc></extensions></trkpt>
      <trkpt lon="114.404934" lat="33.669601"><ele>58.009388</ele><time>2026-02-11T23:57:29Z</time><extensions><speed>2.346574</speed><course>125.347108</course><hAcc>1.267721</hAcc><vAcc>0.556943</vAcc></extensions></trkpt>
      <trkpt lon="114.404955" lat="33.669589"><ele>58.007195</ele><time>2026-02-11T23:57:30Z</time><extensions><speed>2.334683</speed><course>125.114896</course><hAcc>1.278110</hAcc><vAcc>0.556943</vAcc></extensions></trkpt>
      <trkpt lon="114.404976" lat="33.669577"><ele>58.004515</ele><time>2026-02-11T23:57:31Z</time><extensions><speed>2.316724</speed><course>124.329701</course><hAcc>1.287993</hAcc><vAcc>0.556943</vAcc></extensions></trkpt>
      <trkpt lon="114.404996" lat="33.669566"><ele>58.001224</ele><time>2026-02-11T23:57:32Z</time><extensions><speed>2.313980</speed><course>122.765252</course><hAcc>1.298467</hAcc><vAcc>0.556943</vAcc></extensions></trkpt>
      <trkpt lon="114.405018" lat="33.669554"><ele>57.997113</ele><time>2026-02-11T23:57:33Z</time><extensions><speed>2.391089</speed><course>121.532696</course><hAcc>1.308975</hAcc><vAcc>0.556943</vAcc></extensions></trkpt>
      <trkpt lon="114.405040" lat="33.669543"><ele>57.992059</ele><time>2026-02-11T23:57:34Z</time><extensions><speed>2.375923</speed><course>122.872611</course><hAcc>1.311003</hAcc><vAcc>0.556943</vAcc></extensions></trkpt>
      <trkpt lon="114.405061" lat="33.669531"><ele>57.986225</ele><time>2026-02-11T23:57:35Z</time><extensions><speed>2.310553</speed><course>124.769739</course><hAcc>1.310664</hAcc><vAcc>0.556943</vAcc></extensions></trkpt>
      <trkpt lon="114.405081" lat="33.669519"><ele>57.979893</ele><time>2026-02-11T23:57:36Z</time><extensions><speed>2.393931</speed><course>126.975197</course><hAcc>1.306710</hAcc><vAcc>0.556943</vAcc></extensions></trkpt>
      <trkpt lon="114.405102" lat="33.669506"><ele>57.973317</ele><time>2026-02-11T23:57:37Z</time><extensions><speed>2.415963</speed><course>127.371928</course><hAcc>1.298578</hAcc><vAcc>0.556943</vAcc></extensions></trkpt>
      <trkpt lon="114.405123" lat="33.669493"><ele>57.966941</ele><time>2026-02-11T23:57:38Z</time><extensions><speed>2.392017</speed><course>126.274119</course><hAcc>1.294511</hAcc><vAcc>0.556943</vAcc></extensions></trkpt>
      <trkpt lon="114.405144" lat="33.669480"><ele>57.961182</ele><time>2026-02-11T23:57:39Z</time><extensions><speed>2.435583</speed><course>125.997948</course><hAcc>1.295614</hAcc><vAcc>0.556943</vAcc></extensions></trkpt>
      <trkpt lon="114.405165" lat="33.669467"><ele>57.956080</ele><time>2026-02-11T23:57:40Z</time><extensions><speed>2.369848</speed><course>125.620438</course><hAcc>1.294260</hAcc><vAcc>0.556943</vAcc></extensions></trkpt>
      <trkpt lon="114.405185" lat="33.669455"><ele>57.951383</ele><time>2026-02-11T23:57:41Z</time><extensions><speed>2.321031</speed><course>124.689991</course><hAcc>1.294651</hAcc><vAcc>0.556943</vAcc></extensions></trkpt>
      <trkpt lon="114.405206" lat="33.669443"><ele>57.946894</ele><time>2026-02-11T23:57:42Z</time><extensions><speed>2.378241</speed><course>124.020843</course><hAcc>1.296436</hAcc><vAcc>0.556943</vAcc></extensions></trkpt>
      <trkpt lon="114.405228" lat="33.669431"><ele>57.942281</ele><time>2026-02-11T23:57:43Z</time><extensions><speed>2.363899</speed><course>123.711697</course><hAcc>1.299195</hAcc><vAcc>0.556943</vAcc></extensions></trkpt>
      <trkpt lon="114.405249" lat="33.669419"><ele>57.937204</ele><time>2026-02-11T23:57:44Z</time><extensions><speed>2.338212</speed><course>123.457736</course><hAcc>1.298420</hAcc><vAcc>0.556943</vAcc></extensions></trkpt>
      <trkpt lon="114.405270" lat="33.669408"><ele>57.931512</ele><time>2026-02-11T23:57:45Z</time><extensions><speed>2.333382</speed><course>122.973740</course><hAcc>1.305695</hAcc><vAcc>0.556943</vAcc></extensions></trkpt>
      <trkpt lon="114.405291" lat="33.669396"><ele>57.925261</ele><time>2026-02-11T23:57:46Z</time><extensions><speed>2.370185</speed><course>124.816534</course><hAcc>1.303874</hAcc><vAcc>0.556943</vAcc></extensions></trkpt>
      <trkpt lon="114.405311" lat="33.669383"><ele>57.918360</ele><time>2026-02-11T23:57:47Z</time><extensions><speed>2.295139</speed><course>130.198380</course><hAcc>1.302415</hAcc><vAcc>0.556943</vAcc></extensions></trkpt>
      <trkpt lon="114.405330" lat="33.669370"><ele>57.910418</ele><time>2026-02-11T23:57:48Z</time><extensions><speed>2.389149</speed><course>131.193680</course><hAcc>1.303396</hAcc><vAcc>0.556943</vAcc></extensions></trkpt>
      <trkpt lon="114.405349" lat="33.669356"><ele>57.901016</ele><time>2026-02-11T23:57:49Z</time><extensions><speed>2.326890</speed><course>131.103339</course><hAcc>1.302273</hAcc><vAcc>0.556943</vAcc></extensions></trkpt>
      <trkpt lon="114.405368" lat="33.669342"><ele>57.889788</ele><time>2026-02-11T23:57:50Z</time><extensions><speed>2.283227</speed><course>129.778133</course><hAcc>1.300378</hAcc><vAcc>0.556943</vAcc></extensions></trkpt>
      <trkpt lon="114.405386" lat="33.669329"><ele>57.876463</ele><time>2026-02-11T23:57:51Z</time><extensions><speed>2.143810</speed><course>129.562258</course><hAcc>1.302921</hAcc><vAcc>0.556943</vAcc></extensions></trkpt>
      <trkpt lon="114.405404" lat="33.669317"><ele>57.860994</ele><time>2026-02-11T23:57:52Z</time><extensions><speed>2.150899</speed><course>131.738379</course><hAcc>1.296139</hAcc><vAcc>0.556943</vAcc></extensions></trkpt>
      <trkpt lon="114.405421" lat="33.669303"><ele>57.843777</ele><time>2026-02-11T23:57:53Z</time><extensions><speed>2.199908</speed><course>136.134456</course><hAcc>1.292843</hAcc><vAcc>0.556943</vAcc></extensions></trkpt>
      <trkpt lon="114.405436" lat="33.669289"><ele>57.825355</ele><time>2026-02-11T23:57:54Z</time><extensions><speed>2.022441</speed><course>140.099226</course><hAcc>1.294235</hAcc><vAcc>0.556943</vAcc></extensions></trkpt>
      <trkpt lon="114.405449" lat="33.669275"><ele>57.806299</ele><time>2026-02-11T23:57:55Z</time><extensions><speed>1.904223</speed><course>141.324593</course><hAcc>1.298050</hAcc><vAcc>0.556943</vAcc></extensions></trkpt>
      <trkpt lon="114.405462" lat="33.669262"><ele>57.787222</ele><time>2026-02-11T23:57:56Z</time><extensions><speed>1.877458</speed><course>142.792610</course><hAcc>1.295557</hAcc><vAcc>0.556943</vAcc></extensions></trkpt>
      <trkpt lon="114.405474" lat="33.669248"><ele>57.768618</ele><time>2026-02-11T23:57:57Z</time><extensions><speed>1.821908</speed><course>142.494202</course><hAcc>1.293930</hAcc><vAcc>0.556943</vAcc></extensions></trkpt>
      <trkpt lon="114.405486" lat="33.669235"><ele>57.750699</ele><time>2026-02-11T23:57:58Z</time><extensions><speed>1.896136</speed><course>142.032161</course><hAcc>1.292342</hAcc><vAcc>0.556943</vAcc></extensions></trkpt>
      <trkpt lon="114.405500" lat="33.669221"><ele>57.733581</ele><time>2026-02-11T23:57:59Z</time><extensions><speed>2.146061</speed><course>141.782247</course><hAcc>1.289535</hAcc><vAcc>0.556943</vAcc></extensions></trkpt>
      <trkpt lon="114.405515" lat="33.669205"><ele>57.717411</ele><time>2026-02-11T23:58:00Z</time><extensions><speed>2.309939</speed><course>139.982238</course><hAcc>1.284641</hAcc><vAcc>0.556943</vAcc></extensions></trkpt>
      <trkpt lon="114.405531" lat="33.669189"><ele>57.702398</ele><time>2026-02-11T23:58:01Z</time><extensions><speed>2.419984</speed><course>140.061401</course><hAcc>1.285129</hAcc><vAcc>0.556943</vAcc></extensions></trkpt>
      <trkpt lon="114.405548" lat="33.669172"><ele>57.688723</ele><time>2026-02-11T23:58:02Z</time><extensions><speed>2.467071</speed><course>142.716133</course><hAcc>1.283852</hAcc><vAcc>0.556943</vAcc></extensions></trkpt>
      <trkpt lon="114.405563" lat="33.669154"><ele>57.676419</ele><time>2026-02-11T23:58:03Z</time><extensions><speed>2.373830</speed><course>145.684168</course><hAcc>1.286475</hAcc><vAcc>0.556943</vAcc></extensions></trkpt>
      <trkpt lon="114.405577" lat="33.669136"><ele>57.665354</ele><time>2026-02-11T23:58:04Z</time><extensions><speed>2.347547</speed><course>148.605715</course><hAcc>1.283343</hAcc><vAcc>0.556943</vAcc></extensions></trkpt>
      <trkpt lon="114.405590" lat="33.669118"><ele>57.655284</ele><time>2026-02-11T23:58:05Z</time><extensions><speed>2.364970</speed><course>150.550082</course><hAcc>1.280397</hAcc><vAcc>0.556943</vAcc></extensions></trkpt>
      <trkpt lon="114.405602" lat="33.669099"><ele>57.646091</ele><time>2026-02-11T23:58:06Z</time><extensions><speed>2.260440</speed><course>151.529157</course><hAcc>1.280962</hAcc><vAcc>0.556943</vAcc></extensions></trkpt>
      <trkpt lon="114.405613" lat="33.669081"><ele>57.637589</ele><time>2026-02-11T23:58:07Z</time><extensions><speed>2.308001</speed><course>152.376432</course><hAcc>1.276554</hAcc><vAcc>0.556943</vAcc></extensions></trkpt>
      <trkpt lon="114.405625" lat="33.669062"><ele>57.629528</ele><time>2026-02-11T23:58:08Z</time><extensions><speed>2.431128</speed><course>153.006222</course><hAcc>1.276438</hAcc><vAcc>0.556943</vAcc></extensions></trkpt>
      <trkpt lon="114.405637" lat="33.669043"><ele>57.621646</ele><time>2026-02-11T23:58:09Z</time><extensions><speed>2.404833</speed><course>152.866633</course><hAcc>1.276781</hAcc><vAcc>0.556943</vAcc></extensions></trkpt>
      <trkpt lon="114.405649" lat="33.669023"><ele>57.613765</ele><time>2026-02-11T23:58:10Z</time><extensions><speed>2.458168</speed><course>153.118235</course><hAcc>1.275503</hAcc><vAcc>0.556943</vAcc></extensions></trkpt>
      <trkpt lon="114.405661" lat="33.669003"><ele>57.605811</ele><time>2026-02-11T23:58:11Z</time><extensions><speed>2.479621</speed><course>154.316105</course><hAcc>1.275223</hAcc><vAcc>0.556943</vAcc></extensions></trkpt>
      <trkpt lon="114.405672" lat="33.668983"><ele>57.597753</ele><time>2026-02-11T23:58:12Z</time><extensions><speed>2.378768</speed><course>154.845803</course><hAcc>1.282918</hAcc><vAcc>0.556943</vAcc></extensions></trkpt>
      <trkpt lon="114.405683" lat="33.668964"><ele>57.589842</ele><time>2026-02-11T23:58:13Z</time><extensions><speed>2.400753</speed><course>156.785322</course><hAcc>1.287988</hAcc><vAcc>0.556943</vAcc></extensions></trkpt>
      <trkpt lon="114.405693" lat="33.668944"><ele>57.582726</ele><time>2026-02-11T23:58:14Z</time><extensions><speed>2.461541</speed><course>156.454879</course><hAcc>1.295824</hAcc><vAcc>0.556943</vAcc></extensions></trkpt>
      <trkpt lon="114.405704" lat="33.668923"><ele>57.577046</ele><time>2026-02-11T23:58:15Z</time><extensions><speed>2.443356</speed><course>156.309378</course><hAcc>1.307424</hAcc><vAcc>0.556943</vAcc></extensions></trkpt>
      <trkpt lon="114.405713" lat="33.668903"><ele>57.572968</ele><time>2026-02-11T23:58:16Z</time><extensions><speed>2.455565</speed><course>159.625768</course><hAcc>1.314598</hAcc><vAcc>0.556943</vAcc></extensions></trkpt>
      <trkpt lon="114.405722" lat="33.668882"><ele>57.570569</ele><time>2026-02-11T23:58:17Z</time><extensions><speed>2.529462</speed><course>161.653265</course><hAcc>1.324914</hAcc><vAcc>0.556943</vAcc></extensions></trkpt>
      <trkpt lon="114.405731" lat="33.668861"><ele>57.569827</ele><time>2026-02-11T23:58:18Z</time><extensions><speed>2.380934</speed><course>160.707374</course><hAcc>1.336043</hAcc><vAcc>0.556943</vAcc></extensions></trkpt>
      <trkpt lon="114.405739" lat="33.668840"><ele>57.570527</ele><time>2026-02-11T23:58:19Z</time><extensions><speed>2.380387</speed><course>161.012631</course><hAcc>1.338968</hAcc><vAcc>0.556943</vAcc></extensions></trkpt>
      <trkpt lon="114.405748" lat="33.668820"><ele>57.572442</ele><time>2026-02-11T23:58:20Z</time><extensions><speed>2.452867</speed><course>160.169782</course><hAcc>1.341250</hAcc><vAcc>0.556943</vAcc></extensions></trkpt>
      <trkpt lon="114.405758" lat="33.668799"><ele>57.575524</ele><time>2026-02-11T23:58:21Z</time><extensions><speed>2.412401</speed><course>156.443317</course><hAcc>1.344245</hAcc><vAcc>0.556943</vAcc></extensions></trkpt>
      <trkpt lon="114.405768" lat="33.668779"><ele>57.579701</ele><time>2026-02-11T23:58:22Z</time><extensions><speed>2.500017</speed><course>156.487850</course><hAcc>1.342599</hAcc><vAcc>0.556943</vAcc></extensions></trkpt>
      <trkpt lon="114.405779" lat="33.668758"><ele>57.584816</ele><time>2026-02-11T23:58:23Z</time><extensions><speed>2.475881</speed><course>159.129618</course><hAcc>1.343514</hAcc><vAcc>0.556943</vAcc></extensions></trkpt>
      <trkpt lon="114.405788" lat="33.668737"><ele>57.590751</ele><time>2026-02-11T23:58:24Z</time><extensions><speed>2.461161</speed><course>161.050122</course><hAcc>1.345917</hAcc><vAcc>0.556943</vAcc></extensions></trkpt>
      <trkpt lon="114.405796" lat="33.668716"><ele>57.597282</ele><time>2026-02-11T23:58:25Z</time><extensions><speed>2.474180</speed><course>161.841604</course><hAcc>1.349997</hAcc><vAcc>0.556943</vAcc></extensions></trkpt>
      <trkpt lon="114.405805" lat="33.668695"><ele>57.604223</ele><time>2026-02-11T23:58:26Z</time><extensions><speed>2.410526</speed><course>160.208251</course><hAcc>1.347650</hAcc><vAcc>0.556943</vAcc></extensions></trkpt>
      <trkpt lon="114.405814" lat="33.668675"><ele>57.611525</ele><time>2026-02-11T23:58:27Z</time><extensions><speed>2.486034</speed><course>157.443477</course><hAcc>1.342072</hAcc><vAcc>0.556943</vAcc></extensions></trkpt>
      <trkpt lon="114.405825" lat="33.668654"><ele>57.619283</ele><time>2026-02-11T23:58:28Z</time><extensions><speed>2.579498</speed><course>156.183394</course><hAcc>1.341628</hAcc><vAcc>0.556943</vAcc></extensions></trkpt>
      <trkpt lon="114.405836" lat="33.668633"><ele>57.627525</ele><time>2026-02-11T23:58:29Z</time><extensions><speed>2.517472</speed><course>155.247264</course><hAcc>1.344339</hAcc><vAcc>0.556943</vAcc></extensions></trkpt>
      <trkpt lon="114.405848" lat="33.668612"><ele>57.636394</ele><time>2026-02-11T23:58:30Z</time><extensions><speed>2.508569</speed><course>155.066843</course><hAcc>1.339960</hAcc><vAcc>0.556943</vAcc></extensions></trkpt>
      <trkpt lon="114.405859" lat="33.668592"><ele>57.645789</ele><time>2026-02-11T23:58:31Z</time><extensions><speed>2.500845</speed><course>154.403356</course><hAcc>1.340839</hAcc><vAcc>0.556943</vAcc></extensions></trkpt>
      <trkpt lon="114.405871" lat="33.668572"><ele>57.655339</ele><time>2026-02-11T23:58:32Z</time><extensions><speed>2.396913</speed><course>153.425158</course><hAcc>1.345640</hAcc><vAcc>0.556943</vAcc></extensions></trkpt>
      <trkpt lon="114.405883" lat="33.668552"><ele>57.664588</ele><time>2026-02-11T23:58:33Z</time><extensions><speed>2.537621</speed><course>152.852579</course><hAcc>1.353390</hAcc><vAcc>0.556943</vAcc></extensions></trkpt>
      <trkpt lon="114.405896" lat="33.668532"><ele>57.672974</ele><time>2026-02-11T23:58:34Z</time><extensions><speed>2.477355</speed><course>152.320223</course><hAcc>1.370794</hAcc><vAcc>0.556943</vAcc></extensions></trkpt>
      <trkpt lon="114.405908" lat="33.668512"><ele>57.679824</ele><time>2026-02-11T23:58:35Z</time><extensions><speed>2.405995</speed><course>149.733331</course><hAcc>1.384804</hAcc><vAcc>0.556943</vAcc></extensions></trkpt>
      <trkpt lon="114.405922" lat="33.668494"><ele>57.684566</ele><time>2026-02-11T23:58:36Z</time><extensions><speed>2.485072</speed><course>146.860785</course><hAcc>1.395257</hAcc><vAcc>0.556943</vAcc></extensions></trkpt>
      <trkpt lon="114.405937" lat="33.668475"><ele>57.686816</ele><time>2026-02-11T23:58:37Z</time><extensions><speed>2.524265</speed><course>145.789031</course><hAcc>1.405302</hAcc><vAcc>0.556943</vAcc></extensions></trkpt>
      <trkpt lon="114.405953" lat="33.668456"><ele>57.686218</ele><time>2026-02-11T23:58:38Z</time><extensions><speed>2.511977</speed><course>145.042286</course><hAcc>1.419751</hAcc><vAcc>0.556943</vAcc></extensions></trkpt>
      <trkpt lon="114.405968" lat="33.668438"><ele>57.682669</ele><time>2026-02-11T23:58:39Z</time><extensions><speed>2.471645</speed><course>144.833461</course><hAcc>1.434252</hAcc><vAcc>0.556943</vAcc></extensions></trkpt>
      <trkpt lon="114.405983" lat="33.668419"><ele>57.676247</ele><time>2026-02-11T23:58:40Z</time><extensions><speed>2.371239</speed><course>146.826766</course><hAcc>1.441969</hAcc><vAcc>0.556943</vAcc></extensions></trkpt>
      <trkpt lon="114.405997" lat="33.668401"><ele>57.667222</ele><time>2026-02-11T23:58:41Z</time><extensions><speed>2.363024</speed><course>147.643583</course><hAcc>1.436252</hAcc><vAcc>0.556943</vAcc></extensions></trkpt>
      <trkpt lon="114.406011" lat="33.668383"><ele>57.656040</ele><time>2026-02-11T23:58:42Z</time><extensions><speed>2.500154</speed><course>147.653179</course><hAcc>1.433551</hAcc><vAcc>0.556943</vAcc></extensions></trkpt>
      <trkpt lon="114.406026" lat="33.668364"><ele>57.643342</ele><time>2026-02-11T23:58:43Z</time><extensions><speed>2.500091</speed><course>146.663761</course><hAcc>1.440353</hAcc><vAcc>0.556943</vAcc></extensions></trkpt>
      <trkpt lon="114.406040" lat="33.668345"><ele>57.629720</ele><time>2026-02-11T23:58:44Z</time><extensions><speed>2.441814</speed><course>146.269411</course><hAcc>1.442523</hAcc><vAcc>0.556943</vAcc></extensions></trkpt>
      <trkpt lon="114.406055" lat="33.668327"><ele>57.615752</ele><time>2026-02-11T23:58:45Z</time><extensions><speed>2.460348</speed><course>147.474079</course><hAcc>1.445859</hAcc><vAcc>0.556943</vAcc></extensions></trkpt>
      <trkpt lon="114.406069" lat="33.668308"><ele>57.601976</ele><time>2026-02-11T23:58:46Z</time><extensions><speed>2.425062</speed><course>148.185642</course><hAcc>1.452221</hAcc><vAcc>0.556943</vAcc></extensions></trkpt>
      <trkpt lon="114.406082" lat="33.668289"><ele>57.588870</ele><time>2026-02-11T23:58:47Z</time><extensions><speed>2.481237</speed><course>149.336453</course><hAcc>1.451839</hAcc><vAcc>0.556943</vAcc></extensions></trkpt>
      <trkpt lon="114.406097" lat="33.668270"><ele>57.576726</ele><time>2026-02-11T23:58:48Z</time><extensions><speed>2.553335</speed><course>148.137919</course><hAcc>1.447785</hAcc><vAcc>0.556943</vAcc></extensions></trkpt>
      <trkpt lon="114.406111" lat="33.668251"><ele>57.565549</ele><time>2026-02-11T23:58:49Z</time><extensions><speed>2.473662</speed><course>145.306841</course><hAcc>1.450442</hAcc><vAcc>0.556943</vAcc></extensions></trkpt>
      <trkpt lon="114.406126" lat="33.668232"><ele>57.555154</ele><time>2026-02-11T23:58:50Z</time><extensions><speed>2.552357</speed><course>147.085683</course><hAcc>1.453500</hAcc><vAcc>0.556943</vAcc></extensions></trkpt>
      <trkpt lon="114.406141" lat="33.668213"><ele>57.545273</ele><time>2026-02-11T23:58:51Z</time><extensions><speed>2.601045</speed><course>148.819348</course><hAcc>1.452679</hAcc><vAcc>0.556943</vAcc></extensions></trkpt>
      <trkpt lon="114.406155" lat="33.668193"><ele>57.535656</ele><time>2026-02-11T23:58:52Z</time><extensions><speed>2.490471</speed><course>149.810292</course><hAcc>1.449246</hAcc><vAcc>0.556943</vAcc></extensions></trkpt>
      <trkpt lon="114.406169" lat="33.668173"><ele>57.526042</ele><time>2026-02-11T23:58:53Z</time><extensions><speed>2.463200</speed><course>150.353657</course><hAcc>1.446271</hAcc><vAcc>0.556943</vAcc></extensions></trkpt>
      <trkpt lon="114.406182" lat="33.668154"><ele>57.516432</ele><time>2026-02-11T23:58:54Z</time><extensions><speed>2.507507</speed><course>150.636136</course><hAcc>1.445416</hAcc><vAcc>0.556943</vAcc></extensions></trkpt>
      <trkpt lon="114.406195" lat="33.668135"><ele>57.507012</ele><time>2026-02-11T23:58:55Z</time><extensions><speed>2.427728</speed><course>149.517163</course><hAcc>1.443118</hAcc><vAcc>0.556943</vAcc></extensions></trkpt>
      <trkpt lon="114.406209" lat="33.668116"><ele>57.497994</ele><time>2026-02-11T23:58:56Z</time><extensions><speed>2.436442</speed><course>148.766222</course><hAcc>1.434842</hAcc><vAcc>0.556943</vAcc></extensions></trkpt>
      <trkpt lon="114.406222" lat="33.668097"><ele>57.489267</ele><time>2026-02-11T23:58:57Z</time><extensions><speed>2.492155</speed><course>148.373870</course><hAcc>1.425140</hAcc><vAcc>0.556942</vAcc></extensions></trkpt>
      <trkpt lon="114.406236" lat="33.668079"><ele>57.480775</ele><time>2026-02-11T23:58:58Z</time><extensions><speed>2.301446</speed><course>146.767943</course><hAcc>1.417565</hAcc><vAcc>0.556942</vAcc></extensions></trkpt>
      <trkpt lon="114.406250" lat="33.668061"><ele>57.472506</ele><time>2026-02-11T23:58:59Z</time><extensions><speed>2.314860</speed><course>144.931649</course><hAcc>1.408352</hAcc><vAcc>0.556942</vAcc></extensions></trkpt>
      <trkpt lon="114.406265" lat="33.668044"><ele>57.464486</ele><time>2026-02-11T23:59:00Z</time><extensions><speed>2.485876</speed><course>145.546653</course><hAcc>1.403231</hAcc><vAcc>0.556942</vAcc></extensions></trkpt>
      <trkpt lon="114.406279" lat="33.668025"><ele>57.456762</ele><time>2026-02-11T23:59:01Z</time><extensions><speed>2.425823</speed><course>148.907472</course><hAcc>1.398784</hAcc><vAcc>0.556942</vAcc></extensions></trkpt>
      <trkpt lon="114.406293" lat="33.668006"><ele>57.449275</ele><time>2026-02-11T23:59:02Z</time><extensions><speed>2.470800</speed><course>151.297095</course><hAcc>1.389303</hAcc><vAcc>0.556943</vAcc></extensions></trkpt>
      <trkpt lon="114.406305" lat="33.667986"><ele>57.441914</ele><time>2026-02-11T23:59:03Z</time><extensions><speed>2.517175</speed><course>152.190215</course><hAcc>1.386543</hAcc><vAcc>0.556943</vAcc></extensions></trkpt>
      <trkpt lon="114.406318" lat="33.667966"><ele>57.434615</ele><time>2026-02-11T23:59:04Z</time><extensions><speed>2.403871</speed><course>151.617931</course><hAcc>1.383216</hAcc><vAcc>0.556943</vAcc></extensions></trkpt>
      <trkpt lon="114.406330" lat="33.667947"><ele>57.427410</ele><time>2026-02-11T23:59:05Z</time><extensions><speed>2.373510</speed><course>150.994237</course><hAcc>1.372681</hAcc><vAcc>0.556943</vAcc></extensions></trkpt>
      <trkpt lon="114.406343" lat="33.667928"><ele>57.420270</ele><time>2026-02-11T23:59:06Z</time><extensions><speed>2.419348</speed><course>150.412707</course><hAcc>1.367904</hAcc><vAcc>0.556943</vAcc></extensions></trkpt>
      <trkpt lon="114.406356" lat="33.667910"><ele>57.413478</ele><time>2026-02-11T23:59:07Z</time><extensions><speed>2.325124</speed><course>150.210526</course><hAcc>1.373482</hAcc><vAcc>0.556943</vAcc></extensions></trkpt>
      <trkpt lon="114.406368" lat="33.667892"><ele>57.407431</ele><time>2026-02-11T23:59:08Z</time><extensions><speed>2.298168</speed><course>149.441254</course><hAcc>1.375194</hAcc><vAcc>0.556943</vAcc></extensions></trkpt>
      <trkpt lon="114.406381" lat="33.667874"><ele>57.402459</ele><time>2026-02-11T23:59:09Z</time><extensions><speed>2.282584</speed><course>149.318039</course><hAcc>1.378263</hAcc><vAcc>0.556943</vAcc></extensions></trkpt>
      <trkpt lon="114.406394" lat="33.667856"><ele>57.398640</ele><time>2026-02-11T23:59:10Z</time><extensions><speed>2.323614</speed><course>148.833289</course><hAcc>1.376746</hAcc><vAcc>0.556943</vAcc></extensions></trkpt>
      <trkpt lon="114.406407" lat="33.667838"><ele>57.396112</ele><time>2026-02-11T23:59:11Z</time><extensions><speed>2.326161</speed><course>149.309941</course><hAcc>1.375413</hAcc><vAcc>0.556943</vAcc></extensions></trkpt>
      <trkpt lon="114.406420" lat="33.667819"><ele>57.394939</ele><time>2026-02-11T23:59:12Z</time><extensions><speed>2.430560</speed><course>149.733120</course><hAcc>1.373379</hAcc><vAcc>0.556943</vAcc></extensions></trkpt>
      <trkpt lon="114.406433" lat="33.667801"><ele>57.395144</ele><time>2026-02-11T23:59:13Z</time><extensions><speed>2.422635</speed><course>148.718428</course><hAcc>1.371589</hAcc><vAcc>0.556943</vAcc></extensions></trkpt>
      <trkpt lon="114.406447" lat="33.667783"><ele>57.396738</ele><time>2026-02-11T23:59:14Z</time><extensions><speed>2.317777</speed><course>145.973164</course><hAcc>1.374639</hAcc><vAcc>0.556943</vAcc></extensions></trkpt>
      <trkpt lon="114.406462" lat="33.667765"><ele>57.399832</ele><time>2026-02-11T23:59:15Z</time><extensions><speed>2.409606</speed><course>143.392450</course><hAcc>1.371859</hAcc><vAcc>0.556943</vAcc></extensions></trkpt>
      <trkpt lon="114.406477" lat="33.667748"><ele>57.404374</ele><time>2026-02-11T23:59:16Z</time><extensions><speed>2.361753</speed><course>144.302719</course><hAcc>1.374476</hAcc><vAcc>0.556943</vAcc></extensions></trkpt>
      <trkpt lon="114.406491" lat="33.667730"><ele>57.410229</ele><time>2026-02-11T23:59:17Z</time><extensions><speed>2.356564</speed><course>147.382403</course><hAcc>1.374504</hAcc><vAcc>0.556943</vAcc></extensions></trkpt>
      <trkpt lon="114.406505" lat="33.667712"><ele>57.417191</ele><time>2026-02-11T23:59:18Z</time><extensions><speed>2.433655</speed><course>149.027161</course><hAcc>1.373283</hAcc><vAcc>0.556943</vAcc></extensions></trkpt>
      <trkpt lon="114.406518" lat="33.667694"><ele>57.425015</ele><time>2026-02-11T23:59:19Z</time><extensions><speed>2.295877</speed><course>148.566344</course><hAcc>1.377672</hAcc><vAcc>0.556943</vAcc></extensions></trkpt>
      <trkpt lon="114.406531" lat="33.667676"><ele>57.433396</ele><time>2026-02-11T23:59:20Z</time><extensions><speed>2.300762</speed><course>146.968716</course><hAcc>1.377403</hAcc><vAcc>0.556943</vAcc></extensions></trkpt>
      <trkpt lon="114.406546" lat="33.667658"><ele>57.442169</ele><time>2026-02-11T23:59:21Z</time><extensions><speed>2.496448</speed><course>146.199250</course><hAcc>1.375924</hAcc><vAcc>0.556943</vAcc></extensions></trkpt>
      <trkpt lon="114.406561" lat="33.667639"><ele>57.451134</ele><time>2026-02-11T23:59:22Z</time><extensions><speed>2.518389</speed><course>144.735459</course><hAcc>1.367779</hAcc><vAcc>0.556943</vAcc></extensions></trkpt>
      <trkpt lon="114.406577" lat="33.667621"><ele>57.460066</ele><time>2026-02-11T23:59:23Z</time><extensions><speed>2.428420</speed><course>142.343022</course><hAcc>1.361906</hAcc><vAcc>0.556943</vAcc></extensions></trkpt>
      <trkpt lon="114.406594" lat="33.667604"><ele>57.468783</ele><time>2026-02-11T23:59:24Z</time><extensions><speed>2.468179</speed><course>139.173968</course><hAcc>1.363338</hAcc><vAcc>0.556943</vAcc></extensions></trkpt>
      <trkpt lon="114.406612" lat="33.667588"><ele>57.477307</ele><time>2026-02-11T23:59:25Z</time><extensions><speed>2.560956</speed><course>134.667466</course><hAcc>1.363106</hAcc><vAcc>0.556943</vAcc></extensions></trkpt>
      <trkpt lon="114.406632" lat="33.667571"><ele>57.485583</ele><time>2026-02-11T23:59:26Z</time><extensions><speed>2.569590</speed><course>135.611621</course><hAcc>1.358388</hAcc><vAcc>0.556943</vAcc></extensions></trkpt>
      <trkpt lon="114.406651" lat="33.667555"><ele>57.493383</ele><time>2026-02-11T23:59:27Z</time><extensions><speed>2.558707</speed><course>137.565716</course><hAcc>1.354517</hAcc><vAcc>0.556943</vAcc></extensions></trkpt>
      <trkpt lon="114.406669" lat="33.667538"><ele>57.500321</ele><time>2026-02-11T23:59:28Z</time><extensions><speed>2.387177</speed><course>137.537487</course><hAcc>1.351510</hAcc><vAcc>0.556943</vAcc></extensions></trkpt>
      <trkpt lon="114.406686" lat="33.667523"><ele>57.506018</ele><time>2026-02-11T23:59:29Z</time><extensions><speed>2.343386</speed><course>136.064334</course><hAcc>1.349547</hAcc><vAcc>0.556943</vAcc></extensions></trkpt>
      <trkpt lon="114.406705" lat="33.667507"><ele>57.510169</ele><time>2026-02-11T23:59:30Z</time><extensions><speed>2.475633</speed><course>134.016491</course><hAcc>1.349569</hAcc><vAcc>0.556943</vAcc></extensions></trkpt>
      <trkpt lon="114.406725" lat="33.667492"><ele>57.512546</ele><time>2026-02-11T23:59:31Z</time><extensions><speed>2.491065</speed><course>131.660778</course><hAcc>1.348785</hAcc><vAcc>0.556943</vAcc></extensions></trkpt>
      <trkpt lon="114.406746" lat="33.667477"><ele>57.513119</ele><time>2026-02-11T23:59:32Z</time><extensions><speed>2.604877</speed><course>128.370647</course><hAcc>1.346792</hAcc><vAcc>0.556943</vAcc></extensions></trkpt>
      <trkpt lon="114.406768" lat="33.667463"><ele>57.512130</ele><time>2026-02-11T23:59:33Z</time><extensions><speed>2.633517</speed><course>126.266037</course><hAcc>1.347184</hAcc><vAcc>0.556943</vAcc></extensions></trkpt>
      <trkpt lon="114.406791" lat="33.667450"><ele>57.509885</ele><time>2026-02-11T23:59:34Z</time><extensions><speed>2.559645</speed><course>122.514890</course><hAcc>1.347583</hAcc><vAcc>0.556943</vAcc></extensions></trkpt>
      <trkpt lon="114.406815" lat="33.667438"><ele>57.506992</ele><time>2026-02-11T23:59:35Z</time><extensions><speed>2.552627</speed><course>120.272483</course><hAcc>1.354958</hAcc><vAcc>0.556943</vAcc></extensions></trkpt>
      <trkpt lon="114.406838" lat="33.667426"><ele>57.504106</ele><time>2026-02-11T23:59:36Z</time><extensions><speed>2.557045</speed><course>120.043513</course><hAcc>1.355674</hAcc><vAcc>0.556943</vAcc></extensions></trkpt>
      <trkpt lon="114.406862" lat="33.667415"><ele>57.501906</ele><time>2026-02-11T23:59:37Z</time><extensions><speed>2.522090</speed><course>120.685850</course><hAcc>1.356779</hAcc><vAcc>0.556943</vAcc></extensions></trkpt>
      <trkpt lon="114.406885" lat="33.667402"><ele>57.501115</ele><time>2026-02-11T23:59:38Z</time><extensions><speed>2.551846</speed><course>123.058845</course><hAcc>1.357590</hAcc><vAcc>0.556943</vAcc></extensions></trkpt>
      <trkpt lon="114.406909" lat="33.667390"><ele>57.502489</ele><time>2026-02-11T23:59:39Z</time><extensions><speed>2.576207</speed><course>121.341792</course><hAcc>1.356703</hAcc><vAcc>0.556943</vAcc></extensions></trkpt>
      <trkpt lon="114.406932" lat="33.667379"><ele>57.506377</ele><time>2026-02-11T23:59:40Z</time><extensions><speed>2.436327</speed><course>119.076213</course><hAcc>1.358401</hAcc><vAcc>0.556943</vAcc></extensions></trkpt>
      <trkpt lon="114.406955" lat="33.667368"><ele>57.512936</ele><time>2026-02-11T23:59:41Z</time><extensions><speed>2.429518</speed><course>117.607597</course><hAcc>1.355741</hAcc><vAcc>0.556943</vAcc></extensions></trkpt>
      <trkpt lon="114.406979" lat="33.667358"><ele>57.522238</ele><time>2026-02-11T23:59:42Z</time><extensions><speed>2.465922</speed><course>117.024807</course><hAcc>1.351793</hAcc><vAcc>0.556943</vAcc></extensions></trkpt>
      <trkpt lon="114.407002" lat="33.667348"><ele>57.534249</ele><time>2026-02-11T23:59:43Z</time><extensions><speed>2.444950</speed><course>116.035895</course><hAcc>1.348274</hAcc><vAcc>0.556943</vAcc></extensions></trkpt>
      <trkpt lon="114.407026" lat="33.667339"><ele>57.548739</ele><time>2026-02-11T23:59:44Z</time><extensions><speed>2.459297</speed><course>114.782543</course><hAcc>1.345465</hAcc><vAcc>0.556943</vAcc></extensions></trkpt>
      <trkpt lon="114.407051" lat="33.667329"><ele>57.565399</ele><time>2026-02-11T23:59:45Z</time><extensions><speed>2.569993</speed><course>114.671616</course><hAcc>1.341743</hAcc><vAcc>0.556943</vAcc></extensions></trkpt>
      <trkpt lon="114.407076" lat="33.667320"><ele>57.583803</ele><time>2026-02-11T23:59:46Z</time><extensions><speed>2.540075</speed><course>113.274005</course><hAcc>1.344920</hAcc><vAcc>0.556943</vAcc></extensions></trkpt>
      <trkpt lon="114.407102" lat="33.667312"><ele>57.603387</ele><time>2026-02-11T23:59:47Z</time><extensions><speed>2.542594</speed><course>110.683474</course><hAcc>1.342652</hAcc><vAcc>0.556943</vAcc></extensions></trkpt>
      <trkpt lon="114.407127" lat="33.667304"><ele>57.623287</ele><time>2026-02-11T23:59:48Z</time><extensions><speed>2.437900</speed><course>107.287956</course><hAcc>1.340612</hAcc><vAcc>0.556943</vAcc></extensions></trkpt>
      <trkpt lon="114.407152" lat="33.667298"><ele>57.642703</ele><time>2026-02-11T23:59:49Z</time><extensions><speed>2.354779</speed><course>106.169110</course><hAcc>1.345243</hAcc><vAcc>0.556943</vAcc></extensions></trkpt>
      <trkpt lon="114.407177" lat="33.667292"><ele>57.661074</ele><time>2026-02-11T23:59:50Z</time><extensions><speed>2.462467</speed><course>105.425145</course><hAcc>1.342957</hAcc><vAcc>0.556943</vAcc></extensions></trkpt>
      <trkpt lon="114.407202" lat="33.667286"><ele>57.678120</ele><time>2026-02-11T23:59:51Z</time><extensions><speed>2.483833</speed><course>104.791387</course><hAcc>1.338504</hAcc><vAcc>0.556943</vAcc></extensions></trkpt>
      <trkpt lon="114.407228" lat="33.667281"><ele>57.693735</ele><time>2026-02-11T23:59:52Z</time><extensions><speed>2.408790</speed><course>104.115920</course><hAcc>1.336210</hAcc><vAcc>0.556943</vAcc></extensions></trkpt>
      <trkpt lon="114.407253" lat="33.667276"><ele>57.707805</ele><time>2026-02-11T23:59:53Z</time><extensions><speed>2.401929</speed><course>104.006911</course><hAcc>1.334280</hAcc><vAcc>0.556943</vAcc></extensions></trkpt>
      <trkpt lon="114.407278" lat="33.667271"><ele>57.720300</ele><time>2026-02-11T23:59:54Z</time><extensions><speed>2.380078</speed><course>103.257007</course><hAcc>1.331139</hAcc><vAcc>0.556943</vAcc></extensions></trkpt>
      <trkpt lon="114.407303" lat="33.667266"><ele>57.731366</ele><time>2026-02-11T23:59:55Z</time><extensions><speed>2.305188</speed><course>102.398094</course><hAcc>1.333899</hAcc><vAcc>0.556943</vAcc></extensions></trkpt>
      <trkpt lon="114.407327" lat="33.667261"><ele>57.741347</ele><time>2026-02-11T23:59:56Z</time><extensions><speed>2.367288</speed><course>102.557276</course><hAcc>1.333302</hAcc><vAcc>0.556943</vAcc></extensions></trkpt>
      <trkpt lon="114.407353" lat="33.667257"><ele>57.750590</ele><time>2026-02-11T23:59:57Z</time><extensions><speed>2.464714</speed><course>102.789041</course><hAcc>1.328160</hAcc><vAcc>0.556943</vAcc></extensions></trkpt>
      <trkpt lon="114.407379" lat="33.667252"><ele>57.758983</ele><time>2026-02-11T23:59:58Z</time><extensions><speed>2.451152</speed><course>103.488613</course><hAcc>1.327794</hAcc><vAcc>0.556943</vAcc></extensions></trkpt>
      <trkpt lon="114.407405" lat="33.667246"><ele>57.766419</ele><time>2026-02-11T23:59:59Z</time><extensions><speed>2.506972</speed><course>102.390583</course><hAcc>1.329862</hAcc><vAcc>0.556943</vAcc></extensions></trkpt>
      <trkpt lon="114.407431" lat="33.667242"><ele>57.772640</ele><time>2026-02-12T00:00:00Z</time><extensions><speed>2.487332</speed><course>102.213318</course><hAcc>1.326091</hAcc><vAcc>0.556943</vAcc></extensions></trkpt>
      <trkpt lon="114.407457" lat="33.667237"><ele>57.777018</ele><time>2026-02-12T00:00:01Z</time><extensions><speed>2.352158</speed><course>101.020508</course><hAcc>1.327747</hAcc><vAcc>0.556943</vAcc></extensions></trkpt>
      <trkpt lon="114.407482" lat="33.667233"><ele>57.778901</ele><time>2026-02-12T00:00:02Z</time><extensions><speed>2.351479</speed><course>101.030745</course><hAcc>1.327103</hAcc><vAcc>0.556943</vAcc></extensions></trkpt>
      <trkpt lon="114.407507" lat="33.667229"><ele>57.778083</ele><time>2026-02-12T00:00:03Z</time><extensions><speed>2.364611</speed><course>102.649805</course><hAcc>1.329361</hAcc><vAcc>0.556943</vAcc></extensions></trkpt>
      <trkpt lon="114.407532" lat="33.667224"><ele>57.774439</ele><time>2026-02-12T00:00:04Z</time><extensions><speed>2.357936</speed><course>103.006362</course><hAcc>1.333410</hAcc><vAcc>0.556943</vAcc></extensions></trkpt>
      <trkpt lon="114.407556" lat="33.667219"><ele>57.767862</ele><time>2026-02-12T00:00:05Z</time><extensions><speed>2.380244</speed><course>104.291932</course><hAcc>1.344662</hAcc><vAcc>0.556943</vAcc></extensions></trkpt>
      <trkpt lon="114.407583" lat="33.667214"><ele>57.758419</ele><time>2026-02-12T00:00:06Z</time><extensions><speed>2.612744</speed><course>101.735988</course><hAcc>1.347985</hAcc><vAcc>0.556943</vAcc></extensions></trkpt>
      <trkpt lon="114.407610" lat="33.667210"><ele>57.746194</ele><time>2026-02-12T00:00:07Z</time><extensions><speed>2.518591</speed><course>98.810200</course><hAcc>1.350294</hAcc><vAcc>0.556943</vAcc></extensions></trkpt>
      <trkpt lon="114.407638" lat="33.667207"><ele>57.731379</ele><time>2026-02-12T00:00:08Z</time><extensions><speed>2.694622</speed><course>96.005494</course><hAcc>1.353226</hAcc><vAcc>0.556943</vAcc></extensions></trkpt>
      <trkpt lon="114.407667" lat="33.667204"><ele>57.714369</ele><time>2026-02-12T00:00:09Z</time><extensions><speed>2.734133</speed><course>97.151138</course><hAcc>1.355009</hAcc><vAcc>0.556943</vAcc></extensions></trkpt>
      <trkpt lon="114.407695" lat="33.667201"><ele>57.695773</ele><time>2026-02-12T00:00:10Z</time><extensions><speed>2.593306</speed><course>99.116668</course><hAcc>1.359074</hAcc><vAcc>0.556943</vAcc></extensions></trkpt>
      <trkpt lon="114.407722" lat="33.667197"><ele>57.676262</ele><time>2026-02-12T00:00:11Z</time><extensions><speed>2.457363</speed><course>100.904721</course><hAcc>1.354192</hAcc><vAcc>0.556943</vAcc></extensions></trkpt>
      <trkpt lon="114.407747" lat="33.667192"><ele>57.656628</ele><time>2026-02-12T00:00:12Z</time><extensions><speed>2.369219</speed><course>105.006715</course><hAcc>1.350340</hAcc><vAcc>0.556943</vAcc></extensions></trkpt>
      <trkpt lon="114.407773" lat="33.667186"><ele>57.637639</ele><time>2026-02-12T00:00:13Z</time><extensions><speed>2.469005</speed><course>107.321961</course><hAcc>1.349859</hAcc><vAcc>0.556943</vAcc></extensions></trkpt>
      <trkpt lon="114.407798" lat="33.667179"><ele>57.619899</ele><time>2026-02-12T00:00:14Z</time><extensions><speed>2.520108</speed><course>107.240379</course><hAcc>1.349954</hAcc><vAcc>0.556943</vAcc></extensions></trkpt>
      <trkpt lon="114.407824" lat="33.667173"><ele>57.603795</ele><time>2026-02-12T00:00:15Z</time><extensions><speed>2.506105</speed><course>105.319808</course><hAcc>1.349715</hAcc><vAcc>0.556943</vAcc></extensions></trkpt>
      <trkpt lon="114.407851" lat="33.667167"><ele>57.589464</ele><time>2026-02-12T00:00:16Z</time><extensions><speed>2.519579</speed><course>103.489601</course><hAcc>1.351897</hAcc><vAcc>0.556943</vAcc></extensions></trkpt>
      <trkpt lon="114.407877" lat="33.667162"><ele>57.576851</ele><time>2026-02-12T00:00:17Z</time><extensions><speed>2.430817</speed><course>102.374538</course><hAcc>1.359505</hAcc><vAcc>0.556943</vAcc></extensions></trkpt>
      <trkpt lon="114.407902" lat="33.667158"><ele>57.565722</ele><time>2026-02-12T00:00:18Z</time><extensions><speed>2.353948</speed><course>101.516996</course><hAcc>1.364855</hAcc><vAcc>0.556943</vAcc></extensions></trkpt>
      <trkpt lon="114.407927" lat="33.667153"><ele>57.555719</ele><time>2026-02-12T00:00:19Z</time><extensions><speed>2.436359</speed><course>103.779623</course><hAcc>1.367620</hAcc><vAcc>0.556943</vAcc></extensions></trkpt>
      <trkpt lon="114.407953" lat="33.667148"><ele>57.546456</ele><time>2026-02-12T00:00:20Z</time><extensions><speed>2.405046</speed><course>104.397580</course><hAcc>1.370581</hAcc><vAcc>0.556943</vAcc></extensions></trkpt>
      <trkpt lon="114.407978" lat="33.667142"><ele>57.537759</ele><time>2026-02-12T00:00:21Z</time><extensions><speed>2.407763</speed><course>104.355024</course><hAcc>1.368537</hAcc><vAcc>0.556943</vAcc></extensions></trkpt>
      <trkpt lon="114.408003" lat="33.667137"><ele>57.529498</ele><time>2026-02-12T00:00:22Z</time><extensions><speed>2.479737</speed><course>104.694783</course><hAcc>1.370734</hAcc><vAcc>0.556943</vAcc></extensions></trkpt>
      <trkpt lon="114.408029" lat="33.667131"><ele>57.521614</ele><time>2026-02-12T00:00:23Z</time><extensions><speed>2.489396</speed><course>105.111010</course><hAcc>1.373979</hAcc><vAcc>0.556943</vAcc></extensions></trkpt>
      <trkpt lon="114.408055" lat="33.667125"><ele>57.514138</ele><time>2026-02-12T00:00:24Z</time><extensions><speed>2.505355</speed><course>105.040633</course><hAcc>1.371519</hAcc><vAcc>0.556943</vAcc></extensions></trkpt>
      <trkpt lon="114.408082" lat="33.667119"><ele>57.507141</ele><time>2026-02-12T00:00:25Z</time><extensions><speed>2.540268</speed><course>104.483815</course><hAcc>1.375723</hAcc><vAcc>0.556943</vAcc></extensions></trkpt>
      <trkpt lon="114.408108" lat="33.667114"><ele>57.500646</ele><time>2026-02-12T00:00:26Z</time><extensions><speed>2.447411</speed><course>103.416585</course><hAcc>1.375976</hAcc><vAcc>0.556943</vAcc></extensions></trkpt>
      <trkpt lon="114.408133" lat="33.667109"><ele>57.494707</ele><time>2026-02-12T00:00:27Z</time><extensions><speed>2.392699</speed><course>102.784996</course><hAcc>1.370025</hAcc><vAcc>0.556943</vAcc></extensions></trkpt>
      <trkpt lon="114.408159" lat="33.667104"><ele>57.489449</ele><time>2026-02-12T00:00:28Z</time><extensions><speed>2.549086</speed><course>103.726549</course><hAcc>1.366707</hAcc><vAcc>0.556943</vAcc></extensions></trkpt>
      <trkpt lon="114.408186" lat="33.667098"><ele>57.485105</ele><time>2026-02-12T00:00:29Z</time><extensions><speed>2.630416</speed><course>103.774942</course><hAcc>1.366989</hAcc><vAcc>0.556943</vAcc></extensions></trkpt>
      <trkpt lon="114.408214" lat="33.667093"><ele>57.481901</ele><time>2026-02-12T00:00:30Z</time><extensions><speed>2.556770</speed><course>102.184860</course><hAcc>1.368083</hAcc><vAcc>0.556943</vAcc></extensions></trkpt>
      <trkpt lon="114.408241" lat="33.667089"><ele>57.479949</ele><time>2026-02-12T00:00:31Z</time><extensions><speed>2.538398</speed><course>100.818372</course><hAcc>1.368848</hAcc><vAcc>0.556943</vAcc></extensions></trkpt>
      <trkpt lon="114.408267" lat="33.667084"><ele>57.479279</ele><time>2026-02-12T00:00:32Z</time><extensions><speed>2.515355</speed><course>101.354903</course><hAcc>1.370229</hAcc><vAcc>0.556943</vAcc></extensions></trkpt>
      <trkpt lon="114.408294" lat="33.667080"><ele>57.479844</ele><time>2026-02-12T00:00:33Z</time><extensions><speed>2.518648</speed><course>101.566509</course><hAcc>1.374524</hAcc><vAcc>0.556943</vAcc></extensions></trkpt>
      <trkpt lon="114.408321" lat="33.667075"><ele>57.481518</ele><time>2026-02-12T00:00:34Z</time><extensions><speed>2.634663</speed><course>101.226671</course><hAcc>1.377351</hAcc><vAcc>0.556943</vAcc></extensions></trkpt>
      <trkpt lon="114.408349" lat="33.667071"><ele>57.484138</ele><time>2026-02-12T00:00:35Z</time><extensions><speed>2.633562</speed><course>100.335665</course><hAcc>1.380956</hAcc><vAcc>0.556943</vAcc></extensions></trkpt>
      <trkpt lon="114.408377" lat="33.667067"><ele>57.487594</ele><time>2026-02-12T00:00:36Z</time><extensions><speed>2.546444</speed><course>99.435696</course><hAcc>1.389895</hAcc><vAcc>0.556943</vAcc></extensions></trkpt>
      <trkpt lon="114.408405" lat="33.667063"><ele>57.491818</ele><time>2026-02-12T00:00:37Z</time><extensions><speed>2.652396</speed><course>98.762741</course><hAcc>1.393946</hAcc><vAcc>0.556943</vAcc></extensions></trkpt>
      <trkpt lon="114.408433" lat="33.667059"><ele>57.496720</ele><time>2026-02-12T00:00:38Z</time><extensions><speed>2.756100</speed><course>101.286341</course><hAcc>1.400920</hAcc><vAcc>0.556943</vAcc></extensions></trkpt>
      <trkpt lon="114.408462" lat="33.667054"><ele>57.502016</ele><time>2026-02-12T00:00:39Z</time><extensions><speed>2.679557</speed><course>102.781449</course><hAcc>1.404118</hAcc><vAcc>0.556943</vAcc></extensions></trkpt>
      <trkpt lon="114.408490" lat="33.667048"><ele>57.507427</ele><time>2026-02-12T00:00:40Z</time><extensions><speed>2.639355</speed><course>102.923418</course><hAcc>1.405949</hAcc><vAcc>0.556943</vAcc></extensions></trkpt>
      <trkpt lon="114.408518" lat="33.667043"><ele>57.512599</ele><time>2026-02-12T00:00:41Z</time><extensions><speed>2.650595</speed><course>103.196330</course><hAcc>1.405098</hAcc><vAcc>0.556943</vAcc></extensions></trkpt>
      <trkpt lon="114.408546" lat="33.667038"><ele>57.517130</ele><time>2026-02-12T00:00:42Z</time><extensions><speed>2.570131</speed><course>101.835458</course><hAcc>1.401611</hAcc><vAcc>0.556943</vAcc></extensions></trkpt>
      <trkpt lon="114.408573" lat="33.667033"><ele>57.520653</ele><time>2026-02-12T00:00:43Z</time><extensions><speed>2.612523</speed><course>99.571088</course><hAcc>1.399324</hAcc><vAcc>0.556943</vAcc></extensions></trkpt>
      <trkpt lon="114.408601" lat="33.667029"><ele>57.522950</ele><time>2026-02-12T00:00:44Z</time><extensions><speed>2.701294</speed><course>98.796928</course><hAcc>1.401396</hAcc><vAcc>0.556943</vAcc></extensions></trkpt>
      <trkpt lon="114.408630" lat="33.667026"><ele>57.523815</ele><time>2026-02-12T00:00:45Z</time><extensions><speed>2.578114</speed><course>98.013997</course><hAcc>1.402517</hAcc><vAcc>0.556943</vAcc></extensions></trkpt>
      <trkpt lon="114.408657" lat="33.667023"><ele>57.523232</ele><time>2026-02-12T00:00:46Z</time><extensions><speed>2.520732</speed><course>98.641018</course><hAcc>1.395367</hAcc><vAcc>0.556943</vAcc></extensions></trkpt>
      <trkpt lon="114.408684" lat="33.667019"><ele>57.521415</ele><time>2026-02-12T00:00:47Z</time><extensions><speed>2.548635</speed><course>100.187008</course><hAcc>1.389860</hAcc><vAcc>0.556943</vAcc></extensions></trkpt>
      <trkpt lon="114.408711" lat="33.667015"><ele>57.518601</ele><time>2026-02-12T00:00:48Z</time><extensions><speed>2.508955</speed><course>101.556198</course><hAcc>1.386662</hAcc><vAcc>0.556943</vAcc></extensions></trkpt>
      <trkpt lon="114.408738" lat="33.667010"><ele>57.514871</ele><time>2026-02-12T00:00:49Z</time><extensions><speed>2.546573</speed><course>101.644835</course><hAcc>1.384990</hAcc><vAcc>0.556943</vAcc></extensions></trkpt>
      <trkpt lon="114.408765" lat="33.667005"><ele>57.510387</ele><time>2026-02-12T00:00:50Z</time><extensions><speed>2.646273</speed><course>101.576424</course><hAcc>1.381638</hAcc><vAcc>0.556943</vAcc></extensions></trkpt>
      <trkpt lon="114.408793" lat="33.667001"><ele>57.505384</ele><time>2026-02-12T00:00:51Z</time><extensions><speed>2.583566</speed><course>101.717152</course><hAcc>1.376657</hAcc><vAcc>0.556943</vAcc></extensions></trkpt>
      <trkpt lon="114.408820" lat="33.666996"><ele>57.500123</ele><time>2026-02-12T00:00:52Z</time><extensions><speed>2.523690</speed><course>102.476680</course><hAcc>1.371042</hAcc><vAcc>0.556943</vAcc></extensions></trkpt>
      <trkpt lon="114.408846" lat="33.666991"><ele>57.494900</ele><time>2026-02-12T00:00:53Z</time><extensions><speed>2.588061</speed><course>103.315051</course><hAcc>1.370223</hAcc><vAcc>0.556943</vAcc></extensions></trkpt>
      <trkpt lon="114.408874" lat="33.666985"><ele>57.490090</ele><time>2026-02-12T00:00:54Z</time><extensions><speed>2.587926</speed><course>102.235726</course><hAcc>1.371372</hAcc><vAcc>0.556943</vAcc></extensions></trkpt>
      <trkpt lon="114.408901" lat="33.666981"><ele>57.486010</ele><time>2026-02-12T00:00:55Z</time><extensions><speed>2.590419</speed><course>100.557128</course><hAcc>1.364643</hAcc><vAcc>0.556943</vAcc></extensions></trkpt>
      <trkpt lon="114.408929" lat="33.666977"><ele>57.482837</ele><time>2026-02-12T00:00:56Z</time><extensions><speed>2.688470</speed><course>100.340354</course><hAcc>1.359492</hAcc><vAcc>0.556943</vAcc></extensions></trkpt>
      <trkpt lon="114.408957" lat="33.666972"><ele>57.480540</ele><time>2026-02-12T00:00:57Z</time><extensions><speed>2.608104</speed><course>101.391214</course><hAcc>1.363679</hAcc><vAcc>0.556943</vAcc></extensions></trkpt>
      <trkpt lon="114.408985" lat="33.666967"><ele>57.478984</ele><time>2026-02-12T00:00:58Z</time><extensions><speed>2.672865</speed><course>103.809725</course><hAcc>1.363995</hAcc><vAcc>0.556943</vAcc></extensions></trkpt>
      <trkpt lon="114.409013" lat="33.666960"><ele>57.477725</ele><time>2026-02-12T00:00:59Z</time><extensions><speed>2.762546</speed><course>106.749970</course><hAcc>1.361485</hAcc><vAcc>0.556943</vAcc></extensions></trkpt>
      <trkpt lon="114.409041" lat="33.666953"><ele>57.476233</ele><time>2026-02-12T00:01:00Z</time><extensions><speed>2.624103</speed><course>106.973600</course><hAcc>1.366048</hAcc><vAcc>0.556943</vAcc></extensions></trkpt>
      <trkpt lon="114.409068" lat="33.666947"><ele>57.473964</ele><time>2026-02-12T00:01:01Z</time><extensions><speed>2.573247</speed><course>105.539601</course><hAcc>1.369274</hAcc><vAcc>0.556943</vAcc></extensions></trkpt>
      <trkpt lon="114.409095" lat="33.666941"><ele>57.470126</ele><time>2026-02-12T00:01:02Z</time><extensions><speed>2.574594</speed><course>101.592197</course><hAcc>1.377300</hAcc><vAcc>0.556943</vAcc></extensions></trkpt>
      <trkpt lon="114.409123" lat="33.666937"><ele>57.463963</ele><time>2026-02-12T00:01:03Z</time><extensions><speed>2.587074</speed><course>98.549783</course><hAcc>1.385286</hAcc><vAcc>0.556942</vAcc></extensions></trkpt>
      <trkpt lon="114.409151" lat="33.666934"><ele>57.455515</ele><time>2026-02-12T00:01:04Z</time><extensions><speed>2.722968</speed><course>98.052815</course><hAcc>1.392223</hAcc><vAcc>0.556942</vAcc></extensions></trkpt>
      <trkpt lon="114.409180" lat="33.666931"><ele>57.445309</ele><time>2026-02-12T00:01:05Z</time><extensions><speed>2.759737</speed><course>98.216489</course><hAcc>1.396214</hAcc><vAcc>0.556942</vAcc></extensions></trkpt>
      <trkpt lon="114.409209" lat="33.666926"><ele>57.433847</ele><time>2026-02-12T00:01:06Z</time><extensions><speed>2.606889</speed><course>100.935366</course><hAcc>1.399854</hAcc><vAcc>0.556942</vAcc></extensions></trkpt>
      <trkpt lon="114.409235" lat="33.666922"><ele>57.421345</ele><time>2026-02-12T00:01:07Z</time><extensions><speed>2.406943</speed><course>103.838601</course><hAcc>1.407049</hAcc><vAcc>0.556942</vAcc></extensions></trkpt>
      <trkpt lon="114.409262" lat="33.666917"><ele>57.408161</ele><time>2026-02-12T00:01:08Z</time><extensions><speed>2.607782</speed><course>100.219695</course><hAcc>1.410463</hAcc><vAcc>0.556942</vAcc></extensions></trkpt>
      <trkpt lon="114.409290" lat="33.666914"><ele>57.394729</ele><time>2026-02-12T00:01:09Z</time><extensions><speed>2.611512</speed><course>95.982482</course><hAcc>1.397410</hAcc><vAcc>0.556942</vAcc></extensions></trkpt>
      <trkpt lon="114.409318" lat="33.666911"><ele>57.381575</ele><time>2026-02-12T00:01:10Z</time><extensions><speed>2.601965</speed><course>96.863540</course><hAcc>1.391680</hAcc><vAcc>0.556942</vAcc></extensions></trkpt>
      <trkpt lon="114.409345" lat="33.666908"><ele>57.369355</ele><time>2026-02-12T00:01:11Z</time><extensions><speed>2.474924</speed><course>97.662711</course><hAcc>1.392109</hAcc><vAcc>0.556942</vAcc></extensions></trkpt>
      <trkpt lon="114.409372" lat="33.666906"><ele>57.358541</ele><time>2026-02-12T00:01:12Z</time><extensions><speed>2.588599</speed><course>94.066952</course><hAcc>1.398689</hAcc><vAcc>0.556942</vAcc></extensions></trkpt>
      <trkpt lon="114.409400" lat="33.666904"><ele>57.349551</ele><time>2026-02-12T00:01:13Z</time><extensions><speed>2.700119</speed><course>93.243298</course><hAcc>1.404197</hAcc><vAcc>0.556942</vAcc></extensions></trkpt>
      <trkpt lon="114.409429" lat="33.666903"><ele>57.342520</ele><time>2026-02-12T00:01:14Z</time><extensions><speed>2.676078</speed><course>94.653444</course><hAcc>1.404264</hAcc><vAcc>0.556942</vAcc></extensions></trkpt>
      <trkpt lon="114.409458" lat="33.666900"><ele>57.337139</ele><time>2026-02-12T00:01:15Z</time><extensions><speed>2.741392</speed><course>96.546412</course><hAcc>1.401230</hAcc><vAcc>0.556942</vAcc></extensions></trkpt>
      <trkpt lon="114.409488" lat="33.666897"><ele>57.332775</ele><time>2026-02-12T00:01:16Z</time><extensions><speed>2.819063</speed><course>98.331529</course><hAcc>1.399737</hAcc><vAcc>0.556942</vAcc></extensions></trkpt>
      <trkpt lon="114.409518" lat="33.666894"><ele>57.328877</ele><time>2026-02-12T00:01:17Z</time><extensions><speed>2.716741</speed><course>97.751704</course><hAcc>1.404610</hAcc><vAcc>0.556942</vAcc></extensions></trkpt>
      <trkpt lon="114.409546" lat="33.666891"><ele>57.324875</ele><time>2026-02-12T00:01:18Z</time><extensions><speed>2.574454</speed><course>94.632273</course><hAcc>1.407025</hAcc><vAcc>0.556942</vAcc></extensions></trkpt>
      <trkpt lon="114.409574" lat="33.666889"><ele>57.320302</ele><time>2026-02-12T00:01:19Z</time><extensions><speed>2.672808</speed><course>94.466266</course><hAcc>1.402819</hAcc><vAcc>0.556942</vAcc></extensions></trkpt>
      <trkpt lon="114.409603" lat="33.666887"><ele>57.314939</ele><time>2026-02-12T00:01:20Z</time><extensions><speed>2.574145</speed><course>96.917494</course><hAcc>1.401099</hAcc><vAcc>0.556942</vAcc></extensions></trkpt>
      <trkpt lon="114.409630" lat="33.666884"><ele>57.308691</ele><time>2026-02-12T00:01:21Z</time><extensions><speed>2.550529</speed><course>97.000497</course><hAcc>1.395859</hAcc><vAcc>0.556942</vAcc></extensions></trkpt>
      <trkpt lon="114.409658" lat="33.666882"><ele>57.301873</ele><time>2026-02-12T00:01:22Z</time><extensions><speed>2.641609</speed><course>95.772969</course><hAcc>1.395025</hAcc><vAcc>0.556942</vAcc></extensions></trkpt>
      <trkpt lon="114.409686" lat="33.666879"><ele>57.295036</ele><time>2026-02-12T00:01:23Z</time><extensions><speed>2.588416</speed><course>94.290552</course><hAcc>1.394756</hAcc><vAcc>0.556942</vAcc></extensions></trkpt>
      <trkpt lon="114.409714" lat="33.666878"><ele>57.288903</ele><time>2026-02-12T00:01:24Z</time><extensions><speed>2.543784</speed><course>93.593055</course><hAcc>1.392828</hAcc><vAcc>0.556942</vAcc></extensions></trkpt>
      <trkpt lon="114.409742" lat="33.666877"><ele>57.284370</ele><time>2026-02-12T00:01:25Z</time><extensions><speed>2.660204</speed><course>93.048597</course><hAcc>1.396086</hAcc><vAcc>0.556942</vAcc></extensions></trkpt>
      <trkpt lon="114.409771" lat="33.666875"><ele>57.282385</ele><time>2026-02-12T00:01:26Z</time><extensions><speed>2.702653</speed><course>93.495029</course><hAcc>1.403327</hAcc><vAcc>0.556942</vAcc></extensions></trkpt>
      <trkpt lon="114.409799" lat="33.666873"><ele>57.283552</ele><time>2026-02-12T00:01:27Z</time><extensions><speed>2.658547</speed><course>94.641291</course><hAcc>1.411737</hAcc><vAcc>0.556942</vAcc></extensions></trkpt>
      <trkpt lon="114.409828" lat="33.666872"><ele>57.288226</ele><time>2026-02-12T00:01:28Z</time><extensions><speed>2.704977</speed><course>93.058701</course><hAcc>1.416161</hAcc><vAcc>0.556943</vAcc></extensions></trkpt>
      <trkpt lon="114.409857" lat="33.666871"><ele>57.296585</ele><time>2026-02-12T00:01:29Z</time><extensions><speed>2.673246</speed><course>90.748688</course><hAcc>1.421641</hAcc><vAcc>0.556943</vAcc></extensions></trkpt>
      <trkpt lon="114.409886" lat="33.666871"><ele>57.308442</ele><time>2026-02-12T00:01:30Z</time><extensions><speed>2.570277</speed><course>89.210865</course><hAcc>1.433131</hAcc><vAcc>0.556943</vAcc></extensions></trkpt>
      <trkpt lon="114.409913" lat="33.666872"><ele>57.323411</ele><time>2026-02-12T00:01:31Z</time><extensions><speed>2.565577</speed><course>87.600606</course><hAcc>1.438317</hAcc><vAcc>0.556943</vAcc></extensions></trkpt>
      <trkpt lon="114.409942" lat="33.666873"><ele>57.341006</ele><time>2026-02-12T00:01:32Z</time><extensions><speed>2.666313</speed><course>87.407822</course><hAcc>1.433852</hAcc><vAcc>0.556943</vAcc></extensions></trkpt>
      <trkpt lon="114.409970" lat="33.666874"><ele>57.360626</ele><time>2026-02-12T00:01:33Z</time><extensions><speed>2.639502</speed><course>87.629683</course><hAcc>1.431607</hAcc><vAcc>0.556943</vAcc></extensions></trkpt>
      <trkpt lon="114.409999" lat="33.666875"><ele>57.381526</ele><time>2026-02-12T00:01:34Z</time><extensions><speed>2.636964</speed><course>88.298180</course><hAcc>1.431178</hAcc><vAcc>0.556943</vAcc></extensions></trkpt>
      <trkpt lon="114.410027" lat="33.666875"><ele>57.402906</ele><time>2026-02-12T00:01:35Z</time><extensions><speed>2.681557</speed><course>88.540071</course><hAcc>1.429747</hAcc><vAcc>0.556943</vAcc></extensions></trkpt>
      <trkpt lon="114.410056" lat="33.666876"><ele>57.423986</ele><time>2026-02-12T00:01:36Z</time><extensions><speed>2.576218</speed><course>87.853395</course><hAcc>1.431668</hAcc><vAcc>0.556943</vAcc></extensions></trkpt>
      <trkpt lon="114.410083" lat="33.666877"><ele>57.443997</ele><time>2026-02-12T00:01:37Z</time><extensions><speed>2.482020</speed><course>86.720766</course><hAcc>1.431690</hAcc><vAcc>0.556943</vAcc></extensions></trkpt>
      <trkpt lon="114.410110" lat="33.666879"><ele>57.462246</ele><time>2026-02-12T00:01:38Z</time><extensions><speed>2.538683</speed><course>85.865754</course><hAcc>1.429533</hAcc><vAcc>0.556943</vAcc></extensions></trkpt>
      <trkpt lon="114.410137" lat="33.666880"><ele>57.478260</ele><time>2026-02-12T00:01:39Z</time><extensions><speed>2.564009</speed><course>86.006761</course><hAcc>1.429072</hAcc><vAcc>0.556943</vAcc></extensions></trkpt>
      <trkpt lon="114.410164" lat="33.666882"><ele>57.491839</ele><time>2026-02-12T00:01:40Z</time><extensions><speed>2.487036</speed><course>85.408604</course><hAcc>1.431125</hAcc><vAcc>0.556943</vAcc></extensions></trkpt>
      <trkpt lon="114.410192" lat="33.666884"><ele>57.502943</ele><time>2026-02-12T00:01:41Z</time><extensions><speed>2.556533</speed><course>84.973505</course><hAcc>1.429487</hAcc><vAcc>0.556943</vAcc></extensions></trkpt>
      <trkpt lon="114.410220" lat="33.666886"><ele>57.511740</ele><time>2026-02-12T00:01:42Z</time><extensions><speed>2.665171</speed><course>86.068935</course><hAcc>1.429823</hAcc><vAcc>0.556943</vAcc></extensions></trkpt>
      <trkpt lon="114.410248" lat="33.666887"><ele>57.518625</ele><time>2026-02-12T00:01:43Z</time><extensions><speed>2.540177</speed><course>85.868521</course><hAcc>1.433667</hAcc><vAcc>0.556943</vAcc></extensions></trkpt>
      <trkpt lon="114.410275" lat="33.666889"><ele>57.523997</ele><time>2026-02-12T00:01:44Z</time><extensions><speed>2.468616</speed><course>84.809739</course><hAcc>1.431987</hAcc><vAcc>0.556943</vAcc></extensions></trkpt>
      <trkpt lon="114.410301" lat="33.666892"><ele>57.528093</ele><time>2026-02-12T00:01:45Z</time><extensions><speed>2.492324</speed><course>83.267978</course><hAcc>1.430595</hAcc><vAcc>0.556943</vAcc></extensions></trkpt>
      <trkpt lon="114.410327" lat="33.666894"><ele>57.531146</ele><time>2026-02-12T00:01:46Z</time><extensions><speed>2.435080</speed><course>81.928587</course><hAcc>1.434624</hAcc><vAcc>0.556943</vAcc></extensions></trkpt>
      <trkpt lon="114.410353" lat="33.666898"><ele>57.533369</ele><time>2026-02-12T00:01:47Z</time><extensions><speed>2.434910</speed><course>79.898109</course><hAcc>1.436076</hAcc><vAcc>0.556943</vAcc></extensions></trkpt>
      <trkpt lon="114.410380" lat="33.666902"><ele>57.534894</ele><time>2026-02-12T00:01:48Z</time><extensions><speed>2.534814</speed><course>78.700920</course><hAcc>1.433194</hAcc><vAcc>0.556943</vAcc></extensions></trkpt>
      <trkpt lon="114.410406" lat="33.666907"><ele>57.535874</ele><time>2026-02-12T00:01:49Z</time><extensions><speed>2.496404</speed><course>77.369438</course><hAcc>1.434454</hAcc><vAcc>0.556943</vAcc></extensions></trkpt>
      <trkpt lon="114.410432" lat="33.666912"><ele>57.536421</ele><time>2026-02-12T00:01:50Z</time><extensions><speed>2.511283</speed><course>75.052384</course><hAcc>1.433695</hAcc><vAcc>0.556943</vAcc></extensions></trkpt>
      <trkpt lon="114.410459" lat="33.666918"><ele>57.536575</ele><time>2026-02-12T00:01:51Z</time><extensions><speed>2.566876</speed><course>73.276053</course><hAcc>1.431237</hAcc><vAcc>0.556943</vAcc></extensions></trkpt>
      <trkpt lon="114.410485" lat="33.666925"><ele>57.536343</ele><time>2026-02-12T00:01:52Z</time><extensions><speed>2.537284</speed><course>75.269245</course><hAcc>1.430151</hAcc><vAcc>0.556943</vAcc></extensions></trkpt>
      <trkpt lon="114.410512" lat="33.666930"><ele>57.535899</ele><time>2026-02-12T00:01:53Z</time><extensions><speed>2.581849</speed><course>78.664769</course><hAcc>1.426863</hAcc><vAcc>0.556943</vAcc></extensions></trkpt>
      <trkpt lon="114.410539" lat="33.666934"><ele>57.535316</ele><time>2026-02-12T00:01:54Z</time><extensions><speed>2.562515</speed><course>80.666281</course><hAcc>1.423944</hAcc><vAcc>0.556943</vAcc></extensions></trkpt>
      <trkpt lon="114.410565" lat="33.666937"><ele>57.534389</ele><time>2026-02-12T00:01:55Z</time><extensions><speed>2.312517</speed><course>80.593788</course><hAcc>1.416569</hAcc><vAcc>0.556943</vAcc></extensions></trkpt>
      <trkpt lon="114.410589" lat="33.666941"><ele>57.532807</ele><time>2026-02-12T00:01:56Z</time><extensions><speed>2.265590</speed><course>80.398667</course><hAcc>1.409773</hAcc><vAcc>0.556943</vAcc></extensions></trkpt>
      <trkpt lon="114.410614" lat="33.666944"><ele>57.530320</ele><time>2026-02-12T00:01:57Z</time><extensions><speed>2.373918</speed><course>79.863011</course><hAcc>1.407815</hAcc><vAcc>0.556943</vAcc></extensions></trkpt>
      <trkpt lon="114.410639" lat="33.666949"><ele>57.526689</ele><time>2026-02-12T00:01:58Z</time><extensions><speed>2.372597</speed><course>78.414265</course><hAcc>1.402915</hAcc><vAcc>0.556943</vAcc></extensions></trkpt>
      <trkpt lon="114.410664" lat="33.666953"><ele>57.521743</ele><time>2026-02-12T00:01:59Z</time><extensions><speed>2.412108</speed><course>77.511895</course><hAcc>1.394162</hAcc><vAcc>0.556943</vAcc></extensions></trkpt>
      <trkpt lon="114.410690" lat="33.666957"><ele>57.515488</ele><time>2026-02-12T00:02:00Z</time><extensions><speed>2.462330</speed><course>79.328892</course><hAcc>1.384127</hAcc><vAcc>0.556943</vAcc></extensions></trkpt>
      <trkpt lon="114.410716" lat="33.666961"><ele>57.508062</ele><time>2026-02-12T00:02:01Z</time><extensions><speed>2.374336</speed><course>79.594199</course><hAcc>1.373451</hAcc><vAcc>0.556943</vAcc></extensions></trkpt>
      <trkpt lon="114.410741" lat="33.666965"><ele>57.499581</ele><time>2026-02-12T00:02:02Z</time><extensions><speed>2.363458</speed><course>79.500125</course><hAcc>1.364582</hAcc><vAcc>0.556943</vAcc></extensions></trkpt>
      <trkpt lon="114.410766" lat="33.666969"><ele>57.490118</ele><time>2026-02-12T00:02:03Z</time><extensions><speed>2.501883</speed><course>79.919609</course><hAcc>1.356282</hAcc><vAcc>0.556943</vAcc></extensions></trkpt>
      <trkpt lon="114.410793" lat="33.666973"><ele>57.479718</ele><time>2026-02-12T00:02:04Z</time><extensions><speed>2.448685</speed><course>78.826870</course><hAcc>1.350903</hAcc><vAcc>0.556943</vAcc></extensions></trkpt>
      <trkpt lon="114.410818" lat="33.666978"><ele>57.468476</ele><time>2026-02-12T00:02:05Z</time><extensions><speed>2.316685</speed><course>77.015580</course><hAcc>1.348489</hAcc><vAcc>0.556943</vAcc></extensions></trkpt>
      <trkpt lon="114.410842" lat="33.666982"><ele>57.456603</ele><time>2026-02-12T00:02:06Z</time><extensions><speed>2.345078</speed><course>77.416878</course><hAcc>1.350514</hAcc><vAcc>0.556943</vAcc></extensions></trkpt>
      <trkpt lon="114.410866" lat="33.666987"><ele>57.444399</ele><time>2026-02-12T00:02:07Z</time><extensions><speed>2.270539</speed><course>79.177088</course><hAcc>1.360512</hAcc><vAcc>0.556943</vAcc></extensions></trkpt>
      <trkpt lon="114.410890" lat="33.666990"><ele>57.432216</ele><time>2026-02-12T00:02:08Z</time><extensions><speed>2.222314</speed><course>80.481733</course><hAcc>1.367585</hAcc><vAcc>0.556943</vAcc></extensions></trkpt>
      <trkpt lon="114.410914" lat="33.666994"><ele>57.420428</ele><time>2026-02-12T00:02:09Z</time><extensions><speed>2.215468</speed><course>79.942618</course><hAcc>1.372129</hAcc><vAcc>0.556943</vAcc></extensions></trkpt>
      <trkpt lon="114.410937" lat="33.666998"><ele>57.409439</ele><time>2026-02-12T00:02:10Z</time><extensions><speed>2.108846</speed><course>76.968198</course><hAcc>1.382512</hAcc><vAcc>0.556943</vAcc></extensions></trkpt>
      <trkpt lon="114.410959" lat="33.667003"><ele>57.399689</ele><time>2026-02-12T00:02:11Z</time><extensions><speed>2.161841</speed><course>72.440286</course><hAcc>1.390208</hAcc><vAcc>0.556943</vAcc></extensions></trkpt>
      <trkpt lon="114.410981" lat="33.667009"><ele>57.391525</ele><time>2026-02-12T00:02:12Z</time><extensions><speed>2.292393</speed><course>70.897482</course><hAcc>1.400016</hAcc><vAcc>0.556943</vAcc></extensions></trkpt>
      <trkpt lon="114.411005" lat="33.667016"><ele>57.385042</ele><time>2026-02-12T00:02:13Z</time><extensions><speed>2.278060</speed><course>71.324260</course><hAcc>1.406667</hAcc><vAcc>0.556943</vAcc></extensions></trkpt>
      <trkpt lon="114.411028" lat="33.667022"><ele>57.380229</ele><time>2026-02-12T00:02:14Z</time><extensions><speed>2.201404</speed><course>70.650810</course><hAcc>1.407098</hAcc><vAcc>0.556943</vAcc></extensions></trkpt>
      <trkpt lon="114.411049" lat="33.667029"><ele>57.376966</ele><time>2026-02-12T00:02:15Z</time><extensions><speed>2.051044</speed><course>67.934878</course><hAcc>1.404982</hAcc><vAcc>0.556943</vAcc></extensions></trkpt>
      <trkpt lon="114.411069" lat="33.667036"><ele>57.374903</ele><time>2026-02-12T00:02:16Z</time><extensions><speed>1.970143</speed><course>65.470234</course><hAcc>1.408410</hAcc><vAcc>0.556943</vAcc></extensions></trkpt>
      <trkpt lon="114.411089" lat="33.667044"><ele>57.373651</ele><time>2026-02-12T00:02:17Z</time><extensions><speed>2.092962</speed><course>64.599733</course><hAcc>1.404721</hAcc><vAcc>0.556943</vAcc></extensions></trkpt>
      <trkpt lon="114.411109" lat="33.667052"><ele>57.373115</ele><time>2026-02-12T00:02:18Z</time><extensions><speed>2.136757</speed><course>64.113882</course><hAcc>1.396215</hAcc><vAcc>0.556943</vAcc></extensions></trkpt>
      <trkpt lon="114.411130" lat="33.667060"><ele>57.373312</ele><time>2026-02-12T00:02:19Z</time><extensions><speed>2.109003</speed><course>63.770685</course><hAcc>1.392147</hAcc><vAcc>0.556943</vAcc></extensions></trkpt>
      <trkpt lon="114.411151" lat="33.667069"><ele>57.374234</ele><time>2026-02-12T00:02:20Z</time><extensions><speed>2.190101</speed><course>64.064119</course><hAcc>1.395242</hAcc><vAcc>0.556943</vAcc></extensions></trkpt>
      <trkpt lon="114.411172" lat="33.667077"><ele>57.375932</ele><time>2026-02-12T00:02:21Z</time><extensions><speed>2.156511</speed><course>64.767441</course><hAcc>1.397708</hAcc><vAcc>0.556943</vAcc></extensions></trkpt>
      <trkpt lon="114.411193" lat="33.667085"><ele>57.378466</ele><time>2026-02-12T00:02:22Z</time><extensions><speed>2.144801</speed><course>67.531530</course><hAcc>1.394843</hAcc><vAcc>0.556943</vAcc></extensions></trkpt>
      <trkpt lon="114.411215" lat="33.667092"><ele>57.381870</ele><time>2026-02-12T00:02:23Z</time><extensions><speed>2.241665</speed><course>70.274293</course><hAcc>1.398628</hAcc><vAcc>0.556943</vAcc></extensions></trkpt>
      <trkpt lon="114.411238" lat="33.667099"><ele>57.386218</ele><time>2026-02-12T00:02:24Z</time><extensions><speed>2.200388</speed><course>70.310944</course><hAcc>1.402693</hAcc><vAcc>0.556943</vAcc></extensions></trkpt>
      <trkpt lon="114.411260" lat="33.667106"><ele>57.391676</ele><time>2026-02-12T00:02:25Z</time><extensions><speed>2.196131</speed><course>68.221292</course><hAcc>1.411522</hAcc><vAcc>0.556943</vAcc></extensions></trkpt>
      <trkpt lon="114.411282" lat="33.667114"><ele>57.398397</ele><time>2026-02-12T00:02:26Z</time><extensions><speed>2.238908</speed><course>66.709335</course><hAcc>1.415337</hAcc><vAcc>0.556943</vAcc></extensions></trkpt>
      <trkpt lon="114.411304" lat="33.667122"><ele>57.406567</ele><time>2026-02-12T00:02:27Z</time><extensions><speed>2.248133</speed><course>68.357937</course><hAcc>1.422626</hAcc><vAcc>0.556943</vAcc></extensions></trkpt>
      <trkpt lon="114.411327" lat="33.667129"><ele>57.416279</ele><time>2026-02-12T00:02:28Z</time><extensions><speed>2.303521</speed><course>69.572783</course><hAcc>1.430161</hAcc><vAcc>0.556943</vAcc></extensions></trkpt>
      <trkpt lon="114.411350" lat="33.667136"><ele>57.427460</ele><time>2026-02-12T00:02:29Z</time><extensions><speed>2.330724</speed><course>68.601392</course><hAcc>1.430212</hAcc><vAcc>0.556943</vAcc></extensions></trkpt>
      <trkpt lon="114.411373" lat="33.667144"><ele>57.439900</ele><time>2026-02-12T00:02:30Z</time><extensions><speed>2.232131</speed><course>67.821248</course><hAcc>1.432383</hAcc><vAcc>0.556943</vAcc></extensions></trkpt>
      <trkpt lon="114.411396" lat="33.667152"><ele>57.453115</ele><time>2026-02-12T00:02:31Z</time><extensions><speed>2.257802</speed><course>67.622641</course><hAcc>1.438722</hAcc><vAcc>0.556943</vAcc></extensions></trkpt>
      <trkpt lon="114.411418" lat="33.667159"><ele>57.466545</ele><time>2026-02-12T00:02:32Z</time><extensions><speed>2.296944</speed><course>68.410302</course><hAcc>1.451808</hAcc><vAcc>0.556943</vAcc></extensions></trkpt>
      <trkpt lon="114.411441" lat="33.667167"><ele>57.479706</ele><time>2026-02-12T00:02:33Z</time><extensions><speed>2.221788</speed><course>67.734482</course><hAcc>1.458562</hAcc><vAcc>0.556943</vAcc></extensions></trkpt>
      <trkpt lon="114.411463" lat="33.667175"><ele>57.492289</ele><time>2026-02-12T00:02:34Z</time><extensions><speed>2.260943</speed><course>66.807618</course><hAcc>1.454708</hAcc><vAcc>0.556943</vAcc></extensions></trkpt>
      <trkpt lon="114.411486" lat="33.667183"><ele>57.504027</ele><time>2026-02-12T00:02:35Z</time><extensions><speed>2.293338</speed><course>65.895907</course><hAcc>1.451763</hAcc><vAcc>0.556943</vAcc></extensions></trkpt>
      <trkpt lon="114.411508" lat="33.667191"><ele>57.514568</ele><time>2026-02-12T00:02:36Z</time><extensions><speed>2.246803</speed><course>66.720496</course><hAcc>1.445572</hAcc><vAcc>0.556943</vAcc></extensions></trkpt>
      <trkpt lon="114.411531" lat="33.667199"><ele>57.523626</ele><time>2026-02-12T00:02:37Z</time><extensions><speed>2.333271</speed><course>67.915884</course><hAcc>1.439738</hAcc><vAcc>0.556943</vAcc></extensions></trkpt>
      <trkpt lon="114.411554" lat="33.667207"><ele>57.531084</ele><time>2026-02-12T00:02:38Z</time><extensions><speed>2.259161</speed><course>68.088742</course><hAcc>1.438518</hAcc><vAcc>0.556943</vAcc></extensions></trkpt>
      <trkpt lon="114.411576" lat="33.667215"><ele>57.537103</ele><time>2026-02-12T00:02:39Z</time><extensions><speed>2.183085</speed><course>67.498663</course><hAcc>1.433341</hAcc><vAcc>0.556943</vAcc></extensions></trkpt>
      <trkpt lon="114.411598" lat="33.667222"><ele>57.541917</ele><time>2026-02-12T00:02:40Z</time><extensions><speed>2.286659</speed><course>66.653999</course><hAcc>1.430475</hAcc><vAcc>0.556943</vAcc></extensions></trkpt>
      <trkpt lon="114.411621" lat="33.667231"><ele>57.545435</ele><time>2026-02-12T00:02:41Z</time><extensions><speed>2.303536</speed><course>64.663303</course><hAcc>1.424740</hAcc><vAcc>0.556943</vAcc></extensions></trkpt>
      <trkpt lon="114.411644" lat="33.667240"><ele>57.547503</ele><time>2026-02-12T00:02:42Z</time><extensions><speed>2.423481</speed><course>67.839098</course><hAcc>1.421072</hAcc><vAcc>0.556943</vAcc></extensions></trkpt>
      <trkpt lon="114.411669" lat="33.667247"><ele>57.548064</ele><time>2026-02-12T00:02:43Z</time><extensions><speed>2.414190</speed><course>71.524133</course><hAcc>1.416077</hAcc><vAcc>0.556943</vAcc></extensions></trkpt>
      <trkpt lon="114.411693" lat="33.667254"><ele>57.547335</ele><time>2026-02-12T00:02:44Z</time><extensions><speed>2.286277</speed><course>72.738204</course><hAcc>1.409831</hAcc><vAcc>0.556943</vAcc></extensions></trkpt>
      <trkpt lon="114.411717" lat="33.667260"><ele>57.545463</ele><time>2026-02-12T00:02:45Z</time><extensions><speed>2.315919</speed><course>72.620075</course><hAcc>1.403785</hAcc><vAcc>0.556943</vAcc></extensions></trkpt>
      <trkpt lon="114.411740" lat="33.667266"><ele>57.542618</ele><time>2026-02-12T00:02:46Z</time><extensions><speed>2.318915</speed><course>72.104679</course><hAcc>1.406357</hAcc><vAcc>0.556943</vAcc></extensions></trkpt>
      <trkpt lon="114.411764" lat="33.667273"><ele>57.538985</ele><time>2026-02-12T00:02:47Z</time><extensions><speed>2.369099</speed><course>70.836296</course><hAcc>1.410833</hAcc><vAcc>0.556943</vAcc></extensions></trkpt>
      <trkpt lon="114.411789" lat="33.667280"><ele>57.534726</ele><time>2026-02-12T00:02:48Z</time><extensions><speed>2.489302</speed><course>69.892154</course><hAcc>1.412574</hAcc><vAcc>0.556943</vAcc></extensions></trkpt>
      <trkpt lon="114.411814" lat="33.667288"><ele>57.529804</ele><time>2026-02-12T00:02:49Z</time><extensions><speed>2.452094</speed><course>69.284848</course><hAcc>1.416098</hAcc><vAcc>0.556943</vAcc></extensions></trkpt>
      <trkpt lon="114.411839" lat="33.667296"><ele>57.524196</ele><time>2026-02-12T00:02:50Z</time><extensions><speed>2.414568</speed><course>69.017019</course><hAcc>1.414010</hAcc><vAcc>0.556943</vAcc></extensions></trkpt>
      <trkpt lon="114.411863" lat="33.667304"><ele>57.517834</ele><time>2026-02-12T00:02:51Z</time><extensions><speed>2.404701</speed><course>68.756045</course><hAcc>1.409744</hAcc><vAcc>0.556943</vAcc></extensions></trkpt>
      <trkpt lon="114.411886" lat="33.667312"><ele>57.510667</ele><time>2026-02-12T00:02:52Z</time><extensions><speed>2.291008</speed><course>67.295243</course><hAcc>1.402992</hAcc><vAcc>0.556943</vAcc></extensions></trkpt>
      <trkpt lon="114.411909" lat="33.667320"><ele>57.502694</ele><time>2026-02-12T00:02:53Z</time><extensions><speed>2.302703</speed><course>67.489141</course><hAcc>1.399048</hAcc><vAcc>0.556943</vAcc></extensions></trkpt>
      <trkpt lon="114.411933" lat="33.667328"><ele>57.493780</ele><time>2026-02-12T00:02:54Z</time><extensions><speed>2.355342</speed><course>67.317353</course><hAcc>1.390747</hAcc><vAcc>0.556943</vAcc></extensions></trkpt>
      <trkpt lon="114.411955" lat="33.667336"><ele>57.483718</ele><time>2026-02-12T00:02:55Z</time><extensions><speed>2.244426</speed><course>66.579485</course><hAcc>1.380515</hAcc><vAcc>0.556943</vAcc></extensions></trkpt>
      <trkpt lon="114.411978" lat="33.667344"><ele>57.472346</ele><time>2026-02-12T00:02:56Z</time><extensions><speed>2.278611</speed><course>66.427279</course><hAcc>1.374868</hAcc><vAcc>0.556943</vAcc></extensions></trkpt>
      <trkpt lon="114.412001" lat="33.667352"><ele>57.459604</ele><time>2026-02-12T00:02:57Z</time><extensions><speed>2.343164</speed><course>67.311162</course><hAcc>1.366238</hAcc><vAcc>0.556943</vAcc></extensions></trkpt>
      <trkpt lon="114.412024" lat="33.667360"><ele>57.445406</ele><time>2026-02-12T00:02:58Z</time><extensions><speed>2.273397</speed><course>67.368031</course><hAcc>1.356474</hAcc><vAcc>0.556943</vAcc></extensions></trkpt>
      <trkpt lon="114.412047" lat="33.667368"><ele>57.429685</ele><time>2026-02-12T00:02:59Z</time><extensions><speed>2.301145</speed><course>67.830495</course><hAcc>1.350673</hAcc><vAcc>0.556943</vAcc></extensions></trkpt>
      <trkpt lon="114.412070" lat="33.667376"><ele>57.412452</ele><time>2026-02-12T00:03:00Z</time><extensions><speed>2.339703</speed><course>69.201046</course><hAcc>1.344137</hAcc><vAcc>0.556943</vAcc></extensions></trkpt>
      <trkpt lon="114.412094" lat="33.667383"><ele>57.393675</ele><time>2026-02-12T00:03:01Z</time><extensions><speed>2.353148</speed><course>71.262078</course><hAcc>1.333673</hAcc><vAcc>0.556943</vAcc></extensions></trkpt>
      <trkpt lon="114.412119" lat="33.667390"><ele>57.373178</ele><time>2026-02-12T00:03:02Z</time><extensions><speed>2.502624</speed><course>73.562219</course><hAcc>1.322260</hAcc><vAcc>0.556943</vAcc></extensions></trkpt>
      <trkpt lon="114.412145" lat="33.667396"><ele>57.350883</ele><time>2026-02-12T00:03:03Z</time><extensions><speed>2.507356</speed><course>74.763125</course><hAcc>1.313594</hAcc><vAcc>0.556943</vAcc></extensions></trkpt>
      <trkpt lon="114.412171" lat="33.667401"><ele>57.327196</ele><time>2026-02-12T00:03:04Z</time><extensions><speed>2.441419</speed><course>75.670156</course><hAcc>1.306609</hAcc><vAcc>0.556943</vAcc></extensions></trkpt>
      <trkpt lon="114.412196" lat="33.667407"><ele>57.302631</ele><time>2026-02-12T00:03:05Z</time><extensions><speed>2.442551</speed><course>74.435062</course><hAcc>1.301050</hAcc><vAcc>0.556943</vAcc></extensions></trkpt>
      <trkpt lon="114.412221" lat="33.667413"><ele>57.277835</ele><time>2026-02-12T00:03:06Z</time><extensions><speed>2.357900</speed><course>72.212146</course><hAcc>1.297293</hAcc><vAcc>0.556943</vAcc></extensions></trkpt>
      <trkpt lon="114.412245" lat="33.667420"><ele>57.253875</ele><time>2026-02-12T00:03:07Z</time><extensions><speed>2.360609</speed><course>70.799648</course><hAcc>1.292136</hAcc><vAcc>0.556943</vAcc></extensions></trkpt>
      <trkpt lon="114.412269" lat="33.667427"><ele>57.231728</ele><time>2026-02-12T00:03:08Z</time><extensions><speed>2.365355</speed><course>69.903603</course><hAcc>1.292985</hAcc><vAcc>0.556943</vAcc></extensions></trkpt>
      <trkpt lon="114.412293" lat="33.667435"><ele>57.211721</ele><time>2026-02-12T00:03:09Z</time><extensions><speed>2.309021</speed><course>69.570877</course><hAcc>1.297839</hAcc><vAcc>0.556942</vAcc></extensions></trkpt>
      <trkpt lon="114.412316" lat="33.667442"><ele>57.193946</ele><time>2026-02-12T00:03:10Z</time><extensions><speed>2.372907</speed><course>69.236308</course><hAcc>1.302019</hAcc><vAcc>0.556942</vAcc></extensions></trkpt>
      <trkpt lon="114.412340" lat="33.667450"><ele>57.178525</ele><time>2026-02-12T00:03:11Z</time><extensions><speed>2.431642</speed><course>69.124690</course><hAcc>1.304817</hAcc><vAcc>0.556941</vAcc></extensions></trkpt>
      <trkpt lon="114.412364" lat="33.667457"><ele>57.165564</ele><time>2026-02-12T00:03:12Z</time><extensions><speed>2.340839</speed><course>68.727999</course><hAcc>1.308517</hAcc><vAcc>0.556941</vAcc></extensions></trkpt>
      <trkpt lon="114.412388" lat="33.667465"><ele>57.155145</ele><time>2026-02-12T00:03:13Z</time><extensions><speed>2.432197</speed><course>69.911586</course><hAcc>1.315303</hAcc><vAcc>0.556941</vAcc></extensions></trkpt>
      <trkpt lon="114.412413" lat="33.667473"><ele>57.147460</ele><time>2026-02-12T00:03:14Z</time><extensions><speed>2.424883</speed><course>69.824786</course><hAcc>1.321013</hAcc><vAcc>0.556940</vAcc></extensions></trkpt>
      <trkpt lon="114.412437" lat="33.667480"><ele>57.142628</ele><time>2026-02-12T00:03:15Z</time><extensions><speed>2.318605</speed><course>69.704690</course><hAcc>1.328981</hAcc><vAcc>0.556940</vAcc></extensions></trkpt>
      <trkpt lon="114.412460" lat="33.667487"><ele>57.140511</ele><time>2026-02-12T00:03:16Z</time><extensions><speed>2.311832</speed><course>69.033483</course><hAcc>1.335012</hAcc><vAcc>0.556939</vAcc></extensions></trkpt>
      <trkpt lon="114.412483" lat="33.667495"><ele>57.140666</ele><time>2026-02-12T00:03:17Z</time><extensions><speed>2.249301</speed><course>67.547888</course><hAcc>1.342859</hAcc><vAcc>0.556937</vAcc></extensions></trkpt>
      <trkpt lon="114.412506" lat="33.667503"><ele>57.142520</ele><time>2026-02-12T00:03:18Z</time><extensions><speed>2.240378</speed><course>66.655786</course><hAcc>1.345518</hAcc><vAcc>0.556935</vAcc></extensions></trkpt>
      <trkpt lon="114.412528" lat="33.667511"><ele>57.145406</ele><time>2026-02-12T00:03:19Z</time><extensions><speed>2.322092</speed><course>65.861841</course><hAcc>1.341869</hAcc><vAcc>0.556935</vAcc></extensions></trkpt>
      <trkpt lon="114.412551" lat="33.667519"><ele>57.148687</ele><time>2026-02-12T00:03:20Z</time><extensions><speed>2.286794</speed><course>67.068612</course><hAcc>1.341913</hAcc><vAcc>0.556938</vAcc></extensions></trkpt>
      <trkpt lon="114.412574" lat="33.667527"><ele>57.151953</ele><time>2026-02-12T00:03:21Z</time><extensions><speed>2.268601</speed><course>69.421109</course><hAcc>1.341732</hAcc><vAcc>0.556940</vAcc></extensions></trkpt>
      <trkpt lon="114.412597" lat="33.667534"><ele>57.155082</ele><time>2026-02-12T00:03:22Z</time><extensions><speed>2.327329</speed><course>71.276619</course><hAcc>1.338599</hAcc><vAcc>0.556942</vAcc></extensions></trkpt>
      <trkpt lon="114.412621" lat="33.667541"><ele>57.158038</ele><time>2026-02-12T00:03:23Z</time><extensions><speed>2.305380</speed><course>71.480558</course><hAcc>1.337835</hAcc><vAcc>0.556943</vAcc></extensions></trkpt>
      <trkpt lon="114.412645" lat="33.667548"><ele>57.160825</ele><time>2026-02-12T00:03:24Z</time><extensions><speed>2.380637</speed><course>70.462060</course><hAcc>1.341879</hAcc><vAcc>0.556944</vAcc></extensions></trkpt>
      <trkpt lon="114.412669" lat="33.667555"><ele>57.163457</ele><time>2026-02-12T00:03:25Z</time><extensions><speed>2.417430</speed><course>70.926903</course><hAcc>1.343811</hAcc><vAcc>0.556944</vAcc></extensions></trkpt>
      <trkpt lon="114.412693" lat="33.667561"><ele>57.165898</ele><time>2026-02-12T00:03:26Z</time><extensions><speed>2.314081</speed><course>72.274936</course><hAcc>1.346565</hAcc><vAcc>0.556945</vAcc></extensions></trkpt>
      <trkpt lon="114.412717" lat="33.667568"><ele>57.167755</ele><time>2026-02-12T00:03:27Z</time><extensions><speed>2.301762</speed><course>72.619573</course><hAcc>1.349283</hAcc><vAcc>0.556945</vAcc></extensions></trkpt>
      <trkpt lon="114.412741" lat="33.667574"><ele>57.168626</ele><time>2026-02-12T00:03:28Z</time><extensions><speed>2.324845</speed><course>73.045344</course><hAcc>1.357892</hAcc><vAcc>0.556945</vAcc></extensions></trkpt>
      <trkpt lon="114.412765" lat="33.667580"><ele>57.168247</ele><time>2026-02-12T00:03:29Z</time><extensions><speed>2.295024</speed><course>72.884082</course><hAcc>1.362402</hAcc><vAcc>0.556945</vAcc></extensions></trkpt>
      <trkpt lon="114.412789" lat="33.667586"><ele>57.166596</ele><time>2026-02-12T00:03:30Z</time><extensions><speed>2.388569</speed><course>71.928051</course><hAcc>1.362229</hAcc><vAcc>0.556945</vAcc></extensions></trkpt>
      <trkpt lon="114.412813" lat="33.667593"><ele>57.163693</ele><time>2026-02-12T00:03:31Z</time><extensions><speed>2.385809</speed><course>72.794758</course><hAcc>1.366096</hAcc><vAcc>0.556945</vAcc></extensions></trkpt>
      <trkpt lon="114.412837" lat="33.667599"><ele>57.159492</ele><time>2026-02-12T00:03:32Z</time><extensions><speed>2.347355</speed><course>72.545529</course><hAcc>1.365668</hAcc><vAcc>0.556945</vAcc></extensions></trkpt>
      <trkpt lon="114.412862" lat="33.667606"><ele>57.153914</ele><time>2026-02-12T00:03:33Z</time><extensions><speed>2.382682</speed><course>72.421846</course><hAcc>1.367416</hAcc><vAcc>0.556945</vAcc></extensions></trkpt>
      <trkpt lon="114.412886" lat="33.667612"><ele>57.146874</ele><time>2026-02-12T00:03:34Z</time><extensions><speed>2.289542</speed><course>72.467925</course><hAcc>1.371949</hAcc><vAcc>0.556945</vAcc></extensions></trkpt>
      <trkpt lon="114.412910" lat="33.667618"><ele>57.138291</ele><time>2026-02-12T00:03:35Z</time><extensions><speed>2.337166</speed><course>73.066801</course><hAcc>1.374644</hAcc><vAcc>0.556945</vAcc></extensions></trkpt>
      <trkpt lon="114.412934" lat="33.667624"><ele>57.128112</ele><time>2026-02-12T00:03:36Z</time><extensions><speed>2.364999</speed><course>74.660117</course><hAcc>1.373102</hAcc><vAcc>0.556945</vAcc></extensions></trkpt>
      <trkpt lon="114.412958" lat="33.667629"><ele>57.116496</ele><time>2026-02-12T00:03:37Z</time><extensions><speed>2.264700</speed><course>76.382173</course><hAcc>1.375197</hAcc><vAcc>0.556945</vAcc></extensions></trkpt>
      <trkpt lon="114.412981" lat="33.667634"><ele>57.103754</ele><time>2026-02-12T00:03:38Z</time><extensions><speed>2.198979</speed><course>77.953678</course><hAcc>1.374284</hAcc><vAcc>0.556945</vAcc></extensions></trkpt>
      <trkpt lon="114.413004" lat="33.667638"><ele>57.090256</ele><time>2026-02-12T00:03:39Z</time><extensions><speed>2.132321</speed><course>78.523121</course><hAcc>1.374668</hAcc><vAcc>0.556945</vAcc></extensions></trkpt>
      <trkpt lon="114.413026" lat="33.667641"><ele>57.076406</ele><time>2026-02-12T00:03:40Z</time><extensions><speed>1.994533</speed><course>78.793016</course><hAcc>1.373030</hAcc><vAcc>0.556944</vAcc></extensions></trkpt>
      <trkpt lon="114.413047" lat="33.667645"><ele>57.062586</ele><time>2026-02-12T00:03:41Z</time><extensions><speed>1.972004</speed><course>77.190429</course><hAcc>1.377289</hAcc><vAcc>0.556944</vAcc></extensions></trkpt>
      <trkpt lon="114.413066" lat="33.667650"><ele>57.049186</ele><time>2026-02-12T00:03:42Z</time><extensions><speed>1.782630</speed><course>71.020168</course><hAcc>1.378086</hAcc><vAcc>0.556944</vAcc></extensions></trkpt>
      <trkpt lon="114.413085" lat="33.667656"><ele>57.036612</ele><time>2026-02-12T00:03:43Z</time><extensions><speed>1.857748</speed><course>66.947138</course><hAcc>1.380179</hAcc><vAcc>0.556944</vAcc></extensions></trkpt>
      <trkpt lon="114.413105" lat="33.667663"><ele>57.025263</ele><time>2026-02-12T00:03:44Z</time><extensions><speed>2.193708</speed><course>67.000651</course><hAcc>1.376872</hAcc><vAcc>0.556944</vAcc></extensions></trkpt>
      <trkpt lon="114.413127" lat="33.667670"><ele>57.015904</ele><time>2026-02-12T00:03:45Z</time><extensions><speed>2.295643</speed><course>69.723235</course><hAcc>1.374284</hAcc><vAcc>0.556944</vAcc></extensions></trkpt>
      <trkpt lon="114.413151" lat="33.667677"><ele>57.009227</ele><time>2026-02-12T00:03:46Z</time><extensions><speed>2.280974</speed><course>71.215931</course><hAcc>1.373363</hAcc><vAcc>0.556944</vAcc></extensions></trkpt>
      <trkpt lon="114.413174" lat="33.667684"><ele>57.005765</ele><time>2026-02-12T00:03:47Z</time><extensions><speed>2.285050</speed><course>72.321903</course><hAcc>1.376887</hAcc><vAcc>0.556944</vAcc></extensions></trkpt>
      <trkpt lon="114.413197" lat="33.667690"><ele>57.005860</ele><time>2026-02-12T00:03:48Z</time><extensions><speed>2.216390</speed><course>72.916267</course><hAcc>1.381415</hAcc><vAcc>0.556944</vAcc></extensions></trkpt>
      <trkpt lon="114.413220" lat="33.667695"><ele>57.009766</ele><time>2026-02-12T00:03:49Z</time><extensions><speed>2.228777</speed><course>74.207846</course><hAcc>1.382541</hAcc><vAcc>0.556944</vAcc></extensions></trkpt>
      <trkpt lon="114.413244" lat="33.667701"><ele>57.017417</ele><time>2026-02-12T00:03:50Z</time><extensions><speed>2.282798</speed><course>75.290621</course><hAcc>1.381475</hAcc><vAcc>0.556944</vAcc></extensions></trkpt>
      <trkpt lon="114.413268" lat="33.667706"><ele>57.028651</ele><time>2026-02-12T00:03:51Z</time><extensions><speed>2.305190</speed><course>75.945176</course><hAcc>1.386660</hAcc><vAcc>0.556944</vAcc></extensions></trkpt>
      <trkpt lon="114.413292" lat="33.667711"><ele>57.043310</ele><time>2026-02-12T00:03:52Z</time><extensions><speed>2.329297</speed><course>76.219976</course><hAcc>1.389237</hAcc><vAcc>0.556944</vAcc></extensions></trkpt>
      <trkpt lon="114.413316" lat="33.667716"><ele>57.061288</ele><time>2026-02-12T00:03:53Z</time><extensions><speed>2.305583</speed><course>75.695972</course><hAcc>1.389864</hAcc><vAcc>0.556944</vAcc></extensions></trkpt>
      <trkpt lon="114.413340" lat="33.667721"><ele>57.082368</ele><time>2026-02-12T00:03:54Z</time><extensions><speed>2.262291</speed><course>74.132721</course><hAcc>1.391741</hAcc><vAcc>0.556944</vAcc></extensions></trkpt>
      <trkpt lon="114.413364" lat="33.667727"><ele>57.106295</ele><time>2026-02-12T00:03:55Z</time><extensions><speed>2.362301</speed><course>72.503770</course><hAcc>1.390373</hAcc><vAcc>0.556944</vAcc></extensions></trkpt>
      <trkpt lon="114.413388" lat="33.667734"><ele>57.132725</ele><time>2026-02-12T00:03:56Z</time><extensions><speed>2.327881</speed><course>72.272797</course><hAcc>1.391273</hAcc><vAcc>0.556944</vAcc></extensions></trkpt>
      <trkpt lon="114.413412" lat="33.667740"><ele>57.161200</ele><time>2026-02-12T00:03:57Z</time><extensions><speed>2.279952</speed><course>73.117216</course><hAcc>1.395238</hAcc><vAcc>0.556944</vAcc></extensions></trkpt>
      <trkpt lon="114.413435" lat="33.667746"><ele>57.191108</ele><time>2026-02-12T00:03:58Z</time><extensions><speed>2.335823</speed><course>74.521675</course><hAcc>1.398326</hAcc><vAcc>0.556944</vAcc></extensions></trkpt>
      <trkpt lon="114.413459" lat="33.667751"><ele>57.221934</ele><time>2026-02-12T00:03:59Z</time><extensions><speed>2.276561</speed><course>74.289347</course><hAcc>1.404790</hAcc><vAcc>0.556944</vAcc></extensions></trkpt>
      <trkpt lon="114.413483" lat="33.667757"><ele>57.253251</ele><time>2026-02-12T00:04:00Z</time><extensions><speed>2.262621</speed><course>72.032238</course><hAcc>1.408335</hAcc><vAcc>0.556944</vAcc></extensions></trkpt>
      <trkpt lon="114.413506" lat="33.667764"><ele>57.284738</ele><time>2026-02-12T00:04:01Z</time><extensions><speed>2.262061</speed><course>70.329519</course><hAcc>1.413145</hAcc><vAcc>0.556944</vAcc></extensions></trkpt>
      <trkpt lon="114.413529" lat="33.667771"><ele>57.316149</ele><time>2026-02-12T00:04:02Z</time><extensions><speed>2.257370</speed><course>70.646329</course><hAcc>1.416609</hAcc><vAcc>0.556944</vAcc></extensions></trkpt>
      <trkpt lon="114.413553" lat="33.667777"><ele>57.347302</ele><time>2026-02-12T00:04:03Z</time><extensions><speed>2.322037</speed><course>75.774151</course><hAcc>1.423244</hAcc><vAcc>0.556944</vAcc></extensions></trkpt>
      <trkpt lon="114.413577" lat="33.667781"><ele>57.378001</ele><time>2026-02-12T00:04:04Z</time><extensions><speed>2.309983</speed><course>78.935882</course><hAcc>1.427473</hAcc><vAcc>0.556944</vAcc></extensions></trkpt>
      <trkpt lon="114.413601" lat="33.667785"><ele>57.408160</ele><time>2026-02-12T00:04:05Z</time><extensions><speed>2.226601</speed><course>78.104463</course><hAcc>1.433000</hAcc><vAcc>0.556944</vAcc></extensions></trkpt>
      <trkpt lon="114.413625" lat="33.667790"><ele>57.437765</ele><time>2026-02-12T00:04:06Z</time><extensions><speed>2.297806</speed><course>77.221929</course><hAcc>1.435703</hAcc><vAcc>0.556944</vAcc></extensions></trkpt>
      <trkpt lon="114.413649" lat="33.667794"><ele>57.466819</ele><time>2026-02-12T00:04:07Z</time><extensions><speed>2.299955</speed><course>77.844923</course><hAcc>1.437304</hAcc><vAcc>0.556944</vAcc></extensions></trkpt>
      <trkpt lon="114.413672" lat="33.667798"><ele>57.495234</ele><time>2026-02-12T00:04:08Z</time><extensions><speed>2.167984</speed><course>77.062321</course><hAcc>1.442103</hAcc><vAcc>0.556943</vAcc></extensions></trkpt>
      <trkpt lon="114.413695" lat="33.667803"><ele>57.523020</ele><time>2026-02-12T00:04:09Z</time><extensions><speed>2.185799</speed><course>75.500054</course><hAcc>1.445699</hAcc><vAcc>0.556943</vAcc></extensions></trkpt>
      <trkpt lon="114.413718" lat="33.667808"><ele>57.550279</ele><time>2026-02-12T00:04:10Z</time><extensions><speed>2.180864</speed><course>74.545207</course><hAcc>1.448836</hAcc><vAcc>0.556943</vAcc></extensions></trkpt>
      <trkpt lon="114.413741" lat="33.667814"><ele>57.577178</ele><time>2026-02-12T00:04:11Z</time><extensions><speed>2.245635</speed><course>74.439981</course><hAcc>1.450900</hAcc><vAcc>0.556943</vAcc></extensions></trkpt>
      <trkpt lon="114.413765" lat="33.667819"><ele>57.603895</ele><time>2026-02-12T00:04:12Z</time><extensions><speed>2.329672</speed><course>73.902787</course><hAcc>1.453785</hAcc><vAcc>0.556943</vAcc></extensions></trkpt>
      <trkpt lon="114.413789" lat="33.667825"><ele>57.630832</ele><time>2026-02-12T00:04:13Z</time><extensions><speed>2.281808</speed><course>72.990851</course><hAcc>1.454116</hAcc><vAcc>0.556943</vAcc></extensions></trkpt>
      <trkpt lon="114.413812" lat="33.667831"><ele>57.658347</ele><time>2026-02-12T00:04:14Z</time><extensions><speed>2.313388</speed><course>72.316852</course><hAcc>1.451812</hAcc><vAcc>0.556943</vAcc></extensions></trkpt>
      <trkpt lon="114.413836" lat="33.667837"><ele>57.686575</ele><time>2026-02-12T00:04:15Z</time><extensions><speed>2.378478</speed><course>74.304541</course><hAcc>1.449489</hAcc><vAcc>0.556943</vAcc></extensions></trkpt>
      <trkpt lon="114.413861" lat="33.667843"><ele>57.715382</ele><time>2026-02-12T00:04:16Z</time><extensions><speed>2.253431</speed><course>75.286052</course><hAcc>1.446844</hAcc><vAcc>0.556943</vAcc></extensions></trkpt>
      <trkpt lon="114.413884" lat="33.667848"><ele>57.744601</ele><time>2026-02-12T00:04:17Z</time><extensions><speed>2.296151</speed><course>74.364918</course><hAcc>1.438442</hAcc><vAcc>0.556943</vAcc></extensions></trkpt>
      <trkpt lon="114.413908" lat="33.667854"><ele>57.773914</ele><time>2026-02-12T00:04:18Z</time><extensions><speed>2.228226</speed><course>72.403321</course><hAcc>1.428271</hAcc><vAcc>0.556943</vAcc></extensions></trkpt>
      <trkpt lon="114.413931" lat="33.667860"><ele>57.802995</ele><time>2026-02-12T00:04:19Z</time><extensions><speed>2.305989</speed><course>71.307536</course><hAcc>1.420839</hAcc><vAcc>0.556943</vAcc></extensions></trkpt>
      <trkpt lon="114.413955" lat="33.667867"><ele>57.831533</ele><time>2026-02-12T00:04:20Z</time><extensions><speed>2.415707</speed><course>74.574660</course><hAcc>1.414938</hAcc><vAcc>0.556943</vAcc></extensions></trkpt>
      <trkpt lon="114.413980" lat="33.667872"><ele>57.859238</ele><time>2026-02-12T00:04:21Z</time><extensions><speed>2.331779</speed><course>77.075891</course><hAcc>1.410197</hAcc><vAcc>0.556943</vAcc></extensions></trkpt>
      <trkpt lon="114.414004" lat="33.667877"><ele>57.885788</ele><time>2026-02-12T00:04:22Z</time><extensions><speed>2.363742</speed><course>75.459658</course><hAcc>1.405608</hAcc><vAcc>0.556943</vAcc></extensions></trkpt>
      <trkpt lon="114.414029" lat="33.667882"><ele>57.910413</ele><time>2026-02-12T00:04:23Z</time><extensions><speed>2.292690</speed><course>74.835960</course><hAcc>1.397810</hAcc><vAcc>0.556943</vAcc></extensions></trkpt>
      <trkpt lon="114.414053" lat="33.667888"><ele>57.932236</ele><time>2026-02-12T00:04:24Z</time><extensions><speed>2.293180</speed><course>74.656993</course><hAcc>1.390380</hAcc><vAcc>0.556943</vAcc></extensions></trkpt>
      <trkpt lon="114.414077" lat="33.667894"><ele>57.950451</ele><time>2026-02-12T00:04:25Z</time><extensions><speed>2.380528</speed><course>73.803777</course><hAcc>1.388262</hAcc><vAcc>0.556943</vAcc></extensions></trkpt>
      <trkpt lon="114.414101" lat="33.667900"><ele>57.964440</ele><time>2026-02-12T00:04:26Z</time><extensions><speed>2.298685</speed><course>72.558246</course><hAcc>1.389744</hAcc><vAcc>0.556943</vAcc></extensions></trkpt>
      <trkpt lon="114.414124" lat="33.667906"><ele>57.973717</ele><time>2026-02-12T00:04:27Z</time><extensions><speed>2.291543</speed><course>71.593158</course><hAcc>1.391423</hAcc><vAcc>0.556943</vAcc></extensions></trkpt>
      <trkpt lon="114.414148" lat="33.667913"><ele>57.978202</ele><time>2026-02-12T00:04:28Z</time><extensions><speed>2.275805</speed><course>71.065767</course><hAcc>1.393704</hAcc><vAcc>0.556943</vAcc></extensions></trkpt>
      <trkpt lon="114.414171" lat="33.667919"><ele>57.978052</ele><time>2026-02-12T00:04:29Z</time><extensions><speed>2.254827</speed><course>70.863721</course><hAcc>1.400966</hAcc><vAcc>0.556943</vAcc></extensions></trkpt>
      <trkpt lon="114.414195" lat="33.667926"><ele>57.973556</ele><time>2026-02-12T00:04:30Z</time><extensions><speed>2.368661</speed><course>69.691846</course><hAcc>1.409309</hAcc><vAcc>0.556943</vAcc></extensions></trkpt>
      <trkpt lon="114.414218" lat="33.667934"><ele>57.965242</ele><time>2026-02-12T00:04:31Z</time><extensions><speed>2.335445</speed><course>69.170516</course><hAcc>1.415218</hAcc><vAcc>0.556943</vAcc></extensions></trkpt>
      <trkpt lon="114.414242" lat="33.667941"><ele>57.953744</ele><time>2026-02-12T00:04:32Z</time><extensions><speed>2.278576</speed><course>70.561640</course><hAcc>1.419193</hAcc><vAcc>0.556943</vAcc></extensions></trkpt>
      <trkpt lon="114.414265" lat="33.667948"><ele>57.939821</ele><time>2026-02-12T00:04:33Z</time><extensions><speed>2.331281</speed><course>71.938948</course><hAcc>1.418405</hAcc><vAcc>0.556943</vAcc></extensions></trkpt>
      <trkpt lon="114.414289" lat="33.667954"><ele>57.924377</ele><time>2026-02-12T00:04:34Z</time><extensions><speed>2.330318</speed><course>71.716878</course><hAcc>1.414367</hAcc><vAcc>0.556943</vAcc></extensions></trkpt>
      <trkpt lon="114.414313" lat="33.667961"><ele>57.908411</ele><time>2026-02-12T00:04:35Z</time><extensions><speed>2.262707</speed><course>71.390856</course><hAcc>1.405444</hAcc><vAcc>0.556943</vAcc></extensions></trkpt>
      <trkpt lon="114.414336" lat="33.667967"><ele>57.893014</ele><time>2026-02-12T00:04:36Z</time><extensions><speed>2.283404</speed><course>72.056044</course><hAcc>1.402663</hAcc><vAcc>0.556943</vAcc></extensions></trkpt>
      <trkpt lon="114.414360" lat="33.667973"><ele>57.879188</ele><time>2026-02-12T00:04:37Z</time><extensions><speed>2.328438</speed><course>73.439164</course><hAcc>1.409366</hAcc><vAcc>0.556943</vAcc></extensions></trkpt>
      <trkpt lon="114.414384" lat="33.667979"><ele>57.867622</ele><time>2026-02-12T00:04:38Z</time><extensions><speed>2.406244</speed><course>77.750198</course><hAcc>1.405209</hAcc><vAcc>0.556943</vAcc></extensions></trkpt>
      <trkpt lon="114.414409" lat="33.667983"><ele>57.858649</ele><time>2026-02-12T00:04:39Z</time><extensions><speed>2.339970</speed><course>81.081229</course><hAcc>1.396511</hAcc><vAcc>0.556943</vAcc></extensions></trkpt>
      <trkpt lon="114.414434" lat="33.667986"><ele>57.852386</ele><time>2026-02-12T00:04:40Z</time><extensions><speed>2.346435</speed><course>79.277085</course><hAcc>1.391836</hAcc><vAcc>0.556943</vAcc></extensions></trkpt>
      <trkpt lon="114.414458" lat="33.667991"><ele>57.848824</ele><time>2026-02-12T00:04:41Z</time><extensions><speed>2.254398</speed><course>76.702294</course><hAcc>1.391217</hAcc><vAcc>0.556943</vAcc></extensions></trkpt>
      <trkpt lon="114.414482" lat="33.667995"><ele>57.847778</ele><time>2026-02-12T00:04:42Z</time><extensions><speed>2.247264</speed><course>77.532492</course><hAcc>1.390868</hAcc><vAcc>0.556943</vAcc></extensions></trkpt>
      <trkpt lon="114.414506" lat="33.668000"><ele>57.848935</ele><time>2026-02-12T00:04:43Z</time><extensions><speed>2.409745</speed><course>77.393364</course><hAcc>1.383671</hAcc><vAcc>0.556943</vAcc></extensions></trkpt>
      <trkpt lon="114.414532" lat="33.668004"><ele>57.851898</ele><time>2026-02-12T00:04:44Z</time><extensions><speed>2.429979</speed><course>77.679969</course><hAcc>1.380276</hAcc><vAcc>0.556943</vAcc></extensions></trkpt>
      <trkpt lon="114.414557" lat="33.668009"><ele>57.856221</ele><time>2026-02-12T00:04:45Z</time><extensions><speed>2.300587</speed><course>78.948106</course><hAcc>1.377148</hAcc><vAcc>0.556943</vAcc></extensions></trkpt>
      <trkpt lon="114.414581" lat="33.668013"><ele>57.861691</ele><time>2026-02-12T00:04:46Z</time><extensions><speed>2.271363</speed><course>79.014016</course><hAcc>1.369381</hAcc><vAcc>0.556943</vAcc></extensions></trkpt>
      <trkpt lon="114.414605" lat="33.668017"><ele>57.868145</ele><time>2026-02-12T00:04:47Z</time><extensions><speed>2.196756</speed><course>78.581182</course><hAcc>1.360041</hAcc><vAcc>0.556943</vAcc></extensions></trkpt>
      <trkpt lon="114.414628" lat="33.668020"><ele>57.875483</ele><time>2026-02-12T00:04:48Z</time><extensions><speed>2.162706</speed><course>79.203112</course><hAcc>1.354486</hAcc><vAcc>0.556943</vAcc></extensions></trkpt>
      <trkpt lon="114.414651" lat="33.668024"><ele>57.883716</ele><time>2026-02-12T00:04:49Z</time><extensions><speed>2.193358</speed><course>78.607861</course><hAcc>1.347979</hAcc><vAcc>0.556943</vAcc></extensions></trkpt>
      <trkpt lon="114.414673" lat="33.668028"><ele>57.892967</ele><time>2026-02-12T00:04:50Z</time><extensions><speed>2.103390</speed><course>76.714509</course><hAcc>1.339822</hAcc><vAcc>0.556943</vAcc></extensions></trkpt>
      <trkpt lon="114.414695" lat="33.668033"><ele>57.902812</ele><time>2026-02-12T00:04:51Z</time><extensions><speed>2.060293</speed><course>76.274594</course><hAcc>1.333445</hAcc><vAcc>0.556943</vAcc></extensions></trkpt>
      <trkpt lon="114.414717" lat="33.668037"><ele>57.912692</ele><time>2026-02-12T00:04:52Z</time><extensions><speed>2.174178</speed><course>77.373956</course><hAcc>1.326418</hAcc><vAcc>0.556943</vAcc></extensions></trkpt>
      <trkpt lon="114.414741" lat="33.668041"><ele>57.922050</ele><time>2026-02-12T00:04:53Z</time><extensions><speed>2.210226</speed><course>77.612560</course><hAcc>1.316372</hAcc><vAcc>0.556943</vAcc></extensions></trkpt>
      <trkpt lon="114.414764" lat="33.668046"><ele>57.930244</ele><time>2026-02-12T00:04:54Z</time><extensions><speed>2.191383</speed><course>76.366032</course><hAcc>1.312311</hAcc><vAcc>0.556943</vAcc></extensions></trkpt>
      <trkpt lon="114.414787" lat="33.668051"><ele>57.936582</ele><time>2026-02-12T00:04:55Z</time><extensions><speed>2.253661</speed><course>73.594882</course><hAcc>1.311316</hAcc><vAcc>0.556943</vAcc></extensions></trkpt>
      <trkpt lon="114.414810" lat="33.668057"><ele>57.940598</ele><time>2026-02-12T00:04:56Z</time><extensions><speed>2.244391</speed><course>69.929409</course><hAcc>1.309378</hAcc><vAcc>0.556943</vAcc></extensions></trkpt>
      <trkpt lon="114.414833" lat="33.668065"><ele>57.941891</ele><time>2026-02-12T00:04:57Z</time><extensions><speed>2.300655</speed><course>64.683274</course><hAcc>1.308717</hAcc><vAcc>0.556943</vAcc></extensions></trkpt>
      <trkpt lon="114.414855" lat="33.668074"><ele>57.940000</ele><time>2026-02-12T00:04:58Z</time><extensions><speed>2.352486</speed><course>64.609061</course><hAcc>1.308077</hAcc><vAcc>0.556943</vAcc></extensions></trkpt>
      <trkpt lon="114.414878" lat="33.668084"><ele>57.934359</ele><time>2026-02-12T00:04:59Z</time><extensions><speed>2.324662</speed><course>61.708884</course><hAcc>1.306153</hAcc><vAcc>0.556943</vAcc></extensions></trkpt>
      <trkpt lon="114.414900" lat="33.668094"><ele>57.924543</ele><time>2026-02-12T00:05:00Z</time><extensions><speed>2.321389</speed><course>61.033652</course><hAcc>1.306025</hAcc><vAcc>0.556943</vAcc></extensions></trkpt>
      <trkpt lon="114.414922" lat="33.668102"><ele>57.910430</ele><time>2026-02-12T00:05:01Z</time><extensions><speed>2.200410</speed><course>69.633399</course><hAcc>1.308402</hAcc><vAcc>0.556943</vAcc></extensions></trkpt>
      <trkpt lon="114.414945" lat="33.668107"><ele>57.892256</ele><time>2026-02-12T00:05:02Z</time><extensions><speed>2.304604</speed><course>81.198815</course><hAcc>1.306436</hAcc><vAcc>0.556943</vAcc></extensions></trkpt>
      <trkpt lon="114.414971" lat="33.668109"><ele>57.870523</ele><time>2026-02-12T00:05:03Z</time><extensions><speed>2.436856</speed><course>88.213849</course><hAcc>1.306360</hAcc><vAcc>0.556943</vAcc></extensions></trkpt>
      <trkpt lon="114.414997" lat="33.668110"><ele>57.846144</ele><time>2026-02-12T00:05:04Z</time><extensions><speed>2.366291</speed><course>89.315002</course><hAcc>1.308079</hAcc><vAcc>0.556943</vAcc></extensions></trkpt>
      <trkpt lon="114.415022" lat="33.668110"><ele>57.820102</ele><time>2026-02-12T00:05:05Z</time><extensions><speed>2.381922</speed><course>89.115221</course><hAcc>1.305260</hAcc><vAcc>0.556943</vAcc></extensions></trkpt>
      <trkpt lon="114.415049" lat="33.668110"><ele>57.793229</ele><time>2026-02-12T00:05:06Z</time><extensions><speed>2.496772</speed><course>88.732484</course><hAcc>1.299400</hAcc><vAcc>0.556943</vAcc></extensions></trkpt>
      <trkpt lon="114.415075" lat="33.668112"><ele>57.766113</ele><time>2026-02-12T00:05:07Z</time><extensions><speed>2.420691</speed><course>84.494112</course><hAcc>1.291180</hAcc><vAcc>0.556943</vAcc></extensions></trkpt>
      <trkpt lon="114.415101" lat="33.668114"><ele>57.739221</ele><time>2026-02-12T00:05:08Z</time><extensions><speed>2.437253</speed><course>82.267479</course><hAcc>1.286236</hAcc><vAcc>0.556943</vAcc></extensions></trkpt>
      <trkpt lon="114.415127" lat="33.668117"><ele>57.713108</ele><time>2026-02-12T00:05:09Z</time><extensions><speed>2.373684</speed><course>84.488893</course><hAcc>1.282743</hAcc><vAcc>0.556943</vAcc></extensions></trkpt>
      <trkpt lon="114.415152" lat="33.668119"><ele>57.688248</ele><time>2026-02-12T00:05:10Z</time><extensions><speed>2.380429</speed><course>85.360839</course><hAcc>1.276085</hAcc><vAcc>0.556943</vAcc></extensions></trkpt>
      <trkpt lon="114.415177" lat="33.668121"><ele>57.665127</ele><time>2026-02-12T00:05:11Z</time><extensions><speed>2.272359</speed><course>84.725436</course><hAcc>1.269423</hAcc><vAcc>0.556943</vAcc></extensions></trkpt>
      <trkpt lon="114.415200" lat="33.668123"><ele>57.644313</ele><time>2026-02-12T00:05:12Z</time><extensions><speed>2.090008</speed><course>81.693015</course><hAcc>1.266244</hAcc><vAcc>0.556943</vAcc></extensions></trkpt>
      <trkpt lon="114.415222" lat="33.668127"><ele>57.626244</ele><time>2026-02-12T00:05:13Z</time><extensions><speed>1.961553</speed><course>73.204469</course><hAcc>1.263955</hAcc><vAcc>0.556942</vAcc></extensions></trkpt>
      <trkpt lon="114.415240" lat="33.668134"><ele>57.611123</ele><time>2026-02-12T00:05:14Z</time><extensions><speed>1.851044</speed><course>57.626134</course><hAcc>1.259897</hAcc><vAcc>0.556942</vAcc></extensions></trkpt>
      <trkpt lon="114.415255" lat="33.668145"><ele>57.599037</ele><time>2026-02-12T00:05:15Z</time><extensions><speed>1.890333</speed><course>38.536493</course><hAcc>1.254941</hAcc><vAcc>0.556942</vAcc></extensions></trkpt>
      <trkpt lon="114.415266" lat="33.668161"><ele>57.589902</ele><time>2026-02-12T00:05:16Z</time><extensions><speed>2.175684</speed><course>25.108290</course><hAcc>1.251959</hAcc><vAcc>0.556941</vAcc></extensions></trkpt>
      <trkpt lon="114.415275" lat="33.668179"><ele>57.583273</ele><time>2026-02-12T00:05:17Z</time><extensions><speed>2.183555</speed><course>19.093395</course><hAcc>1.251474</hAcc><vAcc>0.556941</vAcc></extensions></trkpt>
      <trkpt lon="114.415282" lat="33.668198"><ele>57.578721</ele><time>2026-02-12T00:05:18Z</time><extensions><speed>2.189642</speed><course>13.868734</course><hAcc>1.245504</hAcc><vAcc>0.556941</vAcc></extensions></trkpt>
      <trkpt lon="114.415287" lat="33.668217"><ele>57.576107</ele><time>2026-02-12T00:05:19Z</time><extensions><speed>2.266333</speed><course>10.451272</course><hAcc>1.245109</hAcc><vAcc>0.556942</vAcc></extensions></trkpt>
      <trkpt lon="114.415290" lat="33.668238"><ele>57.575329</ele><time>2026-02-12T00:05:20Z</time><extensions><speed>2.282107</speed><course>5.632440</course><hAcc>1.251302</hAcc><vAcc>0.556942</vAcc></extensions></trkpt>
      <trkpt lon="114.415291" lat="33.668259"><ele>57.576209</ele><time>2026-02-12T00:05:21Z</time><extensions><speed>2.381700</speed><course>357.482412</course><hAcc>1.257410</hAcc><vAcc>0.556942</vAcc></extensions></trkpt>
      <trkpt lon="114.415288" lat="33.668280"><ele>57.578640</ele><time>2026-02-12T00:05:22Z</time><extensions><speed>2.451897</speed><course>351.956776</course><hAcc>1.261902</hAcc><vAcc>0.556942</vAcc></extensions></trkpt>
      <trkpt lon="114.415285" lat="33.668302"><ele>57.582449</ele><time>2026-02-12T00:05:23Z</time><extensions><speed>2.418729</speed><course>351.096752</course><hAcc>1.269348</hAcc><vAcc>0.556942</vAcc></extensions></trkpt>
      <trkpt lon="114.415281" lat="33.668324"><ele>57.587179</ele><time>2026-02-12T00:05:24Z</time><extensions><speed>2.567187</speed><course>352.615487</course><hAcc>1.267204</hAcc><vAcc>0.556942</vAcc></extensions></trkpt>
      <trkpt lon="114.415278" lat="33.668347"><ele>57.592284</ele><time>2026-02-12T00:05:25Z</time><extensions><speed>2.561197</speed><course>355.552856</course><hAcc>1.272068</hAcc><vAcc>0.556942</vAcc></extensions></trkpt>
      <trkpt lon="114.415275" lat="33.668370"><ele>57.597351</ele><time>2026-02-12T00:05:26Z</time><extensions><speed>2.520883</speed><course>354.504930</course><hAcc>1.272248</hAcc><vAcc>0.556942</vAcc></extensions></trkpt>
      <trkpt lon="114.415272" lat="33.668392"><ele>57.602059</ele><time>2026-02-12T00:05:27Z</time><extensions><speed>2.492299</speed><course>351.170937</course><hAcc>1.273265</hAcc><vAcc>0.556941</vAcc></extensions></trkpt>
      <trkpt lon="114.415268" lat="33.668414"><ele>57.606210</ele><time>2026-02-12T00:05:28Z</time><extensions><speed>2.435656</speed><course>351.861040</course><hAcc>1.276537</hAcc><vAcc>0.556941</vAcc></extensions></trkpt>
      <trkpt lon="114.415265" lat="33.668436"><ele>57.609699</ele><time>2026-02-12T00:05:29Z</time><extensions><speed>2.419544</speed><course>353.254367</course><hAcc>1.278635</hAcc><vAcc>0.556940</vAcc></extensions></trkpt>
      <trkpt lon="114.415261" lat="33.668457"><ele>57.612416</ele><time>2026-02-12T00:05:30Z</time><extensions><speed>2.228567</speed><course>350.998798</course><hAcc>1.286014</hAcc><vAcc>0.556939</vAcc></extensions></trkpt>
      <trkpt lon="114.415258" lat="33.668476"><ele>57.614167</ele><time>2026-02-12T00:05:31Z</time><extensions><speed>2.178159</speed><course>350.191778</course><hAcc>1.295909</hAcc><vAcc>0.556938</vAcc></extensions></trkpt>
      <trkpt lon="114.415253" lat="33.668496"><ele>57.614702</ele><time>2026-02-12T00:05:32Z</time><extensions><speed>2.349623</speed><course>350.802193</course><hAcc>1.302626</hAcc><vAcc>0.556937</vAcc></extensions></trkpt>
      <trkpt lon="114.415250" lat="33.668517"><ele>57.613750</ele><time>2026-02-12T00:05:33Z</time><extensions><speed>2.332509</speed><course>351.729059</course><hAcc>1.311791</hAcc><vAcc>0.556936</vAcc></extensions></trkpt>
      <trkpt lon="114.415246" lat="33.668537"><ele>57.611153</ele><time>2026-02-12T00:05:34Z</time><extensions><speed>2.201240</speed><course>352.483364</course><hAcc>1.321324</hAcc><vAcc>0.556935</vAcc></extensions></trkpt>
      <trkpt lon="114.415243" lat="33.668557"><ele>57.606949</ele><time>2026-02-12T00:05:35Z</time><extensions><speed>2.240812</speed><course>352.280994</course><hAcc>1.334357</hAcc><vAcc>0.556935</vAcc></extensions></trkpt>
      <trkpt lon="114.415240" lat="33.668577"><ele>57.601315</ele><time>2026-02-12T00:05:36Z</time><extensions><speed>2.254633</speed><course>350.831350</course><hAcc>1.349818</hAcc><vAcc>0.556935</vAcc></extensions></trkpt>
      <trkpt lon="114.415235" lat="33.668597"><ele>57.594717</ele><time>2026-02-12T00:05:37Z</time><extensions><speed>2.227408</speed><course>349.422309</course><hAcc>1.359740</hAcc><vAcc>0.556935</vAcc></extensions></trkpt>
      <trkpt lon="114.415231" lat="33.668617"><ele>57.587711</ele><time>2026-02-12T00:05:38Z</time><extensions><speed>2.211583</speed><course>349.394103</course><hAcc>1.364139</hAcc><vAcc>0.556936</vAcc></extensions></trkpt>
      <trkpt lon="114.415227" lat="33.668636"><ele>57.580850</ele><time>2026-02-12T00:05:39Z</time><extensions><speed>2.157435</speed><course>349.266598</course><hAcc>1.371266</hAcc><vAcc>0.556936</vAcc></extensions></trkpt>
      <trkpt lon="114.415223" lat="33.668656"><ele>57.574597</ele><time>2026-02-12T00:05:40Z</time><extensions><speed>2.174252</speed><course>350.393417</course><hAcc>1.380080</hAcc><vAcc>0.556936</vAcc></extensions></trkpt>
      <trkpt lon="114.415219" lat="33.668675"><ele>57.569388</ele><time>2026-02-12T00:05:41Z</time><extensions><speed>2.220257</speed><course>350.819850</course><hAcc>1.389221</hAcc><vAcc>0.556936</vAcc></extensions></trkpt>
      <trkpt lon="114.415215" lat="33.668695"><ele>57.565414</ele><time>2026-02-12T00:05:42Z</time><extensions><speed>2.171159</speed><course>352.103148</course><hAcc>1.394327</hAcc><vAcc>0.556937</vAcc></extensions></trkpt>
      <trkpt lon="114.415212" lat="33.668714"><ele>57.562754</ele><time>2026-02-12T00:05:43Z</time><extensions><speed>2.183034</speed><course>354.427233</course><hAcc>1.403643</hAcc><vAcc>0.556937</vAcc></extensions></trkpt>
      <trkpt lon="114.415211" lat="33.668734"><ele>57.561367</ele><time>2026-02-12T00:05:44Z</time><extensions><speed>2.188169</speed><course>358.550522</course><hAcc>1.416379</hAcc><vAcc>0.556937</vAcc></extensions></trkpt>
      <trkpt lon="114.415211" lat="33.668754"><ele>57.560981</ele><time>2026-02-12T00:05:45Z</time><extensions><speed>2.244398</speed><course>1.698152</course><hAcc>1.427128</hAcc><vAcc>0.556938</vAcc></extensions></trkpt>
      <trkpt lon="114.415212" lat="33.668775"><ele>57.561216</ele><time>2026-02-12T00:05:46Z</time><extensions><speed>2.458168</speed><course>2.007547</course><hAcc>1.437931</hAcc><vAcc>0.556938</vAcc></extensions></trkpt>
      <trkpt lon="114.415212" lat="33.668797"><ele>57.561553</ele><time>2026-02-12T00:05:47Z</time><extensions><speed>2.426583</speed><course>0.349506</course><hAcc>1.448385</hAcc><vAcc>0.556938</vAcc></extensions></trkpt>
      <trkpt lon="114.415212" lat="33.668819"><ele>57.561364</ele><time>2026-02-12T00:05:48Z</time><extensions><speed>2.341760</speed><course>356.277553</course><hAcc>1.449247</hAcc><vAcc>0.556939</vAcc></extensions></trkpt>
      <trkpt lon="114.415209" lat="33.668840"><ele>57.559996</ele><time>2026-02-12T00:05:49Z</time><extensions><speed>2.346438</speed><course>353.104987</course><hAcc>1.450175</hAcc><vAcc>0.556939</vAcc></extensions></trkpt>
      <trkpt lon="114.415206" lat="33.668860"><ele>57.556956</ele><time>2026-02-12T00:05:50Z</time><extensions><speed>2.259066</speed><course>353.540995</course><hAcc>1.450682</hAcc><vAcc>0.556939</vAcc></extensions></trkpt>
      <trkpt lon="114.415204" lat="33.668880"><ele>57.551809</ele><time>2026-02-12T00:05:51Z</time><extensions><speed>2.237322</speed><course>355.200639</course><hAcc>1.448095</hAcc><vAcc>0.556940</vAcc></extensions></trkpt>
      <trkpt lon="114.415202" lat="33.668900"><ele>57.544167</ele><time>2026-02-12T00:05:52Z</time><extensions><speed>2.194526</speed><course>356.405507</course><hAcc>1.439881</hAcc><vAcc>0.556940</vAcc></extensions></trkpt>
      <trkpt lon="114.415201" lat="33.668920"><ele>57.533742</ele><time>2026-02-12T00:05:53Z</time><extensions><speed>2.240531</speed><course>356.994497</course><hAcc>1.424692</hAcc><vAcc>0.556940</vAcc></extensions></trkpt>
      <trkpt lon="114.415200" lat="33.668942"><ele>57.520409</ele><time>2026-02-12T00:05:54Z</time><extensions><speed>2.444256</speed><course>357.055563</course><hAcc>1.410429</hAcc><vAcc>0.556940</vAcc></extensions></trkpt>
      <trkpt lon="114.415198" lat="33.668964"><ele>57.504404</ele><time>2026-02-12T00:05:55Z</time><extensions><speed>2.462946</speed><course>357.239142</course><hAcc>1.401948</hAcc><vAcc>0.556940</vAcc></extensions></trkpt>
      <trkpt lon="114.415197" lat="33.668986"><ele>57.486073</ele><time>2026-02-12T00:05:56Z</time><extensions><speed>2.417877</speed><course>355.858417</course><hAcc>1.394140</hAcc><vAcc>0.556941</vAcc></extensions></trkpt>
      <trkpt lon="114.415195" lat="33.669008"><ele>57.465957</ele><time>2026-02-12T00:05:57Z</time><extensions><speed>2.513981</speed><course>357.802392</course><hAcc>1.381192</hAcc><vAcc>0.556941</vAcc></extensions></trkpt>
      <trkpt lon="114.415195" lat="33.669031"><ele>57.444761</ele><time>2026-02-12T00:05:58Z</time><extensions><speed>2.609456</speed><course>0.429864</course><hAcc>1.375961</hAcc><vAcc>0.556941</vAcc></extensions></trkpt>
      <trkpt lon="114.415196" lat="33.669054"><ele>57.423197</ele><time>2026-02-12T00:05:59Z</time><extensions><speed>2.523053</speed><course>3.753357</course><hAcc>1.371437</hAcc><vAcc>0.556941</vAcc></extensions></trkpt>
      <trkpt lon="114.415198" lat="33.669077"><ele>57.401650</ele><time>2026-02-12T00:06:00Z</time><extensions><speed>2.440841</speed><course>4.341448</course><hAcc>1.366852</hAcc><vAcc>0.556941</vAcc></extensions></trkpt>
      <trkpt lon="114.415199" lat="33.669098"><ele>57.380441</ele><time>2026-02-12T00:06:01Z</time><extensions><speed>2.208204</speed><course>1.966470</course><hAcc>1.364580</hAcc><vAcc>0.556941</vAcc></extensions></trkpt>
      <trkpt lon="114.415199" lat="33.669118"><ele>57.359952</ele><time>2026-02-12T00:06:02Z</time><extensions><speed>2.328293</speed><course>359.376158</course><hAcc>1.356086</hAcc><vAcc>0.556941</vAcc></extensions></trkpt>
      <trkpt lon="114.415198" lat="33.669140"><ele>57.340687</ele><time>2026-02-12T00:06:03Z</time><extensions><speed>2.461261</speed><course>356.123359</course><hAcc>1.347457</hAcc><vAcc>0.556942</vAcc></extensions></trkpt>
      <trkpt lon="114.415196" lat="33.669162"><ele>57.323071</ele><time>2026-02-12T00:06:04Z</time><extensions><speed>2.462436</speed><course>353.924259</course><hAcc>1.340933</hAcc><vAcc>0.556942</vAcc></extensions></trkpt>
      <trkpt lon="114.415193" lat="33.669184"><ele>57.307659</ele><time>2026-02-12T00:06:05Z</time><extensions><speed>2.495029</speed><course>352.979328</course><hAcc>1.338894</hAcc><vAcc>0.556942</vAcc></extensions></trkpt>
      <trkpt lon="114.415190" lat="33.669206"><ele>57.294914</ele><time>2026-02-12T00:06:06Z</time><extensions><speed>2.460450</speed><course>354.181585</course><hAcc>1.337580</hAcc><vAcc>0.556942</vAcc></extensions></trkpt>
      <trkpt lon="114.415187" lat="33.669228"><ele>57.285083</ele><time>2026-02-12T00:06:07Z</time><extensions><speed>2.427542</speed><course>354.306060</course><hAcc>1.333967</hAcc><vAcc>0.556942</vAcc></extensions></trkpt>
      <trkpt lon="114.415184" lat="33.669250"><ele>57.278056</ele><time>2026-02-12T00:06:08Z</time><extensions><speed>2.548607</speed><course>352.087112</course><hAcc>1.331081</hAcc><vAcc>0.556942</vAcc></extensions></trkpt>
      <trkpt lon="114.415180" lat="33.669273"><ele>57.273679</ele><time>2026-02-12T00:06:09Z</time><extensions><speed>2.448003</speed><course>348.640577</course><hAcc>1.332051</hAcc><vAcc>0.556942</vAcc></extensions></trkpt>
      <trkpt lon="114.415174" lat="33.669293"><ele>57.271505</ele><time>2026-02-12T00:06:10Z</time><extensions><speed>2.324645</speed><course>344.091935</course><hAcc>1.337128</hAcc><vAcc>0.556942</vAcc></extensions></trkpt>
      <trkpt lon="114.415166" lat="33.669313"><ele>57.271012</ele><time>2026-02-12T00:06:11Z</time><extensions><speed>2.300714</speed><course>341.456564</course><hAcc>1.339264</hAcc><vAcc>0.556942</vAcc></extensions></trkpt>
      <trkpt lon="114.415158" lat="33.669333"><ele>57.271735</ele><time>2026-02-12T00:06:12Z</time><extensions><speed>2.321522</speed><course>339.770991</course><hAcc>1.341014</hAcc><vAcc>0.556942</vAcc></extensions></trkpt>
      <trkpt lon="114.415149" lat="33.669352"><ele>57.273421</ele><time>2026-02-12T00:06:13Z</time><extensions><speed>2.268842</speed><course>337.832471</course><hAcc>1.339944</hAcc><vAcc>0.556942</vAcc></extensions></trkpt>
      <trkpt lon="114.415139" lat="33.669371"><ele>57.275710</ele><time>2026-02-12T00:06:14Z</time><extensions><speed>2.264580</speed><course>335.219256</course><hAcc>1.340698</hAcc><vAcc>0.556943</vAcc></extensions></trkpt>
      <trkpt lon="114.415128" lat="33.669389"><ele>57.278147</ele><time>2026-02-12T00:06:15Z</time><extensions><speed>2.249577</speed><course>329.041801</course><hAcc>1.344525</hAcc><vAcc>0.556943</vAcc></extensions></trkpt>
      <trkpt lon="114.415114" lat="33.669406"><ele>57.280224</ele><time>2026-02-12T00:06:16Z</time><extensions><speed>2.306504</speed><course>323.689554</course><hAcc>1.347346</hAcc><vAcc>0.556942</vAcc></extensions></trkpt>
      <trkpt lon="114.415099" lat="33.669422"><ele>57.281447</ele><time>2026-02-12T00:06:17Z</time><extensions><speed>2.343107</speed><course>319.821258</course><hAcc>1.350947</hAcc><vAcc>0.556942</vAcc></extensions></trkpt>
      <trkpt lon="114.415082" lat="33.669438"><ele>57.281417</ele><time>2026-02-12T00:06:18Z</time><extensions><speed>2.341433</speed><course>317.159078</course><hAcc>1.355061</hAcc><vAcc>0.556943</vAcc></extensions></trkpt>
      <trkpt lon="114.415065" lat="33.669453"><ele>57.279902</ele><time>2026-02-12T00:06:19Z</time><extensions><speed>2.314684</speed><course>316.761802</course><hAcc>1.362838</hAcc><vAcc>0.556943</vAcc></extensions></trkpt>
      <trkpt lon="114.415049" lat="33.669468"><ele>57.276833</ele><time>2026-02-12T00:06:20Z</time><extensions><speed>2.152574</speed><course>317.025065</course><hAcc>1.369082</hAcc><vAcc>0.556943</vAcc></extensions></trkpt>
      <trkpt lon="114.415033" lat="33.669482"><ele>57.272296</ele><time>2026-02-12T00:06:21Z</time><extensions><speed>2.122700</speed><course>317.700557</course><hAcc>1.370167</hAcc><vAcc>0.556943</vAcc></extensions></trkpt>
      <trkpt lon="114.415017" lat="33.669497"><ele>57.266487</ele><time>2026-02-12T00:06:22Z</time><extensions><speed>2.230561</speed><course>318.934797</course><hAcc>1.373274</hAcc><vAcc>0.556943</vAcc></extensions></trkpt>
      <trkpt lon="114.415002" lat="33.669512"><ele>57.259752</ele><time>2026-02-12T00:06:23Z</time><extensions><speed>2.238456</speed><course>320.352953</course><hAcc>1.372721</hAcc><vAcc>0.556943</vAcc></extensions></trkpt>
      <trkpt lon="114.414986" lat="33.669528"><ele>57.252399</ele><time>2026-02-12T00:06:24Z</time><extensions><speed>2.372205</speed><course>320.272371</course><hAcc>1.366620</hAcc><vAcc>0.556943</vAcc></extensions></trkpt>
      <trkpt lon="114.414969" lat="33.669545"><ele>57.244731</ele><time>2026-02-12T00:06:25Z</time><extensions><speed>2.435833</speed><course>320.329062</course><hAcc>1.364113</hAcc><vAcc>0.556943</vAcc></extensions></trkpt>
      <trkpt lon="114.414953" lat="33.669562"><ele>57.237069</ele><time>2026-02-12T00:06:26Z</time><extensions><speed>2.376290</speed><course>321.256639</course><hAcc>1.363147</hAcc><vAcc>0.556943</vAcc></extensions></trkpt>
      <trkpt lon="114.414937" lat="33.669579"><ele>57.229702</ele><time>2026-02-12T00:06:27Z</time><extensions><speed>2.414245</speed><course>322.573488</course><hAcc>1.364231</hAcc><vAcc>0.556943</vAcc></extensions></trkpt>
      <trkpt lon="114.414922" lat="33.669597"><ele>57.223008</ele><time>2026-02-12T00:06:28Z</time><extensions><speed>2.441791</speed><course>326.672715</course><hAcc>1.358844</hAcc><vAcc>0.556943</vAcc></extensions></trkpt>
      <trkpt lon="114.414907" lat="33.669615"><ele>57.217357</ele><time>2026-02-12T00:06:29Z</time><extensions><speed>2.397285</speed><course>326.516149</course><hAcc>1.354048</hAcc><vAcc>0.556943</vAcc></extensions></trkpt>
      <trkpt lon="114.414893" lat="33.669633"><ele>57.213035</ele><time>2026-02-12T00:06:30Z</time><extensions><speed>2.458695</speed><course>324.735093</course><hAcc>1.349776</hAcc><vAcc>0.556943</vAcc></extensions></trkpt>
      <trkpt lon="114.414877" lat="33.669651"><ele>57.210184</ele><time>2026-02-12T00:06:31Z</time><extensions><speed>2.505119</speed><course>324.013802</course><hAcc>1.346188</hAcc><vAcc>0.556943</vAcc></extensions></trkpt>
      <trkpt lon="114.414861" lat="33.669669"><ele>57.208919</ele><time>2026-02-12T00:06:32Z</time><extensions><speed>2.571260</speed><course>322.429035</course><hAcc>1.340954</hAcc><vAcc>0.556943</vAcc></extensions></trkpt>
      <trkpt lon="114.414844" lat="33.669688"><ele>57.209152</ele><time>2026-02-12T00:06:33Z</time><extensions><speed>2.536347</speed><course>321.525590</course><hAcc>1.338164</hAcc><vAcc>0.556943</vAcc></extensions></trkpt>
      <trkpt lon="114.414827" lat="33.669705"><ele>57.210689</ele><time>2026-02-12T00:06:34Z</time><extensions><speed>2.449267</speed><course>319.892453</course><hAcc>1.335800</hAcc><vAcc>0.556943</vAcc></extensions></trkpt>
      <trkpt lon="114.414809" lat="33.669722"><ele>57.213267</ele><time>2026-02-12T00:06:35Z</time><extensions><speed>2.481997</speed><course>319.223453</course><hAcc>1.330939</hAcc><vAcc>0.556943</vAcc></extensions></trkpt>
      <trkpt lon="114.414792" lat="33.669739"><ele>57.216565</ele><time>2026-02-12T00:06:36Z</time><extensions><speed>2.520392</speed><course>319.498994</course><hAcc>1.327310</hAcc><vAcc>0.556943</vAcc></extensions></trkpt>
      <trkpt lon="114.414775" lat="33.669756"><ele>57.220191</ele><time>2026-02-12T00:06:37Z</time><extensions><speed>2.485193</speed><course>321.418139</course><hAcc>1.330351</hAcc><vAcc>0.556943</vAcc></extensions></trkpt>
      <trkpt lon="114.414758" lat="33.669774"><ele>57.223749</ele><time>2026-02-12T00:06:38Z</time><extensions><speed>2.561262</speed><course>323.054522</course><hAcc>1.339198</hAcc><vAcc>0.556943</vAcc></extensions></trkpt>
      <trkpt lon="114.414742" lat="33.669793"><ele>57.226839</ele><time>2026-02-12T00:06:39Z</time><extensions><speed>2.595849</speed><course>325.050781</course><hAcc>1.341004</hAcc><vAcc>0.556943</vAcc></extensions></trkpt>
      <trkpt lon="114.414726" lat="33.669812"><ele>57.229069</ele><time>2026-02-12T00:06:40Z</time><extensions><speed>2.508969</speed><course>326.516912</course><hAcc>1.342879</hAcc><vAcc>0.556943</vAcc></extensions></trkpt>
      <trkpt lon="114.414712" lat="33.669831"><ele>57.230075</ele><time>2026-02-12T00:06:41Z</time><extensions><speed>2.519107</speed><course>327.670398</course><hAcc>1.349919</hAcc><vAcc>0.556943</vAcc></extensions></trkpt>
      <trkpt lon="114.414697" lat="33.669851"><ele>57.229600</ele><time>2026-02-12T00:06:42Z</time><extensions><speed>2.501376</speed><course>329.508278</course><hAcc>1.361534</hAcc><vAcc>0.556943</vAcc></extensions></trkpt>
      <trkpt lon="114.414683" lat="33.669870"><ele>57.227487</ele><time>2026-02-12T00:06:43Z</time><extensions><speed>2.482675</speed><course>327.467740</course><hAcc>1.363965</hAcc><vAcc>0.556943</vAcc></extensions></trkpt>
      <trkpt lon="114.414668" lat="33.669889"><ele>57.223685</ele><time>2026-02-12T00:06:44Z</time><extensions><speed>2.615392</speed><course>325.719782</course><hAcc>1.358743</hAcc><vAcc>0.556943</vAcc></extensions></trkpt>
      <trkpt lon="114.414652" lat="33.669908"><ele>57.218245</ele><time>2026-02-12T00:06:45Z</time><extensions><speed>2.591602</speed><course>324.907994</course><hAcc>1.350321</hAcc><vAcc>0.556943</vAcc></extensions></trkpt>
      <trkpt lon="114.414636" lat="33.669927"><ele>57.211439</ele><time>2026-02-12T00:06:46Z</time><extensions><speed>2.486779</speed><course>322.118383</course><hAcc>1.347057</hAcc><vAcc>0.556943</vAcc></extensions></trkpt>
      <trkpt lon="114.414620" lat="33.669944"><ele>57.203560</ele><time>2026-02-12T00:06:47Z</time><extensions><speed>2.432200</speed><course>323.004803</course><hAcc>1.346955</hAcc><vAcc>0.556943</vAcc></extensions></trkpt>
      <trkpt lon="114.414604" lat="33.669962"><ele>57.194895</ele><time>2026-02-12T00:06:48Z</time><extensions><speed>2.409997</speed><course>322.804212</course><hAcc>1.347224</hAcc><vAcc>0.556943</vAcc></extensions></trkpt>
      <trkpt lon="114.414588" lat="33.669979"><ele>57.185711</ele><time>2026-02-12T00:06:49Z</time><extensions><speed>2.475294</speed><course>322.280003</course><hAcc>1.348504</hAcc><vAcc>0.556943</vAcc></extensions></trkpt>
      <trkpt lon="114.414572" lat="33.669997"><ele>57.176264</ele><time>2026-02-12T00:06:50Z</time><extensions><speed>2.440996</speed><course>322.522325</course><hAcc>1.349381</hAcc><vAcc>0.556943</vAcc></extensions></trkpt>
      <trkpt lon="114.414556" lat="33.670014"><ele>57.166873</ele><time>2026-02-12T00:06:51Z</time><extensions><speed>2.406285</speed><course>324.630973</course><hAcc>1.357692</hAcc><vAcc>0.556943</vAcc></extensions></trkpt>
      <trkpt lon="114.414541" lat="33.670032"><ele>57.157844</ele><time>2026-02-12T00:06:52Z</time><extensions><speed>2.462744</speed><course>324.496723</course><hAcc>1.356984</hAcc><vAcc>0.556943</vAcc></extensions></trkpt>
      <trkpt lon="114.414525" lat="33.670051"><ele>57.149414</ele><time>2026-02-12T00:06:53Z</time><extensions><speed>2.574342</speed><course>323.421030</course><hAcc>1.363584</hAcc><vAcc>0.556943</vAcc></extensions></trkpt>
      <trkpt lon="114.414509" lat="33.670069"><ele>57.141706</ele><time>2026-02-12T00:06:54Z</time><extensions><speed>2.556282</speed><course>323.760662</course><hAcc>1.369198</hAcc><vAcc>0.556943</vAcc></extensions></trkpt>
      <trkpt lon="114.414493" lat="33.670088"><ele>57.134807</ele><time>2026-02-12T00:06:55Z</time><extensions><speed>2.509844</speed><course>323.544385</course><hAcc>1.378700</hAcc><vAcc>0.556943</vAcc></extensions></trkpt>
      <trkpt lon="114.414477" lat="33.670105"><ele>57.128619</ele><time>2026-02-12T00:06:56Z</time><extensions><speed>2.380149</speed><course>322.941618</course><hAcc>1.383883</hAcc><vAcc>0.556943</vAcc></extensions></trkpt>
      <trkpt lon="114.414461" lat="33.670123"><ele>57.122955</ele><time>2026-02-12T00:06:57Z</time><extensions><speed>2.453867</speed><course>322.527573</course><hAcc>1.386788</hAcc><vAcc>0.556943</vAcc></extensions></trkpt>
      <trkpt lon="114.414445" lat="33.670140"><ele>57.117668</ele><time>2026-02-12T00:06:58Z</time><extensions><speed>2.516407</speed><course>323.307477</course><hAcc>1.385308</hAcc><vAcc>0.556943</vAcc></extensions></trkpt>
      <trkpt lon="114.414430" lat="33.670158"><ele>57.112805</ele><time>2026-02-12T00:06:59Z</time><extensions><speed>2.390539</speed><course>325.337256</course><hAcc>1.382458</hAcc><vAcc>0.556943</vAcc></extensions></trkpt>
      <trkpt lon="114.414415" lat="33.670177"><ele>57.108372</ele><time>2026-02-12T00:07:00Z</time><extensions><speed>2.510862</speed><course>325.881863</course><hAcc>1.383243</hAcc><vAcc>0.556943</vAcc></extensions></trkpt>
      <trkpt lon="114.414399" lat="33.670196"><ele>57.104611</ele><time>2026-02-12T00:07:01Z</time><extensions><speed>2.541359</speed><course>325.670145</course><hAcc>1.382665</hAcc><vAcc>0.556943</vAcc></extensions></trkpt>
      <trkpt lon="114.414384" lat="33.670214"><ele>57.101838</ele><time>2026-02-12T00:07:02Z</time><extensions><speed>2.476603</speed><course>324.898702</course><hAcc>1.375917</hAcc><vAcc>0.556943</vAcc></extensions></trkpt>
      <trkpt lon="114.414368" lat="33.670233"><ele>57.100253</ele><time>2026-02-12T00:07:03Z</time><extensions><speed>2.517516</speed><course>323.820140</course><hAcc>1.368405</hAcc><vAcc>0.556943</vAcc></extensions></trkpt>
      <trkpt lon="114.414353" lat="33.670251"><ele>57.099535</ele><time>2026-02-12T00:07:04Z</time><extensions><speed>2.464392</speed><course>325.828661</course><hAcc>1.360642</hAcc><vAcc>0.556943</vAcc></extensions></trkpt>
      <trkpt lon="114.414338" lat="33.670269"><ele>57.099464</ele><time>2026-02-12T00:07:05Z</time><extensions><speed>2.363698</speed><course>328.188649</course><hAcc>1.349001</hAcc><vAcc>0.556943</vAcc></extensions></trkpt>
      <trkpt lon="114.414325" lat="33.670288"><ele>57.099730</ele><time>2026-02-12T00:07:06Z</time><extensions><speed>2.437235</speed><course>329.813365</course><hAcc>1.334533</hAcc><vAcc>0.556943</vAcc></extensions></trkpt>
      <trkpt lon="114.414312" lat="33.670307"><ele>57.099969</ele><time>2026-02-12T00:07:07Z</time><extensions><speed>2.411007</speed><course>331.299950</course><hAcc>1.327528</hAcc><vAcc>0.556943</vAcc></extensions></trkpt>
      <trkpt lon="114.414300" lat="33.670326"><ele>57.099840</ele><time>2026-02-12T00:07:08Z</time><extensions><speed>2.460832</speed><course>331.975269</course><hAcc>1.320290</hAcc><vAcc>0.556943</vAcc></extensions></trkpt>
      <trkpt lon="114.414287" lat="33.670346"><ele>57.099446</ele><time>2026-02-12T00:07:09Z</time><extensions><speed>2.471425</speed><course>332.859573</course><hAcc>1.313150</hAcc><vAcc>0.556943</vAcc></extensions></trkpt>
      <trkpt lon="114.414275" lat="33.670365"><ele>57.098732</ele><time>2026-02-12T00:07:10Z</time><extensions><speed>2.457486</speed><course>329.350936</course><hAcc>1.312128</hAcc><vAcc>0.556943</vAcc></extensions></trkpt>
      <trkpt lon="114.414260" lat="33.670384"><ele>57.097443</ele><time>2026-02-12T00:07:11Z</time><extensions><speed>2.489488</speed><course>324.899444</course><hAcc>1.310205</hAcc><vAcc>0.556943</vAcc></extensions></trkpt>
      <trkpt lon="114.414244" lat="33.670402"><ele>57.095203</ele><time>2026-02-12T00:07:12Z</time><extensions><speed>2.570248</speed><course>321.568457</course><hAcc>1.308668</hAcc><vAcc>0.556943</vAcc></extensions></trkpt>
      <trkpt lon="114.414226" lat="33.670420"><ele>57.091678</ele><time>2026-02-12T00:07:13Z</time><extensions><speed>2.528166</speed><course>319.971585</course><hAcc>1.310731</hAcc><vAcc>0.556943</vAcc></extensions></trkpt>
      <trkpt lon="114.414209" lat="33.670438"><ele>57.086884</ele><time>2026-02-12T00:07:14Z</time><extensions><speed>2.619269</speed><course>321.745635</course><hAcc>1.311395</hAcc><vAcc>0.556943</vAcc></extensions></trkpt>
      <trkpt lon="114.414192" lat="33.670457"><ele>57.081050</ele><time>2026-02-12T00:07:15Z</time><extensions><speed>2.591973</speed><course>323.001106</course><hAcc>1.318325</hAcc><vAcc>0.556943</vAcc></extensions></trkpt>
      <trkpt lon="114.414175" lat="33.670475"><ele>57.074562</ele><time>2026-02-12T00:07:16Z</time><extensions><speed>2.447208</speed><course>320.738630</course><hAcc>1.325602</hAcc><vAcc>0.556943</vAcc></extensions></trkpt>
      <trkpt lon="114.414158" lat="33.670492"><ele>57.067886</ele><time>2026-02-12T00:07:17Z</time><extensions><speed>2.550709</speed><course>318.684804</course><hAcc>1.330984</hAcc><vAcc>0.556943</vAcc></extensions></trkpt>
      <trkpt lon="114.414140" lat="33.670509"><ele>57.061534</ele><time>2026-02-12T00:07:18Z</time><extensions><speed>2.532440</speed><course>319.224780</course><hAcc>1.338015</hAcc><vAcc>0.556943</vAcc></extensions></trkpt>
      <trkpt lon="114.414122" lat="33.670526"><ele>57.055794</ele><time>2026-02-12T00:07:19Z</time><extensions><speed>2.501626</speed><course>321.342704</course><hAcc>1.338308</hAcc><vAcc>0.556943</vAcc></extensions></trkpt>
      <trkpt lon="114.414105" lat="33.670544"><ele>57.050808</ele><time>2026-02-12T00:07:20Z</time><extensions><speed>2.577098</speed><course>322.436042</course><hAcc>1.337671</hAcc><vAcc>0.556943</vAcc></extensions></trkpt>
      <trkpt lon="114.414089" lat="33.670563"><ele>57.046692</ele><time>2026-02-12T00:07:21Z</time><extensions><speed>2.521806</speed><course>322.161457</course><hAcc>1.340459</hAcc><vAcc>0.556943</vAcc></extensions></trkpt>
      <trkpt lon="114.414072" lat="33.670580"><ele>57.043653</ele><time>2026-02-12T00:07:22Z</time><extensions><speed>2.479895</speed><course>322.017230</course><hAcc>1.343872</hAcc><vAcc>0.556943</vAcc></extensions></trkpt>
      <trkpt lon="114.414055" lat="33.670598"><ele>57.041822</ele><time>2026-02-12T00:07:23Z</time><extensions><speed>2.576631</speed><course>322.284397</course><hAcc>1.340813</hAcc><vAcc>0.556943</vAcc></extensions></trkpt>
      <trkpt lon="114.414039" lat="33.670616"><ele>57.041293</ele><time>2026-02-12T00:07:24Z</time><extensions><speed>2.456045</speed><course>322.189569</course><hAcc>1.345075</hAcc><vAcc>0.556945</vAcc></extensions></trkpt>
      <trkpt lon="114.414023" lat="33.670634"><ele>57.042108</ele><time>2026-02-12T00:07:25Z</time><extensions><speed>2.363802</speed><course>322.488650</course><hAcc>1.345841</hAcc><vAcc>0.556946</vAcc></extensions></trkpt>
      <trkpt lon="114.414007" lat="33.670651"><ele>57.044252</ele><time>2026-02-12T00:07:26Z</time><extensions><speed>2.380462</speed><course>323.136907</course><hAcc>1.350225</hAcc><vAcc>0.556947</vAcc></extensions></trkpt>
      <trkpt lon="114.413992" lat="33.670668"><ele>57.047643</ele><time>2026-02-12T00:07:27Z</time><extensions><speed>2.378273</speed><course>322.460699</course><hAcc>1.356040</hAcc><vAcc>0.556948</vAcc></extensions></trkpt>
      <trkpt lon="114.413976" lat="33.670685"><ele>57.052234</ele><time>2026-02-12T00:07:28Z</time><extensions><speed>2.445300</speed><course>321.879334</course><hAcc>1.365676</hAcc><vAcc>0.556948</vAcc></extensions></trkpt>
      <trkpt lon="114.413960" lat="33.670702"><ele>57.058043</ele><time>2026-02-12T00:07:29Z</time><extensions><speed>2.417308</speed><course>321.998915</course><hAcc>1.376650</hAcc><vAcc>0.556947</vAcc></extensions></trkpt>
      <trkpt lon="114.413944" lat="33.670719"><ele>57.065131</ele><time>2026-02-12T00:07:30Z</time><extensions><speed>2.336514</speed><course>323.373752</course><hAcc>1.384285</hAcc><vAcc>0.556946</vAcc></extensions></trkpt>
      <trkpt lon="114.413929" lat="33.670736"><ele>57.073546</ele><time>2026-02-12T00:07:31Z</time><extensions><speed>2.413140</speed><course>324.418812</course><hAcc>1.394727</hAcc><vAcc>0.556946</vAcc></extensions></trkpt>
      <trkpt lon="114.413914" lat="33.670754"><ele>57.083222</ele><time>2026-02-12T00:07:32Z</time><extensions><speed>2.444514</speed><course>324.640271</course><hAcc>1.407201</hAcc><vAcc>0.556948</vAcc></extensions></trkpt>
      <trkpt lon="114.413899" lat="33.670772"><ele>57.094035</ele><time>2026-02-12T00:07:33Z</time><extensions><speed>2.332144</speed><course>325.094634</course><hAcc>1.415917</hAcc><vAcc>0.556949</vAcc></extensions></trkpt>
      <trkpt lon="114.413885" lat="33.670789"><ele>57.105690</ele><time>2026-02-12T00:07:34Z</time><extensions><speed>2.352303</speed><course>324.627087</course><hAcc>1.422546</hAcc><vAcc>0.556950</vAcc></extensions></trkpt>
      <trkpt lon="114.413870" lat="33.670805"><ele>57.117784</ele><time>2026-02-12T00:07:35Z</time><extensions><speed>2.277185</speed><course>322.369725</course><hAcc>1.430406</hAcc><vAcc>0.556950</vAcc></extensions></trkpt>
      <trkpt lon="114.413854" lat="33.670822"><ele>57.129914</ele><time>2026-02-12T00:07:36Z</time><extensions><speed>2.330839</speed><course>320.171112</course><hAcc>1.440402</hAcc><vAcc>0.556950</vAcc></extensions></trkpt>
      <trkpt lon="114.413838" lat="33.670838"><ele>57.141800</ele><time>2026-02-12T00:07:37Z</time><extensions><speed>2.432953</speed><course>319.563571</course><hAcc>1.452294</hAcc><vAcc>0.556950</vAcc></extensions></trkpt>
      <trkpt lon="114.413821" lat="33.670855"><ele>57.153179</ele><time>2026-02-12T00:07:38Z</time><extensions><speed>2.345719</speed><course>320.419486</course><hAcc>1.464540</hAcc><vAcc>0.556950</vAcc></extensions></trkpt>
      <trkpt lon="114.413805" lat="33.670871"><ele>57.163731</ele><time>2026-02-12T00:07:39Z</time><extensions><speed>2.296651</speed><course>321.015154</course><hAcc>1.481914</hAcc><vAcc>0.556950</vAcc></extensions></trkpt>
      <trkpt lon="114.413790" lat="33.670887"><ele>57.173087</ele><time>2026-02-12T00:07:40Z</time><extensions><speed>2.320488</speed><course>321.420481</course><hAcc>1.494786</hAcc><vAcc>0.556950</vAcc></extensions></trkpt>
      <trkpt lon="114.413774" lat="33.670903"><ele>57.180923</ele><time>2026-02-12T00:07:41Z</time><extensions><speed>2.291799</speed><course>322.366366</course><hAcc>1.506188</hAcc><vAcc>0.556950</vAcc></extensions></trkpt>
      <trkpt lon="114.413759" lat="33.670920"><ele>57.187176</ele><time>2026-02-12T00:07:42Z</time><extensions><speed>2.327405</speed><course>322.045097</course><hAcc>1.519934</hAcc><vAcc>0.556949</vAcc></extensions></trkpt>
      <trkpt lon="114.413743" lat="33.670936"><ele>57.191850</ele><time>2026-02-12T00:07:43Z</time><extensions><speed>2.353908</speed><course>322.432541</course><hAcc>1.534786</hAcc><vAcc>0.556949</vAcc></extensions></trkpt>
      <trkpt lon="114.413728" lat="33.670953"><ele>57.195027</ele><time>2026-02-12T00:07:44Z</time><extensions><speed>2.282391</speed><course>322.957470</course><hAcc>1.547549</hAcc><vAcc>0.556949</vAcc></extensions></trkpt>
      <trkpt lon="114.413713" lat="33.670970"><ele>57.196876</ele><time>2026-02-12T00:07:45Z</time><extensions><speed>2.330768</speed><course>322.265034</course><hAcc>1.550925</hAcc><vAcc>0.556949</vAcc></extensions></trkpt>
      <trkpt lon="114.413698" lat="33.670987"><ele>57.197627</ele><time>2026-02-12T00:07:46Z</time><extensions><speed>2.445615</speed><course>324.926684</course><hAcc>1.555291</hAcc><vAcc>0.556948</vAcc></extensions></trkpt>
      <trkpt lon="114.413682" lat="33.671005"><ele>57.197358</ele><time>2026-02-12T00:07:47Z</time><extensions><speed>2.422593</speed><course>324.067564</course><hAcc>1.560803</hAcc><vAcc>0.556948</vAcc></extensions></trkpt>
      <trkpt lon="114.413667" lat="33.671023"><ele>57.196134</ele><time>2026-02-12T00:07:48Z</time><extensions><speed>2.425884</speed><course>322.840175</course><hAcc>1.564055</hAcc><vAcc>0.556948</vAcc></extensions></trkpt>
      <trkpt lon="114.413650" lat="33.671040"><ele>57.194091</ele><time>2026-02-12T00:07:49Z</time><extensions><speed>2.524653</speed><course>322.151007</course><hAcc>1.568720</hAcc><vAcc>0.556947</vAcc></extensions></trkpt>
      <trkpt lon="114.413633" lat="33.671059"><ele>57.191495</ele><time>2026-02-12T00:07:50Z</time><extensions><speed>2.581910</speed><course>322.501944</course><hAcc>1.575759</hAcc><vAcc>0.556947</vAcc></extensions></trkpt>
      <trkpt lon="114.413617" lat="33.671077"><ele>57.188599</ele><time>2026-02-12T00:07:51Z</time><extensions><speed>2.593005</speed><course>323.804305</course><hAcc>1.581657</hAcc><vAcc>0.556947</vAcc></extensions></trkpt>
      <trkpt lon="114.413600" lat="33.671095"><ele>57.185591</ele><time>2026-02-12T00:07:52Z</time><extensions><speed>2.435818</speed><course>322.037622</course><hAcc>1.590239</hAcc><vAcc>0.556947</vAcc></extensions></trkpt>
      <trkpt lon="114.413584" lat="33.671113"><ele>57.182588</ele><time>2026-02-12T00:07:53Z</time><extensions><speed>2.434493</speed><course>321.885450</course><hAcc>1.599483</hAcc><vAcc>0.556946</vAcc></extensions></trkpt>
      <trkpt lon="114.413568" lat="33.671130"><ele>57.179728</ele><time>2026-02-12T00:07:54Z</time><extensions><speed>2.546718</speed><course>322.283238</course><hAcc>1.605279</hAcc><vAcc>0.556946</vAcc></extensions></trkpt>
      <trkpt lon="114.413551" lat="33.671149"><ele>57.177411</ele><time>2026-02-12T00:07:55Z</time><extensions><speed>2.565083</speed><course>322.530612</course><hAcc>1.615507</hAcc><vAcc>0.556946</vAcc></extensions></trkpt>
      <trkpt lon="114.413534" lat="33.671167"><ele>57.176011</ele><time>2026-02-12T00:07:56Z</time><extensions><speed>2.635207</speed><course>322.441604</course><hAcc>1.623771</hAcc><vAcc>0.556946</vAcc></extensions></trkpt>
      <trkpt lon="114.413516" lat="33.671186"><ele>57.175768</ele><time>2026-02-12T00:07:57Z</time><extensions><speed>2.585525</speed><course>320.793073</course><hAcc>1.638098</hAcc><vAcc>0.556946</vAcc></extensions></trkpt>
      <trkpt lon="114.413499" lat="33.671203"><ele>57.176876</ele><time>2026-02-12T00:07:58Z</time><extensions><speed>2.517998</speed><course>319.177504</course><hAcc>1.644501</hAcc><vAcc>0.556946</vAcc></extensions></trkpt>
      <trkpt lon="114.413481" lat="33.671221"><ele>57.179511</ele><time>2026-02-12T00:07:59Z</time><extensions><speed>2.512203</speed><course>321.425538</course><hAcc>1.656027</hAcc><vAcc>0.556945</vAcc></extensions></trkpt>
      <trkpt lon="114.413465" lat="33.671239"><ele>57.183448</ele><time>2026-02-12T00:08:00Z</time><extensions><speed>2.405149</speed><course>323.963392</course><hAcc>1.667897</hAcc><vAcc>0.556945</vAcc></extensions></trkpt>
      <trkpt lon="114.413450" lat="33.671256"><ele>57.188430</ele><time>2026-02-12T00:08:01Z</time><extensions><speed>2.428579</speed><course>325.570186</course><hAcc>1.678846</hAcc><vAcc>0.556945</vAcc></extensions></trkpt>
      <trkpt lon="114.413435" lat="33.671274"><ele>57.194179</ele><time>2026-02-12T00:08:02Z</time><extensions><speed>2.443849</speed><course>325.075296</course><hAcc>1.690079</hAcc><vAcc>0.556945</vAcc></extensions></trkpt>
      <trkpt lon="114.413420" lat="33.671292"><ele>57.200382</ele><time>2026-02-12T00:08:03Z</time><extensions><speed>2.421350</speed><course>324.550113</course><hAcc>1.700212</hAcc><vAcc>0.556945</vAcc></extensions></trkpt>
      <trkpt lon="114.413405" lat="33.671310"><ele>57.206634</ele><time>2026-02-12T00:08:04Z</time><extensions><speed>2.465827</speed><course>324.774714</course><hAcc>1.707341</hAcc><vAcc>0.556945</vAcc></extensions></trkpt>
      <trkpt lon="114.413389" lat="33.671328"><ele>57.212537</ele><time>2026-02-12T00:08:05Z</time><extensions><speed>2.493351</speed><course>323.634434</course><hAcc>1.706456</hAcc><vAcc>0.556945</vAcc></extensions></trkpt>
      <trkpt lon="114.413374" lat="33.671346"><ele>57.217611</ele><time>2026-02-12T00:08:06Z</time><extensions><speed>2.395549</speed><course>324.457271</course><hAcc>1.700105</hAcc><vAcc>0.556945</vAcc></extensions></trkpt>
      <trkpt lon="114.413359" lat="33.671363"><ele>57.221394</ele><time>2026-02-12T00:08:07Z</time><extensions><speed>2.489058</speed><course>324.589421</course><hAcc>1.695267</hAcc><vAcc>0.556945</vAcc></extensions></trkpt>
      <trkpt lon="114.413343" lat="33.671381"><ele>57.223532</ele><time>2026-02-12T00:08:08Z</time><extensions><speed>2.480291</speed><course>323.322057</course><hAcc>1.691999</hAcc><vAcc>0.556945</vAcc></extensions></trkpt>
      <trkpt lon="114.413327" lat="33.671399"><ele>57.223805</ele><time>2026-02-12T00:08:09Z</time><extensions><speed>2.454390</speed><course>322.503123</course><hAcc>1.690550</hAcc><vAcc>0.556944</vAcc></extensions></trkpt>
      <trkpt lon="114.413311" lat="33.671416"><ele>57.222222</ele><time>2026-02-12T00:08:10Z</time><extensions><speed>2.429177</speed><course>321.108284</course><hAcc>1.688619</hAcc><vAcc>0.556944</vAcc></extensions></trkpt>
      <trkpt lon="114.413294" lat="33.671433"><ele>57.218976</ele><time>2026-02-12T00:08:11Z</time><extensions><speed>2.308281</speed><course>319.916247</course><hAcc>1.682277</hAcc><vAcc>0.556944</vAcc></extensions></trkpt>
      <trkpt lon="114.413278" lat="33.671448"><ele>57.214375</ele><time>2026-02-12T00:08:12Z</time><extensions><speed>2.348509</speed><course>319.365421</course><hAcc>1.679400</hAcc><vAcc>0.556944</vAcc></extensions></trkpt>
      <trkpt lon="114.413262" lat="33.671465"><ele>57.208775</ele><time>2026-02-12T00:08:13Z</time><extensions><speed>2.406197</speed><course>319.989782</course><hAcc>1.683456</hAcc><vAcc>0.556944</vAcc></extensions></trkpt>
      <trkpt lon="114.413245" lat="33.671481"><ele>57.202549</ele><time>2026-02-12T00:08:14Z</time><extensions><speed>2.384194</speed><course>318.983888</course><hAcc>1.683893</hAcc><vAcc>0.556944</vAcc></extensions></trkpt>
      <trkpt lon="114.413229" lat="33.671496"><ele>57.196032</ele><time>2026-02-12T00:08:15Z</time><extensions><speed>2.223912</speed><course>318.309596</course><hAcc>1.689153</hAcc><vAcc>0.556944</vAcc></extensions></trkpt>
      <trkpt lon="114.413213" lat="33.671511"><ele>57.189510</ele><time>2026-02-12T00:08:16Z</time><extensions><speed>2.074697</speed><course>319.331593</course><hAcc>1.697463</hAcc><vAcc>0.556944</vAcc></extensions></trkpt>
      <trkpt lon="114.413199" lat="33.671525"><ele>57.183191</ele><time>2026-02-12T00:08:17Z</time><extensions><speed>2.115559</speed><course>320.697992</course><hAcc>1.700450</hAcc><vAcc>0.556944</vAcc></extensions></trkpt>
      <trkpt lon="114.413184" lat="33.671541"><ele>57.177191</ele><time>2026-02-12T00:08:18Z</time><extensions><speed>2.291464</speed><course>319.802301</course><hAcc>1.697282</hAcc><vAcc>0.556944</vAcc></extensions></trkpt>
      <trkpt lon="114.413168" lat="33.671557"><ele>57.171559</ele><time>2026-02-12T00:08:19Z</time><extensions><speed>2.373068</speed><course>318.206510</course><hAcc>1.702490</hAcc><vAcc>0.556944</vAcc></extensions></trkpt>
      <trkpt lon="114.413150" lat="33.671572"><ele>57.166429</ele><time>2026-02-12T00:08:20Z</time><extensions><speed>2.387470</speed><course>317.093329</course><hAcc>1.705369</hAcc><vAcc>0.556944</vAcc></extensions></trkpt>
      <trkpt lon="114.413133" lat="33.671588"><ele>57.161932</ele><time>2026-02-12T00:08:21Z</time><extensions><speed>2.430573</speed><course>319.042894</course><hAcc>1.708702</hAcc><vAcc>0.556944</vAcc></extensions></trkpt>
      <trkpt lon="114.413117" lat="33.671605"><ele>57.158164</ele><time>2026-02-12T00:08:22Z</time><extensions><speed>2.352993</speed><course>321.219824</course><hAcc>1.719510</hAcc><vAcc>0.556944</vAcc></extensions></trkpt>
      <trkpt lon="114.413101" lat="33.671621"><ele>57.155213</ele><time>2026-02-12T00:08:23Z</time><extensions><speed>2.300153</speed><course>323.192703</course><hAcc>1.717249</hAcc><vAcc>0.556944</vAcc></extensions></trkpt>
      <trkpt lon="114.413087" lat="33.671638"><ele>57.153167</ele><time>2026-02-12T00:08:24Z</time><extensions><speed>2.257113</speed><course>326.728414</course><hAcc>1.717350</hAcc><vAcc>0.556944</vAcc></extensions></trkpt>
      <trkpt lon="114.413075" lat="33.671655"><ele>57.152061</ele><time>2026-02-12T00:08:25Z</time><extensions><speed>2.164581</speed><course>329.191289</course><hAcc>1.721884</hAcc><vAcc>0.556944</vAcc></extensions></trkpt>
      <trkpt lon="114.413063" lat="33.671672"><ele>57.151904</ele><time>2026-02-12T00:08:26Z</time><extensions><speed>2.262954</speed><course>329.817390</course><hAcc>1.720480</hAcc><vAcc>0.556944</vAcc></extensions></trkpt>
      <trkpt lon="114.413051" lat="33.671690"><ele>57.152716</ele><time>2026-02-12T00:08:27Z</time><extensions><speed>2.312004</speed><course>329.959217</course><hAcc>1.722988</hAcc><vAcc>0.556944</vAcc></extensions></trkpt>
      <trkpt lon="114.413038" lat="33.671707"><ele>57.154480</ele><time>2026-02-12T00:08:28Z</time><extensions><speed>2.206056</speed><course>329.059687</course><hAcc>1.729589</hAcc><vAcc>0.556944</vAcc></extensions></trkpt>
      <trkpt lon="114.413026" lat="33.671725"><ele>57.157167</ele><time>2026-02-12T00:08:29Z</time><extensions><speed>2.270675</speed><course>329.697309</course><hAcc>1.726408</hAcc><vAcc>0.556944</vAcc></extensions></trkpt>
      <trkpt lon="114.413014" lat="33.671742"><ele>57.160641</ele><time>2026-02-12T00:08:30Z</time><extensions><speed>2.229009</speed><course>328.846236</course><hAcc>1.723425</hAcc><vAcc>0.556944</vAcc></extensions></trkpt>
      <trkpt lon="114.413002" lat="33.671759"><ele>57.164649</ele><time>2026-02-12T00:08:31Z</time><extensions><speed>2.071493</speed><course>328.733530</course><hAcc>1.721863</hAcc><vAcc>0.556944</vAcc></extensions></trkpt>
      <trkpt lon="114.412991" lat="33.671775"><ele>57.168888</ele><time>2026-02-12T00:08:32Z</time><extensions><speed>2.114044</speed><course>330.376718</course><hAcc>1.715106</hAcc><vAcc>0.556944</vAcc></extensions></trkpt>
      <trkpt lon="114.412980" lat="33.671792"><ele>57.172860</ele><time>2026-02-12T00:08:33Z</time><extensions><speed>2.089450</speed><course>332.240713</course><hAcc>1.707159</hAcc><vAcc>0.556944</vAcc></extensions></trkpt>
      <trkpt lon="114.412970" lat="33.671808"><ele>57.176060</ele><time>2026-02-12T00:08:34Z</time><extensions><speed>1.999097</speed><course>332.428610</course><hAcc>1.700226</hAcc><vAcc>0.556943</vAcc></extensions></trkpt>
      <trkpt lon="114.412960" lat="33.671824"><ele>57.177979</ele><time>2026-02-12T00:08:35Z</time><extensions><speed>2.014636</speed><course>331.829842</course><hAcc>1.692131</hAcc><vAcc>0.556943</vAcc></extensions></trkpt>
      <trkpt lon="114.412949" lat="33.671840"><ele>57.178122</ele><time>2026-02-12T00:08:36Z</time><extensions><speed>2.065121</speed><course>328.937353</course><hAcc>1.686105</hAcc><vAcc>0.556943</vAcc></extensions></trkpt>
      <trkpt lon="114.412937" lat="33.671856"><ele>57.176045</ele><time>2026-02-12T00:08:37Z</time><extensions><speed>2.165098</speed><course>323.559763</course><hAcc>1.674066</hAcc><vAcc>0.556943</vAcc></extensions></trkpt>
      <trkpt lon="114.412922" lat="33.671872"><ele>57.171458</ele><time>2026-02-12T00:08:38Z</time><extensions><speed>2.316262</speed><course>322.291340</course><hAcc>1.661552</hAcc><vAcc>0.556943</vAcc></extensions></trkpt>
      <trkpt lon="114.412907" lat="33.671889"><ele>57.164147</ele><time>2026-02-12T00:08:39Z</time><extensions><speed>2.361015</speed><course>323.943382</course><hAcc>1.652353</hAcc><vAcc>0.556943</vAcc></extensions></trkpt>
      <trkpt lon="114.412893" lat="33.671905"><ele>57.153946</ele><time>2026-02-12T00:08:40Z</time><extensions><speed>2.124720</speed><course>326.215014</course><hAcc>1.638407</hAcc><vAcc>0.556943</vAcc></extensions></trkpt>
      <trkpt lon="114.412881" lat="33.671922"><ele>57.140720</ele><time>2026-02-12T00:08:41Z</time><extensions><speed>2.113468</speed><course>328.340621</course><hAcc>1.626043</hAcc><vAcc>0.556943</vAcc></extensions></trkpt>
      <trkpt lon="114.412869" lat="33.671938"><ele>57.124422</ele><time>2026-02-12T00:08:42Z</time><extensions><speed>2.177114</speed><course>328.947636</course><hAcc>1.622428</hAcc><vAcc>0.556942</vAcc></extensions></trkpt>
      <trkpt lon="114.412857" lat="33.671955"><ele>57.105084</ele><time>2026-02-12T00:08:43Z</time><extensions><speed>2.217729</speed><course>330.422152</course><hAcc>1.619780</hAcc><vAcc>0.556940</vAcc></extensions></trkpt>
      <trkpt lon="114.412845" lat="33.671973"><ele>57.082824</ele><time>2026-02-12T00:08:44Z</time><extensions><speed>2.356208</speed><course>331.822078</course><hAcc>1.610754</hAcc><vAcc>0.556938</vAcc></extensions></trkpt>
      <trkpt lon="114.412833" lat="33.671992"><ele>57.057826</ele><time>2026-02-12T00:08:45Z</time><extensions><speed>2.277471</speed><course>331.396313</course><hAcc>1.595220</hAcc><vAcc>0.556936</vAcc></extensions></trkpt>
      <trkpt lon="114.412821" lat="33.672010"><ele>57.030294</ele><time>2026-02-12T00:08:46Z</time><extensions><speed>2.397948</speed><course>331.298931</course><hAcc>1.581612</hAcc><vAcc>0.556933</vAcc></extensions></trkpt>
      <trkpt lon="114.412809" lat="33.672030"><ele>57.000447</ele><time>2026-02-12T00:08:47Z</time><extensions><speed>2.469119</speed><course>331.584635</course><hAcc>1.565919</hAcc><vAcc>0.556929</vAcc></extensions></trkpt>
      <trkpt lon="114.412796" lat="33.672049"><ele>56.968532</ele><time>2026-02-12T00:08:48Z</time><extensions><speed>2.369358</speed><course>331.343327</course><hAcc>1.555469</hAcc><vAcc>0.556924</vAcc></extensions></trkpt>
      <trkpt lon="114.412783" lat="33.672068"><ele>56.934789</ele><time>2026-02-12T00:08:49Z</time><extensions><speed>2.407148</speed><course>329.136923</course><hAcc>1.543055</hAcc><vAcc>0.556917</vAcc></extensions></trkpt>
      <trkpt lon="114.412770" lat="33.672086"><ele>56.899429</ele><time>2026-02-12T00:08:50Z</time><extensions><speed>2.430706</speed><course>329.949198</course><hAcc>1.522031</hAcc><vAcc>0.556908</vAcc></extensions></trkpt>
      <trkpt lon="114.412757" lat="33.672104"><ele>56.862724</ele><time>2026-02-12T00:08:51Z</time><extensions><speed>2.182550</speed><course>327.049849</course><hAcc>1.509985</hAcc><vAcc>0.556907</vAcc></extensions></trkpt>
      <trkpt lon="114.412743" lat="33.672120"><ele>56.824742</ele><time>2026-02-12T00:08:52Z</time><extensions><speed>2.267516</speed><course>319.534545</course><hAcc>1.498591</hAcc><vAcc>0.556917</vAcc></extensions></trkpt>
      <trkpt lon="114.412727" lat="33.672136"><ele>56.785727</ele><time>2026-02-12T00:08:53Z</time><extensions><speed>2.370675</speed><course>320.186008</course><hAcc>1.487260</hAcc><vAcc>0.556924</vAcc></extensions></trkpt>
      <trkpt lon="114.412711" lat="33.672153"><ele>56.745849</ele><time>2026-02-12T00:08:54Z</time><extensions><speed>2.419996</speed><course>324.455470</course><hAcc>1.476288</hAcc><vAcc>0.556928</vAcc></extensions></trkpt>
      <trkpt lon="114.412697" lat="33.672171"><ele>56.705273</ele><time>2026-02-12T00:08:55Z</time><extensions><speed>2.363303</speed><course>328.712108</course><hAcc>1.472380</hAcc><vAcc>0.556932</vAcc></extensions></trkpt>
      <trkpt lon="114.412684" lat="33.672189"><ele>56.664262</ele><time>2026-02-12T00:08:56Z</time><extensions><speed>2.299342</speed><course>331.534736</course><hAcc>1.474866</hAcc><vAcc>0.556935</vAcc></extensions></trkpt>
      <trkpt lon="114.412673" lat="33.672207"><ele>56.623057</ele><time>2026-02-12T00:08:57Z</time><extensions><speed>2.405636</speed><course>331.851482</course><hAcc>1.456956</hAcc><vAcc>0.556937</vAcc></extensions></trkpt>
      <trkpt lon="114.412661" lat="33.672226"><ele>56.582223</ele><time>2026-02-12T00:08:58Z</time><extensions><speed>2.333449</speed><course>334.183370</course><hAcc>1.454435</hAcc><vAcc>0.556938</vAcc></extensions></trkpt>
      <trkpt lon="114.412650" lat="33.672244"><ele>56.542692</ele><time>2026-02-12T00:08:59Z</time><extensions><speed>2.253107</speed><course>333.286735</course><hAcc>1.464945</hAcc><vAcc>0.556940</vAcc></extensions></trkpt>
      <trkpt lon="114.412640" lat="33.672262"><ele>56.505347</ele><time>2026-02-12T00:09:00Z</time><extensions><speed>2.152711</speed><course>332.519083</course><hAcc>1.456627</hAcc><vAcc>0.556941</vAcc></extensions></trkpt>
      <trkpt lon="114.412630" lat="33.672279"><ele>56.470601</ele><time>2026-02-12T00:09:01Z</time><extensions><speed>2.104164</speed><course>333.349643</course><hAcc>1.455326</hAcc><vAcc>0.556941</vAcc></extensions></trkpt>
      <trkpt lon="114.412621" lat="33.672295"><ele>56.438831</ele><time>2026-02-12T00:09:02Z</time><extensions><speed>1.972472</speed><course>334.949293</course><hAcc>1.464116</hAcc><vAcc>0.556942</vAcc></extensions></trkpt>
      <trkpt lon="114.412613" lat="33.672310"><ele>56.410246</ele><time>2026-02-12T00:09:03Z</time><extensions><speed>1.835230</speed><course>335.618473</course><hAcc>1.461159</hAcc><vAcc>0.556942</vAcc></extensions></trkpt>
      <trkpt lon="114.412605" lat="33.672325"><ele>56.384760</ele><time>2026-02-12T00:09:04Z</time><extensions><speed>1.839792</speed><course>332.570624</course><hAcc>1.462293</hAcc><vAcc>0.556943</vAcc></extensions></trkpt>
      <trkpt lon="114.412594" lat="33.672339"><ele>56.362236</ele><time>2026-02-12T00:09:05Z</time><extensions><speed>1.751371</speed><course>321.365733</course><hAcc>1.464238</hAcc><vAcc>0.556943</vAcc></extensions></trkpt>
      <trkpt lon="114.412582" lat="33.672349"><ele>56.342797</ele><time>2026-02-12T00:09:06Z</time><extensions><speed>1.633491</speed><course>305.735679</course><hAcc>1.459985</hAcc><vAcc>0.556943</vAcc></extensions></trkpt>
      <trkpt lon="114.412567" lat="33.672355"><ele>56.326465</ele><time>2026-02-12T00:09:07Z</time><extensions><speed>1.540973</speed><course>283.907519</course><hAcc>1.459680</hAcc><vAcc>0.556943</vAcc></extensions></trkpt>
      <trkpt lon="114.412551" lat="33.672354"><ele>56.313125</ele><time>2026-02-12T00:09:08Z</time><extensions><speed>1.499548</speed><course>247.478204</course><hAcc>1.466787</hAcc><vAcc>0.556943</vAcc></extensions></trkpt>
      <trkpt lon="114.412541" lat="33.672344"><ele>56.302621</ele><time>2026-02-12T00:09:09Z</time><extensions><speed>1.731209</speed><course>201.131414</course><hAcc>1.456511</hAcc><vAcc>0.556943</vAcc></extensions></trkpt>
      <trkpt lon="114.412539" lat="33.672328"><ele>56.294639</ele><time>2026-02-12T00:09:10Z</time><extensions><speed>2.132605</speed><course>172.232580</course><hAcc>1.457392</hAcc><vAcc>0.556943</vAcc></extensions></trkpt>
      <trkpt lon="114.412547" lat="33.672308"><ele>56.288929</ele><time>2026-02-12T00:09:11Z</time><extensions><speed>2.418738</speed><course>152.097202</course><hAcc>1.462663</hAcc><vAcc>0.556943</vAcc></extensions></trkpt>
      <trkpt lon="114.412561" lat="33.672290"><ele>56.285385</ele><time>2026-02-12T00:09:12Z</time><extensions><speed>2.497620</speed><course>140.374642</course><hAcc>1.464957</hAcc><vAcc>0.556943</vAcc></extensions></trkpt>
      <trkpt lon="114.412580" lat="33.672274"><ele>56.284031</ele><time>2026-02-12T00:09:13Z</time><extensions><speed>2.482689</speed><course>133.063831</course><hAcc>1.464106</hAcc><vAcc>0.556943</vAcc></extensions></trkpt>
      <trkpt lon="114.412600" lat="33.672259"><ele>56.284862</ele><time>2026-02-12T00:09:14Z</time><extensions><speed>2.453256</speed><course>127.408678</course><hAcc>1.458852</hAcc><vAcc>0.556943</vAcc></extensions></trkpt>
      <trkpt lon="114.412621" lat="33.672245"><ele>56.288013</ele><time>2026-02-12T00:09:15Z</time><extensions><speed>2.532052</speed><course>128.368296</course><hAcc>1.451913</hAcc><vAcc>0.556943</vAcc></extensions></trkpt>
      <trkpt lon="114.412642" lat="33.672231"><ele>56.293657</ele><time>2026-02-12T00:09:16Z</time><extensions><speed>2.370198</speed><course>131.767483</course><hAcc>1.444097</hAcc><vAcc>0.556943</vAcc></extensions></trkpt>
      <trkpt lon="114.412660" lat="33.672217"><ele>56.301899</ele><time>2026-02-12T00:09:17Z</time><extensions><speed>2.229080</speed><course>134.917872</course><hAcc>1.435575</hAcc><vAcc>0.556943</vAcc></extensions></trkpt>
      <trkpt lon="114.412676" lat="33.672202"><ele>56.312737</ele><time>2026-02-12T00:09:18Z</time><extensions><speed>2.294043</speed><course>137.311307</course><hAcc>1.423355</hAcc><vAcc>0.556943</vAcc></extensions></trkpt>
      <trkpt lon="114.412693" lat="33.672187"><ele>56.326253</ele><time>2026-02-12T00:09:19Z</time><extensions><speed>2.331601</speed><course>138.717979</course><hAcc>1.413823</hAcc><vAcc>0.556943</vAcc></extensions></trkpt>
      <trkpt lon="114.412709" lat="33.672171"><ele>56.342390</ele><time>2026-02-12T00:09:20Z</time><extensions><speed>2.289193</speed><course>139.248836</course><hAcc>1.402806</hAcc><vAcc>0.556943</vAcc></extensions></trkpt>
      <trkpt lon="114.412726" lat="33.672155"><ele>56.361004</ele><time>2026-02-12T00:09:21Z</time><extensions><speed>2.475115</speed><course>141.459340</course><hAcc>1.393682</hAcc><vAcc>0.556943</vAcc></extensions></trkpt>
      <trkpt lon="114.412742" lat="33.672137"><ele>56.381904</ele><time>2026-02-12T00:09:22Z</time><extensions><speed>2.437551</speed><course>143.109692</course><hAcc>1.387050</hAcc><vAcc>0.556943</vAcc></extensions></trkpt>
      <trkpt lon="114.412757" lat="33.672120"><ele>56.404898</ele><time>2026-02-12T00:09:23Z</time><extensions><speed>2.285864</speed><course>143.863498</course><hAcc>1.382135</hAcc><vAcc>0.556943</vAcc></extensions></trkpt>
      <trkpt lon="114.412772" lat="33.672104"><ele>56.429867</ele><time>2026-02-12T00:09:24Z</time><extensions><speed>2.264325</speed><course>141.110750</course><hAcc>1.367699</hAcc><vAcc>0.556943</vAcc></extensions></trkpt>
      <trkpt lon="114.412787" lat="33.672088"><ele>56.456762</ele><time>2026-02-12T00:09:25Z</time><extensions><speed>2.275582</speed><course>142.269065</course><hAcc>1.361739</hAcc><vAcc>0.556942</vAcc></extensions></trkpt>
      <trkpt lon="114.412802" lat="33.672072"><ele>56.485489</ele><time>2026-02-12T00:09:26Z</time><extensions><speed>2.158693</speed><course>144.368908</course><hAcc>1.354379</hAcc><vAcc>0.556942</vAcc></extensions></trkpt>
      <trkpt lon="114.412815" lat="33.672056"><ele>56.515845</ele><time>2026-02-12T00:09:27Z</time><extensions><speed>2.072781</speed><course>145.014101</course><hAcc>1.355441</hAcc><vAcc>0.556942</vAcc></extensions></trkpt>
      <trkpt lon="114.412827" lat="33.672041"><ele>56.547635</ele><time>2026-02-12T00:09:28Z</time><extensions><speed>2.032166</speed><course>145.253343</course><hAcc>1.360357</hAcc><vAcc>0.556941</vAcc></extensions></trkpt>
      <trkpt lon="114.412840" lat="33.672026"><ele>56.580700</ele><time>2026-02-12T00:09:29Z</time><extensions><speed>2.091819</speed><course>144.891069</course><hAcc>1.363143</hAcc><vAcc>0.556941</vAcc></extensions></trkpt>
      <trkpt lon="114.412854" lat="33.672010"><ele>56.614828</ele><time>2026-02-12T00:09:30Z</time><extensions><speed>2.304222</speed><course>145.313747</course><hAcc>1.367257</hAcc><vAcc>0.556941</vAcc></extensions></trkpt>
      <trkpt lon="114.412868" lat="33.671993"><ele>56.649783</ele><time>2026-02-12T00:09:31Z</time><extensions><speed>2.319816</speed><course>144.576967</course><hAcc>1.375041</hAcc><vAcc>0.556942</vAcc></extensions></trkpt>
      <trkpt lon="114.412883" lat="33.671976"><ele>56.685354</ele><time>2026-02-12T00:09:32Z</time><extensions><speed>2.253120</speed><course>143.249651</course><hAcc>1.379666</hAcc><vAcc>0.556942</vAcc></extensions></trkpt>
      <trkpt lon="114.412897" lat="33.671960"><ele>56.721319</ele><time>2026-02-12T00:09:33Z</time><extensions><speed>2.284729</speed><course>142.282223</course><hAcc>1.380042</hAcc><vAcc>0.556942</vAcc></extensions></trkpt>
      <trkpt lon="114.412912" lat="33.671944"><ele>56.757507</ele><time>2026-02-12T00:09:34Z</time><extensions><speed>2.127323</speed><course>140.936729</course><hAcc>1.383587</hAcc><vAcc>0.556942</vAcc></extensions></trkpt>
      <trkpt lon="114.412926" lat="33.671929"><ele>56.793791</ele><time>2026-02-12T00:09:35Z</time><extensions><speed>2.067321</speed><course>144.629564</course><hAcc>1.388101</hAcc><vAcc>0.556942</vAcc></extensions></trkpt>
      <trkpt lon="114.412939" lat="33.671913"><ele>56.830110</ele><time>2026-02-12T00:09:36Z</time><extensions><speed>2.226342</speed><course>149.292218</course><hAcc>1.390130</hAcc><vAcc>0.556942</vAcc></extensions></trkpt>
      <trkpt lon="114.412951" lat="33.671896"><ele>56.866501</ele><time>2026-02-12T00:09:37Z</time><extensions><speed>2.247080</speed><course>147.731012</course><hAcc>1.399402</hAcc><vAcc>0.556942</vAcc></extensions></trkpt>
      <trkpt lon="114.412965" lat="33.671879"><ele>56.903078</ele><time>2026-02-12T00:09:38Z</time><extensions><speed>2.260909</speed><course>145.460193</course><hAcc>1.409195</hAcc><vAcc>0.556942</vAcc></extensions></trkpt>
      <trkpt lon="114.412979" lat="33.671861"><ele>56.939587</ele><time>2026-02-12T00:09:39Z</time><extensions><speed>2.446199</speed><course>145.454534</course><hAcc>1.420770</hAcc><vAcc>0.556942</vAcc></extensions></trkpt>
      <trkpt lon="114.412994" lat="33.671844"><ele>56.975617</ele><time>2026-02-12T00:09:40Z</time><extensions><speed>2.349243</speed><course>144.023331</course><hAcc>1.435636</hAcc><vAcc>0.556942</vAcc></extensions></trkpt>
      <trkpt lon="114.413008" lat="33.671827"><ele>57.010718</ele><time>2026-02-12T00:09:41Z</time><extensions><speed>2.137176</speed><course>143.789388</course><hAcc>1.443985</hAcc><vAcc>0.556942</vAcc></extensions></trkpt>
      <trkpt lon="114.413022" lat="33.671811"><ele>57.044188</ele><time>2026-02-12T00:09:42Z</time><extensions><speed>2.301506</speed><course>143.471932</course><hAcc>1.451075</hAcc><vAcc>0.556943</vAcc></extensions></trkpt>
      <trkpt lon="114.413038" lat="33.671795"><ele>57.075293</ele><time>2026-02-12T00:09:43Z</time><extensions><speed>2.406165</speed><course>138.914306</course><hAcc>1.463802</hAcc><vAcc>0.556943</vAcc></extensions></trkpt>
      <trkpt lon="114.413056" lat="33.671778"><ele>57.103317</ele><time>2026-02-12T00:09:44Z</time><extensions><speed>2.473988</speed><course>137.643962</course><hAcc>1.484377</hAcc><vAcc>0.556943</vAcc></extensions></trkpt>
      <trkpt lon="114.413074" lat="33.671762"><ele>57.127560</ele><time>2026-02-12T00:09:45Z</time><extensions><speed>2.478339</speed><course>136.059360</course><hAcc>1.507250</hAcc><vAcc>0.556943</vAcc></extensions></trkpt>
      <trkpt lon="114.413093" lat="33.671746"><ele>57.147352</ele><time>2026-02-12T00:09:46Z</time><extensions><speed>2.441653</speed><course>134.693965</course><hAcc>1.522603</hAcc><vAcc>0.556943</vAcc></extensions></trkpt>
      <trkpt lon="114.413112" lat="33.671732"><ele>57.162924</ele><time>2026-02-12T00:09:47Z</time><extensions><speed>2.387094</speed><course>130.511416</course><hAcc>1.540804</hAcc><vAcc>0.556943</vAcc></extensions></trkpt>
      <trkpt lon="114.413132" lat="33.671717"><ele>57.174566</ele><time>2026-02-12T00:09:48Z</time><extensions><speed>2.503458</speed><course>130.957003</course><hAcc>1.562141</hAcc><vAcc>0.556943</vAcc></extensions></trkpt>
      <trkpt lon="114.413152" lat="33.671703"><ele>57.182347</ele><time>2026-02-12T00:09:49Z</time><extensions><speed>2.424062</speed><course>131.253209</course><hAcc>1.579906</hAcc><vAcc>0.556943</vAcc></extensions></trkpt>
      <trkpt lon="114.413171" lat="33.671688"><ele>57.186181</ele><time>2026-02-12T00:09:50Z</time><extensions><speed>2.402881</speed><course>133.799353</course><hAcc>1.601267</hAcc><vAcc>0.556943</vAcc></extensions></trkpt>
      <trkpt lon="114.413189" lat="33.671672"><ele>57.186260</ele><time>2026-02-12T00:09:51Z</time><extensions><speed>2.408816</speed><course>138.371100</course><hAcc>1.620235</hAcc><vAcc>0.556943</vAcc></extensions></trkpt>
      <trkpt lon="114.413206" lat="33.671656"><ele>57.182987</ele><time>2026-02-12T00:09:52Z</time><extensions><speed>2.393692</speed><course>140.571962</course><hAcc>1.639397</hAcc><vAcc>0.556943</vAcc></extensions></trkpt>
      <trkpt lon="114.413222" lat="33.671639"><ele>57.176888</ele><time>2026-02-12T00:09:53Z</time><extensions><speed>2.423387</speed><course>140.014541</course><hAcc>1.658199</hAcc><vAcc>0.556943</vAcc></extensions></trkpt>
      <trkpt lon="114.413239" lat="33.671623"><ele>57.168759</ele><time>2026-02-12T00:09:54Z</time><extensions><speed>2.390179</speed><course>139.476196</course><hAcc>1.675234</hAcc><vAcc>0.556943</vAcc></extensions></trkpt>
      <trkpt lon="114.413256" lat="33.671607"><ele>57.159695</ele><time>2026-02-12T00:09:55Z</time><extensions><speed>2.296201</speed><course>139.037489</course><hAcc>1.686747</hAcc><vAcc>0.556943</vAcc></extensions></trkpt>
      <trkpt lon="114.413272" lat="33.671591"><ele>57.150604</ele><time>2026-02-12T00:09:56Z</time><extensions><speed>2.378593</speed><course>141.374195</course><hAcc>1.694160</hAcc><vAcc>0.556943</vAcc></extensions></trkpt>
      <trkpt lon="114.413287" lat="33.671573"><ele>57.141892</ele><time>2026-02-12T00:09:57Z</time><extensions><speed>2.469630</speed><course>145.176419</course><hAcc>1.696576</hAcc><vAcc>0.556943</vAcc></extensions></trkpt>
      <trkpt lon="114.413302" lat="33.671555"><ele>57.133696</ele><time>2026-02-12T00:09:58Z</time><extensions><speed>2.440013</speed><course>147.376095</course><hAcc>1.691369</hAcc><vAcc>0.556943</vAcc></extensions></trkpt>
      <trkpt lon="114.413316" lat="33.671537"><ele>57.125904</ele><time>2026-02-12T00:09:59Z</time><extensions><speed>2.319605</speed><course>143.626407</course><hAcc>1.685309</hAcc><vAcc>0.556943</vAcc></extensions></trkpt>
      <trkpt lon="114.413332" lat="33.671521"><ele>57.118083</ele><time>2026-02-12T00:10:00Z</time><extensions><speed>2.222117</speed><course>139.308643</course><hAcc>1.683853</hAcc><vAcc>0.556943</vAcc></extensions></trkpt>
      <trkpt lon="114.413348" lat="33.671506"><ele>57.109916</ele><time>2026-02-12T00:10:01Z</time><extensions><speed>2.367703</speed><course>138.416342</course><hAcc>1.688951</hAcc><vAcc>0.556943</vAcc></extensions></trkpt>
      <trkpt lon="114.413364" lat="33.671489"><ele>57.101179</ele><time>2026-02-12T00:10:02Z</time><extensions><speed>2.362910</speed><course>141.161959</course><hAcc>1.686695</hAcc><vAcc>0.556943</vAcc></extensions></trkpt>
      <trkpt lon="114.413379" lat="33.671473"><ele>57.091636</ele><time>2026-02-12T00:10:03Z</time><extensions><speed>2.261803</speed><course>144.788826</course><hAcc>1.679561</hAcc><vAcc>0.556943</vAcc></extensions></trkpt>
      <trkpt lon="114.413393" lat="33.671455"><ele>57.081093</ele><time>2026-02-12T00:10:04Z</time><extensions><speed>2.428204</speed><course>147.898822</course><hAcc>1.669753</hAcc><vAcc>0.556943</vAcc></extensions></trkpt>
      <trkpt lon="114.413407" lat="33.671436"><ele>57.069743</ele><time>2026-02-12T00:10:05Z</time><extensions><speed>2.448192</speed><course>148.920162</course><hAcc>1.663322</hAcc><vAcc>0.556943</vAcc></extensions></trkpt>
      <trkpt lon="114.413421" lat="33.671418"><ele>57.057637</ele><time>2026-02-12T00:10:06Z</time><extensions><speed>2.367536</speed><course>149.183310</course><hAcc>1.654635</hAcc><vAcc>0.556943</vAcc></extensions></trkpt>
      <trkpt lon="114.413434" lat="33.671400"><ele>57.045017</ele><time>2026-02-12T00:10:07Z</time><extensions><speed>2.413101</speed><course>148.353681</course><hAcc>1.650788</hAcc><vAcc>0.556943</vAcc></extensions></trkpt>
      <trkpt lon="114.413447" lat="33.671382"><ele>57.032325</ele><time>2026-02-12T00:10:08Z</time><extensions><speed>2.302624</speed><course>147.137739</course><hAcc>1.651041</hAcc><vAcc>0.556943</vAcc></extensions></trkpt>
      <trkpt lon="114.413461" lat="33.671365"><ele>57.020097</ele><time>2026-02-12T00:10:09Z</time><extensions><speed>2.192995</speed><course>145.259449</course><hAcc>1.646185</hAcc><vAcc>0.556943</vAcc></extensions></trkpt>
      <trkpt lon="114.413475" lat="33.671348"><ele>57.008443</ele><time>2026-02-12T00:10:10Z</time><extensions><speed>2.232392</speed><course>144.526660</course><hAcc>1.643702</hAcc><vAcc>0.556943</vAcc></extensions></trkpt>
      <trkpt lon="114.413488" lat="33.671332"><ele>56.997687</ele><time>2026-02-12T00:10:11Z</time><extensions><speed>2.198802</speed><course>144.663011</course><hAcc>1.648075</hAcc><vAcc>0.556943</vAcc></extensions></trkpt>
      <trkpt lon="114.413503" lat="33.671316"><ele>56.988378</ele><time>2026-02-12T00:10:12Z</time><extensions><speed>2.328062</speed><course>143.547234</course><hAcc>1.651293</hAcc><vAcc>0.556943</vAcc></extensions></trkpt>
      <trkpt lon="114.413517" lat="33.671299"><ele>56.981151</ele><time>2026-02-12T00:10:13Z</time><extensions><speed>2.345004</speed><course>144.902285</course><hAcc>1.654231</hAcc><vAcc>0.556943</vAcc></extensions></trkpt>
      <trkpt lon="114.413531" lat="33.671282"><ele>56.976506</ele><time>2026-02-12T00:10:14Z</time><extensions><speed>2.270306</speed><course>146.229617</course><hAcc>1.661533</hAcc><vAcc>0.556943</vAcc></extensions></trkpt>
      <trkpt lon="114.413545" lat="33.671265"><ele>56.974714</ele><time>2026-02-12T00:10:15Z</time><extensions><speed>2.271592</speed><course>147.134558</course><hAcc>1.667362</hAcc><vAcc>0.556943</vAcc></extensions></trkpt>
      <trkpt lon="114.413558" lat="33.671248"><ele>56.975776</ele><time>2026-02-12T00:10:16Z</time><extensions><speed>2.232076</speed><course>146.649066</course><hAcc>1.663271</hAcc><vAcc>0.556943</vAcc></extensions></trkpt>
      <trkpt lon="114.413571" lat="33.671231"><ele>56.979455</ele><time>2026-02-12T00:10:17Z</time><extensions><speed>2.219059</speed><course>145.618001</course><hAcc>1.663822</hAcc><vAcc>0.556943</vAcc></extensions></trkpt>
      <trkpt lon="114.413585" lat="33.671214"><ele>56.985359</ele><time>2026-02-12T00:10:18Z</time><extensions><speed>2.294201</speed><course>145.933867</course><hAcc>1.658710</hAcc><vAcc>0.556943</vAcc></extensions></trkpt>
      <trkpt lon="114.413599" lat="33.671197"><ele>56.993022</ele><time>2026-02-12T00:10:19Z</time><extensions><speed>2.307459</speed><course>146.771031</course><hAcc>1.654369</hAcc><vAcc>0.556943</vAcc></extensions></trkpt>
      <trkpt lon="114.413612" lat="33.671179"><ele>57.001881</ele><time>2026-02-12T00:10:20Z</time><extensions><speed>2.293100</speed><course>147.335941</course><hAcc>1.649347</hAcc><vAcc>0.556943</vAcc></extensions></trkpt>
      <trkpt lon="114.413626" lat="33.671162"><ele>57.011493</ele><time>2026-02-12T00:10:21Z</time><extensions><speed>2.310492</speed><course>146.581874</course><hAcc>1.646316</hAcc><vAcc>0.556943</vAcc></extensions></trkpt>
      <trkpt lon="114.413640" lat="33.671145"><ele>57.021517</ele><time>2026-02-12T00:10:22Z</time><extensions><speed>2.273945</speed><course>145.376996</course><hAcc>1.643478</hAcc><vAcc>0.556943</vAcc></extensions></trkpt>
      <trkpt lon="114.413654" lat="33.671128"><ele>57.031652</ele><time>2026-02-12T00:10:23Z</time><extensions><speed>2.248914</speed><course>145.277089</course><hAcc>1.633890</hAcc><vAcc>0.556943</vAcc></extensions></trkpt>
      <trkpt lon="114.413668" lat="33.671111"><ele>57.041614</ele><time>2026-02-12T00:10:24Z</time><extensions><speed>2.325007</speed><course>144.103211</course><hAcc>1.626129</hAcc><vAcc>0.556943</vAcc></extensions></trkpt>
      <trkpt lon="114.413683" lat="33.671094"><ele>57.051062</ele><time>2026-02-12T00:10:25Z</time><extensions><speed>2.243966</speed><course>143.833166</course><hAcc>1.622799</hAcc><vAcc>0.556943</vAcc></extensions></trkpt>
      <trkpt lon="114.413697" lat="33.671078"><ele>57.059657</ele><time>2026-02-12T00:10:26Z</time><extensions><speed>2.244166</speed><course>145.783713</course><hAcc>1.620059</hAcc><vAcc>0.556943</vAcc></extensions></trkpt>
      <trkpt lon="114.413710" lat="33.671061"><ele>57.067053</ele><time>2026-02-12T00:10:27Z</time><extensions><speed>2.271920</speed><course>145.901870</course><hAcc>1.616294</hAcc><vAcc>0.556943</vAcc></extensions></trkpt>
      <trkpt lon="114.413724" lat="33.671044"><ele>57.072843</ele><time>2026-02-12T00:10:28Z</time><extensions><speed>2.231156</speed><course>143.972041</course><hAcc>1.619806</hAcc><vAcc>0.556943</vAcc></extensions></trkpt>
      <trkpt lon="114.413739" lat="33.671028"><ele>57.076664</ele><time>2026-02-12T00:10:29Z</time><extensions><speed>2.268487</speed><course>142.524596</course><hAcc>1.618125</hAcc><vAcc>0.556943</vAcc></extensions></trkpt>
      <trkpt lon="114.413754" lat="33.671012"><ele>57.078494</ele><time>2026-02-12T00:10:30Z</time><extensions><speed>2.356619</speed><course>141.711759</course><hAcc>1.617873</hAcc><vAcc>0.556943</vAcc></extensions></trkpt>
      <trkpt lon="114.413770" lat="33.670995"><ele>57.078491</ele><time>2026-02-12T00:10:31Z</time><extensions><speed>2.345671</speed><course>142.622316</course><hAcc>1.623853</hAcc><vAcc>0.556943</vAcc></extensions></trkpt>
      <trkpt lon="114.413785" lat="33.670978"><ele>57.076834</ele><time>2026-02-12T00:10:32Z</time><extensions><speed>2.365883</speed><course>143.397704</course><hAcc>1.622054</hAcc><vAcc>0.556943</vAcc></extensions></trkpt>
      <trkpt lon="114.413800" lat="33.670960"><ele>57.073533</ele><time>2026-02-12T00:10:33Z</time><extensions><speed>2.438342</speed><course>144.729557</course><hAcc>1.618652</hAcc><vAcc>0.556943</vAcc></extensions></trkpt>
      <trkpt lon="114.413815" lat="33.670942"><ele>57.068670</ele><time>2026-02-12T00:10:34Z</time><extensions><speed>2.402016</speed><course>146.134160</course><hAcc>1.624898</hAcc><vAcc>0.556943</vAcc></extensions></trkpt>
      <trkpt lon="114.413829" lat="33.670924"><ele>57.062466</ele><time>2026-02-12T00:10:35Z</time><extensions><speed>2.363392</speed><course>148.525537</course><hAcc>1.620672</hAcc><vAcc>0.556943</vAcc></extensions></trkpt>
      <trkpt lon="114.413843" lat="33.670905"><ele>57.055235</ele><time>2026-02-12T00:10:36Z</time><extensions><speed>2.373069</speed><course>148.318969</course><hAcc>1.613898</hAcc><vAcc>0.556943</vAcc></extensions></trkpt>
      <trkpt lon="114.413856" lat="33.670888"><ele>57.047311</ele><time>2026-02-12T00:10:37Z</time><extensions><speed>2.289827</speed><course>146.350887</course><hAcc>1.613346</hAcc><vAcc>0.556943</vAcc></extensions></trkpt>
      <trkpt lon="114.413871" lat="33.670870"><ele>57.038871</ele><time>2026-02-12T00:10:38Z</time><extensions><speed>2.387713</speed><course>145.229800</course><hAcc>1.609957</hAcc><vAcc>0.556943</vAcc></extensions></trkpt>
      <trkpt lon="114.413886" lat="33.670852"><ele>57.030078</ele><time>2026-02-12T00:10:39Z</time><extensions><speed>2.425131</speed><course>144.865898</course><hAcc>1.605480</hAcc><vAcc>0.556943</vAcc></extensions></trkpt>
      <trkpt lon="114.413901" lat="33.670834"><ele>57.021011</ele><time>2026-02-12T00:10:40Z</time><extensions><speed>2.320469</speed><course>145.626082</course><hAcc>1.595863</hAcc><vAcc>0.556943</vAcc></extensions></trkpt>
      <trkpt lon="114.413915" lat="33.670816"><ele>57.011632</ele><time>2026-02-12T00:10:41Z</time><extensions><speed>2.364502</speed><course>148.350484</course><hAcc>1.585367</hAcc><vAcc>0.556943</vAcc></extensions></trkpt>
      <trkpt lon="114.413928" lat="33.670798"><ele>57.001819</ele><time>2026-02-12T00:10:42Z</time><extensions><speed>2.371635</speed><course>149.865073</course><hAcc>1.589745</hAcc><vAcc>0.556943</vAcc></extensions></trkpt>
      <trkpt lon="114.413942" lat="33.670779"><ele>56.991473</ele><time>2026-02-12T00:10:43Z</time><extensions><speed>2.420108</speed><course>147.929584</course><hAcc>1.590270</hAcc><vAcc>0.556943</vAcc></extensions></trkpt>
      <trkpt lon="114.413957" lat="33.670761"><ele>56.980499</ele><time>2026-02-12T00:10:44Z</time><extensions><speed>2.528823</speed><course>144.212198</course><hAcc>1.597058</hAcc><vAcc>0.556943</vAcc></extensions></trkpt>
      <trkpt lon="114.413973" lat="33.670742"><ele>56.968861</ele><time>2026-02-12T00:10:45Z</time><extensions><speed>2.463563</speed><course>142.273300</course><hAcc>1.613920</hAcc><vAcc>0.556943</vAcc></extensions></trkpt>
      <trkpt lon="114.413990" lat="33.670725"><ele>56.956597</ele><time>2026-02-12T00:10:46Z</time><extensions><speed>2.491486</speed><course>141.031711</course><hAcc>1.615029</hAcc><vAcc>0.556943</vAcc></extensions></trkpt>
      <trkpt lon="114.414007" lat="33.670707"><ele>56.943751</ele><time>2026-02-12T00:10:47Z</time><extensions><speed>2.635746</speed><course>141.643783</course><hAcc>1.618470</hAcc><vAcc>0.556943</vAcc></extensions></trkpt>
      <trkpt lon="114.414025" lat="33.670688"><ele>56.930600</ele><time>2026-02-12T00:10:48Z</time><extensions><speed>2.683205</speed><course>141.438761</course><hAcc>1.626970</hAcc><vAcc>0.556943</vAcc></extensions></trkpt>
      <trkpt lon="114.414043" lat="33.670669"><ele>56.917501</ele><time>2026-02-12T00:10:49Z</time><extensions><speed>2.659897</speed><course>140.389552</course><hAcc>1.633943</hAcc><vAcc>0.556943</vAcc></extensions></trkpt>
      <trkpt lon="114.414061" lat="33.670651"><ele>56.904820</ele><time>2026-02-12T00:10:50Z</time><extensions><speed>2.569970</speed><course>138.460041</course><hAcc>1.635458</hAcc><vAcc>0.556943</vAcc></extensions></trkpt>
      <trkpt lon="114.414080" lat="33.670634"><ele>56.892878</ele><time>2026-02-12T00:10:51Z</time><extensions><speed>2.571609</speed><course>136.870601</course><hAcc>1.634029</hAcc><vAcc>0.556943</vAcc></extensions></trkpt>
      <trkpt lon="114.414099" lat="33.670618"><ele>56.882017</ele><time>2026-02-12T00:10:52Z</time><extensions><speed>2.483371</speed><course>135.462032</course><hAcc>1.636022</hAcc><vAcc>0.556943</vAcc></extensions></trkpt>
      <trkpt lon="114.414117" lat="33.670602"><ele>56.872600</ele><time>2026-02-12T00:10:53Z</time><extensions><speed>2.292302</speed><course>136.282255</course><hAcc>1.636225</hAcc><vAcc>0.556943</vAcc></extensions></trkpt>
      <trkpt lon="114.414134" lat="33.670587"><ele>56.864957</ele><time>2026-02-12T00:10:54Z</time><extensions><speed>2.273450</speed><course>138.285224</course><hAcc>1.625505</hAcc><vAcc>0.556943</vAcc></extensions></trkpt>
      <trkpt lon="114.414150" lat="33.670571"><ele>56.859306</ele><time>2026-02-12T00:10:55Z</time><extensions><speed>2.357271</speed><course>140.163170</course><hAcc>1.618498</hAcc><vAcc>0.556943</vAcc></extensions></trkpt>
      <trkpt lon="114.414166" lat="33.670554"><ele>56.855602</ele><time>2026-02-12T00:10:56Z</time><extensions><speed>2.336922</speed><course>141.228155</course><hAcc>1.615176</hAcc><vAcc>0.556943</vAcc></extensions></trkpt>
      <trkpt lon="114.414182" lat="33.670538"><ele>56.853709</ele><time>2026-02-12T00:10:57Z</time><extensions><speed>2.354699</speed><course>141.466277</course><hAcc>1.615478</hAcc><vAcc>0.556943</vAcc></extensions></trkpt>
      <trkpt lon="114.414198" lat="33.670521"><ele>56.853709</ele><time>2026-02-12T00:10:58Z</time><extensions><speed>2.430235</speed><course>141.883112</course><hAcc>1.612191</hAcc><vAcc>0.556943</vAcc></extensions></trkpt>
      <trkpt lon="114.414214" lat="33.670503"><ele>56.855728</ele><time>2026-02-12T00:10:59Z</time><extensions><speed>2.421283</speed><course>143.088180</course><hAcc>1.612670</hAcc><vAcc>0.556943</vAcc></extensions></trkpt>
      <trkpt lon="114.414230" lat="33.670485"><ele>56.859790</ele><time>2026-02-12T00:11:00Z</time><extensions><speed>2.460675</speed><course>143.739939</course><hAcc>1.604779</hAcc><vAcc>0.556943</vAcc></extensions></trkpt>
      <trkpt lon="114.414246" lat="33.670467"><ele>56.865672</ele><time>2026-02-12T00:11:01Z</time><extensions><speed>2.554510</speed><course>144.083112</course><hAcc>1.599219</hAcc><vAcc>0.556943</vAcc></extensions></trkpt>
      <trkpt lon="114.414262" lat="33.670448"><ele>56.873175</ele><time>2026-02-12T00:11:02Z</time><extensions><speed>2.476259</speed><course>145.369906</course><hAcc>1.599793</hAcc><vAcc>0.556943</vAcc></extensions></trkpt>
      <trkpt lon="114.414276" lat="33.670430"><ele>56.881802</ele><time>2026-02-12T00:11:03Z</time><extensions><speed>2.397603</speed><course>147.347356</course><hAcc>1.599866</hAcc><vAcc>0.556943</vAcc></extensions></trkpt>
      <trkpt lon="114.414290" lat="33.670411"><ele>56.890843</ele><time>2026-02-12T00:11:04Z</time><extensions><speed>2.505540</speed><course>150.012391</course><hAcc>1.596620</hAcc><vAcc>0.556943</vAcc></extensions></trkpt>
      <trkpt lon="114.414303" lat="33.670391"><ele>56.899639</ele><time>2026-02-12T00:11:05Z</time><extensions><speed>2.507397</speed><course>151.402375</course><hAcc>1.590257</hAcc><vAcc>0.556943</vAcc></extensions></trkpt>
      <trkpt lon="114.414316" lat="33.670371"><ele>56.907815</ele><time>2026-02-12T00:11:06Z</time><extensions><speed>2.496241</speed><course>151.839798</course><hAcc>1.582948</hAcc><vAcc>0.556943</vAcc></extensions></trkpt>
      <trkpt lon="114.414329" lat="33.670351"><ele>56.914996</ele><time>2026-02-12T00:11:07Z</time><extensions><speed>2.621616</speed><course>151.908926</course><hAcc>1.569424</hAcc><vAcc>0.556943</vAcc></extensions></trkpt>
      <trkpt lon="114.414343" lat="33.670329"><ele>56.920835</ele><time>2026-02-12T00:11:08Z</time><extensions><speed>2.655033</speed><course>151.551960</course><hAcc>1.554187</hAcc><vAcc>0.556943</vAcc></extensions></trkpt>
      <trkpt lon="114.414357" lat="33.670309"><ele>56.924993</ele><time>2026-02-12T00:11:09Z</time><extensions><speed>2.580916</speed><course>149.848402</course><hAcc>1.546945</hAcc><vAcc>0.556943</vAcc></extensions></trkpt>
      <trkpt lon="114.414371" lat="33.670288"><ele>56.927102</ele><time>2026-02-12T00:11:10Z</time><extensions><speed>2.592296</speed><course>148.792342</course><hAcc>1.536029</hAcc><vAcc>0.556943</vAcc></extensions></trkpt>
      <trkpt lon="114.414386" lat="33.670268"><ele>56.926893</ele><time>2026-02-12T00:11:11Z</time><extensions><speed>2.529879</speed><course>148.825534</course><hAcc>1.528951</hAcc><vAcc>0.556943</vAcc></extensions></trkpt>
      <trkpt lon="114.414400" lat="33.670249"><ele>56.924234</ele><time>2026-02-12T00:11:12Z</time><extensions><speed>2.470631</speed><course>149.301300</course><hAcc>1.522792</hAcc><vAcc>0.556943</vAcc></extensions></trkpt>
      <trkpt lon="114.414413" lat="33.670230"><ele>56.919207</ele><time>2026-02-12T00:11:13Z</time><extensions><speed>2.501054</speed><course>150.696488</course><hAcc>1.513011</hAcc><vAcc>0.556943</vAcc></extensions></trkpt>
      <trkpt lon="114.414427" lat="33.670210"><ele>56.912143</ele><time>2026-02-12T00:11:14Z</time><extensions><speed>2.537123</speed><course>150.350542</course><hAcc>1.503653</hAcc><vAcc>0.556943</vAcc></extensions></trkpt>
      <trkpt lon="114.414440" lat="33.670190"><ele>56.903537</ele><time>2026-02-12T00:11:15Z</time><extensions><speed>2.467864</speed><course>149.311632</course><hAcc>1.497592</hAcc><vAcc>0.556943</vAcc></extensions></trkpt>
      <trkpt lon="114.414454" lat="33.670171"><ele>56.893741</ele><time>2026-02-12T00:11:16Z</time><extensions><speed>2.469043</speed><course>147.407848</course><hAcc>1.494071</hAcc><vAcc>0.556943</vAcc></extensions></trkpt>
      <trkpt lon="114.414469" lat="33.670152"><ele>56.883059</ele><time>2026-02-12T00:11:17Z</time><extensions><speed>2.595162</speed><course>145.975009</course><hAcc>1.482337</hAcc><vAcc>0.556943</vAcc></extensions></trkpt>
      <trkpt lon="114.414485" lat="33.670133"><ele>56.871806</ele><time>2026-02-12T00:11:18Z</time><extensions><speed>2.628443</speed><course>145.324269</course><hAcc>1.475998</hAcc><vAcc>0.556943</vAcc></extensions></trkpt>
      <trkpt lon="114.414502" lat="33.670113"><ele>56.860389</ele><time>2026-02-12T00:11:19Z</time><extensions><speed>2.674404</speed><course>145.860305</course><hAcc>1.464632</hAcc><vAcc>0.556943</vAcc></extensions></trkpt>
      <trkpt lon="114.414518" lat="33.670093"><ele>56.849113</ele><time>2026-02-12T00:11:20Z</time><extensions><speed>2.652140</speed><course>145.842573</course><hAcc>1.452778</hAcc><vAcc>0.556943</vAcc></extensions></trkpt>
      <trkpt lon="114.414534" lat="33.670074"><ele>56.838211</ele><time>2026-02-12T00:11:21Z</time><extensions><speed>2.478087</speed><course>145.100763</course><hAcc>1.445989</hAcc><vAcc>0.556943</vAcc></extensions></trkpt>
      <trkpt lon="114.414549" lat="33.670055"><ele>56.827844</ele><time>2026-02-12T00:11:22Z</time><extensions><speed>2.500698</speed><course>145.379928</course><hAcc>1.435298</hAcc><vAcc>0.556943</vAcc></extensions></trkpt>
      <trkpt lon="114.414564" lat="33.670036"><ele>56.818136</ele><time>2026-02-12T00:11:23Z</time><extensions><speed>2.521801</speed><course>146.080025</course><hAcc>1.429438</hAcc><vAcc>0.556943</vAcc></extensions></trkpt>
      <trkpt lon="114.414579" lat="33.670018"><ele>56.809268</ele><time>2026-02-12T00:11:24Z</time><extensions><speed>2.456440</speed><course>145.698037</course><hAcc>1.434104</hAcc><vAcc>0.556943</vAcc></extensions></trkpt>
      <trkpt lon="114.414595" lat="33.669999"><ele>56.801401</ele><time>2026-02-12T00:11:25Z</time><extensions><speed>2.509846</speed><course>145.180271</course><hAcc>1.431227</hAcc><vAcc>0.556943</vAcc></extensions></trkpt>
      <trkpt lon="114.414610" lat="33.669981"><ele>56.794695</ele><time>2026-02-12T00:11:26Z</time><extensions><speed>2.453680</speed><course>144.205065</course><hAcc>1.426333</hAcc><vAcc>0.556943</vAcc></extensions></trkpt>
      <trkpt lon="114.414626" lat="33.669963"><ele>56.789336</ele><time>2026-02-12T00:11:27Z</time><extensions><speed>2.430105</speed><course>142.937625</course><hAcc>1.428942</hAcc><vAcc>0.556943</vAcc></extensions></trkpt>
      <trkpt lon="114.414642" lat="33.669945"><ele>56.785469</ele><time>2026-02-12T00:11:28Z</time><extensions><speed>2.542752</speed><course>142.880085</course><hAcc>1.428967</hAcc><vAcc>0.556943</vAcc></extensions></trkpt>
      <trkpt lon="114.414659" lat="33.669926"><ele>56.782544</ele><time>2026-02-12T00:11:29Z</time><extensions><speed>2.685412</speed><course>143.619616</course><hAcc>1.421543</hAcc><vAcc>0.556943</vAcc></extensions></trkpt>
      <trkpt lon="114.414677" lat="33.669906"><ele>56.779987</ele><time>2026-02-12T00:11:30Z</time><extensions><speed>2.782470</speed><course>142.762377</course><hAcc>1.413317</hAcc><vAcc>0.556943</vAcc></extensions></trkpt>
      <trkpt lon="114.414695" lat="33.669887"><ele>56.777456</ele><time>2026-02-12T00:11:31Z</time><extensions><speed>2.743501</speed><course>141.875183</course><hAcc>1.410521</hAcc><vAcc>0.556942</vAcc></extensions></trkpt>
      <trkpt lon="114.414713" lat="33.669867"><ele>56.774801</ele><time>2026-02-12T00:11:32Z</time><extensions><speed>2.665059</speed><course>141.314261</course><hAcc>1.409681</hAcc><vAcc>0.556942</vAcc></extensions></trkpt>
      <trkpt lon="114.414731" lat="33.669849"><ele>56.771801</ele><time>2026-02-12T00:11:33Z</time><extensions><speed>2.535461</speed><course>140.727831</course><hAcc>1.409468</hAcc><vAcc>0.556942</vAcc></extensions></trkpt>
      <trkpt lon="114.414748" lat="33.669831"><ele>56.768315</ele><time>2026-02-12T00:11:34Z</time><extensions><speed>2.598896</speed><course>142.028967</course><hAcc>1.406915</hAcc><vAcc>0.556941</vAcc></extensions></trkpt>
      <trkpt lon="114.414766" lat="33.669812"><ele>56.764190</ele><time>2026-02-12T00:11:35Z</time><extensions><speed>2.641849</speed><course>140.978592</course><hAcc>1.409811</hAcc><vAcc>0.556941</vAcc></extensions></trkpt>
      <trkpt lon="114.414784" lat="33.669794"><ele>56.759288</ele><time>2026-02-12T00:11:36Z</time><extensions><speed>2.624262</speed><course>139.055890</course><hAcc>1.411042</hAcc><vAcc>0.556941</vAcc></extensions></trkpt>
      <trkpt lon="114.414803" lat="33.669776"><ele>56.753551</ele><time>2026-02-12T00:11:37Z</time><extensions><speed>2.663904</speed><course>139.348923</course><hAcc>1.408829</hAcc><vAcc>0.556942</vAcc></extensions></trkpt>
      <trkpt lon="114.414821" lat="33.669757"><ele>56.747053</ele><time>2026-02-12T00:11:38Z</time><extensions><speed>2.714482</speed><course>142.052121</course><hAcc>1.415102</hAcc><vAcc>0.556942</vAcc></extensions></trkpt>
      <trkpt lon="114.414840" lat="33.669738"><ele>56.739869</ele><time>2026-02-12T00:11:39Z</time><extensions><speed>2.746598</speed><course>140.824881</course><hAcc>1.414807</hAcc><vAcc>0.556942</vAcc></extensions></trkpt>
      <trkpt lon="114.414858" lat="33.669719"><ele>56.732236</ele><time>2026-02-12T00:11:40Z</time><extensions><speed>2.729977</speed><course>140.511464</course><hAcc>1.419361</hAcc><vAcc>0.556942</vAcc></extensions></trkpt>
      <trkpt lon="114.414877" lat="33.669700"><ele>56.724607</ele><time>2026-02-12T00:11:41Z</time><extensions><speed>2.678590</speed><course>142.254294</course><hAcc>1.425380</hAcc><vAcc>0.556942</vAcc></extensions></trkpt>
      <trkpt lon="114.414894" lat="33.669681"><ele>56.717670</ele><time>2026-02-12T00:11:42Z</time><extensions><speed>2.574127</speed><course>144.143171</course><hAcc>1.427374</hAcc><vAcc>0.556942</vAcc></extensions></trkpt>
      <trkpt lon="114.414909" lat="33.669662"><ele>56.711972</ele><time>2026-02-12T00:11:43Z</time><extensions><speed>2.509638</speed><course>145.343222</course><hAcc>1.431171</hAcc><vAcc>0.556941</vAcc></extensions></trkpt>
      <trkpt lon="114.414925" lat="33.669644"><ele>56.707855</ele><time>2026-02-12T00:11:44Z</time><extensions><speed>2.415233</speed><course>145.337820</course><hAcc>1.443341</hAcc><vAcc>0.556940</vAcc></extensions></trkpt>
      <trkpt lon="114.414939" lat="33.669626"><ele>56.705535</ele><time>2026-02-12T00:11:45Z</time><extensions><speed>2.479691</speed><course>146.385708</course><hAcc>1.451587</hAcc><vAcc>0.556938</vAcc></extensions></trkpt>
      <trkpt lon="114.414954" lat="33.669606"><ele>56.705075</ele><time>2026-02-12T00:11:46Z</time><extensions><speed>2.597720</speed><course>148.215075</course><hAcc>1.465093</hAcc><vAcc>0.556936</vAcc></extensions></trkpt>
      <trkpt lon="114.414969" lat="33.669587"><ele>56.706218</ele><time>2026-02-12T00:11:47Z</time><extensions><speed>2.472293</speed><course>149.130744</course><hAcc>1.482411</hAcc><vAcc>0.556933</vAcc></extensions></trkpt>
      <trkpt lon="114.414982" lat="33.669568"><ele>56.708708</ele><time>2026-02-12T00:11:48Z</time><extensions><speed>2.329369</speed><course>149.283791</course><hAcc>1.503623</hAcc><vAcc>0.556930</vAcc></extensions></trkpt>
      <trkpt lon="114.414995" lat="33.669550"><ele>56.712386</ele><time>2026-02-12T00:11:49Z</time><extensions><speed>2.401036</speed><course>149.361551</course><hAcc>1.513399</hAcc><vAcc>0.556925</vAcc></extensions></trkpt>
      <trkpt lon="114.415009" lat="33.669531"><ele>56.717134</ele><time>2026-02-12T00:11:50Z</time><extensions><speed>2.432438</speed><course>148.103032</course><hAcc>1.513274</hAcc><vAcc>0.556920</vAcc></extensions></trkpt>
      <trkpt lon="114.415023" lat="33.669513"><ele>56.722772</ele><time>2026-02-12T00:11:50Z</time><extensions><speed>2.382538</speed><course>144.841482</course><hAcc>1.512903</hAcc><vAcc>0.556917</vAcc></extensions></trkpt>
      <trkpt lon="114.415038" lat="33.669495"><ele>56.728972</ele><time>2026-02-12T00:11:51Z</time><extensions><speed>2.430713</speed><course>143.380434</course><hAcc>1.509563</hAcc><vAcc>0.556915</vAcc></extensions></trkpt>
      <trkpt lon="114.415054" lat="33.669477"><ele>56.735327</ele><time>2026-02-12T00:11:52Z</time><extensions><speed>2.419782</speed><course>143.665108</course><hAcc>1.504959</hAcc><vAcc>0.556914</vAcc></extensions></trkpt>
      <trkpt lon="114.415069" lat="33.669460"><ele>56.741376</ele><time>2026-02-12T00:11:53Z</time><extensions><speed>2.419611</speed><course>144.090019</course><hAcc>1.502979</hAcc><vAcc>0.556914</vAcc></extensions></trkpt>
      <trkpt lon="114.415085" lat="33.669441"><ele>56.746673</ele><time>2026-02-12T00:11:54Z</time><extensions><speed>2.509101</speed><course>144.549346</course><hAcc>1.502828</hAcc><vAcc>0.556914</vAcc></extensions></trkpt>
      <trkpt lon="114.415101" lat="33.669423"><ele>56.750850</ele><time>2026-02-12T00:11:55Z</time><extensions><speed>2.519040</speed><course>144.256358</course><hAcc>1.506410</hAcc><vAcc>0.556915</vAcc></extensions></trkpt>
      <trkpt lon="114.415116" lat="33.669405"><ele>56.753729</ele><time>2026-02-12T00:11:56Z</time><extensions><speed>2.484167</speed><course>144.379716</course><hAcc>1.510822</hAcc><vAcc>0.556916</vAcc></extensions></trkpt>
      <trkpt lon="114.415132" lat="33.669386"><ele>56.755249</ele><time>2026-02-12T00:11:57Z</time><extensions><speed>2.541322</speed><course>146.549353</course><hAcc>1.515001</hAcc><vAcc>0.556917</vAcc></extensions></trkpt>
      <trkpt lon="114.415146" lat="33.669366"><ele>56.755506</ele><time>2026-02-12T00:11:58Z</time><extensions><speed>2.604935</speed><course>149.720540</course><hAcc>1.522704</hAcc><vAcc>0.556918</vAcc></extensions></trkpt>
      <trkpt lon="114.415160" lat="33.669345"><ele>56.754711</ele><time>2026-02-12T00:11:59Z</time><extensions><speed>2.656511</speed><course>152.583097</course><hAcc>1.524390</hAcc><vAcc>0.556920</vAcc></extensions></trkpt>
      <trkpt lon="114.415173" lat="33.669323"><ele>56.753102</ele><time>2026-02-12T00:12:00Z</time><extensions><speed>2.723788</speed><course>156.437344</course><hAcc>1.526227</hAcc><vAcc>0.556921</vAcc></extensions></trkpt>
      <trkpt lon="114.415183" lat="33.669300"><ele>56.750845</ele><time>2026-02-12T00:12:01Z</time><extensions><speed>2.709317</speed><course>160.266980</course><hAcc>1.531248</hAcc><vAcc>0.556922</vAcc></extensions></trkpt>
      <trkpt lon="114.415192" lat="33.669277"><ele>56.748132</ele><time>2026-02-12T00:12:02Z</time><extensions><speed>2.685752</speed><course>165.185026</course><hAcc>1.522246</hAcc><vAcc>0.556923</vAcc></extensions></trkpt>
      <trkpt lon="114.415198" lat="33.669253"><ele>56.745226</ele><time>2026-02-12T00:12:03Z</time><extensions><speed>2.795286</speed><course>170.483946</course><hAcc>1.514919</hAcc><vAcc>0.556924</vAcc></extensions></trkpt>
      <trkpt lon="114.415202" lat="33.669228"><ele>56.742471</ele><time>2026-02-12T00:12:04Z</time><extensions><speed>2.697796</speed><course>174.104468</course><hAcc>1.514652</hAcc><vAcc>0.556926</vAcc></extensions></trkpt>
      <trkpt lon="114.415205" lat="33.669205"><ele>56.740186</ele><time>2026-02-12T00:12:05Z</time><extensions><speed>2.491015</speed><course>177.083721</course><hAcc>1.511855</hAcc><vAcc>0.556927</vAcc></extensions></trkpt>
      <trkpt lon="114.415206" lat="33.669182"><ele>56.738642</ele><time>2026-02-12T00:12:06Z</time><extensions><speed>2.550695</speed><course>178.662046</course><hAcc>1.501992</hAcc><vAcc>0.556928</vAcc></extensions></trkpt>
      <trkpt lon="114.415207" lat="33.669158"><ele>56.738056</ele><time>2026-02-12T00:12:07Z</time><extensions><speed>2.736364</speed><course>175.578037</course><hAcc>1.490016</hAcc><vAcc>0.556929</vAcc></extensions></trkpt>
      <trkpt lon="114.415210" lat="33.669134"><ele>56.738634</ele><time>2026-02-12T00:12:08Z</time><extensions><speed>2.751330</speed><course>174.467862</course><hAcc>1.479954</hAcc><vAcc>0.556930</vAcc></extensions></trkpt>
      <trkpt lon="114.415212" lat="33.669109"><ele>56.740656</ele><time>2026-02-12T00:12:09Z</time><extensions><speed>2.733804</speed><course>175.537872</course><hAcc>1.474807</hAcc><vAcc>0.556930</vAcc></extensions></trkpt>
      <trkpt lon="114.415214" lat="33.669085"><ele>56.744341</ele><time>2026-02-12T00:12:10Z</time><extensions><speed>2.572409</speed><course>178.836892</course><hAcc>1.473571</hAcc><vAcc>0.556931</vAcc></extensions></trkpt>
      <trkpt lon="114.415214" lat="33.669063"><ele>56.749877</ele><time>2026-02-12T00:12:11Z</time><extensions><speed>2.422639</speed><course>179.693368</course><hAcc>1.465018</hAcc><vAcc>0.556932</vAcc></extensions></trkpt>
      <trkpt lon="114.415214" lat="33.669040"><ele>56.757439</ele><time>2026-02-12T00:12:12Z</time><extensions><speed>2.459571</speed><course>180.333389</course><hAcc>1.451758</hAcc><vAcc>0.556933</vAcc></extensions></trkpt>
      <trkpt lon="114.415214" lat="33.669018"><ele>56.767197</ele><time>2026-02-12T00:12:13Z</time><extensions><speed>2.505126</speed><course>180.071608</course><hAcc>1.446775</hAcc><vAcc>0.556933</vAcc></extensions></trkpt>
      <trkpt lon="114.415215" lat="33.668995"><ele>56.779346</ele><time>2026-02-12T00:12:14Z</time><extensions><speed>2.511640</speed><course>178.717478</course><hAcc>1.442875</hAcc><vAcc>0.556934</vAcc></extensions></trkpt>
      <trkpt lon="114.415216" lat="33.668972"><ele>56.794037</ele><time>2026-02-12T00:12:15Z</time><extensions><speed>2.621536</speed><course>177.497000</course><hAcc>1.435351</hAcc><vAcc>0.556934</vAcc></extensions></trkpt>
      <trkpt lon="114.415217" lat="33.668949"><ele>56.811046</ele><time>2026-02-12T00:12:16Z</time><extensions><speed>2.549746</speed><course>176.052773</course><hAcc>1.431952</hAcc><vAcc>0.556935</vAcc></extensions></trkpt>
      <trkpt lon="114.415220" lat="33.668926"><ele>56.829940</ele><time>2026-02-12T00:12:17Z</time><extensions><speed>2.451496</speed><course>173.387185</course><hAcc>1.437626</hAcc><vAcc>0.556936</vAcc></extensions></trkpt>
      <trkpt lon="114.415223" lat="33.668904"><ele>56.850239</ele><time>2026-02-12T00:12:18Z</time><extensions><speed>2.529729</speed><course>172.595688</course><hAcc>1.442164</hAcc><vAcc>0.556936</vAcc></extensions></trkpt>
      <trkpt lon="114.415227" lat="33.668881"><ele>56.871319</ele><time>2026-02-12T00:12:19Z</time><extensions><speed>2.515631</speed><course>172.538025</course><hAcc>1.440301</hAcc><vAcc>0.556937</vAcc></extensions></trkpt>
      <trkpt lon="114.415231" lat="33.668859"><ele>56.892494</ele><time>2026-02-12T00:12:20Z</time><extensions><speed>2.423894</speed><course>170.509028</course><hAcc>1.444210</hAcc><vAcc>0.556937</vAcc></extensions></trkpt>
      <trkpt lon="114.415235" lat="33.668838"><ele>56.913150</ele><time>2026-02-12T00:12:21Z</time><extensions><speed>2.420541</speed><course>169.365580</course><hAcc>1.447190</hAcc><vAcc>0.556937</vAcc></extensions></trkpt>
      <trkpt lon="114.415240" lat="33.668816"><ele>56.932755</ele><time>2026-02-12T00:12:22Z</time><extensions><speed>2.518669</speed><course>168.405402</course><hAcc>1.449329</hAcc><vAcc>0.556938</vAcc></extensions></trkpt>
      <trkpt lon="114.415246" lat="33.668793"><ele>56.950781</ele><time>2026-02-12T00:12:23Z</time><extensions><speed>2.582392</speed><course>167.721897</course><hAcc>1.450662</hAcc><vAcc>0.556938</vAcc></extensions></trkpt>
      <trkpt lon="114.415252" lat="33.668770"><ele>56.966937</ele><time>2026-02-12T00:12:24Z</time><extensions><speed>2.664828</speed><course>168.156405</course><hAcc>1.448705</hAcc><vAcc>0.556938</vAcc></extensions></trkpt>
      <trkpt lon="114.415258" lat="33.668746"><ele>56.981018</ele><time>2026-02-12T00:12:25Z</time><extensions><speed>2.674839</speed><course>167.702243</course><hAcc>1.445238</hAcc><vAcc>0.556939</vAcc></extensions></trkpt>
      <trkpt lon="114.415264" lat="33.668723"><ele>56.992980</ele><time>2026-02-12T00:12:26Z</time><extensions><speed>2.550063</speed><course>168.318702</course><hAcc>1.449523</hAcc><vAcc>0.556939</vAcc></extensions></trkpt>
      <trkpt lon="114.415270" lat="33.668701"><ele>57.002996</ele><time>2026-02-12T00:12:27Z</time><extensions><speed>2.514416</speed><course>167.223020</course><hAcc>1.445269</hAcc><vAcc>0.556939</vAcc></extensions></trkpt>
      <trkpt lon="114.415275" lat="33.668679"><ele>57.011436</ele><time>2026-02-12T00:12:28Z</time><extensions><speed>2.522514</speed><course>170.140897</course><hAcc>1.446000</hAcc><vAcc>0.556939</vAcc></extensions></trkpt>
      <trkpt lon="114.415279" lat="33.668656"><ele>57.018539</ele><time>2026-02-12T00:12:29Z</time><extensions><speed>2.624585</speed><course>173.550732</course><hAcc>1.450490</hAcc><vAcc>0.556940</vAcc></extensions></trkpt>
      <trkpt lon="114.415282" lat="33.668632"><ele>57.024607</ele><time>2026-02-12T00:12:30Z</time><extensions><speed>2.571335</speed><course>173.320916</course><hAcc>1.453094</hAcc><vAcc>0.556940</vAcc></extensions></trkpt>
      <trkpt lon="114.415285" lat="33.668610"><ele>57.029950</ele><time>2026-02-12T00:12:31Z</time><extensions><speed>2.304929</speed><course>173.814402</course><hAcc>1.463810</hAcc><vAcc>0.556940</vAcc></extensions></trkpt>
      <trkpt lon="114.415288" lat="33.668589"><ele>57.034809</ele><time>2026-02-12T00:12:32Z</time><extensions><speed>2.269557</speed><course>174.979991</course><hAcc>1.471081</hAcc><vAcc>0.556940</vAcc></extensions></trkpt>
      <trkpt lon="114.415289" lat="33.668568"><ele>57.039322</ele><time>2026-02-12T00:12:33Z</time><extensions><speed>2.477699</speed><course>177.876682</course><hAcc>1.470692</hAcc><vAcc>0.556941</vAcc></extensions></trkpt>
      <trkpt lon="114.415290" lat="33.668545"><ele>57.043450</ele><time>2026-02-12T00:12:34Z</time><extensions><speed>2.525619</speed><course>179.177149</course><hAcc>1.479729</hAcc><vAcc>0.556941</vAcc></extensions></trkpt>
      <trkpt lon="114.415291" lat="33.668523"><ele>57.047025</ele><time>2026-02-12T00:12:35Z</time><extensions><speed>2.470881</speed><course>177.798276</course><hAcc>1.482973</hAcc><vAcc>0.556941</vAcc></extensions></trkpt>
      <trkpt lon="114.415292" lat="33.668500"><ele>57.049758</ele><time>2026-02-12T00:12:36Z</time><extensions><speed>2.436675</speed><course>176.767781</course><hAcc>1.484678</hAcc><vAcc>0.556941</vAcc></extensions></trkpt>
      <trkpt lon="114.415293" lat="33.668479"><ele>57.051235</ele><time>2026-02-12T00:12:37Z</time><extensions><speed>2.363228</speed><course>176.668310</course><hAcc>1.490476</hAcc><vAcc>0.556941</vAcc></extensions></trkpt>
      <trkpt lon="114.415295" lat="33.668458"><ele>57.051047</ele><time>2026-02-12T00:12:38Z</time><extensions><speed>2.289216</speed><course>177.260098</course><hAcc>1.490484</hAcc><vAcc>0.556941</vAcc></extensions></trkpt>
      <trkpt lon="114.415296" lat="33.668436"><ele>57.048857</ele><time>2026-02-12T00:12:39Z</time><extensions><speed>2.454974</speed><course>178.510743</course><hAcc>1.485238</hAcc><vAcc>0.556941</vAcc></extensions></trkpt>
      <trkpt lon="114.415296" lat="33.668414"><ele>57.044428</ele><time>2026-02-12T00:12:40Z</time><extensions><speed>2.549631</speed><course>180.736980</course><hAcc>1.479794</hAcc><vAcc>0.556942</vAcc></extensions></trkpt>
      <trkpt lon="114.415295" lat="33.668391"><ele>57.037631</ele><time>2026-02-12T00:12:41Z</time><extensions><speed>2.583893</speed><course>182.678080</course><hAcc>1.474233</hAcc><vAcc>0.556942</vAcc></extensions></trkpt>
      <trkpt lon="114.415293" lat="33.668368"><ele>57.028493</ele><time>2026-02-12T00:12:42Z</time><extensions><speed>2.596833</speed><course>184.279923</course><hAcc>1.469850</hAcc><vAcc>0.556942</vAcc></extensions></trkpt>
      <trkpt lon="114.415291" lat="33.668345"><ele>57.017103</ele><time>2026-02-12T00:12:43Z</time><extensions><speed>2.510571</speed><course>183.934805</course><hAcc>1.462954</hAcc><vAcc>0.556942</vAcc></extensions></trkpt>
      <trkpt lon="114.415290" lat="33.668322"><ele>57.003647</ele><time>2026-02-12T00:12:44Z</time><extensions><speed>2.609225</speed><course>180.525706</course><hAcc>1.454837</hAcc><vAcc>0.556942</vAcc></extensions></trkpt>
      <trkpt lon="114.415290" lat="33.668298"><ele>56.988395</ele><time>2026-02-12T00:12:45Z</time><extensions><speed>2.580929</speed><course>178.969536</course><hAcc>1.450374</hAcc><vAcc>0.556942</vAcc></extensions></trkpt>
      <trkpt lon="114.415290" lat="33.668276"><ele>56.971666</ele><time>2026-02-12T00:12:46Z</time><extensions><speed>2.430906</speed><course>179.552180</course><hAcc>1.446733</hAcc><vAcc>0.556942</vAcc></extensions></trkpt>
      <trkpt lon="114.415291" lat="33.668254"><ele>56.953898</ele><time>2026-02-12T00:12:47Z</time><extensions><speed>2.338795</speed><course>178.639613</course><hAcc>1.430347</hAcc><vAcc>0.556942</vAcc></extensions></trkpt>
      <trkpt lon="114.415291" lat="33.668234"><ele>56.935554</ele><time>2026-02-12T00:12:48Z</time><extensions><speed>2.299662</speed><course>179.099164</course><hAcc>1.419736</hAcc><vAcc>0.556942</vAcc></extensions></trkpt>
      <trkpt lon="114.415291" lat="33.668213"><ele>56.917071</ele><time>2026-02-12T00:12:49Z</time><extensions><speed>2.251460</speed><course>182.237286</course><hAcc>1.415418</hAcc><vAcc>0.556942</vAcc></extensions></trkpt>
      <trkpt lon="114.415289" lat="33.668193"><ele>56.898833</ele><time>2026-02-12T00:12:50Z</time><extensions><speed>2.191812</speed><course>185.277564</course><hAcc>1.403168</hAcc><vAcc>0.556942</vAcc></extensions></trkpt>
      <trkpt lon="114.415286" lat="33.668174"><ele>56.881185</ele><time>2026-02-12T00:12:51Z</time><extensions><speed>1.998718</speed><course>188.101548</course><hAcc>1.392037</hAcc><vAcc>0.556942</vAcc></extensions></trkpt>
      <trkpt lon="114.415282" lat="33.668158"><ele>56.864466</ele><time>2026-02-12T00:12:52Z</time><extensions><speed>1.808817</speed><course>195.717354</course><hAcc>1.387294</hAcc><vAcc>0.556942</vAcc></extensions></trkpt>
      <trkpt lon="114.415275" lat="33.668142"><ele>56.848942</ele><time>2026-02-12T00:12:53Z</time><extensions><speed>1.899049</speed><course>205.485856</course><hAcc>1.378309</hAcc><vAcc>0.556943</vAcc></extensions></trkpt>
      <trkpt lon="114.415264" lat="33.668127"><ele>56.834816</ele><time>2026-02-12T00:12:54Z</time><extensions><speed>2.079503</speed><course>214.246579</course><hAcc>1.378984</hAcc><vAcc>0.556943</vAcc></extensions></trkpt>
      <trkpt lon="114.415249" lat="33.668112"><ele>56.822250</ele><time>2026-02-12T00:12:55Z</time><extensions><speed>2.300742</speed><course>227.793976</course><hAcc>1.359506</hAcc><vAcc>0.556943</vAcc></extensions></trkpt>
      <trkpt lon="114.415227" lat="33.668100"><ele>56.811328</ele><time>2026-02-12T00:12:56Z</time><extensions><speed>2.527057</speed><course>244.580068</course><hAcc>1.357309</hAcc><vAcc>0.556943</vAcc></extensions></trkpt>
      <trkpt lon="114.415201" lat="33.668092"><ele>56.802095</ele><time>2026-02-12T00:12:57Z</time><extensions><speed>2.675648</speed><course>257.260946</course><hAcc>1.370569</hAcc><vAcc>0.556943</vAcc></extensions></trkpt>
      <trkpt lon="114.415173" lat="33.668089"><ele>56.794545</ele><time>2026-02-12T00:12:58Z</time><extensions><speed>2.592607</speed><course>264.517250</course><hAcc>1.368769</hAcc><vAcc>0.556943</vAcc></extensions></trkpt>
      <trkpt lon="114.415145" lat="33.668087"><ele>56.788602</ele><time>2026-02-12T00:12:59Z</time><extensions><speed>2.579932</speed><course>268.133576</course><hAcc>1.372400</hAcc><vAcc>0.556943</vAcc></extensions></trkpt>
      <trkpt lon="114.415118" lat="33.668086"><ele>56.784073</ele><time>2026-02-12T00:13:00Z</time><extensions><speed>2.467519</speed><course>268.705379</course><hAcc>1.376001</hAcc><vAcc>0.556943</vAcc></extensions></trkpt>
      <trkpt lon="114.415092" lat="33.668086"><ele>56.780771</ele><time>2026-02-12T00:13:01Z</time><extensions><speed>2.317508</speed><course>266.532208</course><hAcc>1.370876</hAcc><vAcc>0.556943</vAcc></extensions></trkpt>
      <trkpt lon="114.415067" lat="33.668084"><ele>56.778692</ele><time>2026-02-12T00:13:02Z</time><extensions><speed>2.259528</speed><course>265.828927</course><hAcc>1.367592</hAcc><vAcc>0.556943</vAcc></extensions></trkpt>
      <trkpt lon="114.415043" lat="33.668083"><ele>56.777873</ele><time>2026-02-12T00:13:03Z</time><extensions><speed>2.248690</speed><course>267.081344</course><hAcc>1.374026</hAcc><vAcc>0.556943</vAcc></extensions></trkpt>
      <trkpt lon="114.415019" lat="33.668082"><ele>56.778341</ele><time>2026-02-12T00:13:04Z</time><extensions><speed>2.264482</speed><course>269.279609</course><hAcc>1.373351</hAcc><vAcc>0.556943</vAcc></extensions></trkpt>
      <trkpt lon="114.414994" lat="33.668082"><ele>56.780142</ele><time>2026-02-12T00:13:05Z</time><extensions><speed>2.258644</speed><course>269.412918</course><hAcc>1.374065</hAcc><vAcc>0.556943</vAcc></extensions></trkpt>
      <trkpt lon="114.414970" lat="33.668081"><ele>56.783320</ele><time>2026-02-12T00:13:06Z</time><extensions><speed>2.195809</speed><course>266.375772</course><hAcc>1.370048</hAcc><vAcc>0.556943</vAcc></extensions></trkpt>
      <trkpt lon="114.414946" lat="33.668080"><ele>56.787817</ele><time>2026-02-12T00:13:07Z</time><extensions><speed>2.240273</speed><course>264.312246</course><hAcc>1.368671</hAcc><vAcc>0.556943</vAcc></extensions></trkpt>
      <trkpt lon="114.414922" lat="33.668078"><ele>56.793542</ele><time>2026-02-12T00:13:08Z</time><extensions><speed>2.342502</speed><course>264.037866</course><hAcc>1.372865</hAcc><vAcc>0.556943</vAcc></extensions></trkpt>
      <trkpt lon="114.414897" lat="33.668075"><ele>56.800407</ele><time>2026-02-12T00:13:09Z</time><extensions><speed>2.318122</speed><course>264.144039</course><hAcc>1.378941</hAcc><vAcc>0.556943</vAcc></extensions></trkpt>
      <trkpt lon="114.414872" lat="33.668073"><ele>56.808183</ele><time>2026-02-12T00:13:10Z</time><extensions><speed>2.285266</speed><course>264.697543</course><hAcc>1.372323</hAcc><vAcc>0.556943</vAcc></extensions></trkpt>
      <trkpt lon="114.414847" lat="33.668072"><ele>56.816658</ele><time>2026-02-12T00:13:11Z</time><extensions><speed>2.257974</speed><course>267.824557</course><hAcc>1.371086</hAcc><vAcc>0.556943</vAcc></extensions></trkpt>
      <trkpt lon="114.414823" lat="33.668071"><ele>56.825606</ele><time>2026-02-12T00:13:12Z</time><extensions><speed>2.234755</speed><course>268.182456</course><hAcc>1.382431</hAcc><vAcc>0.556943</vAcc></extensions></trkpt>
      <trkpt lon="114.414798" lat="33.668070"><ele>56.834750</ele><time>2026-02-12T00:13:13Z</time><extensions><speed>2.323085</speed><course>266.505991</course><hAcc>1.386384</hAcc><vAcc>0.556943</vAcc></extensions></trkpt>
      <trkpt lon="114.414773" lat="33.668069"><ele>56.843755</ele><time>2026-02-12T00:13:14Z</time><extensions><speed>2.462681</speed><course>264.894502</course><hAcc>1.392042</hAcc><vAcc>0.556943</vAcc></extensions></trkpt>
      <trkpt lon="114.414747" lat="33.668066"><ele>56.852601</ele><time>2026-02-12T00:13:15Z</time><extensions><speed>2.377554</speed><course>260.964463</course><hAcc>1.402573</hAcc><vAcc>0.556943</vAcc></extensions></trkpt>
      <trkpt lon="114.414721" lat="33.668062"><ele>56.861247</ele><time>2026-02-12T00:13:16Z</time><extensions><speed>2.396869</speed><course>259.171143</course><hAcc>1.391721</hAcc><vAcc>0.556943</vAcc></extensions></trkpt>
      <trkpt lon="114.414696" lat="33.668058"><ele>56.869584</ele><time>2026-02-12T00:13:17Z</time><extensions><speed>2.348668</speed><course>257.258844</course><hAcc>1.387433</hAcc><vAcc>0.556943</vAcc></extensions></trkpt>
      <trkpt lon="114.414672" lat="33.668053"><ele>56.877463</ele><time>2026-02-12T00:13:18Z</time><extensions><speed>2.242209</speed><course>256.628122</course><hAcc>1.395636</hAcc><vAcc>0.556943</vAcc></extensions></trkpt>
      <trkpt lon="114.414647" lat="33.668049"><ele>56.884836</ele><time>2026-02-12T00:13:19Z</time><extensions><speed>2.387721</speed><course>258.642601</course><hAcc>1.384757</hAcc><vAcc>0.556943</vAcc></extensions></trkpt>
      <trkpt lon="114.414622" lat="33.668044"><ele>56.891712</ele><time>2026-02-12T00:13:20Z</time><extensions><speed>2.486988</speed><course>259.516065</course><hAcc>1.372330</hAcc><vAcc>0.556943</vAcc></extensions></trkpt>
      <trkpt lon="114.414595" lat="33.668040"><ele>56.898183</ele><time>2026-02-12T00:13:21Z</time><extensions><speed>2.476093</speed><course>258.754805</course><hAcc>1.359295</hAcc><vAcc>0.556943</vAcc></extensions></trkpt>
      <trkpt lon="114.414569" lat="33.668036"><ele>56.904421</ele><time>2026-02-12T00:13:22Z</time><extensions><speed>2.527192</speed><course>259.018632</course><hAcc>1.355033</hAcc><vAcc>0.556943</vAcc></extensions></trkpt>
      <trkpt lon="114.414542" lat="33.668031"><ele>56.910662</ele><time>2026-02-12T00:13:23Z</time><extensions><speed>2.554266</speed><course>259.024481</course><hAcc>1.352255</hAcc><vAcc>0.556943</vAcc></extensions></trkpt>
      <trkpt lon="114.414515" lat="33.668027"><ele>56.917099</ele><time>2026-02-12T00:13:24Z</time><extensions><speed>2.514820</speed><course>259.672545</course><hAcc>1.345788</hAcc><vAcc>0.556943</vAcc></extensions></trkpt>
      <trkpt lon="114.414488" lat="33.668023"><ele>56.923708</ele><time>2026-02-12T00:13:25Z</time><extensions><speed>2.469743</speed><course>258.072777</course><hAcc>1.341527</hAcc><vAcc>0.556943</vAcc></extensions></trkpt>
      <trkpt lon="114.414463" lat="33.668018"><ele>56.930347</ele><time>2026-02-12T00:13:26Z</time><extensions><speed>2.394948</speed><course>256.312852</course><hAcc>1.345906</hAcc><vAcc>0.556943</vAcc></extensions></trkpt>
      <trkpt lon="114.414438" lat="33.668013"><ele>56.936847</ele><time>2026-02-12T00:13:27Z</time><extensions><speed>2.358476</speed><course>254.469637</course><hAcc>1.347386</hAcc><vAcc>0.556943</vAcc></extensions></trkpt>
      <trkpt lon="114.414413" lat="33.668006"><ele>56.943117</ele><time>2026-02-12T00:13:28Z</time><extensions><speed>2.375298</speed><course>252.070886</course><hAcc>1.347458</hAcc><vAcc>0.556943</vAcc></extensions></trkpt>
      <trkpt lon="114.414389" lat="33.667999"><ele>56.949082</ele><time>2026-02-12T00:13:29Z</time><extensions><speed>2.405851</speed><course>250.941302</course><hAcc>1.352456</hAcc><vAcc>0.556943</vAcc></extensions></trkpt>
      <trkpt lon="114.414364" lat="33.667992"><ele>56.954772</ele><time>2026-02-12T00:13:30Z</time><extensions><speed>2.466621</speed><course>250.449363</course><hAcc>1.346542</hAcc><vAcc>0.556943</vAcc></extensions></trkpt>
      <trkpt lon="114.414339" lat="33.667985"><ele>56.960266</ele><time>2026-02-12T00:13:31Z</time><extensions><speed>2.535874</speed><course>252.091490</course><hAcc>1.342761</hAcc><vAcc>0.556943</vAcc></extensions></trkpt>
      <trkpt lon="114.414313" lat="33.667978"><ele>56.965641</ele><time>2026-02-12T00:13:32Z</time><extensions><speed>2.481156</speed><course>253.028609</course><hAcc>1.346333</hAcc><vAcc>0.556943</vAcc></extensions></trkpt>
      <trkpt lon="114.414288" lat="33.667972"><ele>56.970889</ele><time>2026-02-12T00:13:33Z</time><extensions><speed>2.350044</speed><course>252.068647</course><hAcc>1.344475</hAcc><vAcc>0.556943</vAcc></extensions></trkpt>
      <trkpt lon="114.414263" lat="33.667965"><ele>56.976017</ele><time>2026-02-12T00:13:34Z</time><extensions><speed>2.399691</speed><course>252.712512</course><hAcc>1.336248</hAcc><vAcc>0.556943</vAcc></extensions></trkpt>
      <trkpt lon="114.414239" lat="33.667959"><ele>56.981057</ele><time>2026-02-12T00:13:35Z</time><extensions><speed>2.416251</speed><course>253.517691</course><hAcc>1.336613</hAcc><vAcc>0.556944</vAcc></extensions></trkpt>
      <trkpt lon="114.414214" lat="33.667953"><ele>56.986076</ele><time>2026-02-12T00:13:36Z</time><extensions><speed>2.323383</speed><course>253.206708</course><hAcc>1.322345</hAcc><vAcc>0.556945</vAcc></extensions></trkpt>
      <trkpt lon="114.414190" lat="33.667947"><ele>56.991157</ele><time>2026-02-12T00:13:37Z</time><extensions><speed>2.333477</speed><course>253.981526</course><hAcc>1.315003</hAcc><vAcc>0.556946</vAcc></extensions></trkpt>
      <trkpt lon="114.414166" lat="33.667941"><ele>56.996488</ele><time>2026-02-12T00:13:38Z</time><extensions><speed>2.257215</speed><course>253.656495</course><hAcc>1.314326</hAcc><vAcc>0.556948</vAcc></extensions></trkpt>
      <trkpt lon="114.414143" lat="33.667935"><ele>57.002216</ele><time>2026-02-12T00:13:39Z</time><extensions><speed>2.240532</speed><course>252.967862</course><hAcc>1.294073</hAcc><vAcc>0.556950</vAcc></extensions></trkpt>
      <trkpt lon="114.414119" lat="33.667929"><ele>57.008289</ele><time>2026-02-12T00:13:40Z</time><extensions><speed>2.288151</speed><course>253.540969</course><hAcc>1.284751</hAcc><vAcc>0.556953</vAcc></extensions></trkpt>
      <trkpt lon="114.414095" lat="33.667923"><ele>57.014470</ele><time>2026-02-12T00:13:41Z</time><extensions><speed>2.298939</speed><course>254.295784</course><hAcc>1.286987</hAcc><vAcc>0.556959</vAcc></extensions></trkpt>
      <trkpt lon="114.414071" lat="33.667918"><ele>57.020512</ele><time>2026-02-12T00:13:42Z</time><extensions><speed>2.353743</speed><course>254.476003</course><hAcc>1.272489</hAcc><vAcc>0.556965</vAcc></extensions></trkpt>
      <trkpt lon="114.414046" lat="33.667912"><ele>57.026274</ele><time>2026-02-12T00:13:43Z</time><extensions><speed>2.431392</speed><course>255.444313</course><hAcc>1.265313</hAcc><vAcc>0.556969</vAcc></extensions></trkpt>
      <trkpt lon="114.414021" lat="33.667907"><ele>57.031627</ele><time>2026-02-12T00:13:44Z</time><extensions><speed>2.414260</speed><course>255.832403</course><hAcc>1.271043</hAcc><vAcc>0.556972</vAcc></extensions></trkpt>
      <trkpt lon="114.413996" lat="33.667901"><ele>57.036552</ele><time>2026-02-12T00:13:45Z</time><extensions><speed>2.392303</speed><course>253.601185</course><hAcc>1.257849</hAcc><vAcc>0.556974</vAcc></extensions></trkpt>
      <trkpt lon="114.413971" lat="33.667895"><ele>57.041174</ele><time>2026-02-12T00:13:46Z</time><extensions><speed>2.464895</speed><course>255.010813</course><hAcc>1.248839</hAcc><vAcc>0.556974</vAcc></extensions></trkpt>
      <trkpt lon="114.413944" lat="33.667889"><ele>57.045612</ele><time>2026-02-12T00:13:47Z</time><extensions><speed>2.543617</speed><course>256.461353</course><hAcc>1.252166</hAcc><vAcc>0.556974</vAcc></extensions></trkpt>
      <trkpt lon="114.413917" lat="33.667884"><ele>57.049492</ele><time>2026-02-12T00:13:48Z</time><extensions><speed>2.557288</speed><course>256.651172</course><hAcc>1.246042</hAcc><vAcc>0.556974</vAcc></extensions></trkpt>
      <trkpt lon="114.413891" lat="33.667879"><ele>57.052404</ele><time>2026-02-12T00:13:49Z</time><extensions><speed>2.566976</speed><course>255.660157</course><hAcc>1.239198</hAcc><vAcc>0.556973</vAcc></extensions></trkpt>
      <trkpt lon="114.413864" lat="33.667872"><ele>57.053938</ele><time>2026-02-12T00:13:50Z</time><extensions><speed>2.502109</speed><course>253.544476</course><hAcc>1.245657</hAcc><vAcc>0.556971</vAcc></extensions></trkpt>
      <trkpt lon="114.413838" lat="33.667866"><ele>57.053657</ele><time>2026-02-12T00:13:51Z</time><extensions><speed>2.532011</speed><course>252.572841</course><hAcc>1.240923</hAcc><vAcc>0.556970</vAcc></extensions></trkpt>
      <trkpt lon="114.413812" lat="33.667859"><ele>57.051180</ele><time>2026-02-12T00:13:52Z</time><extensions><speed>2.557941</speed><course>253.641551</course><hAcc>1.240808</hAcc><vAcc>0.556968</vAcc></extensions></trkpt>
      <trkpt lon="114.413785" lat="33.667853"><ele>57.046443</ele><time>2026-02-12T00:13:53Z</time><extensions><speed>2.577323</speed><course>253.624139</course><hAcc>1.248257</hAcc><vAcc>0.556967</vAcc></extensions></trkpt>
      <trkpt lon="114.413758" lat="33.667846"><ele>57.039439</ele><time>2026-02-12T00:13:54Z</time><extensions><speed>2.631657</speed><course>253.655312</course><hAcc>1.240854</hAcc><vAcc>0.556965</vAcc></extensions></trkpt>
      <trkpt lon="114.413732" lat="33.667839"><ele>57.030120</ele><time>2026-02-12T00:13:55Z</time><extensions><speed>2.531985</speed><course>253.806569</course><hAcc>1.236378</hAcc><vAcc>0.556964</vAcc></extensions></trkpt>
      <trkpt lon="114.413707" lat="33.667833"><ele>57.018399</ele><time>2026-02-12T00:13:56Z</time><extensions><speed>2.290183</speed><course>254.208194</course><hAcc>1.245626</hAcc><vAcc>0.556963</vAcc></extensions></trkpt>
      <trkpt lon="114.413683" lat="33.667828"><ele>57.004219</ele><time>2026-02-12T00:13:57Z</time><extensions><speed>2.304522</speed><course>255.328682</course><hAcc>1.245457</hAcc><vAcc>0.556962</vAcc></extensions></trkpt>
      <trkpt lon="114.413658" lat="33.667822"><ele>56.987531</ele><time>2026-02-12T00:13:58Z</time><extensions><speed>2.401730</speed><course>254.467033</course><hAcc>1.240157</hAcc><vAcc>0.556960</vAcc></extensions></trkpt>
      <trkpt lon="114.413633" lat="33.667816"><ele>56.968408</ele><time>2026-02-12T00:13:59Z</time><extensions><speed>2.408829</speed><course>252.224846</course><hAcc>1.245979</hAcc><vAcc>0.556959</vAcc></extensions></trkpt>
      <trkpt lon="114.413608" lat="33.667809"><ele>56.947054</ele><time>2026-02-12T00:14:00Z</time><extensions><speed>2.466260</speed><course>251.127584</course><hAcc>1.240809</hAcc><vAcc>0.556958</vAcc></extensions></trkpt>
      <trkpt lon="114.413583" lat="33.667802"><ele>56.923568</ele><time>2026-02-12T00:14:01Z</time><extensions><speed>2.399787</speed><course>251.861128</course><hAcc>1.239226</hAcc><vAcc>0.556957</vAcc></extensions></trkpt>
      <trkpt lon="114.413560" lat="33.667796"><ele>56.898098</ele><time>2026-02-12T00:14:02Z</time><extensions><speed>2.260203</speed><course>251.910553</course><hAcc>1.245217</hAcc><vAcc>0.556957</vAcc></extensions></trkpt>
      <trkpt lon="114.413536" lat="33.667790"><ele>56.870745</ele><time>2026-02-12T00:14:03Z</time><extensions><speed>2.261684</speed><course>252.045840</course><hAcc>1.240546</hAcc><vAcc>0.556956</vAcc></extensions></trkpt>
      <trkpt lon="114.413513" lat="33.667783"><ele>56.841510</ele><time>2026-02-12T00:14:04Z</time><extensions><speed>2.281437</speed><course>252.096565</course><hAcc>1.241223</hAcc><vAcc>0.556955</vAcc></extensions></trkpt>
      <trkpt lon="114.413490" lat="33.667777"><ele>56.810292</ele><time>2026-02-12T00:14:05Z</time><extensions><speed>2.219781</speed><course>252.210169</course><hAcc>1.251060</hAcc><vAcc>0.556954</vAcc></extensions></trkpt>
      <trkpt lon="114.413467" lat="33.667771"><ele>56.777245</ele><time>2026-02-12T00:14:06Z</time><extensions><speed>2.304614</speed><course>253.776370</course><hAcc>1.245172</hAcc><vAcc>0.556954</vAcc></extensions></trkpt>
      <trkpt lon="114.413442" lat="33.667765"><ele>56.742470</ele><time>2026-02-12T00:14:07Z</time><extensions><speed>2.400948</speed><course>255.464211</course><hAcc>1.247218</hAcc><vAcc>0.556953</vAcc></extensions></trkpt>
      <trkpt lon="114.413417" lat="33.667760"><ele>56.706432</ele><time>2026-02-12T00:14:08Z</time><extensions><speed>2.378126</speed><course>255.117532</course><hAcc>1.259822</hAcc><vAcc>0.556952</vAcc></extensions></trkpt>
      <trkpt lon="114.413393" lat="33.667755"><ele>56.670011</ele><time>2026-02-12T00:14:09Z</time><extensions><speed>2.357163</speed><course>255.799815</course><hAcc>1.269582</hAcc><vAcc>0.556952</vAcc></extensions></trkpt>
      <trkpt lon="114.413368" lat="33.667749"><ele>56.634147</ele><time>2026-02-12T00:14:10Z</time><extensions><speed>2.375326</speed><course>256.021277</course><hAcc>1.268999</hAcc><vAcc>0.556951</vAcc></extensions></trkpt>
      <trkpt lon="114.413343" lat="33.667744"><ele>56.599240</ele><time>2026-02-12T00:14:11Z</time><extensions><speed>2.254470</speed><course>256.328407</course><hAcc>1.270174</hAcc><vAcc>0.556951</vAcc></extensions></trkpt>
      <trkpt lon="114.413320" lat="33.667740"><ele>56.565761</ele><time>2026-02-12T00:14:13Z</time><extensions><speed>2.187970</speed><course>256.155781</course><hAcc>1.269489</hAcc><vAcc>0.556950</vAcc></extensions></trkpt>
      <trkpt lon="114.413297" lat="33.667735"><ele>56.534105</ele><time>2026-02-12T00:14:14Z</time><extensions><speed>2.234847</speed><course>257.464132</course><hAcc>1.273575</hAcc><vAcc>0.556950</vAcc></extensions></trkpt>
      <trkpt lon="114.413273" lat="33.667730"><ele>56.504443</ele><time>2026-02-12T00:14:15Z</time><extensions><speed>2.229367</speed><course>256.074823</course><hAcc>1.286644</hAcc><vAcc>0.556949</vAcc></extensions></trkpt>
      <trkpt lon="114.413250" lat="33.667725"><ele>56.476868</ele><time>2026-02-12T00:14:16Z</time><extensions><speed>2.250778</speed><course>253.427211</course><hAcc>1.285052</hAcc><vAcc>0.556949</vAcc></extensions></trkpt>
      <trkpt lon="114.413227" lat="33.667719"><ele>56.451437</ele><time>2026-02-12T00:14:17Z</time><extensions><speed>2.291028</speed><course>254.402696</course><hAcc>1.293200</hAcc><vAcc>0.556949</vAcc></extensions></trkpt>
      <trkpt lon="114.413202" lat="33.667714"><ele>56.427991</ele><time>2026-02-12T00:14:18Z</time><extensions><speed>2.383548</speed><course>254.259099</course><hAcc>1.291048</hAcc><vAcc>0.556948</vAcc></extensions></trkpt>
      <trkpt lon="114.413177" lat="33.667707"><ele>56.406182</ele><time>2026-02-12T00:14:19Z</time><extensions><speed>2.471375</speed><course>252.760998</course><hAcc>1.292725</hAcc><vAcc>0.556948</vAcc></extensions></trkpt>
      <trkpt lon="114.413151" lat="33.667701"><ele>56.385604</ele><time>2026-02-12T00:14:20Z</time><extensions><speed>2.515100</speed><course>252.991237</course><hAcc>1.293073</hAcc><vAcc>0.556948</vAcc></extensions></trkpt>
      <trkpt lon="114.413126" lat="33.667694"><ele>56.365688</ele><time>2026-02-12T00:14:21Z</time><extensions><speed>2.468121</speed><course>253.237163</course><hAcc>1.296432</hAcc><vAcc>0.556947</vAcc></extensions></trkpt>
      <trkpt lon="114.413101" lat="33.667688"><ele>56.345878</ele><time>2026-02-12T00:14:22Z</time><extensions><speed>2.408875</speed><course>252.418839</course><hAcc>1.289294</hAcc><vAcc>0.556947</vAcc></extensions></trkpt>
      <trkpt lon="114.413076" lat="33.667681"><ele>56.325782</ele><time>2026-02-12T00:14:23Z</time><extensions><speed>2.442047</speed><course>252.608037</course><hAcc>1.281707</hAcc><vAcc>0.556947</vAcc></extensions></trkpt>
      <trkpt lon="114.413051" lat="33.667675"><ele>56.305265</ele><time>2026-02-12T00:14:24Z</time><extensions><speed>2.355626</speed><course>252.522636</course><hAcc>1.285601</hAcc><vAcc>0.556947</vAcc></extensions></trkpt>
      <trkpt lon="114.413027" lat="33.667669"><ele>56.284578</ele><time>2026-02-12T00:14:25Z</time><extensions><speed>2.247259</speed><course>253.833211</course><hAcc>1.284355</hAcc><vAcc>0.556946</vAcc></extensions></trkpt>
      <trkpt lon="114.413003" lat="33.667663"><ele>56.264131</ele><time>2026-02-12T00:14:26Z</time><extensions><speed>2.306139</speed><course>253.121469</course><hAcc>1.283621</hAcc><vAcc>0.556946</vAcc></extensions></trkpt>
      <trkpt lon="114.412980" lat="33.667656"><ele>56.244409</ele><time>2026-02-12T00:14:27Z</time><extensions><speed>2.298963</speed><course>250.769972</course><hAcc>1.289477</hAcc><vAcc>0.556946</vAcc></extensions></trkpt>
      <trkpt lon="114.412956" lat="33.667649"><ele>56.225900</ele><time>2026-02-12T00:14:28Z</time><extensions><speed>2.376940</speed><course>251.573231</course><hAcc>1.298190</hAcc><vAcc>0.556946</vAcc></extensions></trkpt>
      <trkpt lon="114.412931" lat="33.667643"><ele>56.209067</ele><time>2026-02-12T00:14:29Z</time><extensions><speed>2.463478</speed><course>253.061003</course><hAcc>1.302340</hAcc><vAcc>0.556946</vAcc></extensions></trkpt>
      <trkpt lon="114.412906" lat="33.667637"><ele>56.194430</ele><time>2026-02-12T00:14:30Z</time><extensions><speed>2.412351</speed><course>253.797342</course><hAcc>1.305157</hAcc><vAcc>0.556946</vAcc></extensions></trkpt>
      <trkpt lon="114.412881" lat="33.667630"><ele>56.182397</ele><time>2026-02-12T00:14:31Z</time><extensions><speed>2.439165</speed><course>253.713908</course><hAcc>1.311549</hAcc><vAcc>0.556945</vAcc></extensions></trkpt>
      <trkpt lon="114.412856" lat="33.667624"><ele>56.173357</ele><time>2026-02-12T00:14:32Z</time><extensions><speed>2.438801</speed><course>251.037140</course><hAcc>1.314017</hAcc><vAcc>0.556945</vAcc></extensions></trkpt>
      <trkpt lon="114.412831" lat="33.667616"><ele>56.167678</ele><time>2026-02-12T00:14:33Z</time><extensions><speed>2.415772</speed><course>248.413399</course><hAcc>1.319718</hAcc><vAcc>0.556945</vAcc></extensions></trkpt>
      <trkpt lon="114.412806" lat="33.667608"><ele>56.165639</ele><time>2026-02-12T00:14:34Z</time><extensions><speed>2.524573</speed><course>249.423709</course><hAcc>1.317038</hAcc><vAcc>0.556945</vAcc></extensions></trkpt>
      <trkpt lon="114.412780" lat="33.667600"><ele>56.167255</ele><time>2026-02-12T00:14:35Z</time><extensions><speed>2.569507</speed><course>249.777357</course><hAcc>1.315250</hAcc><vAcc>0.556945</vAcc></extensions></trkpt>
      <trkpt lon="114.412755" lat="33.667592"><ele>56.172394</ele><time>2026-02-12T00:14:36Z</time><extensions><speed>2.479023</speed><course>249.103341</course><hAcc>1.321386</hAcc><vAcc>0.556945</vAcc></extensions></trkpt>
      <trkpt lon="114.412730" lat="33.667584"><ele>56.180859</ele><time>2026-02-12T00:14:37Z</time><extensions><speed>2.433975</speed><course>249.127824</course><hAcc>1.322308</hAcc><vAcc>0.556945</vAcc></extensions></trkpt>
      <trkpt lon="114.412705" lat="33.667576"><ele>56.192461</ele><time>2026-02-12T00:14:38Z</time><extensions><speed>2.428318</speed><course>249.165309</course><hAcc>1.319498</hAcc><vAcc>0.556945</vAcc></extensions></trkpt>
      <trkpt lon="114.412681" lat="33.667568"><ele>56.206990</ele><time>2026-02-12T00:14:39Z</time><extensions><speed>2.400159</speed><course>248.818695</course><hAcc>1.327665</hAcc><vAcc>0.556945</vAcc></extensions></trkpt>
      <trkpt lon="114.412656" lat="33.667560"><ele>56.224175</ele><time>2026-02-12T00:14:40Z</time><extensions><speed>2.497981</speed><course>247.606835</course><hAcc>1.336447</hAcc><vAcc>0.556944</vAcc></extensions></trkpt>
      <trkpt lon="114.412631" lat="33.667551"><ele>56.243668</ele><time>2026-02-12T00:14:41Z</time><extensions><speed>2.526226</speed><course>245.827113</course><hAcc>1.352324</hAcc><vAcc>0.556944</vAcc></extensions></trkpt>
      <trkpt lon="114.412606" lat="33.667542"><ele>56.265075</ele><time>2026-02-12T00:14:42Z</time><extensions><speed>2.613464</speed><course>246.835252</course><hAcc>1.350256</hAcc><vAcc>0.556944</vAcc></extensions></trkpt>
      <trkpt lon="114.412579" lat="33.667533"><ele>56.287922</ele><time>2026-02-12T00:14:43Z</time><extensions><speed>2.713782</speed><course>248.867770</course><hAcc>1.350451</hAcc><vAcc>0.556944</vAcc></extensions></trkpt>
      <trkpt lon="114.412552" lat="33.667525"><ele>56.311702</ele><time>2026-02-12T00:14:44Z</time><extensions><speed>2.645269</speed><course>251.284994</course><hAcc>1.351144</hAcc><vAcc>0.556944</vAcc></extensions></trkpt>
      <trkpt lon="114.412525" lat="33.667518"><ele>56.335957</ele><time>2026-02-12T00:14:45Z</time><extensions><speed>2.687630</speed><course>254.915672</course><hAcc>1.352445</hAcc><vAcc>0.556944</vAcc></extensions></trkpt>
      <trkpt lon="114.412497" lat="33.667512"><ele>56.360232</ele><time>2026-02-12T00:14:46Z</time><extensions><speed>2.661685</speed><course>257.647901</course><hAcc>1.352573</hAcc><vAcc>0.556944</vAcc></extensions></trkpt>
      <trkpt lon="114.412469" lat="33.667507"><ele>56.384159</ele><time>2026-02-12T00:14:47Z</time><extensions><speed>2.489448</speed><course>258.324302</course><hAcc>1.348113</hAcc><vAcc>0.556944</vAcc></extensions></trkpt>
      <trkpt lon="114.412443" lat="33.667503"><ele>56.407495</ele><time>2026-02-12T00:14:48Z</time><extensions><speed>2.450869</speed><course>257.949332</course><hAcc>1.346361</hAcc><vAcc>0.556944</vAcc></extensions></trkpt>
      <trkpt lon="114.412417" lat="33.667498"><ele>56.430106</ele><time>2026-02-12T00:14:49Z</time><extensions><speed>2.421501</speed><course>257.488788</course><hAcc>1.349522</hAcc><vAcc>0.556944</vAcc></extensions></trkpt>
      <trkpt lon="114.412392" lat="33.667493"><ele>56.451887</ele><time>2026-02-12T00:14:50Z</time><extensions><speed>2.439702</speed><course>254.800555</course><hAcc>1.352514</hAcc><vAcc>0.556944</vAcc></extensions></trkpt>
      <trkpt lon="114.412366" lat="33.667486"><ele>56.472472</ele><time>2026-02-12T00:14:51Z</time><extensions><speed>2.502101</speed><course>252.874990</course><hAcc>1.356347</hAcc><vAcc>0.556944</vAcc></extensions></trkpt>
      <trkpt lon="114.412341" lat="33.667479"><ele>56.491537</ele><time>2026-02-12T00:14:52Z</time><extensions><speed>2.406867</speed><course>250.057921</course><hAcc>1.362971</hAcc><vAcc>0.556944</vAcc></extensions></trkpt>
      <trkpt lon="114.412317" lat="33.667472"><ele>56.508803</ele><time>2026-02-12T00:14:53Z</time><extensions><speed>2.314343</speed><course>248.136176</course><hAcc>1.371417</hAcc><vAcc>0.556944</vAcc></extensions></trkpt>
      <trkpt lon="114.412294" lat="33.667464"><ele>56.524039</ele><time>2026-02-12T00:14:54Z</time><extensions><speed>2.322613</speed><course>247.390653</course><hAcc>1.373752</hAcc><vAcc>0.556944</vAcc></extensions></trkpt>
      <trkpt lon="114.412272" lat="33.667456"><ele>56.537064</ele><time>2026-02-12T00:14:55Z</time><extensions><speed>2.162507</speed><course>246.738677</course><hAcc>1.373101</hAcc><vAcc>0.556944</vAcc></extensions></trkpt>
      <trkpt lon="114.412249" lat="33.667449"><ele>56.548667</ele><time>2026-02-12T00:14:56Z</time><extensions><speed>2.381438</speed><course>252.488800</course><hAcc>1.372833</hAcc><vAcc>0.556944</vAcc></extensions></trkpt>
      <trkpt lon="114.412223" lat="33.667443"><ele>56.559803</ele><time>2026-02-12T00:14:57Z</time><extensions><speed>2.618866</speed><course>255.856649</course><hAcc>1.375007</hAcc><vAcc>0.556944</vAcc></extensions></trkpt>
      <trkpt lon="114.412195" lat="33.667436"><ele>56.571288</ele><time>2026-02-12T00:14:58Z</time><extensions><speed>2.703636</speed><course>254.534909</course><hAcc>1.375636</hAcc><vAcc>0.556944</vAcc></extensions></trkpt>
      <trkpt lon="114.412167" lat="33.667429"><ele>56.583582</ele><time>2026-02-12T00:14:59Z</time><extensions><speed>2.801723</speed><course>252.566726</course><hAcc>1.378604</hAcc><vAcc>0.556944</vAcc></extensions></trkpt>
      <trkpt lon="114.412137" lat="33.667422"><ele>56.597200</ele><time>2026-02-12T00:15:00Z</time><extensions><speed>2.894541</speed><course>252.795337</course><hAcc>1.373029</hAcc><vAcc>0.556944</vAcc></extensions></trkpt>
      <trkpt lon="114.412108" lat="33.667414"><ele>56.611684</ele><time>2026-02-12T00:15:01Z</time><extensions><speed>2.714988</speed><course>252.727537</course><hAcc>1.365786</hAcc><vAcc>0.556944</vAcc></extensions></trkpt>
      <trkpt lon="114.412082" lat="33.667407"><ele>56.626316</ele><time>2026-02-12T00:15:02Z</time><extensions><speed>2.421457</speed><course>251.269928</course><hAcc>1.357578</hAcc><vAcc>0.556944</vAcc></extensions></trkpt>
      <trkpt lon="114.412057" lat="33.667400"><ele>56.640468</ele><time>2026-02-12T00:15:03Z</time><extensions><speed>2.429937</speed><course>250.804235</course><hAcc>1.343639</hAcc><vAcc>0.556944</vAcc></extensions></trkpt>
      <trkpt lon="114.412032" lat="33.667392"><ele>56.653770</ele><time>2026-02-12T00:15:04Z</time><extensions><speed>2.481667</speed><course>249.551053</course><hAcc>1.328577</hAcc><vAcc>0.556944</vAcc></extensions></trkpt>
      <trkpt lon="114.412007" lat="33.667384"><ele>56.665646</ele><time>2026-02-12T00:15:05Z</time><extensions><speed>2.454916</speed><course>246.705320</course><hAcc>1.321740</hAcc><vAcc>0.556944</vAcc></extensions></trkpt>
      <trkpt lon="114.411983" lat="33.667375"><ele>56.675540</ele><time>2026-02-12T00:15:06Z</time><extensions><speed>2.498639</speed><course>244.523842</course><hAcc>1.313606</hAcc><vAcc>0.556944</vAcc></extensions></trkpt>
      <trkpt lon="114.411959" lat="33.667365"><ele>56.682762</ele><time>2026-02-12T00:15:07Z</time><extensions><speed>2.438118</speed><course>243.799231</course><hAcc>1.308709</hAcc><vAcc>0.556943</vAcc></extensions></trkpt>
      <trkpt lon="114.411936" lat="33.667356"><ele>56.686471</ele><time>2026-02-12T00:15:08Z</time><extensions><speed>2.320909</speed><course>244.508964</course><hAcc>1.315757</hAcc><vAcc>0.556943</vAcc></extensions></trkpt>
      <trkpt lon="114.411913" lat="33.667347"><ele>56.685925</ele><time>2026-02-12T00:15:09Z</time><extensions><speed>2.419679</speed><course>245.471289</course><hAcc>1.308505</hAcc><vAcc>0.556943</vAcc></extensions></trkpt>
      <trkpt lon="114.411889" lat="33.667338"><ele>56.680663</ele><time>2026-02-12T00:15:10Z</time><extensions><speed>2.465978</speed><course>245.531007</course><hAcc>1.310474</hAcc><vAcc>0.556943</vAcc></extensions></trkpt>
      <trkpt lon="114.411865" lat="33.667329"><ele>56.670768</ele><time>2026-02-12T00:15:11Z</time><extensions><speed>2.365154</speed><course>248.108371</course><hAcc>1.322194</hAcc><vAcc>0.556943</vAcc></extensions></trkpt>
      <trkpt lon="114.411841" lat="33.667321"><ele>56.656906</ele><time>2026-02-12T00:15:12Z</time><extensions><speed>2.400337</speed><course>250.457640</course><hAcc>1.318244</hAcc><vAcc>0.556943</vAcc></extensions></trkpt>
      <trkpt lon="114.411816" lat="33.667314"><ele>56.640126</ele><time>2026-02-12T00:15:13Z</time><extensions><speed>2.459116</speed><course>250.894901</course><hAcc>1.314469</hAcc><vAcc>0.556943</vAcc></extensions></trkpt>
      <trkpt lon="114.411791" lat="33.667307"><ele>56.621892</ele><time>2026-02-12T00:15:14Z</time><extensions><speed>2.428367</speed><course>250.611751</course><hAcc>1.312746</hAcc><vAcc>0.556943</vAcc></extensions></trkpt>
      <trkpt lon="114.411766" lat="33.667300"><ele>56.603660</ele><time>2026-02-12T00:15:15Z</time><extensions><speed>2.485356</speed><course>251.829845</course><hAcc>1.315845</hAcc><vAcc>0.556943</vAcc></extensions></trkpt>
      <trkpt lon="114.411740" lat="33.667293"><ele>56.586739</ele><time>2026-02-12T00:15:16Z</time><extensions><speed>2.563742</speed><course>252.522026</course><hAcc>1.309529</hAcc><vAcc>0.556943</vAcc></extensions></trkpt>
      <trkpt lon="114.411714" lat="33.667286"><ele>56.572207</ele><time>2026-02-12T00:15:17Z</time><extensions><speed>2.449450</speed><course>251.587623</course><hAcc>1.306780</hAcc><vAcc>0.556943</vAcc></extensions></trkpt>
      <trkpt lon="114.411690" lat="33.667279"><ele>56.560931</ele><time>2026-02-12T00:15:18Z</time><extensions><speed>2.327431</speed><course>251.336195</course><hAcc>1.303307</hAcc><vAcc>0.556943</vAcc></extensions></trkpt>
      <trkpt lon="114.411666" lat="33.667272"><ele>56.552978</ele><time>2026-02-12T00:15:19Z</time><extensions><speed>2.277118</speed><course>251.955318</course><hAcc>1.305622</hAcc><vAcc>0.556943</vAcc></extensions></trkpt>
      <trkpt lon="114.411643" lat="33.667266"><ele>56.548182</ele><time>2026-02-12T00:15:20Z</time><extensions><speed>2.257331</speed><course>251.102617</course><hAcc>1.308514</hAcc><vAcc>0.556943</vAcc></extensions></trkpt>
      <trkpt lon="114.411620" lat="33.667259"><ele>56.546170</ele><time>2026-02-12T00:15:21Z</time><extensions><speed>2.370522</speed><course>249.639370</course><hAcc>1.315738</hAcc><vAcc>0.556943</vAcc></extensions></trkpt>
      <trkpt lon="114.411595" lat="33.667251"><ele>56.546343</ele><time>2026-02-12T00:15:22Z</time><extensions><speed>2.569270</speed><course>246.716870</course><hAcc>1.310415</hAcc><vAcc>0.556943</vAcc></extensions></trkpt>
      <trkpt lon="114.411570" lat="33.667241"><ele>56.547918</ele><time>2026-02-12T00:15:23Z</time><extensions><speed>2.539487</speed><course>246.148357</course><hAcc>1.304966</hAcc><vAcc>0.556943</vAcc></extensions></trkpt>
      <trkpt lon="114.411544" lat="33.667233"><ele>56.550221</ele><time>2026-02-12T00:15:24Z</time><extensions><speed>2.505341</speed><course>248.480062</course><hAcc>1.298061</hAcc><vAcc>0.556943</vAcc></extensions></trkpt>
      <trkpt lon="114.411519" lat="33.667225"><ele>56.552521</ele><time>2026-02-12T00:15:25Z</time><extensions><speed>2.492438</speed><course>249.961040</course><hAcc>1.295266</hAcc><vAcc>0.556943</vAcc></extensions></trkpt>
      <trkpt lon="114.411495" lat="33.667217"><ele>56.554164</ele><time>2026-02-12T00:15:26Z</time><extensions><speed>2.337068</speed><course>249.536979</course><hAcc>1.286653</hAcc><vAcc>0.556943</vAcc></extensions></trkpt>
      <trkpt lon="114.411472" lat="33.667210"><ele>56.554899</ele><time>2026-02-12T00:15:27Z</time><extensions><speed>2.261633</speed><course>250.153798</course><hAcc>1.280021</hAcc><vAcc>0.556943</vAcc></extensions></trkpt>
      <trkpt lon="114.411448" lat="33.667203"><ele>56.554606</ele><time>2026-02-12T00:15:28Z</time><extensions><speed>2.322872</speed><course>250.664276</course><hAcc>1.274688</hAcc><vAcc>0.556943</vAcc></extensions></trkpt>
      <trkpt lon="114.411425" lat="33.667196"><ele>56.553364</ele><time>2026-02-12T00:15:29Z</time><extensions><speed>2.268120</speed><course>250.397942</course><hAcc>1.280742</hAcc><vAcc>0.556943</vAcc></extensions></trkpt>
      <trkpt lon="114.411402" lat="33.667189"><ele>56.551518</ele><time>2026-02-12T00:15:30Z</time><extensions><speed>2.306963</speed><course>249.717061</course><hAcc>1.281854</hAcc><vAcc>0.556943</vAcc></extensions></trkpt>
      <trkpt lon="114.411378" lat="33.667181"><ele>56.549633</ele><time>2026-02-12T00:15:31Z</time><extensions><speed>2.435747</speed><course>249.350573</course><hAcc>1.286517</hAcc><vAcc>0.556943</vAcc></extensions></trkpt>
      <trkpt lon="114.411353" lat="33.667173"><ele>56.548229</ele><time>2026-02-12T00:15:32Z</time><extensions><speed>2.441307</speed><course>249.027220</course><hAcc>1.302493</hAcc><vAcc>0.556943</vAcc></extensions></trkpt>
      <trkpt lon="114.411328" lat="33.667165"><ele>56.547900</ele><time>2026-02-12T00:15:33Z</time><extensions><speed>2.448586</speed><course>248.585364</course><hAcc>1.312904</hAcc><vAcc>0.556943</vAcc></extensions></trkpt>
      <trkpt lon="114.411304" lat="33.667157"><ele>56.549162</ele><time>2026-02-12T00:15:34Z</time><extensions><speed>2.461734</speed><course>247.795935</course><hAcc>1.314288</hAcc><vAcc>0.556943</vAcc></extensions></trkpt>
      <trkpt lon="114.411280" lat="33.667149"><ele>56.552374</ele><time>2026-02-12T00:15:35Z</time><extensions><speed>2.323272</speed><course>247.845673</course><hAcc>1.324729</hAcc><vAcc>0.556943</vAcc></extensions></trkpt>
      <trkpt lon="114.411257" lat="33.667141"><ele>56.557679</ele><time>2026-02-12T00:15:36Z</time><extensions><speed>2.267871</speed><course>248.932699</course><hAcc>1.336436</hAcc><vAcc>0.556943</vAcc></extensions></trkpt>
      <trkpt lon="114.411233" lat="33.667134"><ele>56.564574</ele><time>2026-02-12T00:15:37Z</time><extensions><speed>2.386093</speed><course>249.194077</course><hAcc>1.339268</hAcc><vAcc>0.556943</vAcc></extensions></trkpt>
      <trkpt lon="114.411209" lat="33.667126"><ele>56.572372</ele><time>2026-02-12T00:15:38Z</time><extensions><speed>2.403340</speed><course>247.567220</course><hAcc>1.349760</hAcc><vAcc>0.556943</vAcc></extensions></trkpt>
      <trkpt lon="114.411185" lat="33.667117"><ele>56.580364</ele><time>2026-02-12T00:15:39Z</time><extensions><speed>2.481193</speed><course>246.062754</course><hAcc>1.353774</hAcc><vAcc>0.556943</vAcc></extensions></trkpt>
      <trkpt lon="114.411160" lat="33.667108"><ele>56.587894</ele><time>2026-02-12T00:15:40Z</time><extensions><speed>2.546611</speed><course>244.875269</course><hAcc>1.361785</hAcc><vAcc>0.556943</vAcc></extensions></trkpt>
      <trkpt lon="114.411135" lat="33.667098"><ele>56.594295</ele><time>2026-02-12T00:15:41Z</time><extensions><speed>2.497434</speed><course>244.060090</course><hAcc>1.362957</hAcc><vAcc>0.556943</vAcc></extensions></trkpt>
      <trkpt lon="114.411111" lat="33.667088"><ele>56.599243</ele><time>2026-02-12T00:15:42Z</time><extensions><speed>2.505346</speed><course>244.121595</course><hAcc>1.350546</hAcc><vAcc>0.556943</vAcc></extensions></trkpt>
      <trkpt lon="114.411086" lat="33.667078"><ele>56.602521</ele><time>2026-02-12T00:15:43Z</time><extensions><speed>2.513728</speed><course>245.755832</course><hAcc>1.348032</hAcc><vAcc>0.556943</vAcc></extensions></trkpt>
      <trkpt lon="114.411062" lat="33.667070"><ele>56.604049</ele><time>2026-02-12T00:15:44Z</time><extensions><speed>2.452254</speed><course>248.278514</course><hAcc>1.355736</hAcc><vAcc>0.556942</vAcc></extensions></trkpt>
      <trkpt lon="114.411037" lat="33.667062"><ele>56.603896</ele><time>2026-02-12T00:15:45Z</time><extensions><speed>2.451822</speed><course>249.878896</course><hAcc>1.350104</hAcc><vAcc>0.556942</vAcc></extensions></trkpt>
      <trkpt lon="114.411012" lat="33.667054"><ele>56.602287</ele><time>2026-02-12T00:15:46Z</time><extensions><speed>2.502651</speed><course>251.113540</course><hAcc>1.348877</hAcc><vAcc>0.556942</vAcc></extensions></trkpt>
      <trkpt lon="114.410986" lat="33.667047"><ele>56.599673</ele><time>2026-02-12T00:15:47Z</time><extensions><speed>2.458399</speed><course>249.741806</course><hAcc>1.358057</hAcc><vAcc>0.556941</vAcc></extensions></trkpt>
      <trkpt lon="114.410961" lat="33.667040"><ele>56.596659</ele><time>2026-02-12T00:15:48Z</time><extensions><speed>2.473356</speed><course>252.653922</course><hAcc>1.348591</hAcc><vAcc>0.556942</vAcc></extensions></trkpt>
      <trkpt lon="114.410935" lat="33.667033"><ele>56.593874</ele><time>2026-02-12T00:15:49Z</time><extensions><speed>2.601963</speed><course>256.147144</course><hAcc>1.347465</hAcc><vAcc>0.556942</vAcc></extensions></trkpt>
      <trkpt lon="114.410908" lat="33.667028"><ele>56.591811</ele><time>2026-02-12T00:15:50Z</time><extensions><speed>2.542481</speed><course>257.197838</course><hAcc>1.349424</hAcc><vAcc>0.556942</vAcc></extensions></trkpt>
      <trkpt lon="114.410881" lat="33.667023"><ele>56.590879</ele><time>2026-02-12T00:15:51Z</time><extensions><speed>2.483595</speed><course>258.264478</course><hAcc>1.342306</hAcc><vAcc>0.556942</vAcc></extensions></trkpt>
      <trkpt lon="114.410854" lat="33.667019"><ele>56.591376</ele><time>2026-02-12T00:15:52Z</time><extensions><speed>2.537663</speed><course>259.062262</course><hAcc>1.334716</hAcc><vAcc>0.556941</vAcc></extensions></trkpt>
      <trkpt lon="114.410828" lat="33.667014"><ele>56.593448</ele><time>2026-02-12T00:15:53Z</time><extensions><speed>2.438969</speed><course>258.987824</course><hAcc>1.332762</hAcc><vAcc>0.556941</vAcc></extensions></trkpt>
      <trkpt lon="114.410803" lat="33.667011"><ele>56.597106</ele><time>2026-02-12T00:15:54Z</time><extensions><speed>2.364480</speed><course>259.939117</course><hAcc>1.321320</hAcc><vAcc>0.556941</vAcc></extensions></trkpt>
      <trkpt lon="114.410777" lat="33.667007"><ele>56.602256</ele><time>2026-02-12T00:15:55Z</time><extensions><speed>2.426631</speed><course>261.436163</course><hAcc>1.312148</hAcc><vAcc>0.556941</vAcc></extensions></trkpt>
      <trkpt lon="114.410751" lat="33.667004"><ele>56.608730</ele><time>2026-02-12T00:15:56Z</time><extensions><speed>2.406321</speed><course>261.165218</course><hAcc>1.312945</hAcc><vAcc>0.556941</vAcc></extensions></trkpt>
      <trkpt lon="114.410726" lat="33.667000"><ele>56.616361</ele><time>2026-02-12T00:15:57Z</time><extensions><speed>2.438827</speed><course>259.992141</course><hAcc>1.306736</hAcc><vAcc>0.556941</vAcc></extensions></trkpt>
      <trkpt lon="114.410699" lat="33.666996"><ele>56.624984</ele><time>2026-02-12T00:15:58Z</time><extensions><speed>2.520763</speed><course>258.838621</course><hAcc>1.307322</hAcc><vAcc>0.556941</vAcc></extensions></trkpt>
      <trkpt lon="114.410673" lat="33.666991"><ele>56.634418</ele><time>2026-02-12T00:15:59Z</time><extensions><speed>2.485066</speed><course>257.201597</course><hAcc>1.312388</hAcc><vAcc>0.556941</vAcc></extensions></trkpt>
      <trkpt lon="114.410647" lat="33.666986"><ele>56.644345</ele><time>2026-02-12T00:16:00Z</time><extensions><speed>2.481163</speed><course>255.612500</course><hAcc>1.306335</hAcc><vAcc>0.556942</vAcc></extensions></trkpt>
      <trkpt lon="114.410620" lat="33.666980"><ele>56.654507</ele><time>2026-02-12T00:16:01Z</time><extensions><speed>2.592675</speed><course>255.489717</course><hAcc>1.304014</hAcc><vAcc>0.556942</vAcc></extensions></trkpt>
      <trkpt lon="114.410594" lat="33.666974"><ele>56.664541</ele><time>2026-02-12T00:16:02Z</time><extensions><speed>2.475369</speed><course>254.782213</course><hAcc>1.305859</hAcc><vAcc>0.556942</vAcc></extensions></trkpt>
      <trkpt lon="114.410569" lat="33.666969"><ele>56.673997</ele><time>2026-02-12T00:16:03Z</time><extensions><speed>2.298362</speed><course>254.139989</course><hAcc>1.304523</hAcc><vAcc>0.556942</vAcc></extensions></trkpt>
      <trkpt lon="114.410545" lat="33.666963"><ele>56.682449</ele><time>2026-02-12T00:16:04Z</time><extensions><speed>2.276563</speed><course>256.055064</course><hAcc>1.301363</hAcc><vAcc>0.556943</vAcc></extensions></trkpt>
      <trkpt lon="114.410521" lat="33.666959"><ele>56.689585</ele><time>2026-02-12T00:16:05Z</time><extensions><speed>2.346521</speed><course>257.875211</course><hAcc>1.290273</hAcc><vAcc>0.556943</vAcc></extensions></trkpt>
      <trkpt lon="114.410497" lat="33.666954"><ele>56.695089</ele><time>2026-02-12T00:16:06Z</time><extensions><speed>2.287767</speed><course>257.515462</course><hAcc>1.289521</hAcc><vAcc>0.556943</vAcc></extensions></trkpt>
      <trkpt lon="114.410473" lat="33.666949"><ele>56.698562</ele><time>2026-02-12T00:16:07Z</time><extensions><speed>2.277989</speed><course>256.022581</course><hAcc>1.282341</hAcc><vAcc>0.556943</vAcc></extensions></trkpt>
      <trkpt lon="114.410449" lat="33.666945"><ele>56.699528</ele><time>2026-02-12T00:16:08Z</time><extensions><speed>2.223887</speed><course>259.531656</course><hAcc>1.279173</hAcc><vAcc>0.556943</vAcc></extensions></trkpt>
      <trkpt lon="114.410425" lat="33.666942"><ele>56.697548</ele><time>2026-02-12T00:16:09Z</time><extensions><speed>2.267361</speed><course>262.027309</course><hAcc>1.279980</hAcc><vAcc>0.556943</vAcc></extensions></trkpt>
      <trkpt lon="114.410401" lat="33.666939"><ele>56.692434</ele><time>2026-02-12T00:16:10Z</time><extensions><speed>2.268180</speed><course>262.890017</course><hAcc>1.280701</hAcc><vAcc>0.556943</vAcc></extensions></trkpt>
      <trkpt lon="114.410377" lat="33.666937"><ele>56.684114</ele><time>2026-02-12T00:16:11Z</time><extensions><speed>2.159156</speed><course>261.819152</course><hAcc>1.286406</hAcc><vAcc>0.556943</vAcc></extensions></trkpt>
      <trkpt lon="114.410354" lat="33.666934"><ele>56.672799</ele><time>2026-02-12T00:16:12Z</time><extensions><speed>2.165589</speed><course>261.463724</course><hAcc>1.284112</hAcc><vAcc>0.556943</vAcc></extensions></trkpt>
      <trkpt lon="114.410331" lat="33.666931"><ele>56.659104</ele><time>2026-02-12T00:16:13Z</time><extensions><speed>2.219170</speed><course>260.945275</course><hAcc>1.281697</hAcc><vAcc>0.556943</vAcc></extensions></trkpt>
      <trkpt lon="114.410308" lat="33.666927"><ele>56.643734</ele><time>2026-02-12T00:16:14Z</time><extensions><speed>2.148659</speed><course>259.670553</course><hAcc>1.284141</hAcc><vAcc>0.556943</vAcc></extensions></trkpt>
      <trkpt lon="114.410285" lat="33.666924"><ele>56.627220</ele><time>2026-02-12T00:16:15Z</time><extensions><speed>2.168286</speed><course>259.415771</course><hAcc>1.279710</hAcc><vAcc>0.556943</vAcc></extensions></trkpt>
      <trkpt lon="114.410261" lat="33.666920"><ele>56.610086</ele><time>2026-02-12T00:16:16Z</time><extensions><speed>2.245795</speed><course>260.766101</course><hAcc>1.271226</hAcc><vAcc>0.556943</vAcc></extensions></trkpt>
      <trkpt lon="114.410238" lat="33.666917"><ele>56.592948</ele><time>2026-02-12T00:16:17Z</time><extensions><speed>2.171688</speed><course>260.732467</course><hAcc>1.268688</hAcc><vAcc>0.556943</vAcc></extensions></trkpt>
      <trkpt lon="114.410214" lat="33.666914"><ele>56.576623</ele><time>2026-02-12T00:16:18Z</time><extensions><speed>2.190796</speed><course>261.042109</course><hAcc>1.256929</hAcc><vAcc>0.556943</vAcc></extensions></trkpt>
      <trkpt lon="114.410191" lat="33.666911"><ele>56.561888</ele><time>2026-02-12T00:16:19Z</time><extensions><speed>2.233423</speed><course>262.393148</course><hAcc>1.245359</hAcc><vAcc>0.556943</vAcc></extensions></trkpt>
      <trkpt lon="114.410167" lat="33.666909"><ele>56.549421</ele><time>2026-02-12T00:16:20Z</time><extensions><speed>2.156994</speed><course>263.013102</course><hAcc>1.243596</hAcc><vAcc>0.556943</vAcc></extensions></trkpt>
      <trkpt lon="114.410144" lat="33.666907"><ele>56.539764</ele><time>2026-02-12T00:16:21Z</time><extensions><speed>2.176465</speed><course>264.855354</course><hAcc>1.236255</hAcc><vAcc>0.556943</vAcc></extensions></trkpt>
      <trkpt lon="114.410120" lat="33.666905"><ele>56.533158</ele><time>2026-02-12T00:16:22Z</time><extensions><speed>2.246441</speed><course>267.005016</course><hAcc>1.225726</hAcc><vAcc>0.556943</vAcc></extensions></trkpt>
      <trkpt lon="114.410097" lat="33.666904"><ele>56.528994</ele><time>2026-02-12T00:16:23Z</time><extensions><speed>2.122212</speed><course>267.126389</course><hAcc>1.219368</hAcc><vAcc>0.556943</vAcc></extensions></trkpt>
      <trkpt lon="114.410074" lat="33.666903"><ele>56.526537</ele><time>2026-02-12T00:16:24Z</time><extensions><speed>2.071554</speed><course>267.166553</course><hAcc>1.212581</hAcc><vAcc>0.556943</vAcc></extensions></trkpt>
      <trkpt lon="114.410051" lat="33.666902"><ele>56.525061</ele><time>2026-02-12T00:16:25Z</time><extensions><speed>2.144312</speed><course>266.965371</course><hAcc>1.203584</hAcc><vAcc>0.556943</vAcc></extensions></trkpt>
      <trkpt lon="114.410028" lat="33.666901"><ele>56.523855</ele><time>2026-02-12T00:16:26Z</time><extensions><speed>2.199449</speed><course>266.772438</course><hAcc>1.202578</hAcc><vAcc>0.556943</vAcc></extensions></trkpt>
      <trkpt lon="114.410004" lat="33.666900"><ele>56.522203</ele><time>2026-02-12T00:16:27Z</time><extensions><speed>2.237204</speed><course>267.285033</course><hAcc>1.199270</hAcc><vAcc>0.556943</vAcc></extensions></trkpt>
      <trkpt lon="114.409980" lat="33.666899"><ele>56.519778</ele><time>2026-02-12T00:16:28Z</time><extensions><speed>2.231230</speed><course>268.596487</course><hAcc>1.194018</hAcc><vAcc>0.556943</vAcc></extensions></trkpt>
      <trkpt lon="114.409956" lat="33.666899"><ele>56.516210</ele><time>2026-02-12T00:16:29Z</time><extensions><speed>2.229234</speed><course>269.814909</course><hAcc>1.196903</hAcc><vAcc>0.556943</vAcc></extensions></trkpt>
      <trkpt lon="114.409931" lat="33.666899"><ele>56.511309</ele><time>2026-02-12T00:16:30Z</time><extensions><speed>2.370036</speed><course>271.318266</course><hAcc>1.198110</hAcc><vAcc>0.556943</vAcc></extensions></trkpt>
      <trkpt lon="114.409905" lat="33.666900"><ele>56.505130</ele><time>2026-02-12T00:16:31Z</time><extensions><speed>2.496837</speed><course>272.630406</course><hAcc>1.203718</hAcc><vAcc>0.556943</vAcc></extensions></trkpt>
      <trkpt lon="114.409878" lat="33.666901"><ele>56.497904</ele><time>2026-02-12T00:16:32Z</time><extensions><speed>2.424828</speed><course>271.828888</course><hAcc>1.215224</hAcc><vAcc>0.556943</vAcc></extensions></trkpt>
      <trkpt lon="114.409852" lat="33.666902"><ele>56.489584</ele><time>2026-02-12T00:16:33Z</time><extensions><speed>2.349425</speed><course>273.121477</course><hAcc>1.216188</hAcc><vAcc>0.556943</vAcc></extensions></trkpt>
      <trkpt lon="114.409827" lat="33.666903"><ele>56.480404</ele><time>2026-02-12T00:16:34Z</time><extensions><speed>2.308632</speed><course>274.596086</course><hAcc>1.223904</hAcc><vAcc>0.556943</vAcc></extensions></trkpt>
      <trkpt lon="114.409803" lat="33.666905"><ele>56.470679</ele><time>2026-02-12T00:16:35Z</time><extensions><speed>2.246229</speed><course>273.889245</course><hAcc>1.238385</hAcc><vAcc>0.556943</vAcc></extensions></trkpt>
      <trkpt lon="114.409778" lat="33.666907"><ele>56.460641</ele><time>2026-02-12T00:16:36Z</time><extensions><speed>2.287108</speed><course>275.993253</course><hAcc>1.237461</hAcc><vAcc>0.556943</vAcc></extensions></trkpt>
      <trkpt lon="114.409754" lat="33.666909"><ele>56.450450</ele><time>2026-02-12T00:16:37Z</time><extensions><speed>2.319444</speed><course>276.442580</course><hAcc>1.235339</hAcc><vAcc>0.556943</vAcc></extensions></trkpt>
      <trkpt lon="114.409729" lat="33.666911"><ele>56.440458</ele><time>2026-02-12T00:16:38Z</time><extensions><speed>2.330090</speed><course>275.382412</course><hAcc>1.241788</hAcc><vAcc>0.556943</vAcc></extensions></trkpt>
      <trkpt lon="114.409703" lat="33.666913"><ele>56.430834</ele><time>2026-02-12T00:16:39Z</time><extensions><speed>2.395477</speed><course>275.729901</course><hAcc>1.245030</hAcc><vAcc>0.556943</vAcc></extensions></trkpt>
      <trkpt lon="114.409677" lat="33.666916"><ele>56.421524</ele><time>2026-02-12T00:16:40Z</time><extensions><speed>2.478358</speed><course>277.377841</course><hAcc>1.244754</hAcc><vAcc>0.556943</vAcc></extensions></trkpt>
      <trkpt lon="114.409650" lat="33.666918"><ele>56.412292</ele><time>2026-02-12T00:16:41Z</time><extensions><speed>2.537862</speed><course>277.041261</course><hAcc>1.245823</hAcc><vAcc>0.556943</vAcc></extensions></trkpt>
      <trkpt lon="114.409624" lat="33.666921"><ele>56.402843</ele><time>2026-02-12T00:16:42Z</time><extensions><speed>2.471929</speed><course>275.172672</course><hAcc>1.253584</hAcc><vAcc>0.556943</vAcc></extensions></trkpt>
      <trkpt lon="114.409598" lat="33.666923"><ele>56.393060</ele><time>2026-02-12T00:16:43Z</time><extensions><speed>2.343409</speed><course>274.368133</course><hAcc>1.267794</hAcc><vAcc>0.556943</vAcc></extensions></trkpt>
      <trkpt lon="114.409573" lat="33.666924"><ele>56.382993</ele><time>2026-02-12T00:16:44Z</time><extensions><speed>2.336834</speed><course>275.274672</course><hAcc>1.262232</hAcc><vAcc>0.556943</vAcc></extensions></trkpt>
      <trkpt lon="114.409547" lat="33.666926"><ele>56.372862</ele><time>2026-02-12T00:16:45Z</time><extensions><speed>2.401279</speed><course>275.706425</course><hAcc>1.259184</hAcc><vAcc>0.556943</vAcc></extensions></trkpt>
      <trkpt lon="114.409522" lat="33.666928"><ele>56.363044</ele><time>2026-02-12T00:16:46Z</time><extensions><speed>2.343060</speed><course>274.820614</course><hAcc>1.254449</hAcc><vAcc>0.556943</vAcc></extensions></trkpt>
      <trkpt lon="114.409497" lat="33.666930"><ele>56.353981</ele><time>2026-02-12T00:16:47Z</time><extensions><speed>2.313918</speed><course>274.011903</course><hAcc>1.252705</hAcc><vAcc>0.556943</vAcc></extensions></trkpt>
      <trkpt lon="114.409471" lat="33.666932"><ele>56.346238</ele><time>2026-02-12T00:16:48Z</time><extensions><speed>2.419407</speed><course>274.406526</course><hAcc>1.253646</hAcc><vAcc>0.556943</vAcc></extensions></trkpt>
      <trkpt lon="114.409445" lat="33.666933"><ele>56.340358</ele><time>2026-02-12T00:16:49Z</time><extensions><speed>2.373117</speed><course>274.982221</course><hAcc>1.258164</hAcc><vAcc>0.556943</vAcc></extensions></trkpt>
      <trkpt lon="114.409420" lat="33.666935"><ele>56.336806</ele><time>2026-02-12T00:16:50Z</time><extensions><speed>2.291601</speed><course>274.679560</course><hAcc>1.259261</hAcc><vAcc>0.556943</vAcc></extensions></trkpt>
      <trkpt lon="114.409395" lat="33.666937"><ele>56.336030</ele><time>2026-02-12T00:16:51Z</time><extensions><speed>2.396081</speed><course>277.570254</course><hAcc>1.251177</hAcc><vAcc>0.556943</vAcc></extensions></trkpt>
      <trkpt lon="114.409370" lat="33.666941"><ele>56.338415</ele><time>2026-02-12T00:16:52Z</time><extensions><speed>2.402542</speed><course>279.509600</course><hAcc>1.244804</hAcc><vAcc>0.556943</vAcc></extensions></trkpt>
      <trkpt lon="114.409345" lat="33.666944"><ele>56.344122</ele><time>2026-02-12T00:16:53Z</time><extensions><speed>2.294907</speed><course>279.690955</course><hAcc>1.247302</hAcc><vAcc>0.556943</vAcc></extensions></trkpt>
      <trkpt lon="114.409320" lat="33.666947"><ele>56.353126</ele><time>2026-02-12T00:16:54Z</time><extensions><speed>2.251550</speed><course>276.804589</course><hAcc>1.244756</hAcc><vAcc>0.556943</vAcc></extensions></trkpt>
      <trkpt lon="114.409297" lat="33.666949"><ele>56.365322</ele><time>2026-02-12T00:16:55Z</time><extensions><speed>2.087116</speed><course>276.039284</course><hAcc>1.244125</hAcc><vAcc>0.556943</vAcc></extensions></trkpt>
      <trkpt lon="114.409274" lat="33.666952"><ele>56.380378</ele><time>2026-02-12T00:16:56Z</time><extensions><speed>2.113643</speed><course>277.647988</course><hAcc>1.231945</hAcc><vAcc>0.556943</vAcc></extensions></trkpt>
      <trkpt lon="114.409251" lat="33.666955"><ele>56.397891</ele><time>2026-02-12T00:16:57Z</time><extensions><speed>2.330630</speed><course>279.506722</course><hAcc>1.231196</hAcc><vAcc>0.556943</vAcc></extensions></trkpt>
      <trkpt lon="114.409225" lat="33.666958"><ele>56.417266</ele><time>2026-02-12T00:16:58Z</time><extensions><speed>2.443060</speed><course>278.940508</course><hAcc>1.244499</hAcc><vAcc>0.556943</vAcc></extensions></trkpt>
      <trkpt lon="114.409199" lat="33.666961"><ele>56.437716</ele><time>2026-02-12T00:16:59Z</time><extensions><speed>2.407754</speed><course>278.214585</course><hAcc>1.233762</hAcc><vAcc>0.556943</vAcc></extensions></trkpt>
      <trkpt lon="114.409173" lat="33.666965"><ele>56.458395</ele><time>2026-02-12T00:17:00Z</time><extensions><speed>2.465503</speed><course>280.052471</course><hAcc>1.235431</hAcc><vAcc>0.556943</vAcc></extensions></trkpt>
      <trkpt lon="114.409148" lat="33.666969"><ele>56.478436</ele><time>2026-02-12T00:17:01Z</time><extensions><speed>2.362632</speed><course>280.745245</course><hAcc>1.243724</hAcc><vAcc>0.556943</vAcc></extensions></trkpt>
      <trkpt lon="114.409123" lat="33.666973"><ele>56.496987</ele><time>2026-02-12T00:17:02Z</time><extensions><speed>2.298805</speed><course>281.320711</course><hAcc>1.234359</hAcc><vAcc>0.556943</vAcc></extensions></trkpt>
      <trkpt lon="114.409098" lat="33.666977"><ele>56.513318</ele><time>2026-02-12T00:17:03Z</time><extensions><speed>2.376691</speed><course>280.974301</course><hAcc>1.240083</hAcc><vAcc>0.556943</vAcc></extensions></trkpt>
      <trkpt lon="114.409073" lat="33.666981"><ele>56.526903</ele><time>2026-02-12T00:17:04Z</time><extensions><speed>2.444716</speed><course>280.198446</course><hAcc>1.246305</hAcc><vAcc>0.556943</vAcc></extensions></trkpt>
      <trkpt lon="114.409047" lat="33.666985"><ele>56.537368</ele><time>2026-02-12T00:17:05Z</time><extensions><speed>2.489112</speed><course>280.123215</course><hAcc>1.232652</hAcc><vAcc>0.556943</vAcc></extensions></trkpt>
      <trkpt lon="114.409020" lat="33.666989"><ele>56.544539</ele><time>2026-02-12T00:17:06Z</time><extensions><speed>2.493522</speed><course>281.017225</course><hAcc>1.230905</hAcc><vAcc>0.556943</vAcc></extensions></trkpt>
      <trkpt lon="114.408995" lat="33.666993"><ele>56.548422</ele><time>2026-02-12T00:17:07Z</time><extensions><speed>2.296680</speed><course>280.904991</course><hAcc>1.235654</hAcc><vAcc>0.556943</vAcc></extensions></trkpt>
      <trkpt lon="114.408971" lat="33.666997"><ele>56.549176</ele><time>2026-02-12T00:17:08Z</time><extensions><speed>2.239174</speed><course>280.222502</course><hAcc>1.232701</hAcc><vAcc>0.556943</vAcc></extensions></trkpt>
      <trkpt lon="114.408946" lat="33.667001"><ele>56.547105</ele><time>2026-02-12T00:17:09Z</time><extensions><speed>2.384009</speed><course>281.788746</course><hAcc>1.230969</hAcc><vAcc>0.556943</vAcc></extensions></trkpt>
      <trkpt lon="114.408921" lat="33.667005"><ele>56.542627</ele><time>2026-02-12T00:17:10Z</time><extensions><speed>2.366878</speed><course>280.591916</course><hAcc>1.227530</hAcc><vAcc>0.556943</vAcc></extensions></trkpt>
      <trkpt lon="114.408897" lat="33.667008"><ele>56.536229</ele><time>2026-02-12T00:17:11Z</time><extensions><speed>2.190245</speed><course>278.740564</course><hAcc>1.231241</hAcc><vAcc>0.556943</vAcc></extensions></trkpt>
      <trkpt lon="114.408874" lat="33.667011"><ele>56.528417</ele><time>2026-02-12T00:17:12Z</time><extensions><speed>2.175858</speed><course>278.205482</course><hAcc>1.228755</hAcc><vAcc>0.556943</vAcc></extensions></trkpt>
      <trkpt lon="114.408850" lat="33.667014"><ele>56.519648</ele><time>2026-02-12T00:17:13Z</time><extensions><speed>2.267797</speed><course>278.578097</course><hAcc>1.224863</hAcc><vAcc>0.556943</vAcc></extensions></trkpt>
      <trkpt lon="114.408826" lat="33.667017"><ele>56.510192</ele><time>2026-02-12T00:17:14Z</time><extensions><speed>2.254824</speed><course>279.258706</course><hAcc>1.222735</hAcc><vAcc>0.556943</vAcc></extensions></trkpt>
      <trkpt lon="114.408802" lat="33.667021"><ele>56.500249</ele><time>2026-02-12T00:17:15Z</time><extensions><speed>2.181665</speed><course>279.859923</course><hAcc>1.225875</hAcc><vAcc>0.556943</vAcc></extensions></trkpt>
      <trkpt lon="114.408779" lat="33.667024"><ele>56.490035</ele><time>2026-02-12T00:17:16Z</time><extensions><speed>2.257948</speed><course>280.311451</course><hAcc>1.231223</hAcc><vAcc>0.556943</vAcc></extensions></trkpt>
      <trkpt lon="114.408755" lat="33.667028"><ele>56.479739</ele><time>2026-02-12T00:17:17Z</time><extensions><speed>2.267157</speed><course>279.855624</course><hAcc>1.233873</hAcc><vAcc>0.556943</vAcc></extensions></trkpt>
      <trkpt lon="114.408731" lat="33.667031"><ele>56.469507</ele><time>2026-02-12T00:17:18Z</time><extensions><speed>2.224171</speed><course>280.347011</course><hAcc>1.247588</hAcc><vAcc>0.556943</vAcc></extensions></trkpt>
      <trkpt lon="114.408707" lat="33.667035"><ele>56.459677</ele><time>2026-02-12T00:17:19Z</time><extensions><speed>2.301103</speed><course>281.638169</course><hAcc>1.260745</hAcc><vAcc>0.556943</vAcc></extensions></trkpt>
      <trkpt lon="114.408682" lat="33.667039"><ele>56.450543</ele><time>2026-02-12T00:17:20Z</time><extensions><speed>2.388688</speed><course>282.284508</course><hAcc>1.271097</hAcc><vAcc>0.556943</vAcc></extensions></trkpt>
      <trkpt lon="114.408657" lat="33.667044"><ele>56.442303</ele><time>2026-02-12T00:17:21Z</time><extensions><speed>2.340310</speed><course>281.718101</course><hAcc>1.284246</hAcc><vAcc>0.556943</vAcc></extensions></trkpt>
      <trkpt lon="114.408632" lat="33.667048"><ele>56.435085</ele><time>2026-02-12T00:17:22Z</time><extensions><speed>2.327064</speed><course>282.056161</course><hAcc>1.287704</hAcc><vAcc>0.556943</vAcc></extensions></trkpt>
      <trkpt lon="114.408608" lat="33.667053"><ele>56.429037</ele><time>2026-02-12T00:17:23Z</time><extensions><speed>2.349418</speed><course>283.862495</course><hAcc>1.290797</hAcc><vAcc>0.556943</vAcc></extensions></trkpt>
      <trkpt lon="114.408584" lat="33.667058"><ele>56.424037</ele><time>2026-02-12T00:17:24Z</time><extensions><speed>2.281632</speed><course>283.450834</course><hAcc>1.288779</hAcc><vAcc>0.556943</vAcc></extensions></trkpt>
      <trkpt lon="114.408560" lat="33.667062"><ele>56.419983</ele><time>2026-02-12T00:17:25Z</time><extensions><speed>2.212542</speed><course>282.781713</course><hAcc>1.290055</hAcc><vAcc>0.556943</vAcc></extensions></trkpt>
      <trkpt lon="114.408536" lat="33.667067"><ele>56.416806</ele><time>2026-02-12T00:17:26Z</time><extensions><speed>2.309815</speed><course>283.467768</course><hAcc>1.286580</hAcc><vAcc>0.556943</vAcc></extensions></trkpt>
      <trkpt lon="114.408512" lat="33.667072"><ele>56.414438</ele><time>2026-02-12T00:17:27Z</time><extensions><speed>2.273821</speed><course>282.519687</course><hAcc>1.282854</hAcc><vAcc>0.556943</vAcc></extensions></trkpt>
      <trkpt lon="114.408488" lat="33.667076"><ele>56.412719</ele><time>2026-02-12T00:17:28Z</time><extensions><speed>2.183641</speed><course>280.818128</course><hAcc>1.271682</hAcc><vAcc>0.556943</vAcc></extensions></trkpt>
      <trkpt lon="114.408465" lat="33.667080"><ele>56.411559</ele><time>2026-02-12T00:17:29Z</time><extensions><speed>2.255127</speed><course>280.316019</course><hAcc>1.260059</hAcc><vAcc>0.556943</vAcc></extensions></trkpt>
      <trkpt lon="114.408441" lat="33.667083"><ele>56.410799</ele><time>2026-02-12T00:17:30Z</time><extensions><speed>2.236036</speed><course>280.328093</course><hAcc>1.253801</hAcc><vAcc>0.556943</vAcc></extensions></trkpt>
      <trkpt lon="114.408418" lat="33.667087"><ele>56.410257</ele><time>2026-02-12T00:17:31Z</time><extensions><speed>2.149223</speed><course>281.003184</course><hAcc>1.253086</hAcc><vAcc>0.556943</vAcc></extensions></trkpt>
      <trkpt lon="114.408394" lat="33.667091"><ele>56.409793</ele><time>2026-02-12T00:17:32Z</time><extensions><speed>2.256107</speed><course>282.605527</course><hAcc>1.245602</hAcc><vAcc>0.556943</vAcc></extensions></trkpt>
      <trkpt lon="114.408370" lat="33.667096"><ele>56.409344</ele><time>2026-02-12T00:17:33Z</time><extensions><speed>2.375068</speed><course>284.156012</course><hAcc>1.243081</hAcc><vAcc>0.556943</vAcc></extensions></trkpt>
      <trkpt lon="114.408346" lat="33.667101"><ele>56.408719</ele><time>2026-02-12T00:17:34Z</time><extensions><speed>2.286702</speed><course>283.940660</course><hAcc>1.243703</hAcc><vAcc>0.556943</vAcc></extensions></trkpt>
      <trkpt lon="114.408322" lat="33.667106"><ele>56.407787</ele><time>2026-02-12T00:17:35Z</time><extensions><speed>2.320343</speed><course>284.437615</course><hAcc>1.239101</hAcc><vAcc>0.556943</vAcc></extensions></trkpt>
      <trkpt lon="114.408297" lat="33.667111"><ele>56.406513</ele><time>2026-02-12T00:17:36Z</time><extensions><speed>2.441677</speed><course>285.376488</course><hAcc>1.239690</hAcc><vAcc>0.556943</vAcc></extensions></trkpt>
      <trkpt lon="114.408271" lat="33.667117"><ele>56.404948</ele><time>2026-02-12T00:17:37Z</time><extensions><speed>2.436483</speed><course>284.790872</course><hAcc>1.243167</hAcc><vAcc>0.556943</vAcc></extensions></trkpt>
      <trkpt lon="114.408246" lat="33.667123"><ele>56.403110</ele><time>2026-02-12T00:17:38Z</time><extensions><speed>2.444036</speed><course>284.729322</course><hAcc>1.242859</hAcc><vAcc>0.556943</vAcc></extensions></trkpt>
      <trkpt lon="114.408221" lat="33.667128"><ele>56.401030</ele><time>2026-02-12T00:17:39Z</time><extensions><speed>2.384052</speed><course>285.709210</course><hAcc>1.242325</hAcc><vAcc>0.556943</vAcc></extensions></trkpt>
      <trkpt lon="114.408196" lat="33.667134"><ele>56.398701</ele><time>2026-02-12T00:17:40Z</time><extensions><speed>2.298005</speed><course>284.543296</course><hAcc>1.244200</hAcc><vAcc>0.556943</vAcc></extensions></trkpt>
      <trkpt lon="114.408172" lat="33.667139"><ele>56.396094</ele><time>2026-02-12T00:17:41Z</time><extensions><speed>2.371776</speed><course>284.665536</course><hAcc>1.237397</hAcc><vAcc>0.556943</vAcc></extensions></trkpt>
      <trkpt lon="114.408148" lat="33.667144"><ele>56.393326</ele><time>2026-02-12T00:17:42Z</time><extensions><speed>2.285019</speed><course>282.855764</course><hAcc>1.231315</hAcc><vAcc>0.556943</vAcc></extensions></trkpt>
      <trkpt lon="114.408124" lat="33.667149"><ele>56.390520</ele><time>2026-02-12T00:17:43Z</time><extensions><speed>2.120181</speed><course>282.013645</course><hAcc>1.228007</hAcc><vAcc>0.556943</vAcc></extensions></trkpt>
      <trkpt lon="114.408102" lat="33.667153"><ele>56.387841</ele><time>2026-02-12T00:17:44Z</time><extensions><speed>2.171101</speed><course>284.365971</course><hAcc>1.225863</hAcc><vAcc>0.556943</vAcc></extensions></trkpt>
      <trkpt lon="114.408079" lat="33.667158"><ele>56.385525</ele><time>2026-02-12T00:17:45Z</time><extensions><speed>2.221592</speed><course>284.471824</course><hAcc>1.215615</hAcc><vAcc>0.556943</vAcc></extensions></trkpt>
      <trkpt lon="114.408055" lat="33.667163"><ele>56.383862</ele><time>2026-02-12T00:17:46Z</time><extensions><speed>2.284179</speed><course>283.872988</course><hAcc>1.218583</hAcc><vAcc>0.556943</vAcc></extensions></trkpt>
      <trkpt lon="114.408031" lat="33.667168"><ele>56.382978</ele><time>2026-02-12T00:17:47Z</time><extensions><speed>2.402380</speed><course>283.375941</course><hAcc>1.224380</hAcc><vAcc>0.556943</vAcc></extensions></trkpt>
      <trkpt lon="114.408006" lat="33.667173"><ele>56.382994</ele><time>2026-02-12T00:17:48Z</time><extensions><speed>2.328348</speed><course>282.078930</course><hAcc>1.233327</hAcc><vAcc>0.556943</vAcc></extensions></trkpt>
      <trkpt lon="114.407981" lat="33.667177"><ele>56.384079</ele><time>2026-02-12T00:17:49Z</time><extensions><speed>2.277281</speed><course>281.313189</course><hAcc>1.229926</hAcc><vAcc>0.556943</vAcc></extensions></trkpt>
      <trkpt lon="114.407957" lat="33.667181"><ele>56.386426</ele><time>2026-02-12T00:17:50Z</time><extensions><speed>2.415327</speed><course>283.686125</course><hAcc>1.228599</hAcc><vAcc>0.556942</vAcc></extensions></trkpt>
      <trkpt lon="114.407931" lat="33.667187"><ele>56.390140</ele><time>2026-02-12T00:17:51Z</time><extensions><speed>2.445460</speed><course>285.065546</course><hAcc>1.234545</hAcc><vAcc>0.556942</vAcc></extensions></trkpt>
      <trkpt lon="114.407906" lat="33.667192"><ele>56.395348</ele><time>2026-02-12T00:17:52Z</time><extensions><speed>2.309150</speed><course>284.738665</course><hAcc>1.227770</hAcc><vAcc>0.556942</vAcc></extensions></trkpt>
      <trkpt lon="114.407882" lat="33.667198"><ele>56.402100</ele><time>2026-02-12T00:17:53Z</time><extensions><speed>2.349222</speed><course>284.403460</course><hAcc>1.220778</hAcc><vAcc>0.556942</vAcc></extensions></trkpt>
      <trkpt lon="114.407857" lat="33.667203"><ele>56.410232</ele><time>2026-02-12T00:17:54Z</time><extensions><speed>2.409795</speed><course>283.075662</course><hAcc>1.217818</hAcc><vAcc>0.556942</vAcc></extensions></trkpt>
      <trkpt lon="114.407832" lat="33.667207"><ele>56.419329</ele><time>2026-02-12T00:17:55Z</time><extensions><speed>2.333510</speed><course>280.908707</course><hAcc>1.212005</hAcc><vAcc>0.556942</vAcc></extensions></trkpt>
      <trkpt lon="114.407807" lat="33.667211"><ele>56.429007</ele><time>2026-02-12T00:17:56Z</time><extensions><speed>2.377893</speed><course>280.585264</course><hAcc>1.202688</hAcc><vAcc>0.556942</vAcc></extensions></trkpt>
      <trkpt lon="114.407782" lat="33.667215"><ele>56.438867</ele><time>2026-02-12T00:17:57Z</time><extensions><speed>2.423451</speed><course>280.867229</course><hAcc>1.207563</hAcc><vAcc>0.556943</vAcc></extensions></trkpt>
      <trkpt lon="114.407756" lat="33.667219"><ele>56.448547</ele><time>2026-02-12T00:17:58Z</time><extensions><speed>2.376889</speed><course>280.145832</course><hAcc>1.203539</hAcc><vAcc>0.556943</vAcc></extensions></trkpt>
      <trkpt lon="114.407731" lat="33.667223"><ele>56.457738</ele><time>2026-02-12T00:17:59Z</time><extensions><speed>2.414312</speed><course>280.330727</course><hAcc>1.197488</hAcc><vAcc>0.556943</vAcc></extensions></trkpt>
      <trkpt lon="114.407705" lat="33.667227"><ele>56.466217</ele><time>2026-02-12T00:18:00Z</time><extensions><speed>2.424884</speed><course>282.224334</course><hAcc>1.200096</hAcc><vAcc>0.556943</vAcc></extensions></trkpt>
      <trkpt lon="114.407680" lat="33.667232"><ele>56.473725</ele><time>2026-02-12T00:18:01Z</time><extensions><speed>2.441809</speed><course>284.637173</course><hAcc>1.194607</hAcc><vAcc>0.556943</vAcc></extensions></trkpt>
      <trkpt lon="114.407654" lat="33.667239"><ele>56.480076</ele><time>2026-02-12T00:18:02Z</time><extensions><speed>2.457441</speed><course>289.166447</course><hAcc>1.188448</hAcc><vAcc>0.556943</vAcc></extensions></trkpt>
      <trkpt lon="114.407630" lat="33.667246"><ele>56.485121</ele><time>2026-02-12T00:18:03Z</time><extensions><speed>2.317640</speed><course>287.620042</course><hAcc>1.178553</hAcc><vAcc>0.556943</vAcc></extensions></trkpt>
      <trkpt lon="114.407606" lat="33.667252"><ele>56.488730</ele><time>2026-02-12T00:18:04Z</time><extensions><speed>2.324869</speed><course>285.789604</course><hAcc>1.174789</hAcc><vAcc>0.556943</vAcc></extensions></trkpt>
      <trkpt lon="114.407581" lat="33.667257"><ele>56.490690</ele><time>2026-02-12T00:18:05Z</time><extensions><speed>2.435397</speed><course>283.701489</course><hAcc>1.175838</hAcc><vAcc>0.556943</vAcc></extensions></trkpt>
      <trkpt lon="114.407555" lat="33.667262"><ele>56.490938</ele><time>2026-02-12T00:18:06Z</time><extensions><speed>2.474132</speed><course>283.029723</course><hAcc>1.179057</hAcc><vAcc>0.556943</vAcc></extensions></trkpt>
      <trkpt lon="114.407529" lat="33.667267"><ele>56.489488</ele><time>2026-02-12T00:18:07Z</time><extensions><speed>2.555921</speed><course>283.361445</course><hAcc>1.161503</hAcc><vAcc>0.556943</vAcc></extensions></trkpt>
      <trkpt lon="114.407502" lat="33.667273"><ele>56.486406</ele><time>2026-02-12T00:18:08Z</time><extensions><speed>2.610391</speed><course>284.452173</course><hAcc>1.159016</hAcc><vAcc>0.556943</vAcc></extensions></trkpt>
      <trkpt lon="114.407475" lat="33.667279"><ele>56.481819</ele><time>2026-02-12T00:18:09Z</time><extensions><speed>2.493966</speed><course>284.818760</course><hAcc>1.165503</hAcc><vAcc>0.556943</vAcc></extensions></trkpt>
      <trkpt lon="114.407450" lat="33.667285"><ele>56.476212</ele><time>2026-02-12T00:18:10Z</time><extensions><speed>2.425695</speed><course>286.228051</course><hAcc>1.169324</hAcc><vAcc>0.556943</vAcc></extensions></trkpt>
      <trkpt lon="114.407425" lat="33.667291"><ele>56.470000</ele><time>2026-02-12T00:18:11Z</time><extensions><speed>2.404924</speed><course>287.110640</course><hAcc>1.176167</hAcc><vAcc>0.556943</vAcc></extensions></trkpt>
      <trkpt lon="114.407401" lat="33.667297"><ele>56.463517</ele><time>2026-02-12T00:18:12Z</time><extensions><speed>2.259202</speed><course>285.635640</course><hAcc>1.193977</hAcc><vAcc>0.556943</vAcc></extensions></trkpt>
      <trkpt lon="114.407377" lat="33.667303"><ele>56.457040</ele><time>2026-02-12T00:18:13Z</time><extensions><speed>2.347308</speed><course>286.201165</course><hAcc>1.202423</hAcc><vAcc>0.556943</vAcc></extensions></trkpt>
      <trkpt lon="114.407352" lat="33.667308"><ele>56.450841</ele><time>2026-02-12T00:18:14Z</time><extensions><speed>2.404535</speed><course>285.490529</course><hAcc>1.211407</hAcc><vAcc>0.556943</vAcc></extensions></trkpt>
      <trkpt lon="114.407327" lat="33.667314"><ele>56.444849</ele><time>2026-02-12T00:18:15Z</time><extensions><speed>2.342062</speed><course>282.751571</course><hAcc>1.220978</hAcc><vAcc>0.556943</vAcc></extensions></trkpt>
      <trkpt lon="114.407303" lat="33.667318"><ele>56.439058</ele><time>2026-02-12T00:18:16Z</time><extensions><speed>2.358093</speed><course>280.282187</course><hAcc>1.226857</hAcc><vAcc>0.556943</vAcc></extensions></trkpt>
      <trkpt lon="114.407277" lat="33.667321"><ele>56.433520</ele><time>2026-02-12T00:18:17Z</time><extensions><speed>2.386992</speed><course>279.323412</course><hAcc>1.232994</hAcc><vAcc>0.556943</vAcc></extensions></trkpt>
      <trkpt lon="114.407252" lat="33.667325"><ele>56.428312</ele><time>2026-02-12T00:18:18Z</time><extensions><speed>2.304679</speed><course>278.609699</course><hAcc>1.242449</hAcc><vAcc>0.556943</vAcc></extensions></trkpt>
      <trkpt lon="114.407228" lat="33.667328"><ele>56.423443</ele><time>2026-02-12T00:18:19Z</time><extensions><speed>2.325977</speed><course>281.348804</course><hAcc>1.238833</hAcc><vAcc>0.556943</vAcc></extensions></trkpt>
      <trkpt lon="114.407203" lat="33.667333"><ele>56.418861</ele><time>2026-02-12T00:18:20Z</time><extensions><speed>2.402882</speed><course>284.980892</course><hAcc>1.238774</hAcc><vAcc>0.556943</vAcc></extensions></trkpt>
      <trkpt lon="114.407178" lat="33.667339"><ele>56.414392</ele><time>2026-02-12T00:18:21Z</time><extensions><speed>2.325049</speed><course>284.376445</course><hAcc>1.243494</hAcc><vAcc>0.556943</vAcc></extensions></trkpt>
      <trkpt lon="114.407154" lat="33.667344"><ele>56.409796</ele><time>2026-02-12T00:18:22Z</time><extensions><speed>2.272139</speed><course>283.710077</course><hAcc>1.237496</hAcc><vAcc>0.556943</vAcc></extensions></trkpt>
      <trkpt lon="114.407131" lat="33.667349"><ele>56.404851</ele><time>2026-02-12T00:18:23Z</time><extensions><speed>2.292117</speed><course>286.204404</course><hAcc>1.234540</hAcc><vAcc>0.556943</vAcc></extensions></trkpt>
      <trkpt lon="114.407107" lat="33.667355"><ele>56.399368</ele><time>2026-02-12T00:18:24Z</time><extensions><speed>2.269846</speed><course>288.126873</course><hAcc>1.233803</hAcc><vAcc>0.556943</vAcc></extensions></trkpt>
      <trkpt lon="114.407084" lat="33.667362"><ele>56.393241</ele><time>2026-02-12T00:18:25Z</time><extensions><speed>2.295071</speed><course>291.377154</course><hAcc>1.234890</hAcc><vAcc>0.556943</vAcc></extensions></trkpt>
      <trkpt lon="114.407061" lat="33.667370"><ele>56.386482</ele><time>2026-02-12T00:18:26Z</time><extensions><speed>2.369866</speed><course>294.724898</course><hAcc>1.241240</hAcc><vAcc>0.556943</vAcc></extensions></trkpt>
      <trkpt lon="114.407038" lat="33.667379"><ele>56.379199</ele><time>2026-02-12T00:18:27Z</time><extensions><speed>2.345350</speed><course>295.751625</course><hAcc>1.253090</hAcc><vAcc>0.556943</vAcc></extensions></trkpt>
      <trkpt lon="114.407015" lat="33.667389"><ele>56.371550</ele><time>2026-02-12T00:18:28Z</time><extensions><speed>2.407197</speed><course>296.653047</course><hAcc>1.248348</hAcc><vAcc>0.556943</vAcc></extensions></trkpt>
      <trkpt lon="114.406991" lat="33.667399"><ele>56.363714</ele><time>2026-02-12T00:18:29Z</time><extensions><speed>2.570742</speed><course>298.519112</course><hAcc>1.254456</hAcc><vAcc>0.556943</vAcc></extensions></trkpt>
      <trkpt lon="114.406967" lat="33.667410"><ele>56.355940</ele><time>2026-02-12T00:18:30Z</time><extensions><speed>2.602559</speed><course>299.409176</course><hAcc>1.265716</hAcc><vAcc>0.556943</vAcc></extensions></trkpt>
      <trkpt lon="114.406943" lat="33.667422"><ele>56.348481</ele><time>2026-02-12T00:18:31Z</time><extensions><speed>2.484600</speed><course>300.573189</course><hAcc>1.264459</hAcc><vAcc>0.556943</vAcc></extensions></trkpt>
      <trkpt lon="114.406920" lat="33.667433"><ele>56.341545</ele><time>2026-02-12T00:18:32Z</time><extensions><speed>2.463681</speed><course>301.790079</course><hAcc>1.270194</hAcc><vAcc>0.556943</vAcc></extensions></trkpt>
      <trkpt lon="114.406898" lat="33.667445"><ele>56.335242</ele><time>2026-02-12T00:18:33Z</time><extensions><speed>2.352920</speed><course>301.936811</course><hAcc>1.276589</hAcc><vAcc>0.556943</vAcc></extensions></trkpt>
      <trkpt lon="114.406877" lat="33.667456"><ele>56.329647</ele><time>2026-02-12T00:18:34Z</time><extensions><speed>2.253620</speed><course>301.374291</course><hAcc>1.282184</hAcc><vAcc>0.556943</vAcc></extensions></trkpt>
      <trkpt lon="114.406856" lat="33.667467"><ele>56.324790</ele><time>2026-02-12T00:18:35Z</time><extensions><speed>2.319979</speed><course>302.016334</course><hAcc>1.278165</hAcc><vAcc>0.556943</vAcc></extensions></trkpt>
      <trkpt lon="114.406835" lat="33.667478"><ele>56.320667</ele><time>2026-02-12T00:18:36Z</time><extensions><speed>2.331159</speed><course>302.867440</course><hAcc>1.271713</hAcc><vAcc>0.556943</vAcc></extensions></trkpt>
      <trkpt lon="114.406814" lat="33.667489"><ele>56.317252</ele><time>2026-02-12T00:18:37Z</time><extensions><speed>2.292981</speed><course>303.595101</course><hAcc>1.267417</hAcc><vAcc>0.556943</vAcc></extensions></trkpt>
      <trkpt lon="114.406793" lat="33.667501"><ele>56.314492</ele><time>2026-02-12T00:18:38Z</time><extensions><speed>2.345495</speed><course>304.643450</course><hAcc>1.269910</hAcc><vAcc>0.556943</vAcc></extensions></trkpt>
      <trkpt lon="114.406772" lat="33.667514"><ele>56.312306</ele><time>2026-02-12T00:18:39Z</time><extensions><speed>2.395546</speed><course>306.998789</course><hAcc>1.261656</hAcc><vAcc>0.556943</vAcc></extensions></trkpt>
      <trkpt lon="114.406752" lat="33.667527"><ele>56.310669</ele><time>2026-02-12T00:18:40Z</time><extensions><speed>2.414020</speed><course>309.484153</course><hAcc>1.257770</hAcc><vAcc>0.556943</vAcc></extensions></trkpt>
      <trkpt lon="114.406732" lat="33.667541"><ele>56.309593</ele><time>2026-02-12T00:18:41Z</time><extensions><speed>2.481233</speed><course>312.942516</course><hAcc>1.255756</hAcc><vAcc>0.556943</vAcc></extensions></trkpt>
      <trkpt lon="114.406713" lat="33.667558"><ele>56.309074</ele><time>2026-02-12T00:18:42Z</time><extensions><speed>2.599948</speed><course>315.786541</course><hAcc>1.248800</hAcc><vAcc>0.556943</vAcc></extensions></trkpt>
      <trkpt lon="114.406693" lat="33.667574"><ele>56.308997</ele><time>2026-02-12T00:18:43Z</time><extensions><speed>2.574229</speed><course>317.152593</course><hAcc>1.248360</hAcc><vAcc>0.556943</vAcc></extensions></trkpt>
      <trkpt lon="114.406675" lat="33.667592"><ele>56.309274</ele><time>2026-02-12T00:18:44Z</time><extensions><speed>2.578820</speed><course>319.953917</course><hAcc>1.243803</hAcc><vAcc>0.556943</vAcc></extensions></trkpt>
      <trkpt lon="114.406657" lat="33.667610"><ele>56.309846</ele><time>2026-02-12T00:18:45Z</time><extensions><speed>2.609007</speed><course>322.094638</course><hAcc>1.238222</hAcc><vAcc>0.556943</vAcc></extensions></trkpt>
      <trkpt lon="114.406640" lat="33.667629"><ele>56.310679</ele><time>2026-02-12T00:18:46Z</time><extensions><speed>2.586916</speed><course>323.140710</course><hAcc>1.232707</hAcc><vAcc>0.556943</vAcc></extensions></trkpt>
      <trkpt lon="114.406624" lat="33.667648"><ele>56.311758</ele><time>2026-02-12T00:18:47Z</time><extensions><speed>2.656765</speed><course>323.410133</course><hAcc>1.227481</hAcc><vAcc>0.556943</vAcc></extensions></trkpt>
      <trkpt lon="114.406607" lat="33.667666"><ele>56.313047</ele><time>2026-02-12T00:18:48Z</time><extensions><speed>2.595942</speed><course>322.638658</course><hAcc>1.225761</hAcc><vAcc>0.556943</vAcc></extensions></trkpt>
      <trkpt lon="114.406591" lat="33.667684"><ele>56.314502</ele><time>2026-02-12T00:18:49Z</time><extensions><speed>2.246235</speed><course>322.999243</course><hAcc>1.237045</hAcc><vAcc>0.556943</vAcc></extensions></trkpt>
      <trkpt lon="114.406576" lat="33.667701"><ele>56.316024</ele><time>2026-02-12T00:18:50Z</time><extensions><speed>2.421100</speed><course>325.689150</course><hAcc>1.234429</hAcc><vAcc>0.556943</vAcc></extensions></trkpt>
      <trkpt lon="114.406562" lat="33.667720"><ele>56.317413</ele><time>2026-02-12T00:18:51Z</time><extensions><speed>2.517491</speed><course>328.280180</course><hAcc>1.230311</hAcc><vAcc>0.556943</vAcc></extensions></trkpt>
      <trkpt lon="114.406548" lat="33.667739"><ele>56.318451</ele><time>2026-02-12T00:18:52Z</time><extensions><speed>2.545933</speed><course>329.884978</course><hAcc>1.237924</hAcc><vAcc>0.556943</vAcc></extensions></trkpt>
      <trkpt lon="114.406534" lat="33.667759"><ele>56.319033</ele><time>2026-02-12T00:18:53Z</time><extensions><speed>2.596704</speed><course>331.339708</course><hAcc>1.246570</hAcc><vAcc>0.556943</vAcc></extensions></trkpt>
      <trkpt lon="114.406521" lat="33.667780"><ele>56.319101</ele><time>2026-02-12T00:18:54Z</time><extensions><speed>2.575544</speed><course>333.319151</course><hAcc>1.250278</hAcc><vAcc>0.556943</vAcc></extensions></trkpt>
      <trkpt lon="114.406509" lat="33.667801"><ele>56.318630</ele><time>2026-02-12T00:18:55Z</time><extensions><speed>2.461871</speed><course>335.548742</course><hAcc>1.250855</hAcc><vAcc>0.556943</vAcc></extensions></trkpt>
      <trkpt lon="114.406498" lat="33.667820"><ele>56.317639</ele><time>2026-02-12T00:18:56Z</time><extensions><speed>2.260631</speed><course>333.033153</course><hAcc>1.251084</hAcc><vAcc>0.556943</vAcc></extensions></trkpt>
      <trkpt lon="114.406487" lat="33.667837"><ele>56.316174</ele><time>2026-02-12T00:18:57Z</time><extensions><speed>2.081781</speed><course>329.882548</course><hAcc>1.249905</hAcc><vAcc>0.556943</vAcc></extensions></trkpt>
      <trkpt lon="114.406475" lat="33.667853"><ele>56.314259</ele><time>2026-02-12T00:18:58Z</time><extensions><speed>2.170729</speed><course>328.950751</course><hAcc>1.258739</hAcc><vAcc>0.556943</vAcc></extensions></trkpt>
      <trkpt lon="114.406463" lat="33.667871"><ele>56.311929</ele><time>2026-02-12T00:18:59Z</time><extensions><speed>2.329475</speed><course>327.468659</course><hAcc>1.256895</hAcc><vAcc>0.556943</vAcc></extensions></trkpt>
      <trkpt lon="114.406449" lat="33.667888"><ele>56.309250</ele><time>2026-02-12T00:19:00Z</time><extensions><speed>2.292725</speed><course>325.639988</course><hAcc>1.263675</hAcc><vAcc>0.556943</vAcc></extensions></trkpt>
      <trkpt lon="114.406435" lat="33.667905"><ele>56.306295</ele><time>2026-02-12T00:19:01Z</time><extensions><speed>2.347514</speed><course>325.520082</course><hAcc>1.271416</hAcc><vAcc>0.556943</vAcc></extensions></trkpt>
      <trkpt lon="114.406420" lat="33.667923"><ele>56.303150</ele><time>2026-02-12T00:19:02Z</time><extensions><speed>2.370079</speed><course>325.868138</course><hAcc>1.281677</hAcc><vAcc>0.556943</vAcc></extensions></trkpt>
      <trkpt lon="114.406406" lat="33.667940"><ele>56.299926</ele><time>2026-02-12T00:19:03Z</time><extensions><speed>2.291991</speed><course>325.258659</course><hAcc>1.289063</hAcc><vAcc>0.556943</vAcc></extensions></trkpt>
      <trkpt lon="114.406392" lat="33.667957"><ele>56.296726</ele><time>2026-02-12T00:19:04Z</time><extensions><speed>2.328845</speed><course>326.235079</course><hAcc>1.287474</hAcc><vAcc>0.556943</vAcc></extensions></trkpt>
      <trkpt lon="114.406378" lat="33.667975"><ele>56.293609</ele><time>2026-02-12T00:19:05Z</time><extensions><speed>2.379617</speed><course>326.228777</course><hAcc>1.286396</hAcc><vAcc>0.556943</vAcc></extensions></trkpt>
      <trkpt lon="114.406364" lat="33.667993"><ele>56.290703</ele><time>2026-02-12T00:19:06Z</time><extensions><speed>2.387192</speed><course>325.556360</course><hAcc>1.292483</hAcc><vAcc>0.556943</vAcc></extensions></trkpt>
      <trkpt lon="114.406349" lat="33.668011"><ele>56.288114</ele><time>2026-02-12T00:19:07Z</time><extensions><speed>2.424557</speed><course>326.421159</course><hAcc>1.296995</hAcc><vAcc>0.556943</vAcc></extensions></trkpt>
      <trkpt lon="114.406335" lat="33.668029"><ele>56.285922</ele><time>2026-02-12T00:19:08Z</time><extensions><speed>2.364669</speed><course>326.815407</course><hAcc>1.291163</hAcc><vAcc>0.556943</vAcc></extensions></trkpt>
      <trkpt lon="114.406321" lat="33.668046"><ele>56.284203</ele><time>2026-02-12T00:19:09Z</time><extensions><speed>2.253369</speed><course>327.344110</course><hAcc>1.287228</hAcc><vAcc>0.556943</vAcc></extensions></trkpt>
      <trkpt lon="114.406309" lat="33.668063"><ele>56.283047</ele><time>2026-02-12T00:19:10Z</time><extensions><speed>2.224468</speed><course>328.847355</course><hAcc>1.278680</hAcc><vAcc>0.556943</vAcc></extensions></trkpt>
      <trkpt lon="114.406296" lat="33.668081"><ele>56.282430</ele><time>2026-02-12T00:19:11Z</time><extensions><speed>2.230161</speed><course>328.771070</course><hAcc>1.275164</hAcc><vAcc>0.556943</vAcc></extensions></trkpt>
      <trkpt lon="114.406283" lat="33.668098"><ele>56.282320</ele><time>2026-02-12T00:19:12Z</time><extensions><speed>2.216298</speed><course>327.893957</course><hAcc>1.278843</hAcc><vAcc>0.556943</vAcc></extensions></trkpt>
      <trkpt lon="114.406270" lat="33.668115"><ele>56.282688</ele><time>2026-02-12T00:19:13Z</time><extensions><speed>2.292537</speed><course>327.476415</course><hAcc>1.266027</hAcc><vAcc>0.556943</vAcc></extensions></trkpt>
      <trkpt lon="114.406257" lat="33.668132"><ele>56.283499</ele><time>2026-02-12T00:19:14Z</time><extensions><speed>2.229780</speed><course>325.780389</course><hAcc>1.263282</hAcc><vAcc>0.556943</vAcc></extensions></trkpt>
      <trkpt lon="114.406244" lat="33.668147"><ele>56.284677</ele><time>2026-02-12T00:19:15Z</time><extensions><speed>1.959793</speed><course>322.642471</course><hAcc>1.273412</hAcc><vAcc>0.556943</vAcc></extensions></trkpt>
      <trkpt lon="114.406231" lat="33.668162"><ele>56.286127</ele><time>2026-02-12T00:19:16Z</time><extensions><speed>2.006769</speed><course>324.508577</course><hAcc>1.267784</hAcc><vAcc>0.556943</vAcc></extensions></trkpt>
      <trkpt lon="114.406218" lat="33.668177"><ele>56.287720</ele><time>2026-02-12T00:19:17Z</time><extensions><speed>2.212586</speed><course>327.295695</course><hAcc>1.264930</hAcc><vAcc>0.556943</vAcc></extensions></trkpt>
      <trkpt lon="114.406205" lat="33.668194"><ele>56.289293</ele><time>2026-02-12T00:19:18Z</time><extensions><speed>2.271667</speed><course>327.795348</course><hAcc>1.272662</hAcc><vAcc>0.556943</vAcc></extensions></trkpt>
      <trkpt lon="114.406192" lat="33.668212"><ele>56.290640</ele><time>2026-02-12T00:19:19Z</time><extensions><speed>2.360523</speed><course>328.096214</course><hAcc>1.270256</hAcc><vAcc>0.556943</vAcc></extensions></trkpt>
      <trkpt lon="114.406179" lat="33.668231"><ele>56.291590</ele><time>2026-02-12T00:19:20Z</time><extensions><speed>2.468779</speed><course>329.071401</course><hAcc>1.262883</hAcc><vAcc>0.556943</vAcc></extensions></trkpt>
      <trkpt lon="114.406165" lat="33.668249"><ele>56.291997</ele><time>2026-02-12T00:19:21Z</time><extensions><speed>2.372988</speed><course>326.993400</course><hAcc>1.266045</hAcc><vAcc>0.556943</vAcc></extensions></trkpt>
      <trkpt lon="114.406151" lat="33.668267"><ele>56.291764</ele><time>2026-02-12T00:19:22Z</time><extensions><speed>2.247765</speed><course>325.453501</course><hAcc>1.265059</hAcc><vAcc>0.556943</vAcc></extensions></trkpt>
      <trkpt lon="114.406137" lat="33.668284"><ele>56.290852</ele><time>2026-02-12T00:19:23Z</time><extensions><speed>2.322577</speed><course>328.218273</course><hAcc>1.250145</hAcc><vAcc>0.556943</vAcc></extensions></trkpt>
      <trkpt lon="114.406124" lat="33.668302"><ele>56.289314</ele><time>2026-02-12T00:19:24Z</time><extensions><speed>2.321159</speed><course>329.315005</course><hAcc>1.250473</hAcc><vAcc>0.556943</vAcc></extensions></trkpt>
      <trkpt lon="114.406112" lat="33.668320"><ele>56.287211</ele><time>2026-02-12T00:19:25Z</time><extensions><speed>2.291728</speed><course>329.038882</course><hAcc>1.243246</hAcc><vAcc>0.556943</vAcc></extensions></trkpt>
      <trkpt lon="114.406099" lat="33.668337"><ele>56.284612</ele><time>2026-02-12T00:19:26Z</time><extensions><speed>2.278573</speed><course>327.678166</course><hAcc>1.245869</hAcc><vAcc>0.556943</vAcc></extensions></trkpt>
      <trkpt lon="114.406086" lat="33.668354"><ele>56.281592</ele><time>2026-02-12T00:19:27Z</time><extensions><speed>2.138322</speed><course>326.359247</course><hAcc>1.259947</hAcc><vAcc>0.556943</vAcc></extensions></trkpt>
      <trkpt lon="114.406073" lat="33.668370"><ele>56.278219</ele><time>2026-02-12T00:19:28Z</time><extensions><speed>2.164550</speed><course>328.144423</course><hAcc>1.250082</hAcc><vAcc>0.556943</vAcc></extensions></trkpt>
      <trkpt lon="114.406061" lat="33.668388"><ele>56.274414</ele><time>2026-02-12T00:19:29Z</time><extensions><speed>2.292504</speed><course>331.717730</course><hAcc>1.246407</hAcc><vAcc>0.556943</vAcc></extensions></trkpt>
      <trkpt lon="114.406050" lat="33.668406"><ele>56.270125</ele><time>2026-02-12T00:19:30Z</time><extensions><speed>2.335803</speed><course>332.250762</course><hAcc>1.236690</hAcc><vAcc>0.556943</vAcc></extensions></trkpt>
      <trkpt lon="114.406037" lat="33.668424"><ele>56.265342</ele><time>2026-02-12T00:19:31Z</time><extensions><speed>2.343615</speed><course>330.488768</course><hAcc>1.230985</hAcc><vAcc>0.556943</vAcc></extensions></trkpt>
      <trkpt lon="114.406025" lat="33.668443"><ele>56.260085</ele><time>2026-02-12T00:19:32Z</time><extensions><speed>2.472919</speed><course>330.239154</course><hAcc>1.232431</hAcc><vAcc>0.556943</vAcc></extensions></trkpt>
      <trkpt lon="114.406011" lat="33.668463"><ele>56.254359</ele><time>2026-02-12T00:19:33Z</time><extensions><speed>2.497844</speed><course>330.924940</course><hAcc>1.231335</hAcc><vAcc>0.556943</vAcc></extensions></trkpt>
      <trkpt lon="114.405998" lat="33.668482"><ele>56.248357</ele><time>2026-02-12T00:19:34Z</time><extensions><speed>2.445219</speed><course>330.730378</course><hAcc>1.213620</hAcc><vAcc>0.556943</vAcc></extensions></trkpt>
      <trkpt lon="114.405986" lat="33.668501"><ele>56.242238</ele><time>2026-02-12T00:19:35Z</time><extensions><speed>2.408896</speed><course>330.789375</course><hAcc>1.199113</hAcc><vAcc>0.556943</vAcc></extensions></trkpt>
      <trkpt lon="114.405973" lat="33.668520"><ele>56.236297</ele><time>2026-02-12T00:19:36Z</time><extensions><speed>2.338447</speed><course>331.092387</course><hAcc>1.205230</hAcc><vAcc>0.556943</vAcc></extensions></trkpt>
      <trkpt lon="114.405961" lat="33.668539"><ele>56.231025</ele><time>2026-02-12T00:19:37Z</time><extensions><speed>2.377797</speed><course>332.603112</course><hAcc>1.184908</hAcc><vAcc>0.556943</vAcc></extensions></trkpt>
      <trkpt lon="114.405950" lat="33.668558"><ele>56.226917</ele><time>2026-02-12T00:19:38Z</time><extensions><speed>2.365726</speed><course>332.859593</course><hAcc>1.180209</hAcc><vAcc>0.556943</vAcc></extensions></trkpt>
      <trkpt lon="114.405938" lat="33.668576"><ele>56.224361</ele><time>2026-02-12T00:19:39Z</time><extensions><speed>2.185798</speed><course>330.964690</course><hAcc>1.193869</hAcc><vAcc>0.556943</vAcc></extensions></trkpt>
      <trkpt lon="114.405927" lat="33.668593"><ele>56.223768</ele><time>2026-02-12T00:19:40Z</time><extensions><speed>2.057340</speed><course>330.516137</course><hAcc>1.195711</hAcc><vAcc>0.556943</vAcc></extensions></trkpt>
      <trkpt lon="114.405916" lat="33.668609"><ele>56.225475</ele><time>2026-02-12T00:19:41Z</time><extensions><speed>2.219850</speed><course>332.513536</course><hAcc>1.187232</hAcc><vAcc>0.556943</vAcc></extensions></trkpt>
      <trkpt lon="114.405905" lat="33.668627"><ele>56.229603</ele><time>2026-02-12T00:19:42Z</time><extensions><speed>2.247646</speed><course>331.880956</course><hAcc>1.195160</hAcc><vAcc>0.556943</vAcc></extensions></trkpt>
      <trkpt lon="114.405893" lat="33.668645"><ele>56.236212</ele><time>2026-02-12T00:19:43Z</time><extensions><speed>2.219590</speed><course>329.467495</course><hAcc>1.209686</hAcc><vAcc>0.556943</vAcc></extensions></trkpt>
      <trkpt lon="114.405880" lat="33.668662"><ele>56.245319</ele><time>2026-02-12T00:19:44Z</time><extensions><speed>2.312850</speed><course>329.737456</course><hAcc>1.218691</hAcc><vAcc>0.556943</vAcc></extensions></trkpt>
      <trkpt lon="114.405868" lat="33.668680"><ele>56.256809</ele><time>2026-02-12T00:19:45Z</time><extensions><speed>2.262651</speed><course>329.380545</course><hAcc>1.221980</hAcc><vAcc>0.556943</vAcc></extensions></trkpt>
      <trkpt lon="114.405856" lat="33.668698"><ele>56.270366</ele><time>2026-02-12T00:19:46Z</time><extensions><speed>2.209896</speed><course>328.985267</course><hAcc>1.224722</hAcc><vAcc>0.556943</vAcc></extensions></trkpt>
      <trkpt lon="114.405843" lat="33.668715"><ele>56.285382</ele><time>2026-02-12T00:19:47Z</time><extensions><speed>2.282395</speed><course>330.598167</course><hAcc>1.223101</hAcc><vAcc>0.556943</vAcc></extensions></trkpt>
      <trkpt lon="114.405832" lat="33.668733"><ele>56.301153</ele><time>2026-02-12T00:19:48Z</time><extensions><speed>2.306862</speed><course>333.455762</course><hAcc>1.220748</hAcc><vAcc>0.556943</vAcc></extensions></trkpt>
      <trkpt lon="114.405821" lat="33.668752"><ele>56.316978</ele><time>2026-02-12T00:19:49Z</time><extensions><speed>2.199807</speed><course>336.330313</course><hAcc>1.214917</hAcc><vAcc>0.556943</vAcc></extensions></trkpt>
      <trkpt lon="114.405813" lat="33.668770"><ele>56.332214</ele><time>2026-02-12T00:19:50Z</time><extensions><speed>2.199041</speed><course>340.192610</course><hAcc>1.216329</hAcc><vAcc>0.556943</vAcc></extensions></trkpt>
      <trkpt lon="114.405804" lat="33.668789"><ele>56.346333</ele><time>2026-02-12T00:19:51Z</time><extensions><speed>2.212179</speed><course>338.735653</course><hAcc>1.236060</hAcc><vAcc>0.556943</vAcc></extensions></trkpt>
      <trkpt lon="114.405796" lat="33.668807"><ele>56.359084</ele><time>2026-02-12T00:19:52Z</time><extensions><speed>2.143180</speed><course>337.273682</course><hAcc>1.228431</hAcc><vAcc>0.556943</vAcc></extensions></trkpt>
      <trkpt lon="114.405787" lat="33.668825"><ele>56.370339</ele><time>2026-02-12T00:19:53Z</time><extensions><speed>2.244269</speed><course>340.556615</course><hAcc>1.225118</hAcc><vAcc>0.556943</vAcc></extensions></trkpt>
      <trkpt lon="114.405779" lat="33.668845"><ele>56.380087</ele><time>2026-02-12T00:19:54Z</time><extensions><speed>2.262224</speed><course>342.285510</course><hAcc>1.229066</hAcc><vAcc>0.556943</vAcc></extensions></trkpt>
      <trkpt lon="114.405772" lat="33.668864"><ele>56.388404</ele><time>2026-02-12T00:19:55Z</time><extensions><speed>2.273623</speed><course>342.873902</course><hAcc>1.230607</hAcc><vAcc>0.556943</vAcc></extensions></trkpt>
      <trkpt lon="114.405765" lat="33.668884"><ele>56.395446</ele><time>2026-02-12T00:19:56Z</time><extensions><speed>2.243303</speed><course>343.128195</course><hAcc>1.237541</hAcc><vAcc>0.556942</vAcc></extensions></trkpt>
      <trkpt lon="114.405758" lat="33.668902"><ele>56.401349</ele><time>2026-02-12T00:19:57Z</time><extensions><speed>2.130698</speed><course>340.057098</course><hAcc>1.248353</hAcc><vAcc>0.556942</vAcc></extensions></trkpt>
      <trkpt lon="114.405749" lat="33.668920"><ele>56.406321</ele><time>2026-02-12T00:19:58Z</time><extensions><speed>2.041477</speed><course>337.882562</course><hAcc>1.228133</hAcc><vAcc>0.556942</vAcc></extensions></trkpt>
      <trkpt lon="114.405741" lat="33.668938"><ele>56.410618</ele><time>2026-02-12T00:19:59Z</time><extensions><speed>2.167953</speed><course>340.600052</course><hAcc>1.227357</hAcc><vAcc>0.556942</vAcc></extensions></trkpt>
      <trkpt lon="114.405734" lat="33.668956"><ele>56.414488</ele><time>2026-02-12T00:20:00Z</time><extensions><speed>2.191845</speed><course>340.813599</course><hAcc>1.233326</hAcc><vAcc>0.556942</vAcc></extensions></trkpt>
      <trkpt lon="114.405725" lat="33.668974"><ele>56.418146</ele><time>2026-02-12T00:20:01Z</time><extensions><speed>2.158997</speed><course>337.605365</course><hAcc>1.237395</hAcc><vAcc>0.556942</vAcc></extensions></trkpt>
      <trkpt lon="114.405716" lat="33.668992"><ele>56.421758</ele><time>2026-02-12T00:20:02Z</time><extensions><speed>2.206567</speed><course>336.359125</course><hAcc>1.242301</hAcc><vAcc>0.556943</vAcc></extensions></trkpt>
      <trkpt lon="114.405707" lat="33.669011"><ele>56.425414</ele><time>2026-02-12T00:20:03Z</time><extensions><speed>2.212899</speed><course>336.741321</course><hAcc>1.244689</hAcc><vAcc>0.556943</vAcc></extensions></trkpt>
      <trkpt lon="114.405697" lat="33.669029"><ele>56.429094</ele><time>2026-02-12T00:20:04Z</time><extensions><speed>2.165786</speed><course>336.730635</course><hAcc>1.247143</hAcc><vAcc>0.556943</vAcc></extensions></trkpt>
      <trkpt lon="114.405688" lat="33.669047"><ele>56.432654</ele><time>2026-02-12T00:20:05Z</time><extensions><speed>2.244340</speed><course>337.701404</course><hAcc>1.248558</hAcc><vAcc>0.556943</vAcc></extensions></trkpt>
      <trkpt lon="114.405678" lat="33.669066"><ele>56.435939</ele><time>2026-02-12T00:20:06Z</time><extensions><speed>2.312198</speed><course>334.336637</course><hAcc>1.245642</hAcc><vAcc>0.556943</vAcc></extensions></trkpt>
      <trkpt lon="114.405666" lat="33.669084"><ele>56.439019</ele><time>2026-02-12T00:20:07Z</time><extensions><speed>2.334195</speed><course>329.863321</course><hAcc>1.247423</hAcc><vAcc>0.556943</vAcc></extensions></trkpt>
      <trkpt lon="114.405653" lat="33.669102"><ele>56.442012</ele><time>2026-02-12T00:20:08Z</time><extensions><speed>2.304110</speed><course>325.415101</course><hAcc>1.246959</hAcc><vAcc>0.556943</vAcc></extensions></trkpt>
      <trkpt lon="114.405639" lat="33.669118"><ele>56.445080</ele><time>2026-02-12T00:20:09Z</time><extensions><speed>2.182011</speed><course>322.038978</course><hAcc>1.248668</hAcc><vAcc>0.556943</vAcc></extensions></trkpt>
      <trkpt lon="114.405625" lat="33.669134"><ele>56.448462</ele><time>2026-02-12T00:20:10Z</time><extensions><speed>2.200436</speed><course>323.617591</course><hAcc>1.254905</hAcc><vAcc>0.556943</vAcc></extensions></trkpt>
      <trkpt lon="114.405611" lat="33.669150"><ele>56.452408</ele><time>2026-02-12T00:20:11Z</time><extensions><speed>2.208114</speed><course>324.300556</course><hAcc>1.256635</hAcc><vAcc>0.556943</vAcc></extensions></trkpt>
      <trkpt lon="114.405597" lat="33.669166"><ele>56.457090</ele><time>2026-02-12T00:20:12Z</time><extensions><speed>2.168649</speed><course>323.008800</course><hAcc>1.253535</hAcc><vAcc>0.556943</vAcc></extensions></trkpt>
      <trkpt lon="114.405583" lat="33.669182"><ele>56.462661</ele><time>2026-02-12T00:20:13Z</time><extensions><speed>2.159433</speed><course>323.620709</course><hAcc>1.248281</hAcc><vAcc>0.556943</vAcc></extensions></trkpt>
      <trkpt lon="114.405569" lat="33.669198"><ele>56.469216</ele><time>2026-02-12T00:20:14Z</time><extensions><speed>2.206648</speed><course>323.848283</course><hAcc>1.238984</hAcc><vAcc>0.556943</vAcc></extensions></trkpt>
      <trkpt lon="114.405554" lat="33.669214"><ele>56.476544</ele><time>2026-02-12T00:20:15Z</time><extensions><speed>2.272347</speed><course>323.956905</course><hAcc>1.229731</hAcc><vAcc>0.556943</vAcc></extensions></trkpt>
      <trkpt lon="114.405540" lat="33.669231"><ele>56.484437</ele><time>2026-02-12T00:20:16Z</time><extensions><speed>2.332347</speed><course>324.173504</course><hAcc>1.221432</hAcc><vAcc>0.556943</vAcc></extensions></trkpt>
      <trkpt lon="114.405525" lat="33.669247"><ele>56.492618</ele><time>2026-02-12T00:20:17Z</time><extensions><speed>2.292632</speed><course>323.191657</course><hAcc>1.229390</hAcc><vAcc>0.556943</vAcc></extensions></trkpt>
      <trkpt lon="114.405510" lat="33.669264"><ele>56.500713</ele><time>2026-02-12T00:20:18Z</time><extensions><speed>2.272103</speed><course>320.049834</course><hAcc>1.231588</hAcc><vAcc>0.556943</vAcc></extensions></trkpt>
      <trkpt lon="114.405493" lat="33.669280"><ele>56.508273</ele><time>2026-02-12T00:20:19Z</time><extensions><speed>2.394376</speed><course>318.953916</course><hAcc>1.225422</hAcc><vAcc>0.556943</vAcc></extensions></trkpt>
      <trkpt lon="114.405476" lat="33.669296"><ele>56.514958</ele><time>2026-02-12T00:20:20Z</time><extensions><speed>2.508996</speed><course>319.009059</course><hAcc>1.235087</hAcc><vAcc>0.556943</vAcc></extensions></trkpt>
      <trkpt lon="114.405459" lat="33.669313"><ele>56.520388</ele><time>2026-02-12T00:20:21Z</time><extensions><speed>2.473123</speed><course>321.199842</course><hAcc>1.247799</hAcc><vAcc>0.556943</vAcc></extensions></trkpt>
      <trkpt lon="114.405443" lat="33.669331"><ele>56.524135</ele><time>2026-02-12T00:20:22Z</time><extensions><speed>2.464961</speed><course>324.034435</course><hAcc>1.245976</hAcc><vAcc>0.556943</vAcc></extensions></trkpt>
      <trkpt lon="114.405427" lat="33.669349"><ele>56.525796</ele><time>2026-02-12T00:20:23Z</time><extensions><speed>2.450349</speed><course>323.462209</course><hAcc>1.247421</hAcc><vAcc>0.556943</vAcc></extensions></trkpt>
      <trkpt lon="114.405411" lat="33.669366"><ele>56.525094</ele><time>2026-02-12T00:20:24Z</time><extensions><speed>2.433470</speed><course>318.241359</course><hAcc>1.259317</hAcc><vAcc>0.556943</vAcc></extensions></trkpt>
      <trkpt lon="114.405392" lat="33.669382"><ele>56.521972</ele><time>2026-02-12T00:20:25Z</time><extensions><speed>2.494824</speed><course>314.034690</course><hAcc>1.249283</hAcc><vAcc>0.556943</vAcc></extensions></trkpt>
      <trkpt lon="114.405372" lat="33.669397"><ele>56.516532</ele><time>2026-02-12T00:20:26Z</time><extensions><speed>2.512305</speed><course>310.332272</course><hAcc>1.240660</hAcc><vAcc>0.556943</vAcc></extensions></trkpt>
      <trkpt lon="114.405351" lat="33.669411"><ele>56.509022</ele><time>2026-02-12T00:20:27Z</time><extensions><speed>2.430879</speed><course>305.420693</course><hAcc>1.248631</hAcc><vAcc>0.556943</vAcc></extensions></trkpt>
      <trkpt lon="114.405329" lat="33.669423"><ele>56.499786</ele><time>2026-02-12T00:20:28Z</time><extensions><speed>2.533793</speed><course>303.751605</course><hAcc>1.234020</hAcc><vAcc>0.556943</vAcc></extensions></trkpt>
      <trkpt lon="114.405307" lat="33.669436"><ele>56.489191</ele><time>2026-02-12T00:20:29Z</time><extensions><speed>2.499126</speed><course>304.706242</course><hAcc>1.230016</hAcc><vAcc>0.556943</vAcc></extensions></trkpt>
      <trkpt lon="114.405285" lat="33.669449"><ele>56.477618</ele><time>2026-02-12T00:20:30Z</time><extensions><speed>2.332163</speed><course>304.166251</course><hAcc>1.236224</hAcc><vAcc>0.556943</vAcc></extensions></trkpt>
      <trkpt lon="114.405265" lat="33.669460"><ele>56.465409</ele><time>2026-02-12T00:20:31Z</time><extensions><speed>2.242044</speed><course>302.644610</course><hAcc>1.253095</hAcc><vAcc>0.556943</vAcc></extensions></trkpt>
      <trkpt lon="114.405244" lat="33.669470"><ele>56.452854</ele><time>2026-02-12T00:20:32Z</time><extensions><speed>2.282700</speed><course>299.941452</course><hAcc>1.243189</hAcc><vAcc>0.556943</vAcc></extensions></trkpt>
      <trkpt lon="114.405222" lat="33.669480"><ele>56.440197</ele><time>2026-02-12T00:20:33Z</time><extensions><speed>2.275056</speed><course>296.447250</course><hAcc>1.245100</hAcc><vAcc>0.556943</vAcc></extensions></trkpt>
      <trkpt lon="114.405200" lat="33.669489"><ele>56.427661</ele><time>2026-02-12T00:20:34Z</time><extensions><speed>2.260823</speed><course>295.637957</course><hAcc>1.257359</hAcc><vAcc>0.556943</vAcc></extensions></trkpt>
      <trkpt lon="114.405178" lat="33.669499"><ele>56.415518</ele><time>2026-02-12T00:20:35Z</time><extensions><speed>2.331091</speed><course>298.227690</course><hAcc>1.267246</hAcc><vAcc>0.556943</vAcc></extensions></trkpt>
      <trkpt lon="114.405156" lat="33.669509"><ele>56.404009</ele><time>2026-02-12T00:20:36Z</time><extensions><speed>2.368220</speed><course>299.584006</course><hAcc>1.278365</hAcc><vAcc>0.556943</vAcc></extensions></trkpt>
      <trkpt lon="114.405134" lat="33.669519"><ele>56.393344</ele><time>2026-02-12T00:20:37Z</time><extensions><speed>2.335198</speed><course>301.009542</course><hAcc>1.289491</hAcc><vAcc>0.556943</vAcc></extensions></trkpt>
      <trkpt lon="114.405113" lat="33.669531"><ele>56.383742</ele><time>2026-02-12T00:20:38Z</time><extensions><speed>2.347580</speed><course>304.531439</course><hAcc>1.300377</hAcc><vAcc>0.556943</vAcc></extensions></trkpt>
      <trkpt lon="114.405092" lat="33.669543"><ele>56.375374</ele><time>2026-02-12T00:20:39Z</time><extensions><speed>2.324912</speed><course>305.632027</course><hAcc>1.304110</hAcc><vAcc>0.556943</vAcc></extensions></trkpt>
      <trkpt lon="114.405072" lat="33.669555"><ele>56.368202</ele><time>2026-02-12T00:20:40Z</time><extensions><speed>2.295141</speed><course>304.299766</course><hAcc>1.305003</hAcc><vAcc>0.556943</vAcc></extensions></trkpt>
      <trkpt lon="114.405051" lat="33.669567"><ele>56.362092</ele><time>2026-02-12T00:20:41Z</time><extensions><speed>2.288928</speed><course>304.215042</course><hAcc>1.304497</hAcc><vAcc>0.556943</vAcc></extensions></trkpt>
      <trkpt lon="114.405031" lat="33.669578"><ele>56.356901</ele><time>2026-02-12T00:20:42Z</time><extensions><speed>2.293527</speed><course>303.965854</course><hAcc>1.303251</hAcc><vAcc>0.556943</vAcc></extensions></trkpt>
      <trkpt lon="114.405010" lat="33.669590"><ele>56.352524</ele><time>2026-02-12T00:20:43Z</time><extensions><speed>2.299018</speed><course>304.966185</course><hAcc>1.302109</hAcc><vAcc>0.556943</vAcc></extensions></trkpt>
      <trkpt lon="114.404990" lat="33.669602"><ele>56.348833</ele><time>2026-02-12T00:20:44Z</time><extensions><speed>2.336741</speed><course>307.802322</course><hAcc>1.299526</hAcc><vAcc>0.556943</vAcc></extensions></trkpt>
      <trkpt lon="114.404971" lat="33.669615"><ele>56.345661</ele><time>2026-02-12T00:20:45Z</time><extensions><speed>2.280601</speed><course>308.009483</course><hAcc>1.296426</hAcc><vAcc>0.556943</vAcc></extensions></trkpt>
      <trkpt lon="114.404951" lat="33.669628"><ele>56.342807</ele><time>2026-02-12T00:20:46Z</time><extensions><speed>2.262796</speed><course>308.680583</course><hAcc>1.289652</hAcc><vAcc>0.556943</vAcc></extensions></trkpt>
      <trkpt lon="114.404932" lat="33.669641"><ele>56.340031</ele><time>2026-02-12T00:20:47Z</time><extensions><speed>2.361492</speed><course>310.429533</course><hAcc>1.281223</hAcc><vAcc>0.556943</vAcc></extensions></trkpt>
      <trkpt lon="114.404913" lat="33.669655"><ele>56.336934</ele><time>2026-02-12T00:20:48Z</time><extensions><speed>2.402610</speed><course>309.714031</course><hAcc>1.276046</hAcc><vAcc>0.556943</vAcc></extensions></trkpt>
      <trkpt lon="114.404892" lat="33.669668"><ele>56.333134</ele><time>2026-02-12T00:20:49Z</time><extensions><speed>2.431538</speed><course>307.524467</course><hAcc>1.269944</hAcc><vAcc>0.556943</vAcc></extensions></trkpt>
      <trkpt lon="114.404871" lat="33.669682"><ele>56.328442</ele><time>2026-02-12T00:20:50Z</time><extensions><speed>2.435334</speed><course>307.111877</course><hAcc>1.261602</hAcc><vAcc>0.556943</vAcc></extensions></trkpt>
      <trkpt lon="114.404850" lat="33.669695"><ele>56.322873</ele><time>2026-02-12T00:20:51Z</time><extensions><speed>2.426654</speed><course>305.365026</course><hAcc>1.253940</hAcc><vAcc>0.556943</vAcc></extensions></trkpt>
      <trkpt lon="114.404828" lat="33.669707"><ele>56.316506</ele><time>2026-02-12T00:20:52Z</time><extensions><speed>2.497861</speed><course>303.704380</course><hAcc>1.246017</hAcc><vAcc>0.556943</vAcc></extensions></trkpt>
      <trkpt lon="114.404806" lat="33.669720"><ele>56.309660</ele><time>2026-02-12T00:20:53Z</time><extensions><speed>2.511354</speed><course>304.571802</course><hAcc>1.239556</hAcc><vAcc>0.556943</vAcc></extensions></trkpt>
      <trkpt lon="114.404784" lat="33.669733"><ele>56.302688</ele><time>2026-02-12T00:20:54Z</time><extensions><speed>2.463341</speed><course>304.273761</course><hAcc>1.232503</hAcc><vAcc>0.556943</vAcc></extensions></trkpt>
      <trkpt lon="114.404762" lat="33.669745"><ele>56.295916</ele><time>2026-02-12T00:20:55Z</time><extensions><speed>2.399472</speed><course>302.447377</course><hAcc>1.223385</hAcc><vAcc>0.556943</vAcc></extensions></trkpt>
      <trkpt lon="114.404740" lat="33.669756"><ele>56.289624</ele><time>2026-02-12T00:20:56Z</time><extensions><speed>2.399394</speed><course>303.217684</course><hAcc>1.219211</hAcc><vAcc>0.556943</vAcc></extensions></trkpt>
      <trkpt lon="114.404719" lat="33.669768"><ele>56.284119</ele><time>2026-02-12T00:20:57Z</time><extensions><speed>2.367811</speed><course>301.842587</course><hAcc>1.213586</hAcc><vAcc>0.556943</vAcc></extensions></trkpt>
      <trkpt lon="114.404697" lat="33.669779"><ele>56.279616</ele><time>2026-02-12T00:20:58Z</time><extensions><speed>2.323499</speed><course>299.219836</course><hAcc>1.216348</hAcc><vAcc>0.556943</vAcc></extensions></trkpt>
      <trkpt lon="114.404675" lat="33.669789"><ele>56.276311</ele><time>2026-02-12T00:20:59Z</time><extensions><speed>2.365587</speed><course>298.797713</course><hAcc>1.215079</hAcc><vAcc>0.556943</vAcc></extensions></trkpt>
      <trkpt lon="114.404652" lat="33.669799"><ele>56.274309</ele><time>2026-02-12T00:21:00Z</time><extensions><speed>2.398617</speed><course>299.739973</course><hAcc>1.214282</hAcc><vAcc>0.556943</vAcc></extensions></trkpt>
      <trkpt lon="114.404630" lat="33.669810"><ele>56.273515</ele><time>2026-02-12T00:21:01Z</time><extensions><speed>2.401171</speed><course>299.010760</course><hAcc>1.213068</hAcc><vAcc>0.556943</vAcc></extensions></trkpt>
      <trkpt lon="114.404607" lat="33.669821"><ele>56.273712</ele><time>2026-02-12T00:21:02Z</time><extensions><speed>2.390100</speed><course>299.295340</course><hAcc>1.212602</hAcc><vAcc>0.556943</vAcc></extensions></trkpt>
      <trkpt lon="114.404585" lat="33.669831"><ele>56.274796</ele><time>2026-02-12T00:21:03Z</time><extensions><speed>2.433998</speed><course>300.152803</course><hAcc>1.208257</hAcc><vAcc>0.556943</vAcc></extensions></trkpt>
      <trkpt lon="114.404562" lat="33.669842"><ele>56.276624</ele><time>2026-02-12T00:21:04Z</time><extensions><speed>2.464821</speed><course>300.081275</course><hAcc>1.211409</hAcc><vAcc>0.556943</vAcc></extensions></trkpt>
      <trkpt lon="114.404539" lat="33.669853"><ele>56.279058</ele><time>2026-02-12T00:21:05Z</time><extensions><speed>2.417377</speed><course>300.332517</course><hAcc>1.221210</hAcc><vAcc>0.556943</vAcc></extensions></trkpt>
      <trkpt lon="114.404517" lat="33.669865"><ele>56.282186</ele><time>2026-02-12T00:21:06Z</time><extensions><speed>2.426195</speed><course>300.751556</course><hAcc>1.224750</hAcc><vAcc>0.556943</vAcc></extensions></trkpt>
      <trkpt lon="114.404494" lat="33.669876"><ele>56.286136</ele><time>2026-02-12T00:21:07Z</time><extensions><speed>2.397313</speed><course>300.100911</course><hAcc>1.227406</hAcc><vAcc>0.556943</vAcc></extensions></trkpt>
      <trkpt lon="114.404472" lat="33.669886"><ele>56.290764</ele><time>2026-02-12T00:21:08Z</time><extensions><speed>2.301004</speed><course>300.682114</course><hAcc>1.227348</hAcc><vAcc>0.556943</vAcc></extensions></trkpt>
      <trkpt lon="114.404452" lat="33.669897"><ele>56.295859</ele><time>2026-02-12T00:21:09Z</time><extensions><speed>2.172108</speed><course>304.664102</course><hAcc>1.225562</hAcc><vAcc>0.556943</vAcc></extensions></trkpt>
      <trkpt lon="114.404433" lat="33.669908"><ele>56.301300</ele><time>2026-02-12T00:21:10Z</time><extensions><speed>2.126406</speed><course>305.328436</course><hAcc>1.225179</hAcc><vAcc>0.556943</vAcc></extensions></trkpt>
      <trkpt lon="114.404415" lat="33.669919"><ele>56.307022</ele><time>2026-02-12T00:21:11Z</time><extensions><speed>2.088303</speed><course>304.580874</course><hAcc>1.223230</hAcc><vAcc>0.556943</vAcc></extensions></trkpt>
      <trkpt lon="114.404396" lat="33.669930"><ele>56.312972</ele><time>2026-02-12T00:21:12Z</time><extensions><speed>2.015674</speed><course>306.347727</course><hAcc>1.224799</hAcc><vAcc>0.556943</vAcc></extensions></trkpt>
      <trkpt lon="114.404379" lat="33.669941"><ele>56.319047</ele><time>2026-02-12T00:21:13Z</time><extensions><speed>2.079000</speed><course>306.265687</course><hAcc>1.225756</hAcc><vAcc>0.556943</vAcc></extensions></trkpt>
      <trkpt lon="114.404360" lat="33.669952"><ele>56.325039</ele><time>2026-02-12T00:21:14Z</time><extensions><speed>2.188967</speed><course>303.802720</course><hAcc>1.230906</hAcc><vAcc>0.556943</vAcc></extensions></trkpt>
      <trkpt lon="114.404340" lat="33.669963"><ele>56.330628</ele><time>2026-02-12T00:21:15Z</time><extensions><speed>2.266679</speed><course>304.763948</course><hAcc>1.238630</hAcc><vAcc>0.556943</vAcc></extensions></trkpt>
      <trkpt lon="114.404320" lat="33.669975"><ele>56.335251</ele><time>2026-02-12T00:21:16Z</time><extensions><speed>2.234040</speed><course>305.012203</course><hAcc>1.248355</hAcc><vAcc>0.556943</vAcc></extensions></trkpt>
      <trkpt lon="114.404301" lat="33.669986"><ele>56.338308</ele><time>2026-02-12T00:21:17Z</time><extensions><speed>2.198031</speed><course>305.707241</course><hAcc>1.255272</hAcc><vAcc>0.556943</vAcc></extensions></trkpt>
      <trkpt lon="114.404281" lat="33.669998"><ele>56.339327</ele><time>2026-02-12T00:21:18Z</time><extensions><speed>2.199115</speed><course>307.564714</course><hAcc>1.257405</hAcc><vAcc>0.556943</vAcc></extensions></trkpt>
      <trkpt lon="114.404262" lat="33.670010"><ele>56.338052</ele><time>2026-02-12T00:21:19Z</time><extensions><speed>2.229221</speed><course>303.986958</course><hAcc>1.253126</hAcc><vAcc>0.556943</vAcc></extensions></trkpt>
      <trkpt lon="114.404242" lat="33.670021"><ele>56.334368</ele><time>2026-02-12T00:21:20Z</time><extensions><speed>2.350715</speed><course>304.664547</course><hAcc>1.246280</hAcc><vAcc>0.556943</vAcc></extensions></trkpt>
      <trkpt lon="114.404221" lat="33.670034"><ele>56.328292</ele><time>2026-02-12T00:21:21Z</time><extensions><speed>2.464340</speed><course>306.535201</course><hAcc>1.242696</hAcc><vAcc>0.556943</vAcc></extensions></trkpt>
      <trkpt lon="114.404199" lat="33.670047"><ele>56.319938</ele><time>2026-02-12T00:21:22Z</time><extensions><speed>2.479675</speed><course>303.266867</course><hAcc>1.242338</hAcc><vAcc>0.556943</vAcc></extensions></trkpt>
      <trkpt lon="114.404176" lat="33.670059"><ele>56.309565</ele><time>2026-02-12T00:21:23Z</time><extensions><speed>2.463213</speed><course>302.023131</course><hAcc>1.243470</hAcc><vAcc>0.556943</vAcc></extensions></trkpt>
      <trkpt lon="114.404154" lat="33.670071"><ele>56.297604</ele><time>2026-02-12T00:21:24Z</time><extensions><speed>2.432226</speed><course>302.758808</course><hAcc>1.245237</hAcc><vAcc>0.556943</vAcc></extensions></trkpt>
      <trkpt lon="114.404132" lat="33.670082"><ele>56.284526</ele><time>2026-02-12T00:21:25Z</time><extensions><speed>2.456208</speed><course>301.293322</course><hAcc>1.243455</hAcc><vAcc>0.556943</vAcc></extensions></trkpt>
      <trkpt lon="114.404109" lat="33.670094"><ele>56.270914</ele><time>2026-02-12T00:21:26Z</time><extensions><speed>2.500037</speed><course>301.303075</course><hAcc>1.242577</hAcc><vAcc>0.556943</vAcc></extensions></trkpt>
      <trkpt lon="114.404086" lat="33.670106"><ele>56.257388</ele><time>2026-02-12T00:21:27Z</time><extensions><speed>2.499967</speed><course>303.309237</course><hAcc>1.243319</hAcc><vAcc>0.556943</vAcc></extensions></trkpt>
      <trkpt lon="114.404064" lat="33.670118"><ele>56.244501</ele><time>2026-02-12T00:21:28Z</time><extensions><speed>2.435127</speed><course>303.757372</course><hAcc>1.242574</hAcc><vAcc>0.556943</vAcc></extensions></trkpt>
      <trkpt lon="114.404042" lat="33.670130"><ele>56.232622</ele><time>2026-02-12T00:21:29Z</time><extensions><speed>2.382248</speed><course>303.922691</course><hAcc>1.238149</hAcc><vAcc>0.556943</vAcc></extensions></trkpt>
      <trkpt lon="114.404021" lat="33.670142"><ele>56.222047</ele><time>2026-02-12T00:21:30Z</time><extensions><speed>2.368253</speed><course>305.145811</course><hAcc>1.232301</hAcc><vAcc>0.556943</vAcc></extensions></trkpt>
      <trkpt lon="114.404000" lat="33.670154"><ele>56.212939</ele><time>2026-02-12T00:21:31Z</time><extensions><speed>2.410834</speed><course>302.598138</course><hAcc>1.224398</hAcc><vAcc>0.556943</vAcc></extensions></trkpt>
      <trkpt lon="114.403977" lat="33.670166"><ele>56.205357</ele><time>2026-02-12T00:21:32Z</time><extensions><speed>2.437269</speed><course>298.068310</course><hAcc>1.217502</hAcc><vAcc>0.556943</vAcc></extensions></trkpt>
      <trkpt lon="114.403954" lat="33.670176"><ele>56.199292</ele><time>2026-02-12T00:21:33Z</time><extensions><speed>2.512676</speed><course>296.637867</course><hAcc>1.209823</hAcc><vAcc>0.556943</vAcc></extensions></trkpt>
      <trkpt lon="114.403929" lat="33.670186"><ele>56.194776</ele><time>2026-02-12T00:21:34Z</time><extensions><speed>2.490022</speed><course>297.091995</course><hAcc>1.208881</hAcc><vAcc>0.556943</vAcc></extensions></trkpt>
      <trkpt lon="114.403906" lat="33.670196"><ele>56.191734</ele><time>2026-02-12T00:21:35Z</time><extensions><speed>2.438837</speed><course>297.321976</course><hAcc>1.207783</hAcc><vAcc>0.556943</vAcc></extensions></trkpt>
      <trkpt lon="114.403883" lat="33.670206"><ele>56.189974</ele><time>2026-02-12T00:21:36Z</time><extensions><speed>2.437117</speed><course>298.868220</course><hAcc>1.205487</hAcc><vAcc>0.556943</vAcc></extensions></trkpt>
      <trkpt lon="114.403859" lat="33.670217"><ele>56.189242</ele><time>2026-02-12T00:21:37Z</time><extensions><speed>2.473185</speed><course>298.994633</course><hAcc>1.203628</hAcc><vAcc>0.556943</vAcc></extensions></trkpt>
      <trkpt lon="114.403835" lat="33.670228"><ele>56.189275</ele><time>2026-02-12T00:21:38Z</time><extensions><speed>2.583514</speed><course>296.745442</course><hAcc>1.201871</hAcc><vAcc>0.556943</vAcc></extensions></trkpt>
      <trkpt lon="114.403810" lat="33.670239"><ele>56.189750</ele><time>2026-02-12T00:21:39Z</time><extensions><speed>2.619994</speed><course>297.649798</course><hAcc>1.197642</hAcc><vAcc>0.556943</vAcc></extensions></trkpt>
      <trkpt lon="114.403786" lat="33.670250"><ele>56.190415</ele><time>2026-02-12T00:21:40Z</time><extensions><speed>2.554105</speed><course>301.573371</course><hAcc>1.193159</hAcc><vAcc>0.556943</vAcc></extensions></trkpt>
      <trkpt lon="114.403763" lat="33.670263"><ele>56.191088</ele><time>2026-02-12T00:21:41Z</time><extensions><speed>2.515794</speed><course>305.627872</course><hAcc>1.188464</hAcc><vAcc>0.556943</vAcc></extensions></trkpt>
      <trkpt lon="114.403742" lat="33.670276"><ele>56.191639</ele><time>2026-02-12T00:21:42Z</time><extensions><speed>2.511281</speed><course>308.838672</course><hAcc>1.188111</hAcc><vAcc>0.556943</vAcc></extensions></trkpt>
      <trkpt lon="114.403721" lat="33.670291"><ele>56.191960</ele><time>2026-02-12T00:21:43Z</time><extensions><speed>2.490304</speed><course>311.705380</course><hAcc>1.191855</hAcc><vAcc>0.556943</vAcc></extensions></trkpt>
      <trkpt lon="114.403701" lat="33.670306"><ele>56.192009</ele><time>2026-02-12T00:21:44Z</time><extensions><speed>2.461199</speed><course>311.156721</course><hAcc>1.197878</hAcc><vAcc>0.556943</vAcc></extensions></trkpt>
      <trkpt lon="114.403681" lat="33.670320"><ele>56.191726</ele><time>2026-02-12T00:21:45Z</time><extensions><speed>2.467456</speed><course>309.448083</course><hAcc>1.198880</hAcc><vAcc>0.556943</vAcc></extensions></trkpt>
      <trkpt lon="114.403661" lat="33.670334"><ele>56.191007</ele><time>2026-02-12T00:21:46Z</time><extensions><speed>2.432899</speed><course>310.497912</course><hAcc>1.201064</hAcc><vAcc>0.556943</vAcc></extensions></trkpt>
      <trkpt lon="114.403640" lat="33.670348"><ele>56.189715</ele><time>2026-02-12T00:21:47Z</time><extensions><speed>2.461988</speed><course>308.658301</course><hAcc>1.204585</hAcc><vAcc>0.556943</vAcc></extensions></trkpt>
      <trkpt lon="114.403619" lat="33.670362"><ele>56.187750</ele><time>2026-02-12T00:21:48Z</time><extensions><speed>2.497981</speed><course>305.597857</course><hAcc>1.207153</hAcc><vAcc>0.556943</vAcc></extensions></trkpt>
      <trkpt lon="114.403597" lat="33.670375"><ele>56.185063</ele><time>2026-02-12T00:21:49Z</time><extensions><speed>2.499702</speed><course>305.304568</course><hAcc>1.209016</hAcc><vAcc>0.556943</vAcc></extensions></trkpt>
      <trkpt lon="114.403575" lat="33.670388"><ele>56.181650</ele><time>2026-02-12T00:21:50Z</time><extensions><speed>2.479293</speed><course>304.170616</course><hAcc>1.212956</hAcc><vAcc>0.556944</vAcc></extensions></trkpt>
      <trkpt lon="114.403553" lat="33.670400"><ele>56.177542</ele><time>2026-02-12T00:21:51Z</time><extensions><speed>2.452033</speed><course>305.210690</course><hAcc>1.209386</hAcc><vAcc>0.556944</vAcc></extensions></trkpt>
      <trkpt lon="114.403532" lat="33.670413"><ele>56.172796</ele><time>2026-02-12T00:21:52Z</time><extensions><speed>2.408233</speed><course>307.307700</course><hAcc>1.206973</hAcc><vAcc>0.556944</vAcc></extensions></trkpt>
      <trkpt lon="114.403511" lat="33.670426"><ele>56.167471</ele><time>2026-02-12T00:21:53Z</time><extensions><speed>2.429058</speed><course>306.127858</course><hAcc>1.208137</hAcc><vAcc>0.556944</vAcc></extensions></trkpt>
      <trkpt lon="114.403490" lat="33.670439"><ele>56.161639</ele><time>2026-02-12T00:21:54Z</time><extensions><speed>2.432644</speed><course>303.890539</course><hAcc>1.210001</hAcc><vAcc>0.556944</vAcc></extensions></trkpt>
      <trkpt lon="114.403468" lat="33.670451"><ele>56.155371</ele><time>2026-02-12T00:21:55Z</time><extensions><speed>2.397029</speed><course>303.057180</course><hAcc>1.213273</hAcc><vAcc>0.556944</vAcc></extensions></trkpt>
      <trkpt lon="114.403446" lat="33.670462"><ele>56.148780</ele><time>2026-02-12T00:21:56Z</time><extensions><speed>2.466076</speed><course>300.094245</course><hAcc>1.216374</hAcc><vAcc>0.556944</vAcc></extensions></trkpt>
      <trkpt lon="114.403422" lat="33.670473"><ele>56.142144</ele><time>2026-02-12T00:21:57Z</time><extensions><speed>2.512478</speed><course>297.895113</course><hAcc>1.216990</hAcc><vAcc>0.556944</vAcc></extensions></trkpt>
      <trkpt lon="114.403399" lat="33.670484"><ele>56.135745</ele><time>2026-02-12T00:21:58Z</time><extensions><speed>2.468598</speed><course>299.683559</course><hAcc>1.220991</hAcc><vAcc>0.556944</vAcc></extensions></trkpt>
      <trkpt lon="114.403375" lat="33.670495"><ele>56.129764</ele><time>2026-02-12T00:21:59Z</time><extensions><speed>2.455227</speed><course>298.916410</course><hAcc>1.224817</hAcc><vAcc>0.556943</vAcc></extensions></trkpt>
      <trkpt lon="114.403352" lat="33.670505"><ele>56.124335</ele><time>2026-02-12T00:22:00Z</time><extensions><speed>2.422784</speed><course>298.077097</course><hAcc>1.223000</hAcc><vAcc>0.556943</vAcc></extensions></trkpt>
      <trkpt lon="114.403330" lat="33.670516"><ele>56.119575</ele><time>2026-02-12T00:22:01Z</time><extensions><speed>2.289803</speed><course>299.532419</course><hAcc>1.216387</hAcc><vAcc>0.556943</vAcc></extensions></trkpt>
      <trkpt lon="114.403309" lat="33.670526"><ele>56.115515</ele><time>2026-02-12T00:22:02Z</time><extensions><speed>2.260300</speed><course>300.032483</course><hAcc>1.211638</hAcc><vAcc>0.556943</vAcc></extensions></trkpt>
      <trkpt lon="114.403287" lat="33.670536"><ele>56.112157</ele><time>2026-02-12T00:22:03Z</time><extensions><speed>2.358120</speed><course>300.665369</course><hAcc>1.213396</hAcc><vAcc>0.556942</vAcc></extensions></trkpt>
      <trkpt lon="114.403266" lat="33.670548"><ele>56.109539</ele><time>2026-02-12T00:22:04Z</time><extensions><speed>2.365086</speed><course>304.649824</course><hAcc>1.203018</hAcc><vAcc>0.556941</vAcc></extensions></trkpt>
      <trkpt lon="114.403245" lat="33.670560"><ele>56.107702</ele><time>2026-02-12T00:22:05Z</time><extensions><speed>2.350357</speed><course>307.654967</course><hAcc>1.194814</hAcc><vAcc>0.556941</vAcc></extensions></trkpt>
      <trkpt lon="114.403226" lat="33.670573"><ele>56.106620</ele><time>2026-02-12T00:22:06Z</time><extensions><speed>2.285798</speed><course>308.681772</course><hAcc>1.191157</hAcc><vAcc>0.556941</vAcc></extensions></trkpt>
      <trkpt lon="114.403207" lat="33.670586"><ele>56.106229</ele><time>2026-02-12T00:22:07Z</time><extensions><speed>2.270795</speed><course>309.373127</course><hAcc>1.183922</hAcc><vAcc>0.556941</vAcc></extensions></trkpt>
      <trkpt lon="114.403187" lat="33.670599"><ele>56.106416</ele><time>2026-02-12T00:22:08Z</time><extensions><speed>2.273637</speed><course>306.260322</course><hAcc>1.179300</hAcc><vAcc>0.556940</vAcc></extensions></trkpt>
      <trkpt lon="114.403167" lat="33.670610"><ele>56.107008</ele><time>2026-02-12T00:22:09Z</time><extensions><speed>2.248433</speed><course>304.324595</course><hAcc>1.176882</hAcc><vAcc>0.556939</vAcc></extensions></trkpt>
      <trkpt lon="114.403147" lat="33.670622"><ele>56.107813</ele><time>2026-02-12T00:22:10Z</time><extensions><speed>2.260406</speed><course>304.996842</course><hAcc>1.175623</hAcc><vAcc>0.556938</vAcc></extensions></trkpt>
      <trkpt lon="114.403127" lat="33.670634"><ele>56.108688</ele><time>2026-02-12T00:22:11Z</time><extensions><speed>2.318943</speed><course>302.927824</course><hAcc>1.172692</hAcc><vAcc>0.556937</vAcc></extensions></trkpt>
      <trkpt lon="114.403105" lat="33.670645"><ele>56.109414</ele><time>2026-02-12T00:22:12Z</time><extensions><speed>2.376463</speed><course>299.985498</course><hAcc>1.169289</hAcc><vAcc>0.556936</vAcc></extensions></trkpt>
      <trkpt lon="114.403083" lat="33.670655"><ele>56.109806</ele><time>2026-02-12T00:22:13Z</time><extensions><speed>2.448272</speed><course>298.940486</course><hAcc>1.168874</hAcc><vAcc>0.556936</vAcc></extensions></trkpt>
      <trkpt lon="114.403059" lat="33.670666"><ele>56.109742</ele><time>2026-02-12T00:22:14Z</time><extensions><speed>2.527499</speed><course>296.981998</course><hAcc>1.168489</hAcc><vAcc>0.556936</vAcc></extensions></trkpt>
      <trkpt lon="114.403035" lat="33.670676"><ele>56.109177</ele><time>2026-02-12T00:22:15Z</time><extensions><speed>2.556752</speed><course>296.144562</course><hAcc>1.164168</hAcc><vAcc>0.556935</vAcc></extensions></trkpt>
      <trkpt lon="114.403010" lat="33.670687"><ele>56.108043</ele><time>2026-02-12T00:22:16Z</time><extensions><speed>2.547751</speed><course>298.652882</course><hAcc>1.169122</hAcc><vAcc>0.556932</vAcc></extensions></trkpt>
      <trkpt lon="114.402987" lat="33.670698"><ele>56.106387</ele><time>2026-02-12T00:22:17Z</time><extensions><speed>2.467678</speed><course>300.791869</course><hAcc>1.177904</hAcc><vAcc>0.556927</vAcc></extensions></trkpt>
      <trkpt lon="114.402964" lat="33.670709"><ele>56.104285</ele><time>2026-02-12T00:22:18Z</time><extensions><speed>2.414184</speed><course>301.138126</course><hAcc>1.188563</hAcc><vAcc>0.556921</vAcc></extensions></trkpt>
      <trkpt lon="114.402942" lat="33.670721"><ele>56.101816</ele><time>2026-02-12T00:22:19Z</time><extensions><speed>2.448533</speed><course>302.322021</course><hAcc>1.195402</hAcc><vAcc>0.556912</vAcc></extensions></trkpt>
      <trkpt lon="114.402919" lat="33.670733"><ele>56.099068</ele><time>2026-02-12T00:22:20Z</time><extensions><speed>2.526117</speed><course>301.761722</course><hAcc>1.198346</hAcc><vAcc>0.556903</vAcc></extensions></trkpt>
      <trkpt lon="114.402896" lat="33.670745"><ele>56.096162</ele><time>2026-02-12T00:22:20Z</time><extensions><speed>2.571006</speed><course>300.940095</course><hAcc>1.203709</hAcc><vAcc>0.556898</vAcc></extensions></trkpt>
      <trkpt lon="114.402872" lat="33.670757"><ele>56.093252</ele><time>2026-02-12T00:22:21Z</time><extensions><speed>2.544129</speed><course>304.476952</course><hAcc>1.206166</hAcc><vAcc>0.556895</vAcc></extensions></trkpt>
      <trkpt lon="114.402851" lat="33.670770"><ele>56.090516</ele><time>2026-02-12T00:22:22Z</time><extensions><speed>2.444872</speed><course>307.086634</course><hAcc>1.209313</hAcc><vAcc>0.556894</vAcc></extensions></trkpt>
      <trkpt lon="114.402830" lat="33.670783"><ele>56.088117</ele><time>2026-02-12T00:22:23Z</time><extensions><speed>2.336892</speed><course>308.028147</course><hAcc>1.215415</hAcc><vAcc>0.556894</vAcc></extensions></trkpt>
      <trkpt lon="114.402811" lat="33.670796"><ele>56.086100</ele><time>2026-02-12T00:22:24Z</time><extensions><speed>2.284690</speed><course>310.026053</course><hAcc>1.221893</hAcc><vAcc>0.556894</vAcc></extensions></trkpt>
      <trkpt lon="114.402792" lat="33.670810"><ele>56.084456</ele><time>2026-02-12T00:22:25Z</time><extensions><speed>2.309626</speed><course>311.597685</course><hAcc>1.225632</hAcc><vAcc>0.556895</vAcc></extensions></trkpt>
      <trkpt lon="114.402773" lat="33.670824"><ele>56.083442</ele><time>2026-02-12T00:22:26Z</time><extensions><speed>2.382804</speed><course>310.666360</course><hAcc>1.230238</hAcc><vAcc>0.556897</vAcc></extensions></trkpt>
      <trkpt lon="114.402753" lat="33.670838"><ele>56.083420</ele><time>2026-02-12T00:22:27Z</time><extensions><speed>2.477737</speed><course>309.630917</course><hAcc>1.234476</hAcc><vAcc>0.556899</vAcc></extensions></trkpt>
      <trkpt lon="114.402732" lat="33.670852"><ele>56.084713</ele><time>2026-02-12T00:22:28Z</time><extensions><speed>2.473160</speed><course>308.937407</course><hAcc>1.239023</hAcc><vAcc>0.556901</vAcc></extensions></trkpt>
      <trkpt lon="114.402711" lat="33.670865"><ele>56.087840</ele><time>2026-02-12T00:22:29Z</time><extensions><speed>2.450704</speed><course>305.550528</course><hAcc>1.246279</hAcc><vAcc>0.556903</vAcc></extensions></trkpt>
      <trkpt lon="114.402689" lat="33.670878"><ele>56.093320</ele><time>2026-02-12T00:22:30Z</time><extensions><speed>2.479012</speed><course>303.739817</course><hAcc>1.247939</hAcc><vAcc>0.556905</vAcc></extensions></trkpt>
      <trkpt lon="114.402667" lat="33.670890"><ele>56.101320</ele><time>2026-02-12T00:22:31Z</time><extensions><speed>2.506079</speed><course>301.893219</course><hAcc>1.249182</hAcc><vAcc>0.556907</vAcc></extensions></trkpt>
      <trkpt lon="114.402644" lat="33.670902"><ele>56.111741</ele><time>2026-02-12T00:22:32Z</time><extensions><speed>2.537788</speed><course>300.036786</course><hAcc>1.243082</hAcc><vAcc>0.556909</vAcc></extensions></trkpt>
      <trkpt lon="114.402620" lat="33.670914"><ele>56.124512</ele><time>2026-02-12T00:22:33Z</time><extensions><speed>2.498923</speed><course>302.068452</course><hAcc>1.235309</hAcc><vAcc>0.556911</vAcc></extensions></trkpt>
      <trkpt lon="114.402598" lat="33.670925"><ele>56.139346</ele><time>2026-02-12T00:22:34Z</time><extensions><speed>2.352136</speed><course>301.105143</course><hAcc>1.232229</hAcc><vAcc>0.556913</vAcc></extensions></trkpt>
      <trkpt lon="114.402576" lat="33.670935"><ele>56.155909</ele><time>2026-02-12T00:22:35Z</time><extensions><speed>2.288102</speed><course>296.770249</course><hAcc>1.234023</hAcc><vAcc>0.556915</vAcc></extensions></trkpt>
      <trkpt lon="114.402554" lat="33.670945"><ele>56.173745</ele><time>2026-02-12T00:22:36Z</time><extensions><speed>2.368437</speed><course>299.035703</course><hAcc>1.233736</hAcc><vAcc>0.556917</vAcc></extensions></trkpt>
      <trkpt lon="114.402532" lat="33.670956"><ele>56.192227</ele><time>2026-02-12T00:22:37Z</time><extensions><speed>2.370779</speed><course>300.618228</course><hAcc>1.237246</hAcc><vAcc>0.556918</vAcc></extensions></trkpt>
      <trkpt lon="114.402510" lat="33.670966"><ele>56.210558</ele><time>2026-02-12T00:22:38Z</time><extensions><speed>2.400653</speed><course>299.896070</course><hAcc>1.238913</hAcc><vAcc>0.556920</vAcc></extensions></trkpt>
      <trkpt lon="114.402488" lat="33.670977"><ele>56.227633</ele><time>2026-02-12T00:22:39Z</time><extensions><speed>2.321643</speed><course>300.210127</course><hAcc>1.243277</hAcc><vAcc>0.556921</vAcc></extensions></trkpt>
      <trkpt lon="114.402466" lat="33.670987"><ele>56.242308</ele><time>2026-02-12T00:22:40Z</time><extensions><speed>2.298085</speed><course>299.840597</course><hAcc>1.245104</hAcc><vAcc>0.556923</vAcc></extensions></trkpt>
      <trkpt lon="114.402444" lat="33.670998"><ele>56.253570</ele><time>2026-02-12T00:22:41Z</time><extensions><speed>2.341372</speed><course>299.344651</course><hAcc>1.246408</hAcc><vAcc>0.556924</vAcc></extensions></trkpt>
      <trkpt lon="114.402423" lat="33.671008"><ele>56.260691</ele><time>2026-02-12T00:22:42Z</time><extensions><speed>2.266009</speed><course>302.125835</course><hAcc>1.247903</hAcc><vAcc>0.556925</vAcc></extensions></trkpt>
      <trkpt lon="114.402403" lat="33.671019"><ele>56.263194</ele><time>2026-02-12T00:22:43Z</time><extensions><speed>2.251511</speed><course>303.287841</course><hAcc>1.250185</hAcc><vAcc>0.556926</vAcc></extensions></trkpt>
      <trkpt lon="114.402382" lat="33.671031"><ele>56.261195</ele><time>2026-02-12T00:22:44Z</time><extensions><speed>2.327224</speed><course>303.168599</course><hAcc>1.250182</hAcc><vAcc>0.556927</vAcc></extensions></trkpt>
      <trkpt lon="114.402361" lat="33.671042"><ele>56.255091</ele><time>2026-02-12T00:22:45Z</time><extensions><speed>2.330335</speed><course>304.236315</course><hAcc>1.248277</hAcc><vAcc>0.556928</vAcc></extensions></trkpt>
      <trkpt lon="114.402340" lat="33.671054"><ele>56.245463</ele><time>2026-02-12T00:22:46Z</time><extensions><speed>2.319513</speed><course>303.052655</course><hAcc>1.243437</hAcc><vAcc>0.556929</vAcc></extensions></trkpt>
      <trkpt lon="114.402319" lat="33.671065"><ele>56.233054</ele><time>2026-02-12T00:22:47Z</time><extensions><speed>2.256498</speed><course>300.208529</course><hAcc>1.242628</hAcc><vAcc>0.556930</vAcc></extensions></trkpt>
      <trkpt lon="114.402298" lat="33.671075"><ele>56.218702</ele><time>2026-02-12T00:22:48Z</time><extensions><speed>2.188435</speed><course>299.107759</course><hAcc>1.240395</hAcc><vAcc>0.556931</vAcc></extensions></trkpt>
      <trkpt lon="114.402277" lat="33.671085"><ele>56.203287</ele><time>2026-02-12T00:22:49Z</time><extensions><speed>2.342488</speed><course>298.175140</course><hAcc>1.238565</hAcc><vAcc>0.556932</vAcc></extensions></trkpt>
      <trkpt lon="114.402255" lat="33.671095"><ele>56.187723</ele><time>2026-02-12T00:22:50Z</time><extensions><speed>2.351091</speed><course>299.280954</course><hAcc>1.242244</hAcc><vAcc>0.556932</vAcc></extensions></trkpt>
      <trkpt lon="114.402233" lat="33.671105"><ele>56.172936</ele><time>2026-02-12T00:22:51Z</time><extensions><speed>2.288936</speed><course>302.559635</course><hAcc>1.245131</hAcc><vAcc>0.556933</vAcc></extensions></trkpt>
      <trkpt lon="114.402212" lat="33.671117"><ele>56.159892</ele><time>2026-02-12T00:22:52Z</time><extensions><speed>2.511464</speed><course>304.575861</course><hAcc>1.251155</hAcc><vAcc>0.556934</vAcc></extensions></trkpt>
      <trkpt lon="114.402190" lat="33.671131"><ele>56.149413</ele><time>2026-02-12T00:22:53Z</time><extensions><speed>2.538857</speed><course>306.054993</course><hAcc>1.251751</hAcc><vAcc>0.556934</vAcc></extensions></trkpt>
      <trkpt lon="114.402168" lat="33.671144"><ele>56.142277</ele><time>2026-02-12T00:22:54Z</time><extensions><speed>2.467039</speed><course>306.303467</course><hAcc>1.258338</hAcc><vAcc>0.556935</vAcc></extensions></trkpt>
      <trkpt lon="114.402146" lat="33.671157"><ele>56.139133</ele><time>2026-02-12T00:22:55Z</time><extensions><speed>2.473578</speed><course>306.859537</course><hAcc>1.268129</hAcc><vAcc>0.556935</vAcc></extensions></trkpt>
      <trkpt lon="114.402125" lat="33.671170"><ele>56.140393</ele><time>2026-02-12T00:22:56Z</time><extensions><speed>2.340051</speed><course>305.476543</course><hAcc>1.267154</hAcc><vAcc>0.556936</vAcc></extensions></trkpt>
      <trkpt lon="114.402105" lat="33.671182"><ele>56.145816</ele><time>2026-02-12T00:22:57Z</time><extensions><speed>2.363226</speed><course>304.352498</course><hAcc>1.265953</hAcc><vAcc>0.556936</vAcc></extensions></trkpt>
      <trkpt lon="114.402083" lat="33.671194"><ele>56.155072</ele><time>2026-02-12T00:22:58Z</time><extensions><speed>2.456049</speed><course>304.100434</course><hAcc>1.266716</hAcc><vAcc>0.556937</vAcc></extensions></trkpt>
      <trkpt lon="114.402061" lat="33.671207"><ele>56.167425</ele><time>2026-02-12T00:22:59Z</time><extensions><speed>2.413042</speed><course>303.761157</course><hAcc>1.265991</hAcc><vAcc>0.556937</vAcc></extensions></trkpt>
      <trkpt lon="114.402040" lat="33.671219"><ele>56.181777</ele><time>2026-02-12T00:23:00Z</time><extensions><speed>2.434399</speed><course>303.773317</course><hAcc>1.264936</hAcc><vAcc>0.556938</vAcc></extensions></trkpt>
      <trkpt lon="114.402017" lat="33.671231"><ele>56.196988</ele><time>2026-02-12T00:23:01Z</time><extensions><speed>2.553110</speed><course>302.802950</course><hAcc>1.264218</hAcc><vAcc>0.556938</vAcc></extensions></trkpt>
      <trkpt lon="114.401994" lat="33.671243"><ele>56.212342</ele><time>2026-02-12T00:23:02Z</time><extensions><speed>2.491016</speed><course>301.064964</course><hAcc>1.255753</hAcc><vAcc>0.556938</vAcc></extensions></trkpt>
      <trkpt lon="114.401971" lat="33.671254"><ele>56.227053</ele><time>2026-02-12T00:23:03Z</time><extensions><speed>2.488573</speed><course>299.854035</course><hAcc>1.253713</hAcc><vAcc>0.556939</vAcc></extensions></trkpt>
      <trkpt lon="114.401947" lat="33.671265"><ele>56.240360</ele><time>2026-02-12T00:23:04Z</time><extensions><speed>2.482486</speed><course>296.496452</course><hAcc>1.254593</hAcc><vAcc>0.556939</vAcc></extensions></trkpt>
      <trkpt lon="114.401923" lat="33.671275"><ele>56.251603</ele><time>2026-02-12T00:23:05Z</time><extensions><speed>2.491020</speed><course>297.861987</course><hAcc>1.252460</hAcc><vAcc>0.556939</vAcc></extensions></trkpt>
      <trkpt lon="114.401900" lat="33.671286"><ele>56.260200</ele><time>2026-02-12T00:23:06Z</time><extensions><speed>2.582532</speed><course>300.336349</course><hAcc>1.252943</hAcc><vAcc>0.556939</vAcc></extensions></trkpt>
      <trkpt lon="114.401876" lat="33.671298"><ele>56.265701</ele><time>2026-02-12T00:23:07Z</time><extensions><speed>2.429994</speed><course>300.274349</course><hAcc>1.258908</hAcc><vAcc>0.556940</vAcc></extensions></trkpt>
      <trkpt lon="114.401854" lat="33.671308"><ele>56.267929</ele><time>2026-02-12T00:23:08Z</time><extensions><speed>2.256655</speed><course>299.652178</course><hAcc>1.257760</hAcc><vAcc>0.556940</vAcc></extensions></trkpt>
      <trkpt lon="114.401833" lat="33.671319"><ele>56.266980</ele><time>2026-02-12T00:23:09Z</time><extensions><speed>2.319911</speed><course>300.325031</course><hAcc>1.252958</hAcc><vAcc>0.556940</vAcc></extensions></trkpt>
      <trkpt lon="114.401811" lat="33.671329"><ele>56.263152</ele><time>2026-02-12T00:23:10Z</time><extensions><speed>2.338788</speed><course>299.829195</course><hAcc>1.246918</hAcc><vAcc>0.556940</vAcc></extensions></trkpt>
      <trkpt lon="114.401789" lat="33.671340"><ele>56.256946</ele><time>2026-02-12T00:23:11Z</time><extensions><speed>2.314589</speed><course>299.552470</course><hAcc>1.237552</hAcc><vAcc>0.556940</vAcc></extensions></trkpt>
      <trkpt lon="114.401767" lat="33.671350"><ele>56.249005</ele><time>2026-02-12T00:23:12Z</time><extensions><speed>2.418070</speed><course>300.488416</course><hAcc>1.233675</hAcc><vAcc>0.556941</vAcc></extensions></trkpt>
      <trkpt lon="114.401745" lat="33.671361"><ele>56.239923</ele><time>2026-02-12T00:23:13Z</time><extensions><speed>2.425948</speed><course>300.955640</course><hAcc>1.222239</hAcc><vAcc>0.556941</vAcc></extensions></trkpt>
      <trkpt lon="114.401723" lat="33.671372"><ele>56.230150</ele><time>2026-02-12T00:23:14Z</time><extensions><speed>2.359757</speed><course>300.421675</course><hAcc>1.211320</hAcc><vAcc>0.556941</vAcc></extensions></trkpt>
      <trkpt lon="114.401700" lat="33.671383"><ele>56.219923</ele><time>2026-02-12T00:23:15Z</time><extensions><speed>2.416288</speed><course>299.954080</course><hAcc>1.213926</hAcc><vAcc>0.556941</vAcc></extensions></trkpt>
      <trkpt lon="114.401678" lat="33.671394"><ele>56.209375</ele><time>2026-02-12T00:23:16Z</time><extensions><speed>2.451373</speed><course>300.191113</course><hAcc>1.220006</hAcc><vAcc>0.556941</vAcc></extensions></trkpt>
      <trkpt lon="114.401655" lat="33.671406"><ele>56.198549</ele><time>2026-02-12T00:23:17Z</time><extensions><speed>2.493371</speed><course>300.748745</course><hAcc>1.207463</hAcc><vAcc>0.556941</vAcc></extensions></trkpt>
      <trkpt lon="114.401631" lat="33.671418"><ele>56.187438</ele><time>2026-02-12T00:23:18Z</time><extensions><speed>2.618730</speed><course>302.093987</course><hAcc>1.208067</hAcc><vAcc>0.556942</vAcc></extensions></trkpt>
      <trkpt lon="114.401607" lat="33.671430"><ele>56.176030</ele><time>2026-02-12T00:23:19Z</time><extensions><speed>2.595057</speed><course>302.330277</course><hAcc>1.213730</hAcc><vAcc>0.556942</vAcc></extensions></trkpt>
      <trkpt lon="114.401584" lat="33.671442"><ele>56.164430</ele><time>2026-02-12T00:23:20Z</time><extensions><speed>2.484478</speed><course>302.820315</course><hAcc>1.217337</hAcc><vAcc>0.556942</vAcc></extensions></trkpt>
      <trkpt lon="114.401561" lat="33.671455"><ele>56.152735</ele><time>2026-02-12T00:23:21Z</time><extensions><speed>2.528125</speed><course>302.685057</course><hAcc>1.223069</hAcc><vAcc>0.556942</vAcc></extensions></trkpt>
      <trkpt lon="114.401538" lat="33.671467"><ele>56.141051</ele><time>2026-02-12T00:23:22Z</time><extensions><speed>2.530634</speed><course>300.102102</course><hAcc>1.224189</hAcc><vAcc>0.556942</vAcc></extensions></trkpt>
      <trkpt lon="114.401515" lat="33.671477"><ele>56.129481</ele><time>2026-02-12T00:23:23Z</time><extensions><speed>2.403564</speed><course>296.445994</course><hAcc>1.232624</hAcc><vAcc>0.556942</vAcc></extensions></trkpt>
      <trkpt lon="114.401491" lat="33.671487"><ele>56.118116</ele><time>2026-02-12T00:23:24Z</time><extensions><speed>2.465881</speed><course>296.302271</course><hAcc>1.247160</hAcc><vAcc>0.556942</vAcc></extensions></trkpt>
      <trkpt lon="114.401467" lat="33.671497"><ele>56.106918</ele><time>2026-02-12T00:23:25Z</time><extensions><speed>2.592021</speed><course>296.627781</course><hAcc>1.248811</hAcc><vAcc>0.556942</vAcc></extensions></trkpt>
      <trkpt lon="114.401442" lat="33.671507"><ele>56.095876</ele><time>2026-02-12T00:23:26Z</time><extensions><speed>2.577446</speed><course>296.272561</course><hAcc>1.253456</hAcc><vAcc>0.556942</vAcc></extensions></trkpt>
      <trkpt lon="114.401417" lat="33.671518"><ele>56.084939</ele><time>2026-02-12T00:23:27Z</time><extensions><speed>2.574830</speed><course>297.721597</course><hAcc>1.257015</hAcc><vAcc>0.556942</vAcc></extensions></trkpt>
      <trkpt lon="114.401393" lat="33.671529"><ele>56.073998</ele><time>2026-02-12T00:23:28Z</time><extensions><speed>2.520185</speed><course>300.605266</course><hAcc>1.264520</hAcc><vAcc>0.556942</vAcc></extensions></trkpt>
      <trkpt lon="114.401370" lat="33.671541"><ele>56.062929</ele><time>2026-02-12T00:23:29Z</time><extensions><speed>2.505689</speed><course>301.865665</course><hAcc>1.272158</hAcc><vAcc>0.556942</vAcc></extensions></trkpt>
      <trkpt lon="114.401347" lat="33.671553"><ele>56.051776</ele><time>2026-02-12T00:23:30Z</time><extensions><speed>2.564002</speed><course>300.532232</course><hAcc>1.274387</hAcc><vAcc>0.556942</vAcc></extensions></trkpt>
      <trkpt lon="114.401323" lat="33.671564"><ele>56.040545</ele><time>2026-02-12T00:23:31Z</time><extensions><speed>2.450311</speed><course>297.986101</course><hAcc>1.267174</hAcc><vAcc>0.556943</vAcc></extensions></trkpt>
      <trkpt lon="114.401300" lat="33.671574"><ele>56.029307</ele><time>2026-02-12T00:23:32Z</time><extensions><speed>2.392647</speed><course>296.879559</course><hAcc>1.258670</hAcc><vAcc>0.556943</vAcc></extensions></trkpt>
      <trkpt lon="114.401277" lat="33.671584"><ele>56.018282</ele><time>2026-02-12T00:23:33Z</time><extensions><speed>2.479811</speed><course>297.897674</course><hAcc>1.257120</hAcc><vAcc>0.556943</vAcc></extensions></trkpt>
      <trkpt lon="114.401253" lat="33.671594"><ele>56.007692</ele><time>2026-02-12T00:23:34Z</time><extensions><speed>2.443458</speed><course>298.083839</course><hAcc>1.257035</hAcc><vAcc>0.556943</vAcc></extensions></trkpt>
      <trkpt lon="114.401230" lat="33.671605"><ele>55.997783</ele><time>2026-02-12T00:23:35Z</time><extensions><speed>2.401983</speed><course>297.618324</course><hAcc>1.254236</hAcc><vAcc>0.556943</vAcc></extensions></trkpt>
      <trkpt lon="114.401207" lat="33.671614"><ele>55.988859</ele><time>2026-02-12T00:23:36Z</time><extensions><speed>2.405719</speed><course>296.758096</course><hAcc>1.250518</hAcc><vAcc>0.556943</vAcc></extensions></trkpt>
      <trkpt lon="114.401183" lat="33.671624"><ele>55.981263</ele><time>2026-02-12T00:23:37Z</time><extensions><speed>2.411310</speed><course>294.707266</course><hAcc>1.244346</hAcc><vAcc>0.556943</vAcc></extensions></trkpt>
      <trkpt lon="114.401160" lat="33.671633"><ele>55.975337</ele><time>2026-02-12T00:23:38Z</time><extensions><speed>2.462083</speed><course>294.244039</course><hAcc>1.234322</hAcc><vAcc>0.556943</vAcc></extensions></trkpt>
      <trkpt lon="114.401135" lat="33.671642"><ele>55.971424</ele><time>2026-02-12T00:23:39Z</time><extensions><speed>2.524246</speed><course>295.387256</course><hAcc>1.231745</hAcc><vAcc>0.556943</vAcc></extensions></trkpt>
      <trkpt lon="114.401111" lat="33.671652"><ele>55.969786</ele><time>2026-02-12T00:23:40Z</time><extensions><speed>2.463200</speed><course>295.957694</course><hAcc>1.227376</hAcc><vAcc>0.556943</vAcc></extensions></trkpt>
      <trkpt lon="114.401087" lat="33.671662"><ele>55.970572</ele><time>2026-02-12T00:23:41Z</time><extensions><speed>2.426249</speed><course>295.444734</course><hAcc>1.221725</hAcc><vAcc>0.556943</vAcc></extensions></trkpt>
      <trkpt lon="114.401063" lat="33.671671"><ele>55.973788</ele><time>2026-02-12T00:23:42Z</time><extensions><speed>2.520327</speed><course>294.820724</course><hAcc>1.224699</hAcc><vAcc>0.556943</vAcc></extensions></trkpt>
      <trkpt lon="114.401038" lat="33.671681"><ele>55.979197</ele><time>2026-02-12T00:23:43Z</time><extensions><speed>2.512407</speed><course>294.696662</course><hAcc>1.227716</hAcc><vAcc>0.556943</vAcc></extensions></trkpt>
      <trkpt lon="114.401013" lat="33.671690"><ele>55.986452</ele><time>2026-02-12T00:23:44Z</time><extensions><speed>2.589446</speed><course>294.708295</course><hAcc>1.235158</hAcc><vAcc>0.556943</vAcc></extensions></trkpt>
      <trkpt lon="114.400987" lat="33.671700"><ele>55.995051</ele><time>2026-02-12T00:23:45Z</time><extensions><speed>2.679500</speed><course>293.860630</course><hAcc>1.231618</hAcc><vAcc>0.556943</vAcc></extensions></trkpt>
      <trkpt lon="114.400961" lat="33.671710"><ele>56.004409</ele><time>2026-02-12T00:23:46Z</time><extensions><speed>2.599822</speed><course>293.940460</course><hAcc>1.234273</hAcc><vAcc>0.556943</vAcc></extensions></trkpt>
      <trkpt lon="114.400936" lat="33.671720"><ele>56.013950</ele><time>2026-02-12T00:23:47Z</time><extensions><speed>2.628986</speed><course>295.843403</course><hAcc>1.238025</hAcc><vAcc>0.556943</vAcc></extensions></trkpt>
      <trkpt lon="114.400910" lat="33.671730"><ele>56.023258</ele><time>2026-02-12T00:23:48Z</time><extensions><speed>2.624459</speed><course>296.668237</course><hAcc>1.238419</hAcc><vAcc>0.556943</vAcc></extensions></trkpt>
      <trkpt lon="114.400885" lat="33.671740"><ele>56.031951</ele><time>2026-02-12T00:23:49Z</time><extensions><speed>2.555837</speed><course>295.131938</course><hAcc>1.238562</hAcc><vAcc>0.556943</vAcc></extensions></trkpt>
      <trkpt lon="114.400860" lat="33.671750"><ele>56.039656</ele><time>2026-02-12T00:23:50Z</time><extensions><speed>2.517549</speed><course>293.317598</course><hAcc>1.238393</hAcc><vAcc>0.556943</vAcc></extensions></trkpt>
      <trkpt lon="114.400836" lat="33.671758"><ele>56.046029</ele><time>2026-02-12T00:23:51Z</time><extensions><speed>2.373631</speed><course>292.410096</course><hAcc>1.235641</hAcc><vAcc>0.556943</vAcc></extensions></trkpt>
      <trkpt lon="114.400812" lat="33.671767"><ele>56.050816</ele><time>2026-02-12T00:23:52Z</time><extensions><speed>2.434550</speed><course>294.626366</course><hAcc>1.229917</hAcc><vAcc>0.556943</vAcc></extensions></trkpt>
      <trkpt lon="114.400788" lat="33.671777"><ele>56.054180</ele><time>2026-02-12T00:23:53Z</time><extensions><speed>2.623025</speed><course>296.569616</course><hAcc>1.225402</hAcc><vAcc>0.556943</vAcc></extensions></trkpt>
      <trkpt lon="114.400763" lat="33.671787"><ele>56.056374</ele><time>2026-02-12T00:23:54Z</time><extensions><speed>2.545863</speed><course>296.719628</course><hAcc>1.219999</hAcc><vAcc>0.556943</vAcc></extensions></trkpt>
      <trkpt lon="114.400738" lat="33.671797"><ele>56.057727</ele><time>2026-02-12T00:23:55Z</time><extensions><speed>2.492802</speed><course>296.203985</course><hAcc>1.223920</hAcc><vAcc>0.556943</vAcc></extensions></trkpt>
      <trkpt lon="114.400714" lat="33.671807"><ele>56.058633</ele><time>2026-02-12T00:23:56Z</time><extensions><speed>2.563060</speed><course>296.169926</course><hAcc>1.237505</hAcc><vAcc>0.556943</vAcc></extensions></trkpt>
      <trkpt lon="114.400689" lat="33.671817"><ele>56.059525</ele><time>2026-02-12T00:23:57Z</time><extensions><speed>2.582657</speed><course>295.050168</course><hAcc>1.239539</hAcc><vAcc>0.556943</vAcc></extensions></trkpt>
      <trkpt lon="114.400664" lat="33.671827"><ele>56.060819</ele><time>2026-02-12T00:23:58Z</time><extensions><speed>2.570638</speed><course>294.724405</course><hAcc>1.244592</hAcc><vAcc>0.556943</vAcc></extensions></trkpt>
      <trkpt lon="114.400638" lat="33.671837"><ele>56.062901</ele><time>2026-02-12T00:23:59Z</time><extensions><speed>2.573003</speed><course>292.904290</course><hAcc>1.258007</hAcc><vAcc>0.556943</vAcc></extensions></trkpt>
      <trkpt lon="114.400613" lat="33.671845"><ele>56.066028</ele><time>2026-02-12T00:24:00Z</time><extensions><speed>2.492809</speed><course>290.028487</course><hAcc>1.259190</hAcc><vAcc>0.556943</vAcc></extensions></trkpt>
      <trkpt lon="114.400588" lat="33.671853"><ele>56.070226</ele><time>2026-02-12T00:24:01Z</time><extensions><speed>2.504647</speed><course>290.908131</course><hAcc>1.265584</hAcc><vAcc>0.556943</vAcc></extensions></trkpt>
      <trkpt lon="114.400562" lat="33.671861"><ele>56.075462</ele><time>2026-02-12T00:24:02Z</time><extensions><speed>2.592670</speed><course>292.368955</course><hAcc>1.274364</hAcc><vAcc>0.556943</vAcc></extensions></trkpt>
      <trkpt lon="114.400536" lat="33.671870"><ele>56.081545</ele><time>2026-02-12T00:24:03Z</time><extensions><speed>2.529759</speed><course>291.636076</course><hAcc>1.270289</hAcc><vAcc>0.556944</vAcc></extensions></trkpt>
      <trkpt lon="114.400511" lat="33.671879"><ele>56.088144</ele><time>2026-02-12T00:24:04Z</time><extensions><speed>2.536906</speed><course>292.750307</course><hAcc>1.265425</hAcc><vAcc>0.556944</vAcc></extensions></trkpt>
      <trkpt lon="114.400486" lat="33.671888"><ele>56.094841</ele><time>2026-02-12T00:24:05Z</time><extensions><speed>2.584896</speed><course>295.151129</course><hAcc>1.264164</hAcc><vAcc>0.556946</vAcc></extensions></trkpt>
      <trkpt lon="114.400461" lat="33.671898"><ele>56.101224</ele><time>2026-02-12T00:24:06Z</time><extensions><speed>2.486723</speed><course>296.842812</course><hAcc>1.255066</hAcc><vAcc>0.556948</vAcc></extensions></trkpt>
      <trkpt lon="114.400437" lat="33.671909"><ele>56.106852</ele><time>2026-02-12T00:24:07Z</time><extensions><speed>2.631242</speed><course>297.341742</course><hAcc>1.253766</hAcc><vAcc>0.556951</vAcc></extensions></trkpt>
      <trkpt lon="114.400411" lat="33.671919"><ele>56.111400</ele><time>2026-02-12T00:24:08Z</time><extensions><speed>2.633170</speed><course>295.487343</course><hAcc>1.255910</hAcc><vAcc>0.556954</vAcc></extensions></trkpt>
      <trkpt lon="114.400386" lat="33.671929"><ele>56.114638</ele><time>2026-02-12T00:24:09Z</time><extensions><speed>2.519283</speed><course>292.934453</course><hAcc>1.255350</hAcc><vAcc>0.556960</vAcc></extensions></trkpt>
      <trkpt lon="114.400361" lat="33.671938"><ele>56.116444</ele><time>2026-02-12T00:24:10Z</time><extensions><speed>2.551912</speed><course>293.387476</course><hAcc>1.265341</hAcc><vAcc>0.556967</vAcc></extensions></trkpt>
      <trkpt lon="114.400335" lat="33.671947"><ele>56.116930</ele><time>2026-02-12T00:24:11Z</time><extensions><speed>2.664887</speed><course>294.521041</course><hAcc>1.250571</hAcc><vAcc>0.556977</vAcc></extensions></trkpt>
      <trkpt lon="114.400309" lat="33.671957"><ele>56.116328</ele><time>2026-02-12T00:24:12Z</time><extensions><speed>2.577132</speed><course>294.119288</course><hAcc>1.243003</hAcc><vAcc>0.556987</vAcc></extensions></trkpt>
      <trkpt lon="114.400284" lat="33.671967"><ele>56.114888</ele><time>2026-02-12T00:24:13Z</time><extensions><speed>2.613446</speed><course>295.450582</course><hAcc>1.242798</hAcc><vAcc>0.556994</vAcc></extensions></trkpt>
      <trkpt lon="114.400259" lat="33.671977"><ele>56.112857</ele><time>2026-02-12T00:24:14Z</time><extensions><speed>2.569437</speed><course>295.088057</course><hAcc>1.243894</hAcc><vAcc>0.556997</vAcc></extensions></trkpt>
      <trkpt lon="114.400233" lat="33.671986"><ele>56.110529</ele><time>2026-02-12T00:24:15Z</time><extensions><speed>2.539436</speed><course>292.820864</course><hAcc>1.243025</hAcc><vAcc>0.556999</vAcc></extensions></trkpt>
      <trkpt lon="114.400208" lat="33.671995"><ele>56.108216</ele><time>2026-02-12T00:24:16Z</time><extensions><speed>2.630441</speed><course>291.925392</course><hAcc>1.246185</hAcc><vAcc>0.556998</vAcc></extensions></trkpt>
      <trkpt lon="114.400181" lat="33.672003"><ele>56.106180</ele><time>2026-02-12T00:24:17Z</time><extensions><speed>2.575019</speed><course>290.199745</course><hAcc>1.248199</hAcc><vAcc>0.556997</vAcc></extensions></trkpt>
      <trkpt lon="114.400156" lat="33.672011"><ele>56.104573</ele><time>2026-02-12T00:24:18Z</time><extensions><speed>2.464076</speed><course>288.459002</course><hAcc>1.255697</hAcc><vAcc>0.556995</vAcc></extensions></trkpt>
      <trkpt lon="114.400130" lat="33.672018"><ele>56.103420</ele><time>2026-02-12T00:24:19Z</time><extensions><speed>2.530311</speed><course>288.269390</course><hAcc>1.272193</hAcc><vAcc>0.556993</vAcc></extensions></trkpt>
      <trkpt lon="114.400105" lat="33.672025"><ele>56.102653</ele><time>2026-02-12T00:24:20Z</time><extensions><speed>2.487030</speed><course>288.243721</course><hAcc>1.273203</hAcc><vAcc>0.556991</vAcc></extensions></trkpt>
      <trkpt lon="114.400079" lat="33.672032"><ele>56.102070</ele><time>2026-02-12T00:24:21Z</time><extensions><speed>2.535571</speed><course>289.096479</course><hAcc>1.274290</hAcc><vAcc>0.556988</vAcc></extensions></trkpt>
      <trkpt lon="114.400053" lat="33.672040"><ele>56.101414</ele><time>2026-02-12T00:24:22Z</time><extensions><speed>2.648605</speed><course>288.299892</course><hAcc>1.279034</hAcc><vAcc>0.556986</vAcc></extensions></trkpt>
      <trkpt lon="114.400026" lat="33.672047"><ele>56.100462</ele><time>2026-02-12T00:24:23Z</time><extensions><speed>2.543045</speed><course>285.767783</course><hAcc>1.278741</hAcc><vAcc>0.556984</vAcc></extensions></trkpt>
      <trkpt lon="114.400000" lat="33.672053"><ele>56.099097</ele><time>2026-02-12T00:24:24Z</time><extensions><speed>2.493605</speed><course>284.662277</course><hAcc>1.278099</hAcc><vAcc>0.556981</vAcc></extensions></trkpt>
      <trkpt lon="114.399973" lat="33.672058"><ele>56.097238</ele><time>2026-02-12T00:24:25Z</time><extensions><speed>2.504718</speed><course>283.377876</course><hAcc>1.270714</hAcc><vAcc>0.556979</vAcc></extensions></trkpt>
      <trkpt lon="114.399948" lat="33.672063"><ele>56.095000</ele><time>2026-02-12T00:24:26Z</time><extensions><speed>2.381921</speed><course>280.981626</course><hAcc>1.270654</hAcc><vAcc>0.556977</vAcc></extensions></trkpt>
      <trkpt lon="114.399923" lat="33.672067"><ele>56.092558</ele><time>2026-02-12T00:24:27Z</time><extensions><speed>2.365392</speed><course>280.969331</course><hAcc>1.275198</hAcc><vAcc>0.556975</vAcc></extensions></trkpt>
      <trkpt lon="114.399897" lat="33.672071"><ele>56.090169</ele><time>2026-02-12T00:24:28Z</time><extensions><speed>2.378978</speed><course>280.143777</course><hAcc>1.265821</hAcc><vAcc>0.556973</vAcc></extensions></trkpt>
      <trkpt lon="114.399872" lat="33.672074"><ele>56.088232</ele><time>2026-02-12T00:24:29Z</time><extensions><speed>2.333397</speed><course>277.695187</course><hAcc>1.260488</hAcc><vAcc>0.556971</vAcc></extensions></trkpt>
      <trkpt lon="114.399847" lat="33.672077"><ele>56.087183</ele><time>2026-02-12T00:24:30Z</time><extensions><speed>2.382186</speed><course>276.883292</course><hAcc>1.260410</hAcc><vAcc>0.556969</vAcc></extensions></trkpt>
      <trkpt lon="114.399822" lat="33.672079"><ele>56.087234</ele><time>2026-02-12T00:24:31Z</time><extensions><speed>2.305550</speed><course>274.843425</course><hAcc>1.253401</hAcc><vAcc>0.556967</vAcc></extensions></trkpt>
      <trkpt lon="114.399797" lat="33.672080"><ele>56.088531</ele><time>2026-02-12T00:24:32Z</time><extensions><speed>2.214847</speed><course>272.577937</course><hAcc>1.249342</hAcc><vAcc>0.556966</vAcc></extensions></trkpt>
      <trkpt lon="114.399773" lat="33.672081"><ele>56.091226</ele><time>2026-02-12T00:24:33Z</time><extensions><speed>2.323094</speed><course>272.275868</course><hAcc>1.253091</hAcc><vAcc>0.556964</vAcc></extensions></trkpt>
      <trkpt lon="114.399748" lat="33.672081"><ele>56.095524</ele><time>2026-02-12T00:24:34Z</time><extensions><speed>2.381932</speed><course>270.133269</course><hAcc>1.250685</hAcc><vAcc>0.556963</vAcc></extensions></trkpt>
      <trkpt lon="114.399722" lat="33.672081"><ele>56.101529</ele><time>2026-02-12T00:24:35Z</time><extensions><speed>2.378178</speed><course>267.408691</course><hAcc>1.245307</hAcc><vAcc>0.556962</vAcc></extensions></trkpt>
      <trkpt lon="114.399696" lat="33.672080"><ele>56.109211</ele><time>2026-02-12T00:24:36Z</time><extensions><speed>2.483827</speed><course>267.635778</course><hAcc>1.247595</hAcc><vAcc>0.556961</vAcc></extensions></trkpt>
      <trkpt lon="114.399669" lat="33.672079"><ele>56.118417</ele><time>2026-02-12T00:24:37Z</time><extensions><speed>2.495779</speed><course>267.247961</course><hAcc>1.244154</hAcc><vAcc>0.556960</vAcc></extensions></trkpt>
      <trkpt lon="114.399642" lat="33.672078"><ele>56.128913</ele><time>2026-02-12T00:24:39Z</time><extensions><speed>2.520852</speed><course>266.682436</course><hAcc>1.239390</hAcc><vAcc>0.556959</vAcc></extensions></trkpt>
      <trkpt lon="114.399614" lat="33.672076"><ele>56.140505</ele><time>2026-02-12T00:24:40Z</time><extensions><speed>2.688106</speed><course>266.446185</course><hAcc>1.236814</hAcc><vAcc>0.556958</vAcc></extensions></trkpt>
      <trkpt lon="114.399585" lat="33.672075"><ele>56.152972</ele><time>2026-02-12T00:24:41Z</time><extensions><speed>2.685640</speed><course>265.133768</course><hAcc>1.236346</hAcc><vAcc>0.556957</vAcc></extensions></trkpt>
      <trkpt lon="114.399556" lat="33.672073"><ele>56.166062</ele><time>2026-02-12T00:24:42Z</time><extensions><speed>2.657213</speed><course>265.797727</course><hAcc>1.238141</hAcc><vAcc>0.556956</vAcc></extensions></trkpt>
      <trkpt lon="114.399527" lat="33.672071"><ele>56.179549</ele><time>2026-02-12T00:24:43Z</time><extensions><speed>2.675083</speed><course>265.811578</course><hAcc>1.235654</hAcc><vAcc>0.556955</vAcc></extensions></trkpt>
      <trkpt lon="114.399499" lat="33.672069"><ele>56.193288</ele><time>2026-02-12T00:24:44Z</time><extensions><speed>2.601542</speed><course>265.515864</course><hAcc>1.231174</hAcc><vAcc>0.556954</vAcc></extensions></trkpt>
      <trkpt lon="114.399471" lat="33.672067"><ele>56.207241</ele><time>2026-02-12T00:24:45Z</time><extensions><speed>2.534747</speed><course>266.042876</course><hAcc>1.231124</hAcc><vAcc>0.556954</vAcc></extensions></trkpt>
      <trkpt lon="114.399444" lat="33.672066"><ele>56.221386</ele><time>2026-02-12T00:24:46Z</time><extensions><speed>2.495136</speed><course>266.297893</course><hAcc>1.235467</hAcc><vAcc>0.556953</vAcc></extensions></trkpt>
      <trkpt lon="114.399418" lat="33.672064"><ele>56.235859</ele><time>2026-02-12T00:24:47Z</time><extensions><speed>2.418077</speed><course>266.382715</course><hAcc>1.232820</hAcc><vAcc>0.556952</vAcc></extensions></trkpt>
      <trkpt lon="114.399392" lat="33.672063"><ele>56.250988</ele><time>2026-02-12T00:24:48Z</time><extensions><speed>2.416401</speed><course>266.311026</course><hAcc>1.235034</hAcc><vAcc>0.556952</vAcc></extensions></trkpt>
      <trkpt lon="114.399365" lat="33.672062"><ele>56.267089</ele><time>2026-02-12T00:24:49Z</time><extensions><speed>2.484029</speed><course>265.649701</course><hAcc>1.239495</hAcc><vAcc>0.556951</vAcc></extensions></trkpt>
      <trkpt lon="114.399339" lat="33.672059"><ele>56.284087</ele><time>2026-02-12T00:24:50Z</time><extensions><speed>2.414055</speed><course>262.937307</course><hAcc>1.246412</hAcc><vAcc>0.556951</vAcc></extensions></trkpt>
      <trkpt lon="114.399313" lat="33.672056"><ele>56.301866</ele><time>2026-02-12T00:24:51Z</time><extensions><speed>2.434842</speed><course>261.430213</course><hAcc>1.259952</hAcc><vAcc>0.556950</vAcc></extensions></trkpt>
      <trkpt lon="114.399286" lat="33.672053"><ele>56.320226</ele><time>2026-02-12T00:24:52Z</time><extensions><speed>2.557925</speed><course>261.176256</course><hAcc>1.264564</hAcc><vAcc>0.556950</vAcc></extensions></trkpt>
      <trkpt lon="114.399259" lat="33.672049"><ele>56.338817</ele><time>2026-02-12T00:24:53Z</time><extensions><speed>2.535577</speed><course>259.584802</course><hAcc>1.267781</hAcc><vAcc>0.556950</vAcc></extensions></trkpt>
      <trkpt lon="114.399232" lat="33.672045"><ele>56.357294</ele><time>2026-02-12T00:24:54Z</time><extensions><speed>2.643089</speed><course>257.888719</course><hAcc>1.276351</hAcc><vAcc>0.556949</vAcc></extensions></trkpt>
      <trkpt lon="114.399204" lat="33.672039"><ele>56.375390</ele><time>2026-02-12T00:24:55Z</time><extensions><speed>2.686263</speed><course>256.027994</course><hAcc>1.282227</hAcc><vAcc>0.556949</vAcc></extensions></trkpt>
      <trkpt lon="114.399176" lat="33.672033"><ele>56.392808</ele><time>2026-02-12T00:24:56Z</time><extensions><speed>2.616990</speed><course>253.892227</course><hAcc>1.282684</hAcc><vAcc>0.556948</vAcc></extensions></trkpt>
      <trkpt lon="114.399149" lat="33.672027"><ele>56.409200</ele><time>2026-02-12T00:24:57Z</time><extensions><speed>2.651279</speed><course>255.042123</course><hAcc>1.290738</hAcc><vAcc>0.556948</vAcc></extensions></trkpt>
      <trkpt lon="114.399122" lat="33.672021"><ele>56.424203</ele><time>2026-02-12T00:24:58Z</time><extensions><speed>2.619611</speed><course>256.321286</course><hAcc>1.291168</hAcc><vAcc>0.556948</vAcc></extensions></trkpt>
      <trkpt lon="114.399095" lat="33.672015"><ele>56.437439</ele><time>2026-02-12T00:24:59Z</time><extensions><speed>2.501728</speed><course>257.772550</course><hAcc>1.288333</hAcc><vAcc>0.556947</vAcc></extensions></trkpt>
      <trkpt lon="114.399068" lat="33.672011"><ele>56.448575</ele><time>2026-02-12T00:25:00Z</time><extensions><speed>2.499371</speed><course>258.555181</course><hAcc>1.294371</hAcc><vAcc>0.556947</vAcc></extensions></trkpt>
      <trkpt lon="114.399042" lat="33.672006"><ele>56.457416</ele><time>2026-02-12T00:25:01Z</time><extensions><speed>2.465925</speed><course>257.057617</course><hAcc>1.297552</hAcc><vAcc>0.556947</vAcc></extensions></trkpt>
      <trkpt lon="114.399017" lat="33.672001"><ele>56.463942</ele><time>2026-02-12T00:25:02Z</time><extensions><speed>2.361643</speed><course>254.773102</course><hAcc>1.292573</hAcc><vAcc>0.556947</vAcc></extensions></trkpt>
      <trkpt lon="114.398992" lat="33.671995"><ele>56.468340</ele><time>2026-02-12T00:25:03Z</time><extensions><speed>2.458587</speed><course>252.563818</course><hAcc>1.289523</hAcc><vAcc>0.556947</vAcc></extensions></trkpt>
      <trkpt lon="114.398967" lat="33.671988"><ele>56.470914</ele><time>2026-02-12T00:25:04Z</time><extensions><speed>2.441013</speed><course>249.582044</course><hAcc>1.288481</hAcc><vAcc>0.556946</vAcc></extensions></trkpt>
      <trkpt lon="114.398943" lat="33.671979"><ele>56.472294</ele><time>2026-02-12T00:25:05Z</time><extensions><speed>2.341057</speed><course>245.272325</course><hAcc>1.284785</hAcc><vAcc>0.556946</vAcc></extensions></trkpt>
      <trkpt lon="114.398920" lat="33.671970"><ele>56.473283</ele><time>2026-02-12T00:25:06Z</time><extensions><speed>2.396355</speed><course>241.287968</course><hAcc>1.285898</hAcc><vAcc>0.556946</vAcc></extensions></trkpt>
      <trkpt lon="114.398898" lat="33.671958"><ele>56.474683</ele><time>2026-02-12T00:25:07Z</time><extensions><speed>2.451598</speed><course>237.251624</course><hAcc>1.280387</hAcc><vAcc>0.556946</vAcc></extensions></trkpt>
      <trkpt lon="114.398876" lat="33.671946"><ele>56.477776</ele><time>2026-02-12T00:25:08Z</time><extensions><speed>2.381380</speed><course>234.292329</course><hAcc>1.276482</hAcc><vAcc>0.556946</vAcc></extensions></trkpt>
      <trkpt lon="114.398856" lat="33.671933"><ele>56.483775</ele><time>2026-02-12T00:25:09Z</time><extensions><speed>2.411337</speed><course>232.977762</course><hAcc>1.273639</hAcc><vAcc>0.556946</vAcc></extensions></trkpt>
      <trkpt lon="114.398835" lat="33.671920"><ele>56.493688</ele><time>2026-02-12T00:25:10Z</time><extensions><speed>2.383548</speed><course>230.372427</course><hAcc>1.275786</hAcc><vAcc>0.556945</vAcc></extensions></trkpt>
      <trkpt lon="114.398816" lat="33.671906"><ele>56.508322</ele><time>2026-02-12T00:25:11Z</time><extensions><speed>2.399436</speed><course>228.832389</course><hAcc>1.276833</hAcc><vAcc>0.556945</vAcc></extensions></trkpt>
      <trkpt lon="114.398796" lat="33.671891"><ele>56.528433</ele><time>2026-02-12T00:25:12Z</time><extensions><speed>2.458931</speed><course>228.062440</course><hAcc>1.276554</hAcc><vAcc>0.556945</vAcc></extensions></trkpt>
      <trkpt lon="114.398777" lat="33.671877"><ele>56.554061</ele><time>2026-02-12T00:25:13Z</time><extensions><speed>2.389526</speed><course>226.281196</course><hAcc>1.275736</hAcc><vAcc>0.556945</vAcc></extensions></trkpt>
      <trkpt lon="114.398759" lat="33.671861"><ele>56.585108</ele><time>2026-02-12T00:25:14Z</time><extensions><speed>2.353103</speed><course>222.381560</course><hAcc>1.278933</hAcc><vAcc>0.556945</vAcc></extensions></trkpt>
      <trkpt lon="114.398742" lat="33.671845"><ele>56.621179</ele><time>2026-02-12T00:25:15Z</time><extensions><speed>2.430810</speed><course>218.724192</course><hAcc>1.280465</hAcc><vAcc>0.556945</vAcc></extensions></trkpt>
      <trkpt lon="114.398726" lat="33.671828"><ele>56.661504</ele><time>2026-02-12T00:25:16Z</time><extensions><speed>2.442789</speed><course>217.620897</course><hAcc>1.289034</hAcc><vAcc>0.556945</vAcc></extensions></trkpt>
      <trkpt lon="114.398710" lat="33.671810"><ele>56.705040</ele><time>2026-02-12T00:25:17Z</time><extensions><speed>2.593308</speed><course>217.008874</course><hAcc>1.297935</hAcc><vAcc>0.556945</vAcc></extensions></trkpt>
      <trkpt lon="114.398693" lat="33.671791"><ele>56.750598</ele><time>2026-02-12T00:25:18Z</time><extensions><speed>2.547595</speed><course>214.779394</course><hAcc>1.295678</hAcc><vAcc>0.556945</vAcc></extensions></trkpt>
      <trkpt lon="114.398679" lat="33.671772"><ele>56.796802</ele><time>2026-02-12T00:25:19Z</time><extensions><speed>2.368068</speed><course>211.688070</course><hAcc>1.293430</hAcc><vAcc>0.556944</vAcc></extensions></trkpt>
      <trkpt lon="114.398665" lat="33.671754"><ele>56.842212</ele><time>2026-02-12T00:25:20Z</time><extensions><speed>2.465177</speed><course>211.547018</course><hAcc>1.293158</hAcc><vAcc>0.556944</vAcc></extensions></trkpt>
      <trkpt lon="114.398651" lat="33.671735"><ele>56.885480</ele><time>2026-02-12T00:25:21Z</time><extensions><speed>2.472744</speed><course>211.938113</course><hAcc>1.289310</hAcc><vAcc>0.556944</vAcc></extensions></trkpt>
      <trkpt lon="114.398637" lat="33.671716"><ele>56.925471</ele><time>2026-02-12T00:25:22Z</time><extensions><speed>2.450063</speed><course>212.029995</course><hAcc>1.291447</hAcc><vAcc>0.556944</vAcc></extensions></trkpt>
      <trkpt lon="114.398623" lat="33.671697"><ele>56.961497</ele><time>2026-02-12T00:25:23Z</time><extensions><speed>2.550117</speed><course>211.877380</course><hAcc>1.289473</hAcc><vAcc>0.556944</vAcc></extensions></trkpt>
      <trkpt lon="114.398608" lat="33.671678"><ele>56.993265</ele><time>2026-02-12T00:25:24Z</time><extensions><speed>2.494549</speed><course>212.720418</course><hAcc>1.285438</hAcc><vAcc>0.556944</vAcc></extensions></trkpt>
      <trkpt lon="114.398594" lat="33.671659"><ele>57.020726</ele><time>2026-02-12T00:25:25Z</time><extensions><speed>2.412466</speed><course>212.759197</course><hAcc>1.279901</hAcc><vAcc>0.556944</vAcc></extensions></trkpt>
      <trkpt lon="114.398579" lat="33.671641"><ele>57.043791</ele><time>2026-02-12T00:25:26Z</time><extensions><speed>2.509457</speed><course>214.218658</course><hAcc>1.276940</hAcc><vAcc>0.556944</vAcc></extensions></trkpt>
      <trkpt lon="114.398565" lat="33.671622"><ele>57.062589</ele><time>2026-02-12T00:25:27Z</time><extensions><speed>2.497459</speed><course>212.668797</course><hAcc>1.274525</hAcc><vAcc>0.556944</vAcc></extensions></trkpt>
      <trkpt lon="114.398550" lat="33.671602"><ele>57.077446</ele><time>2026-02-12T00:25:28Z</time><extensions><speed>2.612705</speed><course>212.230904</course><hAcc>1.274777</hAcc><vAcc>0.556944</vAcc></extensions></trkpt>
      <trkpt lon="114.398535" lat="33.671582"><ele>57.088763</ele><time>2026-02-12T00:25:29Z</time><extensions><speed>2.691881</speed><course>211.574663</course><hAcc>1.267068</hAcc><vAcc>0.556944</vAcc></extensions></trkpt>
      <trkpt lon="114.398520" lat="33.671562"><ele>57.096853</ele><time>2026-02-12T00:25:30Z</time><extensions><speed>2.546428</speed><course>210.542460</course><hAcc>1.262916</hAcc><vAcc>0.556944</vAcc></extensions></trkpt>
      <trkpt lon="114.398506" lat="33.671542"><ele>57.101404</ele><time>2026-02-12T00:25:31Z</time><extensions><speed>2.540813</speed><course>209.640835</course><hAcc>1.257249</hAcc><vAcc>0.556944</vAcc></extensions></trkpt>
      <trkpt lon="114.398494" lat="33.671523"><ele>57.102083</ele><time>2026-02-12T00:25:32Z</time><extensions><speed>2.390657</speed><course>208.057529</course><hAcc>1.251497</hAcc><vAcc>0.556944</vAcc></extensions></trkpt>
      <trkpt lon="114.398482" lat="33.671504"><ele>57.098170</ele><time>2026-02-12T00:25:33Z</time><extensions><speed>2.277741</speed><course>206.944455</course><hAcc>1.244412</hAcc><vAcc>0.556944</vAcc></extensions></trkpt>
      <trkpt lon="114.398470" lat="33.671486"><ele>57.088657</ele><time>2026-02-12T00:25:34Z</time><extensions><speed>2.322510</speed><course>208.352097</course><hAcc>1.239344</hAcc><vAcc>0.556944</vAcc></extensions></trkpt>
      <trkpt lon="114.398459" lat="33.671467"><ele>57.072532</ele><time>2026-02-12T00:25:35Z</time><extensions><speed>2.367406</speed><course>207.517506</course><hAcc>1.228899</hAcc><vAcc>0.556944</vAcc></extensions></trkpt>
      <trkpt lon="114.398447" lat="33.671448"><ele>57.049488</ele><time>2026-02-12T00:25:36Z</time><extensions><speed>2.335571</speed><course>207.175318</course><hAcc>1.225567</hAcc><vAcc>0.556944</vAcc></extensions></trkpt>
      <trkpt lon="114.398435" lat="33.671429"><ele>57.019252</ele><time>2026-02-12T00:25:37Z</time><extensions><speed>2.491611</speed><course>207.874799</course><hAcc>1.229454</hAcc><vAcc>0.556944</vAcc></extensions></trkpt>
      <trkpt lon="114.398422" lat="33.671409"><ele>56.981893</ele><time>2026-02-12T00:25:38Z</time><extensions><speed>2.492281</speed><course>208.984961</course><hAcc>1.227824</hAcc><vAcc>0.556944</vAcc></extensions></trkpt>
      <trkpt lon="114.398409" lat="33.671389"><ele>56.937856</ele><time>2026-02-12T00:25:39Z</time><extensions><speed>2.540479</speed><course>210.126373</course><hAcc>1.229964</hAcc><vAcc>0.556944</vAcc></extensions></trkpt>
      <trkpt lon="114.398394" lat="33.671369"><ele>56.887739</ele><time>2026-02-12T00:25:40Z</time><extensions><speed>2.616208</speed><course>211.888558</course><hAcc>1.233306</hAcc><vAcc>0.556944</vAcc></extensions></trkpt>
      <trkpt lon="114.398380" lat="33.671350"><ele>56.832510</ele><time>2026-02-12T00:25:41Z</time><extensions><speed>2.505836</speed><course>209.070578</course><hAcc>1.235967</hAcc><vAcc>0.556944</vAcc></extensions></trkpt>
      <trkpt lon="114.398368" lat="33.671330"><ele>56.773443</ele><time>2026-02-12T00:25:42Z</time><extensions><speed>2.471840</speed><course>206.783498</course><hAcc>1.240177</hAcc><vAcc>0.556944</vAcc></extensions></trkpt>
      <trkpt lon="114.398355" lat="33.671310"><ele>56.712095</ele><time>2026-02-12T00:25:43Z</time><extensions><speed>2.537680</speed><course>209.064606</course><hAcc>1.238468</hAcc><vAcc>0.556944</vAcc></extensions></trkpt>
      <trkpt lon="114.398342" lat="33.671290"><ele>56.650243</ele><time>2026-02-12T00:25:44Z</time><extensions><speed>2.496601</speed><course>210.736396</course><hAcc>1.241183</hAcc><vAcc>0.556944</vAcc></extensions></trkpt>
      <trkpt lon="114.398328" lat="33.671271"><ele>56.589721</ele><time>2026-02-12T00:25:45Z</time><extensions><speed>2.522890</speed><course>210.670358</course><hAcc>1.252202</hAcc><vAcc>0.556944</vAcc></extensions></trkpt>
      <trkpt lon="114.398314" lat="33.671251"><ele>56.532217</ele><time>2026-02-12T00:25:46Z</time><extensions><speed>2.551332</speed><course>209.949041</course><hAcc>1.247046</hAcc><vAcc>0.556944</vAcc></extensions></trkpt>
      <trkpt lon="114.398301" lat="33.671231"><ele>56.479123</ele><time>2026-02-12T00:25:47Z</time><extensions><speed>2.397028</speed><course>209.554408</course><hAcc>1.242546</hAcc><vAcc>0.556944</vAcc></extensions></trkpt>
      <trkpt lon="114.398287" lat="33.671213"><ele>56.431394</ele><time>2026-02-12T00:25:48Z</time><extensions><speed>2.417992</speed><course>213.146513</course><hAcc>1.243901</hAcc><vAcc>0.556943</vAcc></extensions></trkpt>
      <trkpt lon="114.398273" lat="33.671195"><ele>56.389401</ele><time>2026-02-12T00:25:49Z</time><extensions><speed>2.425801</speed><course>213.887069</course><hAcc>1.240247</hAcc><vAcc>0.556943</vAcc></extensions></trkpt>
      <trkpt lon="114.398259" lat="33.671177"><ele>56.353156</ele><time>2026-02-12T00:25:50Z</time><extensions><speed>2.408001</speed><course>212.612876</course><hAcc>1.237993</hAcc><vAcc>0.556943</vAcc></extensions></trkpt>
      <trkpt lon="114.398245" lat="33.671158"><ele>56.322114</ele><time>2026-02-12T00:25:51Z</time><extensions><speed>2.516577</speed><course>211.386355</course><hAcc>1.240895</hAcc><vAcc>0.556943</vAcc></extensions></trkpt>
      <trkpt lon="114.398231" lat="33.671138"><ele>56.295404</ele><time>2026-02-12T00:25:52Z</time><extensions><speed>2.501924</speed><course>208.736960</course><hAcc>1.237936</hAcc><vAcc>0.556943</vAcc></extensions></trkpt>
      <trkpt lon="114.398218" lat="33.671119"><ele>56.272069</ele><time>2026-02-12T00:25:53Z</time><extensions><speed>2.441568</speed><course>208.387969</course><hAcc>1.232876</hAcc><vAcc>0.556943</vAcc></extensions></trkpt>
      <trkpt lon="114.398206" lat="33.671099"><ele>56.251435</ele><time>2026-02-12T00:25:54Z</time><extensions><speed>2.472003</speed><course>208.586403</course><hAcc>1.233037</hAcc><vAcc>0.556943</vAcc></extensions></trkpt>
      <trkpt lon="114.398193" lat="33.671080"><ele>56.232761</ele><time>2026-02-12T00:25:55Z</time><extensions><speed>2.405589</speed><course>209.290632</course><hAcc>1.228996</hAcc><vAcc>0.556943</vAcc></extensions></trkpt>
      <trkpt lon="114.398180" lat="33.671061"><ele>56.215613</ele><time>2026-02-12T00:25:56Z</time><extensions><speed>2.425049</speed><course>209.198178</course><hAcc>1.225659</hAcc><vAcc>0.556943</vAcc></extensions></trkpt>
      <trkpt lon="114.398167" lat="33.671041"><ele>56.199791</ele><time>2026-02-12T00:25:57Z</time><extensions><speed>2.498405</speed><course>208.924024</course><hAcc>1.223763</hAcc><vAcc>0.556943</vAcc></extensions></trkpt>
      <trkpt lon="114.398154" lat="33.671022"><ele>56.185220</ele><time>2026-02-12T00:25:58Z</time><extensions><speed>2.456013</speed><course>209.901262</course><hAcc>1.224439</hAcc><vAcc>0.556943</vAcc></extensions></trkpt>
      <trkpt lon="114.398141" lat="33.671003"><ele>56.171943</ele><time>2026-02-12T00:25:59Z</time><extensions><speed>2.421687</speed><course>209.236008</course><hAcc>1.225640</hAcc><vAcc>0.556943</vAcc></extensions></trkpt>
      <trkpt lon="114.398129" lat="33.670984"><ele>56.160215</ele><time>2026-02-12T00:26:00Z</time><extensions><speed>2.396720</speed><course>209.421635</course><hAcc>1.218967</hAcc><vAcc>0.556943</vAcc></extensions></trkpt>
      <trkpt lon="114.398116" lat="33.670965"><ele>56.150163</ele><time>2026-02-12T00:26:01Z</time><extensions><speed>2.334271</speed><course>209.200235</course><hAcc>1.209224</hAcc><vAcc>0.556943</vAcc></extensions></trkpt>
      <trkpt lon="114.398104" lat="33.670947"><ele>56.141786</ele><time>2026-02-12T00:26:02Z</time><extensions><speed>2.409148</speed><course>208.709368</course><hAcc>1.200613</hAcc><vAcc>0.556943</vAcc></extensions></trkpt>
      <trkpt lon="114.398091" lat="33.670928"><ele>56.135151</ele><time>2026-02-12T00:26:03Z</time><extensions><speed>2.445389</speed><course>208.655907</course><hAcc>1.197589</hAcc><vAcc>0.556943</vAcc></extensions></trkpt>
      <trkpt lon="114.398079" lat="33.670909"><ele>56.130319</ele><time>2026-02-12T00:26:04Z</time><extensions><speed>2.368037</speed><course>209.480139</course><hAcc>1.196570</hAcc><vAcc>0.556943</vAcc></extensions></trkpt>
      <trkpt lon="114.398066" lat="33.670890"><ele>56.127173</ele><time>2026-02-12T00:26:05Z</time><extensions><speed>2.418299</speed><course>211.588613</course><hAcc>1.188587</hAcc><vAcc>0.556943</vAcc></extensions></trkpt>
      <trkpt lon="114.398052" lat="33.670872"><ele>56.125606</ele><time>2026-02-12T00:26:06Z</time><extensions><speed>2.404135</speed><course>213.692315</course><hAcc>1.188594</hAcc><vAcc>0.556943</vAcc></extensions></trkpt>
      <trkpt lon="114.398037" lat="33.670854"><ele>56.125595</ele><time>2026-02-12T00:26:07Z</time><extensions><speed>2.236627</speed><course>215.246677</course><hAcc>1.192641</hAcc><vAcc>0.556943</vAcc></extensions></trkpt>
      <trkpt lon="114.398023" lat="33.670838"><ele>56.126942</ele><time>2026-02-12T00:26:08Z</time><extensions><speed>2.204803</speed><course>218.178585</course><hAcc>1.195291</hAcc><vAcc>0.556943</vAcc></extensions></trkpt>
      <trkpt lon="114.398008" lat="33.670823"><ele>56.129654</ele><time>2026-02-12T00:26:09Z</time><extensions><speed>2.155185</speed><course>220.305261</course><hAcc>1.199401</hAcc><vAcc>0.556943</vAcc></extensions></trkpt>
      <trkpt lon="114.397993" lat="33.670809"><ele>56.133803</ele><time>2026-02-12T00:26:10Z</time><extensions><speed>2.049707</speed><course>220.582252</course><hAcc>1.199584</hAcc><vAcc>0.556943</vAcc></extensions></trkpt>
      <trkpt lon="114.397979" lat="33.670794"><ele>56.139673</ele><time>2026-02-12T00:26:11Z</time><extensions><speed>2.119844</speed><course>220.631476</course><hAcc>1.199066</hAcc><vAcc>0.556943</vAcc></extensions></trkpt>
      <trkpt lon="114.397964" lat="33.670780"><ele>56.147885</ele><time>2026-02-12T00:26:12Z</time><extensions><speed>2.204664</speed><course>220.334994</course><hAcc>1.196092</hAcc><vAcc>0.556943</vAcc></extensions></trkpt>
      <trkpt lon="114.397948" lat="33.670764"><ele>56.159244</ele><time>2026-02-12T00:26:13Z</time><extensions><speed>2.228964</speed><course>219.704050</course><hAcc>1.191355</hAcc><vAcc>0.556943</vAcc></extensions></trkpt>
      <trkpt lon="114.397933" lat="33.670748"><ele>56.174130</ele><time>2026-02-12T00:26:14Z</time><extensions><speed>2.357231</speed><course>218.815166</course><hAcc>1.191419</hAcc><vAcc>0.556942</vAcc></extensions></trkpt>
      <trkpt lon="114.397917" lat="33.670732"><ele>56.192810</ele><time>2026-02-12T00:26:15Z</time><extensions><speed>2.351794</speed><course>219.156458</course><hAcc>1.189414</hAcc><vAcc>0.556942</vAcc></extensions></trkpt>
      <trkpt lon="114.397901" lat="33.670716"><ele>56.215306</ele><time>2026-02-12T00:26:16Z</time><extensions><speed>2.314668</speed><course>218.976927</course><hAcc>1.190056</hAcc><vAcc>0.556941</vAcc></extensions></trkpt>
      <trkpt lon="114.397884" lat="33.670699"><ele>56.240931</ele><time>2026-02-12T00:26:17Z</time><extensions><speed>2.478687</speed><course>220.920816</course><hAcc>1.193537</hAcc><vAcc>0.556941</vAcc></extensions></trkpt>
      <trkpt lon="114.397867" lat="33.670682"><ele>56.268782</ele><time>2026-02-12T00:26:18Z</time><extensions><speed>2.540069</speed><course>221.183648</course><hAcc>1.189958</hAcc><vAcc>0.556941</vAcc></extensions></trkpt>
      <trkpt lon="114.397849" lat="33.670664"><ele>56.298166</ele><time>2026-02-12T00:26:19Z</time><extensions><speed>2.507468</speed><course>218.919203</course><hAcc>1.187020</hAcc><vAcc>0.556942</vAcc></extensions></trkpt>
      <trkpt lon="114.397832" lat="33.670647"><ele>56.328346</ele><time>2026-02-12T00:26:20Z</time><extensions><speed>2.419701</speed><course>218.268704</course><hAcc>1.185490</hAcc><vAcc>0.556942</vAcc></extensions></trkpt>
      <trkpt lon="114.397816" lat="33.670630"><ele>56.358372</ele><time>2026-02-12T00:26:21Z</time><extensions><speed>2.318511</speed><course>219.172849</course><hAcc>1.181039</hAcc><vAcc>0.556942</vAcc></extensions></trkpt>
      <trkpt lon="114.397800" lat="33.670615"><ele>56.386946</ele><time>2026-02-12T00:26:22Z</time><extensions><speed>2.250301</speed><course>222.789735</course><hAcc>1.174264</hAcc><vAcc>0.556942</vAcc></extensions></trkpt>
      <trkpt lon="114.397784" lat="33.670600"><ele>56.412832</ele><time>2026-02-12T00:26:23Z</time><extensions><speed>2.194361</speed><course>222.067435</course><hAcc>1.172399</hAcc><vAcc>0.556942</vAcc></extensions></trkpt>
      <trkpt lon="114.397768" lat="33.670586"><ele>56.434994</ele><time>2026-02-12T00:26:24Z</time><extensions><speed>2.100473</speed><course>223.236002</course><hAcc>1.174435</hAcc><vAcc>0.556942</vAcc></extensions></trkpt>
      <trkpt lon="114.397752" lat="33.670572"><ele>56.452711</ele><time>2026-02-12T00:26:25Z</time><extensions><speed>2.152985</speed><course>225.221602</course><hAcc>1.178253</hAcc><vAcc>0.556942</vAcc></extensions></trkpt>
      <trkpt lon="114.397736" lat="33.670558"><ele>56.465632</ele><time>2026-02-12T00:26:26Z</time><extensions><speed>2.147753</speed><course>224.212061</course><hAcc>1.178810</hAcc><vAcc>0.556942</vAcc></extensions></trkpt>
      <trkpt lon="114.397720" lat="33.670544"><ele>56.474033</ele><time>2026-02-12T00:26:27Z</time><extensions><speed>2.152883</speed><course>222.833588</course><hAcc>1.179279</hAcc><vAcc>0.556942</vAcc></extensions></trkpt>
      <trkpt lon="114.397704" lat="33.670530"><ele>56.478454</ele><time>2026-02-12T00:26:28Z</time><extensions><speed>2.248452</speed><course>222.658376</course><hAcc>1.183292</hAcc><vAcc>0.556942</vAcc></extensions></trkpt>
      <trkpt lon="114.397688" lat="33.670515"><ele>56.479551</ele><time>2026-02-12T00:26:29Z</time><extensions><speed>2.261804</speed><course>221.723509</course><hAcc>1.189619</hAcc><vAcc>0.556942</vAcc></extensions></trkpt>
      <trkpt lon="114.397672" lat="33.670499"><ele>56.477965</ele><time>2026-02-12T00:26:30Z</time><extensions><speed>2.224545</speed><course>220.728027</course><hAcc>1.196136</hAcc><vAcc>0.556942</vAcc></extensions></trkpt>
      <trkpt lon="114.397656" lat="33.670484"><ele>56.474305</ele><time>2026-02-12T00:26:31Z</time><extensions><speed>2.318285</speed><course>221.196750</course><hAcc>1.200877</hAcc><vAcc>0.556942</vAcc></extensions></trkpt>
      <trkpt lon="114.397639" lat="33.670468"><ele>56.469190</ele><time>2026-02-12T00:26:32Z</time><extensions><speed>2.328529</speed><course>220.321279</course><hAcc>1.200208</hAcc><vAcc>0.556942</vAcc></extensions></trkpt>
      <trkpt lon="114.397623" lat="33.670452"><ele>56.463244</ele><time>2026-02-12T00:26:33Z</time><extensions><speed>2.375864</speed><course>219.716293</course><hAcc>1.205862</hAcc><vAcc>0.556943</vAcc></extensions></trkpt>
      <trkpt lon="114.397606" lat="33.670435"><ele>56.457011</ele><time>2026-02-12T00:26:34Z</time><extensions><speed>2.420052</speed><course>220.404650</course><hAcc>1.204246</hAcc><vAcc>0.556943</vAcc></extensions></trkpt>
      <trkpt lon="114.397590" lat="33.670419"><ele>56.450879</ele><time>2026-02-12T00:26:35Z</time><extensions><speed>2.374548</speed><course>219.553435</course><hAcc>1.201099</hAcc><vAcc>0.556943</vAcc></extensions></trkpt>
      <trkpt lon="114.397574" lat="33.670402"><ele>56.445148</ele><time>2026-02-12T00:26:36Z</time><extensions><speed>2.368392</speed><course>219.161201</course><hAcc>1.202459</hAcc><vAcc>0.556943</vAcc></extensions></trkpt>
      <trkpt lon="114.397557" lat="33.670386"><ele>56.440000</ele><time>2026-02-12T00:26:37Z</time><extensions><speed>2.413394</speed><course>220.350907</course><hAcc>1.201251</hAcc><vAcc>0.556943</vAcc></extensions></trkpt>
      <trkpt lon="114.397540" lat="33.670370"><ele>56.435477</ele><time>2026-02-12T00:26:38Z</time><extensions><speed>2.308847</speed><course>221.288817</course><hAcc>1.201232</hAcc><vAcc>0.556943</vAcc></extensions></trkpt>
      <trkpt lon="114.397524" lat="33.670354"><ele>56.431566</ele><time>2026-02-12T00:26:39Z</time><extensions><speed>2.303371</speed><course>220.637021</course><hAcc>1.204278</hAcc><vAcc>0.556943</vAcc></extensions></trkpt>
      <trkpt lon="114.397508" lat="33.670338"><ele>56.428326</ele><time>2026-02-12T00:26:40Z</time><extensions><speed>2.285961</speed><course>219.577915</course><hAcc>1.206807</hAcc><vAcc>0.556943</vAcc></extensions></trkpt>
      <trkpt lon="114.397493" lat="33.670322"><ele>56.425765</ele><time>2026-02-12T00:26:41Z</time><extensions><speed>2.181938</speed><course>219.472203</course><hAcc>1.210281</hAcc><vAcc>0.556943</vAcc></extensions></trkpt>
      <trkpt lon="114.397477" lat="33.670307"><ele>56.423881</ele><time>2026-02-12T00:26:42Z</time><extensions><speed>2.293375</speed><course>221.620671</course><hAcc>1.217126</hAcc><vAcc>0.556943</vAcc></extensions></trkpt>
      <trkpt lon="114.397460" lat="33.670292"><ele>56.422677</ele><time>2026-02-12T00:26:43Z</time><extensions><speed>2.315947</speed><course>222.341224</course><hAcc>1.227049</hAcc><vAcc>0.556943</vAcc></extensions></trkpt>
      <trkpt lon="114.397444" lat="33.670276"><ele>56.422185</ele><time>2026-02-12T00:26:44Z</time><extensions><speed>2.238098</speed><course>222.736350</course><hAcc>1.233878</hAcc><vAcc>0.556943</vAcc></extensions></trkpt>
      <trkpt lon="114.397427" lat="33.670262"><ele>56.422459</ele><time>2026-02-12T00:26:45Z</time><extensions><speed>2.304721</speed><course>224.269647</course><hAcc>1.245601</hAcc><vAcc>0.556943</vAcc></extensions></trkpt>
      <trkpt lon="114.397410" lat="33.670247"><ele>56.423610</ele><time>2026-02-12T00:26:46Z</time><extensions><speed>2.313442</speed><course>224.780052</course><hAcc>1.250033</hAcc><vAcc>0.556943</vAcc></extensions></trkpt>
      <trkpt lon="114.397392" lat="33.670232"><ele>56.425722</ele><time>2026-02-12T00:26:47Z</time><extensions><speed>2.291747</speed><course>225.659460</course><hAcc>1.255434</hAcc><vAcc>0.556943</vAcc></extensions></trkpt>
      <trkpt lon="114.397374" lat="33.670218"><ele>56.428856</ele><time>2026-02-12T00:26:48Z</time><extensions><speed>2.340849</speed><course>226.726218</course><hAcc>1.259428</hAcc><vAcc>0.556943</vAcc></extensions></trkpt>
      <trkpt lon="114.397356" lat="33.670203"><ele>56.433051</ele><time>2026-02-12T00:26:49Z</time><extensions><speed>2.381317</speed><course>226.299326</course><hAcc>1.252625</hAcc><vAcc>0.556943</vAcc></extensions></trkpt>
      <trkpt lon="114.397337" lat="33.670188"><ele>56.438373</ele><time>2026-02-12T00:26:50Z</time><extensions><speed>2.392438</speed><course>224.162577</course><hAcc>1.245460</hAcc><vAcc>0.556943</vAcc></extensions></trkpt>
      <trkpt lon="114.397320" lat="33.670172"><ele>56.444813</ele><time>2026-02-12T00:26:51Z</time><extensions><speed>2.332075</speed><course>222.899075</course><hAcc>1.243800</hAcc><vAcc>0.556943</vAcc></extensions></trkpt>
      <trkpt lon="114.397303" lat="33.670157"><ele>56.452198</ele><time>2026-02-12T00:26:52Z</time><extensions><speed>2.195385</speed><course>221.673245</course><hAcc>1.238610</hAcc><vAcc>0.556943</vAcc></extensions></trkpt>
      <trkpt lon="114.397287" lat="33.670143"><ele>56.460240</ele><time>2026-02-12T00:26:53Z</time><extensions><speed>2.214026</speed><course>222.461899</course><hAcc>1.228706</hAcc><vAcc>0.556943</vAcc></extensions></trkpt>
      <trkpt lon="114.397271" lat="33.670128"><ele>56.468637</ele><time>2026-02-12T00:26:54Z</time><extensions><speed>2.244827</speed><course>224.452198</course><hAcc>1.224965</hAcc><vAcc>0.556943</vAcc></extensions></trkpt>
      <trkpt lon="114.397254" lat="33.670114"><ele>56.477098</ele><time>2026-02-12T00:26:55Z</time><extensions><speed>2.138410</speed><course>224.975885</course><hAcc>1.219194</hAcc><vAcc>0.556943</vAcc></extensions></trkpt>
      <trkpt lon="114.397238" lat="33.670100"><ele>56.485346</ele><time>2026-02-12T00:26:56Z</time><extensions><speed>2.089956</speed><course>224.115148</course><hAcc>1.213402</hAcc><vAcc>0.556943</vAcc></extensions></trkpt>
      <trkpt lon="114.397222" lat="33.670086"><ele>56.493110</ele><time>2026-02-12T00:26:57Z</time><extensions><speed>2.210845</speed><course>223.243618</course><hAcc>1.212089</hAcc><vAcc>0.556943</vAcc></extensions></trkpt>
      <trkpt lon="114.397206" lat="33.670072"><ele>56.500131</ele><time>2026-02-12T00:26:58Z</time><extensions><speed>2.214895</speed><course>222.515197</course><hAcc>1.210235</hAcc><vAcc>0.556943</vAcc></extensions></trkpt>
      <trkpt lon="114.397190" lat="33.670057"><ele>56.506183</ele><time>2026-02-12T00:26:59Z</time><extensions><speed>2.275029</speed><course>222.634603</course><hAcc>1.204417</hAcc><vAcc>0.556943</vAcc></extensions></trkpt>
      <trkpt lon="114.397173" lat="33.670042"><ele>56.511457</ele><time>2026-02-12T00:27:00Z</time><extensions><speed>2.288062</speed><course>222.564149</course><hAcc>1.198427</hAcc><vAcc>0.556943</vAcc></extensions></trkpt>
      <trkpt lon="114.397157" lat="33.670027"><ele>56.516202</ele><time>2026-02-12T00:27:01Z</time><extensions><speed>2.188648</speed><course>222.054206</course><hAcc>1.192549</hAcc><vAcc>0.556943</vAcc></extensions></trkpt>
      <trkpt lon="114.397141" lat="33.670012"><ele>56.520613</ele><time>2026-02-12T00:27:02Z</time><extensions><speed>2.248315</speed><course>221.621598</course><hAcc>1.191254</hAcc><vAcc>0.556943</vAcc></extensions></trkpt>
      <trkpt lon="114.397125" lat="33.669997"><ele>56.524777</ele><time>2026-02-12T00:27:03Z</time><extensions><speed>2.273581</speed><course>221.787311</course><hAcc>1.190967</hAcc><vAcc>0.556943</vAcc></extensions></trkpt>
      <trkpt lon="114.397108" lat="33.669982"><ele>56.528859</ele><time>2026-02-12T00:27:04Z</time><extensions><speed>2.227170</speed><course>221.535554</course><hAcc>1.189924</hAcc><vAcc>0.556943</vAcc></extensions></trkpt>
      <trkpt lon="114.397093" lat="33.669966"><ele>56.532690</ele><time>2026-02-12T00:27:05Z</time><extensions><speed>2.232914</speed><course>220.625056</course><hAcc>1.192259</hAcc><vAcc>0.556943</vAcc></extensions></trkpt>
      <trkpt lon="114.397077" lat="33.669952"><ele>56.536045</ele><time>2026-02-12T00:27:06Z</time><extensions><speed>2.142640</speed><course>222.238368</course><hAcc>1.190114</hAcc><vAcc>0.556943</vAcc></extensions></trkpt>
      <trkpt lon="114.397061" lat="33.669938"><ele>56.538783</ele><time>2026-02-12T00:27:07Z</time><extensions><speed>2.093780</speed><course>224.160962</course><hAcc>1.188867</hAcc><vAcc>0.556943</vAcc></extensions></trkpt>
      <trkpt lon="114.397045" lat="33.669924"><ele>56.540974</ele><time>2026-02-12T00:27:08Z</time><extensions><speed>2.185819</speed><course>225.337233</course><hAcc>1.190063</hAcc><vAcc>0.556943</vAcc></extensions></trkpt>
      <trkpt lon="114.397029" lat="33.669910"><ele>56.542606</ele><time>2026-02-12T00:27:09Z</time><extensions><speed>2.207849</speed><course>224.273129</course><hAcc>1.186946</hAcc><vAcc>0.556943</vAcc></extensions></trkpt>
      <trkpt lon="114.397013" lat="33.669896"><ele>56.543614</ele><time>2026-02-12T00:27:10Z</time><extensions><speed>2.142231</speed><course>222.112062</course><hAcc>1.183036</hAcc><vAcc>0.556943</vAcc></extensions></trkpt>
      <trkpt lon="114.396997" lat="33.669881"><ele>56.543844</ele><time>2026-02-12T00:27:11Z</time><extensions><speed>2.163342</speed><course>222.807216</course><hAcc>1.182143</hAcc><vAcc>0.556943</vAcc></extensions></trkpt>
      <trkpt lon="114.396981" lat="33.669867"><ele>56.543108</ele><time>2026-02-12T00:27:12Z</time><extensions><speed>2.182633</speed><course>222.066246</course><hAcc>1.179898</hAcc><vAcc>0.556943</vAcc></extensions></trkpt>
      <trkpt lon="114.396966" lat="33.669852"><ele>56.541347</ele><time>2026-02-12T00:27:13Z</time><extensions><speed>2.115955</speed><course>220.017609</course><hAcc>1.179808</hAcc><vAcc>0.556943</vAcc></extensions></trkpt>
      <trkpt lon="114.396951" lat="33.669838"><ele>56.538606</ele><time>2026-02-12T00:27:14Z</time><extensions><speed>2.170134</speed><course>221.358803</course><hAcc>1.184535</hAcc><vAcc>0.556943</vAcc></extensions></trkpt>
      <trkpt lon="114.396935" lat="33.669823"><ele>56.534948</ele><time>2026-02-12T00:27:15Z</time><extensions><speed>2.157565</speed><course>221.035948</course><hAcc>1.188555</hAcc><vAcc>0.556943</vAcc></extensions></trkpt>
      <trkpt lon="114.396921" lat="33.669808"><ele>56.530512</ele><time>2026-02-12T00:27:16Z</time><extensions><speed>2.101299</speed><course>219.459595</course><hAcc>1.192459</hAcc><vAcc>0.556943</vAcc></extensions></trkpt>
      <trkpt lon="114.396906" lat="33.669794"><ele>56.525577</ele><time>2026-02-12T00:27:17Z</time><extensions><speed>2.152593</speed><course>220.432113</course><hAcc>1.195079</hAcc><vAcc>0.556943</vAcc></extensions></trkpt>
      <trkpt lon="114.396891" lat="33.669779"><ele>56.521122</ele><time>2026-02-12T00:27:18Z</time><extensions><speed>2.105502</speed><course>221.128288</course><hAcc>1.193748</hAcc><vAcc>0.556943</vAcc></extensions></trkpt>
      <trkpt lon="114.396876" lat="33.669765"><ele>56.518028</ele><time>2026-02-12T00:27:19Z</time><extensions><speed>2.175133</speed><course>220.904620</course><hAcc>1.196599</hAcc><vAcc>0.556943</vAcc></extensions></trkpt>
      <trkpt lon="114.396860" lat="33.669749"><ele>56.517010</ele><time>2026-02-12T00:27:20Z</time><extensions><speed>2.331400</speed><course>220.231731</course><hAcc>1.199231</hAcc><vAcc>0.556943</vAcc></extensions></trkpt>
      <trkpt lon="114.396844" lat="33.669734"><ele>56.518628</ele><time>2026-02-12T00:27:21Z</time><extensions><speed>2.192250</speed><course>220.755060</course><hAcc>1.195426</hAcc><vAcc>0.556943</vAcc></extensions></trkpt>
      <trkpt lon="114.396828" lat="33.669719"><ele>56.523376</ele><time>2026-02-12T00:27:22Z</time><extensions><speed>2.170429</speed><course>223.845581</course><hAcc>1.192898</hAcc><vAcc>0.556943</vAcc></extensions></trkpt>
      <trkpt lon="114.396812" lat="33.669705"><ele>56.531082</ele><time>2026-02-12T00:27:23Z</time><extensions><speed>2.151288</speed><course>224.941594</course><hAcc>1.197540</hAcc><vAcc>0.556943</vAcc></extensions></trkpt>
      <trkpt lon="114.396796" lat="33.669692"><ele>56.541512</ele><time>2026-02-12T00:27:24Z</time><extensions><speed>2.053169</speed><course>223.465567</course><hAcc>1.194413</hAcc><vAcc>0.556943</vAcc></extensions></trkpt>
      <trkpt lon="114.396781" lat="33.669678"><ele>56.554309</ele><time>2026-02-12T00:27:25Z</time><extensions><speed>2.117754</speed><course>223.573433</course><hAcc>1.195839</hAcc><vAcc>0.556943</vAcc></extensions></trkpt>
      <trkpt lon="114.396764" lat="33.669664"><ele>56.568952</ele><time>2026-02-12T00:27:26Z</time><extensions><speed>2.253622</speed><course>223.660467</course><hAcc>1.194264</hAcc><vAcc>0.556943</vAcc></extensions></trkpt>
      <trkpt lon="114.396748" lat="33.669649"><ele>56.584818</ele><time>2026-02-12T00:27:27Z</time><extensions><speed>2.258057</speed><course>221.974245</course><hAcc>1.191769</hAcc><vAcc>0.556943</vAcc></extensions></trkpt>
      <trkpt lon="114.396731" lat="33.669634"><ele>56.601222</ele><time>2026-02-12T00:27:28Z</time><extensions><speed>2.284572</speed><course>222.680609</course><hAcc>1.180433</hAcc><vAcc>0.556943</vAcc></extensions></trkpt>
      <trkpt lon="114.396714" lat="33.669619"><ele>56.617298</ele><time>2026-02-12T00:27:29Z</time><extensions><speed>2.296524</speed><course>223.770723</course><hAcc>1.174664</hAcc><vAcc>0.556943</vAcc></extensions></trkpt>
      <trkpt lon="114.396697" lat="33.669604"><ele>56.632124</ele><time>2026-02-12T00:27:30Z</time><extensions><speed>2.336584</speed><course>226.331115</course><hAcc>1.173595</hAcc><vAcc>0.556943</vAcc></extensions></trkpt>
      <trkpt lon="114.396678" lat="33.669589"><ele>56.644904</ele><time>2026-02-12T00:27:31Z</time><extensions><speed>2.392431</speed><course>228.315860</course><hAcc>1.173509</hAcc><vAcc>0.556943</vAcc></extensions></trkpt>
      <trkpt lon="114.396659" lat="33.669575"><ele>56.654972</ele><time>2026-02-12T00:27:32Z</time><extensions><speed>2.390230</speed><course>227.972880</course><hAcc>1.176549</hAcc><vAcc>0.556943</vAcc></extensions></trkpt>
      <trkpt lon="114.396639" lat="33.669561"><ele>56.661923</ele><time>2026-02-12T00:27:33Z</time><extensions><speed>2.435091</speed><course>229.590732</course><hAcc>1.174853</hAcc><vAcc>0.556943</vAcc></extensions></trkpt>
      <trkpt lon="114.396619" lat="33.669547"><ele>56.665653</ele><time>2026-02-12T00:27:34Z</time><extensions><speed>2.440197</speed><course>230.168542</course><hAcc>1.177530</hAcc><vAcc>0.556943</vAcc></extensions></trkpt>
      <trkpt lon="114.396599" lat="33.669533"><ele>56.666349</ele><time>2026-02-12T00:27:35Z</time><extensions><speed>2.396470</speed><course>230.051528</course><hAcc>1.175143</hAcc><vAcc>0.556943</vAcc></extensions></trkpt>
      <trkpt lon="114.396579" lat="33.669519"><ele>56.664496</ele><time>2026-02-12T00:27:36Z</time><extensions><speed>2.455082</speed><course>230.767051</course><hAcc>1.176377</hAcc><vAcc>0.556943</vAcc></extensions></trkpt>
      <trkpt lon="114.396558" lat="33.669505"><ele>56.660718</ele><time>2026-02-12T00:27:37Z</time><extensions><speed>2.439524</speed><course>231.329245</course><hAcc>1.174451</hAcc><vAcc>0.556943</vAcc></extensions></trkpt>
      <trkpt lon="114.396538" lat="33.669491"><ele>56.655684</ele><time>2026-02-12T00:27:38Z</time><extensions><speed>2.389037</speed><course>231.138623</course><hAcc>1.171538</hAcc><vAcc>0.556943</vAcc></extensions></trkpt>
      <trkpt lon="114.396518" lat="33.669477"><ele>56.650049</ele><time>2026-02-12T00:27:39Z</time><extensions><speed>2.452791</speed><course>230.996390</course><hAcc>1.169249</hAcc><vAcc>0.556943</vAcc></extensions></trkpt>
      <trkpt lon="114.396498" lat="33.669463"><ele>56.644362</ele><time>2026-02-12T00:27:40Z</time><extensions><speed>2.393344</speed><course>229.852514</course><hAcc>1.163327</hAcc><vAcc>0.556943</vAcc></extensions></trkpt>
      <trkpt lon="114.396478" lat="33.669450"><ele>56.638667</ele><time>2026-02-12T00:27:41Z</time><extensions><speed>2.371353</speed><course>229.576676</course><hAcc>1.157268</hAcc><vAcc>0.556943</vAcc></extensions></trkpt>
      <trkpt lon="114.396458" lat="33.669436"><ele>56.632926</ele><time>2026-02-12T00:27:42Z</time><extensions><speed>2.483819</speed><course>231.546390</course><hAcc>1.154498</hAcc><vAcc>0.556943</vAcc></extensions></trkpt>
      <trkpt lon="114.396437" lat="33.669422"><ele>56.626981</ele><time>2026-02-12T00:27:43Z</time><extensions><speed>2.451437</speed><course>233.350463</course><hAcc>1.154476</hAcc><vAcc>0.556943</vAcc></extensions></trkpt>
      <trkpt lon="114.396415" lat="33.669409"><ele>56.620562</ele><time>2026-02-12T00:27:44Z</time><extensions><speed>2.474668</speed><course>232.988409</course><hAcc>1.156309</hAcc><vAcc>0.556943</vAcc></extensions></trkpt>
      <trkpt lon="114.396394" lat="33.669395"><ele>56.613316</ele><time>2026-02-12T00:27:45Z</time><extensions><speed>2.468360</speed><course>232.527573</course><hAcc>1.153710</hAcc><vAcc>0.556943</vAcc></extensions></trkpt>
      <trkpt lon="114.396373" lat="33.669382"><ele>56.605615</ele><time>2026-02-12T00:27:46Z</time><extensions><speed>2.435419</speed><course>231.901282</course><hAcc>1.150162</hAcc><vAcc>0.556943</vAcc></extensions></trkpt>
      <trkpt lon="114.396353" lat="33.669368"><ele>56.597733</ele><time>2026-02-12T00:27:47Z</time><extensions><speed>2.468991</speed><course>231.540186</course><hAcc>1.152520</hAcc><vAcc>0.556943</vAcc></extensions></trkpt>
      <trkpt lon="114.396332" lat="33.669354"><ele>56.589921</ele><time>2026-02-12T00:27:48Z</time><extensions><speed>2.409666</speed><course>231.830553</course><hAcc>1.153401</hAcc><vAcc>0.556943</vAcc></extensions></trkpt>
      <trkpt lon="114.396312" lat="33.669341"><ele>56.582462</ele><time>2026-02-12T00:27:49Z</time><extensions><speed>2.377224</speed><course>231.867571</course><hAcc>1.160424</hAcc><vAcc>0.556943</vAcc></extensions></trkpt>
      <trkpt lon="114.396291" lat="33.669328"><ele>56.575741</ele><time>2026-02-12T00:27:50Z</time><extensions><speed>2.466553</speed><course>232.448562</course><hAcc>1.160823</hAcc><vAcc>0.556943</vAcc></extensions></trkpt>
      <trkpt lon="114.396270" lat="33.669314"><ele>56.569941</ele><time>2026-02-12T00:27:51Z</time><extensions><speed>2.431584</speed><course>230.668389</course><hAcc>1.160177</hAcc><vAcc>0.556943</vAcc></extensions></trkpt>
      <trkpt lon="114.396250" lat="33.669300"><ele>56.565374</ele><time>2026-02-12T00:27:52Z</time><extensions><speed>2.406737</speed><course>229.381632</course><hAcc>1.161479</hAcc><vAcc>0.556943</vAcc></extensions></trkpt>
      <trkpt lon="114.396231" lat="33.669286"><ele>56.562334</ele><time>2026-02-12T00:27:53Z</time><extensions><speed>2.413591</speed><course>229.234075</course><hAcc>1.164048</hAcc><vAcc>0.556943</vAcc></extensions></trkpt>
      <trkpt lon="114.396211" lat="33.669272"><ele>56.560921</ele><time>2026-02-12T00:27:54Z</time><extensions><speed>2.318704</speed><course>229.724112</course><hAcc>1.164126</hAcc><vAcc>0.556943</vAcc></extensions></trkpt>
      <trkpt lon="114.396192" lat="33.669259"><ele>56.561133</ele><time>2026-02-12T00:27:55Z</time><extensions><speed>2.329376</speed><course>232.148291</course><hAcc>1.166520</hAcc><vAcc>0.556943</vAcc></extensions></trkpt>
      <trkpt lon="114.396172" lat="33.669246"><ele>56.563188</ele><time>2026-02-12T00:27:56Z</time><extensions><speed>2.357367</speed><course>233.902274</course><hAcc>1.167465</hAcc><vAcc>0.556943</vAcc></extensions></trkpt>
      <trkpt lon="114.396151" lat="33.669234"><ele>56.567096</ele><time>2026-02-12T00:27:57Z</time><extensions><speed>2.326022</speed><course>235.103832</course><hAcc>1.165136</hAcc><vAcc>0.556943</vAcc></extensions></trkpt>
      <trkpt lon="114.396130" lat="33.669222"><ele>56.572710</ele><time>2026-02-12T00:27:58Z</time><extensions><speed>2.378935</speed><course>236.538949</course><hAcc>1.165501</hAcc><vAcc>0.556943</vAcc></extensions></trkpt>
      <trkpt lon="114.396109" lat="33.669210"><ele>56.579942</ele><time>2026-02-12T00:27:59Z</time><extensions><speed>2.286166</speed><course>236.350497</course><hAcc>1.163842</hAcc><vAcc>0.556943</vAcc></extensions></trkpt>
      <trkpt lon="114.396089" lat="33.669199"><ele>56.588689</ele><time>2026-02-12T00:28:00Z</time><extensions><speed>2.237818</speed><course>235.720023</course><hAcc>1.162426</hAcc><vAcc>0.556943</vAcc></extensions></trkpt>
      <trkpt lon="114.396069" lat="33.669187"><ele>56.598820</ele><time>2026-02-12T00:28:01Z</time><extensions><speed>2.235920</speed><course>235.632195</course><hAcc>1.153280</hAcc><vAcc>0.556943</vAcc></extensions></trkpt>
      <trkpt lon="114.396050" lat="33.669176"><ele>56.610314</ele><time>2026-02-12T00:28:02Z</time><extensions><speed>2.100720</speed><course>234.570369</course><hAcc>1.150743</hAcc><vAcc>0.556943</vAcc></extensions></trkpt>
      <trkpt lon="114.396031" lat="33.669165"><ele>56.623179</ele><time>2026-02-12T00:28:03Z</time><extensions><speed>2.095514</speed><course>236.412125</course><hAcc>1.166578</hAcc><vAcc>0.556943</vAcc></extensions></trkpt>
      <trkpt lon="114.396012" lat="33.669155"><ele>56.636876</ele><time>2026-02-12T00:28:04Z</time><extensions><speed>2.209709</speed><course>237.561759</course><hAcc>1.165720</hAcc><vAcc>0.556943</vAcc></extensions></trkpt>
      <trkpt lon="114.395991" lat="33.669144"><ele>56.650969</ele><time>2026-02-12T00:28:05Z</time><extensions><speed>2.275040</speed><course>237.180741</course><hAcc>1.167737</hAcc><vAcc>0.556943</vAcc></extensions></trkpt>
      <trkpt lon="114.395970" lat="33.669133"><ele>56.664965</ele><time>2026-02-12T00:28:06Z</time><extensions><speed>2.355779</speed><course>238.589759</course><hAcc>1.181359</hAcc><vAcc>0.556943</vAcc></extensions></trkpt>
      <trkpt lon="114.395948" lat="33.669122"><ele>56.678221</ele><time>2026-02-12T00:28:07Z</time><extensions><speed>2.329060</speed><course>239.977991</course><hAcc>1.185658</hAcc><vAcc>0.556943</vAcc></extensions></trkpt>
      <trkpt lon="114.395926" lat="33.669112"><ele>56.689965</ele><time>2026-02-12T00:28:08Z</time><extensions><speed>2.305549</speed><course>241.159971</course><hAcc>1.186795</hAcc><vAcc>0.556943</vAcc></extensions></trkpt>
      <trkpt lon="114.395904" lat="33.669102"><ele>56.699746</ele><time>2026-02-12T00:28:09Z</time><extensions><speed>2.378169</speed><course>243.175890</course><hAcc>1.192692</hAcc><vAcc>0.556943</vAcc></extensions></trkpt>
      <trkpt lon="114.395881" lat="33.669092"><ele>56.707004</ele><time>2026-02-12T00:28:10Z</time><extensions><speed>2.425258</speed><course>242.751912</course><hAcc>1.199229</hAcc><vAcc>0.556943</vAcc></extensions></trkpt>
      <trkpt lon="114.395858" lat="33.669082"><ele>56.711782</ele><time>2026-02-12T00:28:11Z</time><extensions><speed>2.450020</speed><course>242.771595</course><hAcc>1.210033</hAcc><vAcc>0.556943</vAcc></extensions></trkpt>
      <trkpt lon="114.395834" lat="33.669072"><ele>56.714744</ele><time>2026-02-12T00:28:12Z</time><extensions><speed>2.514336</speed><course>244.118276</course><hAcc>1.213328</hAcc><vAcc>0.556943</vAcc></extensions></trkpt>
      <trkpt lon="114.395809" lat="33.669062"><ele>56.716747</ele><time>2026-02-12T00:28:13Z</time><extensions><speed>2.493921</speed><course>245.435645</course><hAcc>1.210313</hAcc><vAcc>0.556943</vAcc></extensions></trkpt>
      <trkpt lon="114.395784" lat="33.669053"><ele>56.718845</ele><time>2026-02-12T00:28:14Z</time><extensions><speed>2.517738</speed><course>245.845159</course><hAcc>1.213062</hAcc><vAcc>0.556943</vAcc></extensions></trkpt>
      <trkpt lon="114.395760" lat="33.669044"><ele>56.722423</ele><time>2026-02-12T00:28:15Z</time><extensions><speed>2.453877</speed><course>247.968582</course><hAcc>1.203569</hAcc><vAcc>0.556943</vAcc></extensions></trkpt>
      <trkpt lon="114.395735" lat="33.669036"><ele>56.728815</ele><time>2026-02-12T00:28:16Z</time><extensions><speed>2.456387</speed><course>248.628713</course><hAcc>1.201314</hAcc><vAcc>0.556943</vAcc></extensions></trkpt>
      <trkpt lon="114.395710" lat="33.669028"><ele>56.739075</ele><time>2026-02-12T00:28:17Z</time><extensions><speed>2.566393</speed><course>248.407245</course><hAcc>1.205656</hAcc><vAcc>0.556943</vAcc></extensions></trkpt>
      <trkpt lon="114.395685" lat="33.669019"><ele>56.754224</ele><time>2026-02-12T00:28:18Z</time><extensions><speed>2.544331</speed><course>245.712377</course><hAcc>1.193831</hAcc><vAcc>0.556943</vAcc></extensions></trkpt>
      <trkpt lon="114.395660" lat="33.669009"><ele>56.774526</ele><time>2026-02-12T00:28:19Z</time><extensions><speed>2.484671</speed><course>242.702917</course><hAcc>1.186251</hAcc><vAcc>0.556942</vAcc></extensions></trkpt>
      <trkpt lon="114.395636" lat="33.668998"><ele>56.799833</ele><time>2026-02-12T00:28:20Z</time><extensions><speed>2.531929</speed><course>241.016630</course><hAcc>1.186071</hAcc><vAcc>0.556942</vAcc></extensions></trkpt>
      <trkpt lon="114.395613" lat="33.668987"><ele>56.829504</ele><time>2026-02-12T00:28:21Z</time><extensions><speed>2.542793</speed><course>238.369542</course><hAcc>1.186423</hAcc><vAcc>0.556942</vAcc></extensions></trkpt>
      <trkpt lon="114.395589" lat="33.668975"><ele>56.862327</ele><time>2026-02-12T00:28:22Z</time><extensions><speed>2.532436</speed><course>238.597501</course><hAcc>1.188822</hAcc><vAcc>0.556941</vAcc></extensions></trkpt>
      <trkpt lon="114.395566" lat="33.668963"><ele>56.896666</ele><time>2026-02-12T00:28:23Z</time><extensions><speed>2.488560</speed><course>238.517481</course><hAcc>1.190652</hAcc><vAcc>0.556941</vAcc></extensions></trkpt>
      <trkpt lon="114.395543" lat="33.668951"><ele>56.930483</ele><time>2026-02-12T00:28:24Z</time><extensions><speed>2.576307</speed><course>236.900821</course><hAcc>1.188088</hAcc><vAcc>0.556942</vAcc></extensions></trkpt>
      <trkpt lon="114.395520" lat="33.668938"><ele>56.961656</ele><time>2026-02-12T00:28:25Z</time><extensions><speed>2.502973</speed><course>237.920582</course><hAcc>1.188708</hAcc><vAcc>0.556942</vAcc></extensions></trkpt>
      <trkpt lon="114.395499" lat="33.668927"><ele>56.988394</ele><time>2026-02-12T00:28:26Z</time><extensions><speed>2.243983</speed><course>237.184266</course><hAcc>1.197567</hAcc><vAcc>0.556941</vAcc></extensions></trkpt>
      <trkpt lon="114.395478" lat="33.668916"><ele>57.009863</ele><time>2026-02-12T00:28:27Z</time><extensions><speed>2.212049</speed><course>238.024076</course><hAcc>1.209883</hAcc><vAcc>0.556940</vAcc></extensions></trkpt>
      <trkpt lon="114.395457" lat="33.668906"><ele>57.025578</ele><time>2026-02-12T00:28:28Z</time><extensions><speed>2.294410</speed><course>241.949545</course><hAcc>1.205951</hAcc><vAcc>0.556939</vAcc></extensions></trkpt>
      <trkpt lon="114.395435" lat="33.668897"><ele>57.035050</ele><time>2026-02-12T00:28:29Z</time><extensions><speed>2.278143</speed><course>244.357574</course><hAcc>1.211156</hAcc><vAcc>0.556936</vAcc></extensions></trkpt>
      <trkpt lon="114.395413" lat="33.668888"><ele>57.038054</ele><time>2026-02-12T00:28:30Z</time><extensions><speed>2.296869</speed><course>247.633018</course><hAcc>1.211771</hAcc><vAcc>0.556933</vAcc></extensions></trkpt>
      <trkpt lon="114.395390" lat="33.668880"><ele>57.034779</ele><time>2026-02-12T00:28:31Z</time><extensions><speed>2.213868</speed><course>246.244870</course><hAcc>1.209131</hAcc><vAcc>0.556930</vAcc></extensions></trkpt>
      <trkpt lon="114.395369" lat="33.668872"><ele>57.025849</ele><time>2026-02-12T00:28:32Z</time><extensions><speed>2.235557</speed><course>242.513681</course><hAcc>1.199114</hAcc><vAcc>0.556925</vAcc></extensions></trkpt>
      <trkpt lon="114.395348" lat="33.668862"><ele>57.012065</ele><time>2026-02-12T00:28:33Z</time><extensions><speed>2.244327</speed><course>241.514990</course><hAcc>1.190786</hAcc><vAcc>0.556920</vAcc></extensions></trkpt>
      <trkpt lon="114.395327" lat="33.668853"><ele>56.994586</ele><time>2026-02-12T00:28:34Z</time><extensions><speed>2.153136</speed><course>240.961135</course><hAcc>1.194667</hAcc><vAcc>0.556912</vAcc></extensions></trkpt>
      <trkpt lon="114.395306" lat="33.668843"><ele>56.974762</ele><time>2026-02-12T00:28:35Z</time><extensions><speed>2.199351</speed><course>240.603646</course><hAcc>1.197012</hAcc><vAcc>0.556906</vAcc></extensions></trkpt>
      <trkpt lon="114.395285" lat="33.668833"><ele>56.953808</ele><time>2026-02-12T00:28:36Z</time><extensions><speed>2.328970</speed><course>241.696622</course><hAcc>1.186714</hAcc><vAcc>0.556907</vAcc></extensions></trkpt>
      <trkpt lon="114.395263" lat="33.668824"><ele>56.932930</ele><time>2026-02-12T00:28:36Z</time><extensions><speed>2.306724</speed><course>242.456174</course><hAcc>1.183299</hAcc><vAcc>0.556915</vAcc></extensions></trkpt>
      <trkpt lon="114.395240" lat="33.668814"><ele>56.913082</ele><time>2026-02-12T00:28:37Z</time><extensions><speed>2.364611</speed><course>242.866691</course><hAcc>1.190786</hAcc><vAcc>0.556925</vAcc></extensions></trkpt>
      <trkpt lon="114.395218" lat="33.668804"><ele>56.895110</ele><time>2026-02-12T00:28:38Z</time><extensions><speed>2.402810</speed><course>241.396925</course><hAcc>1.182814</hAcc><vAcc>0.556932</vAcc></extensions></trkpt>
      <trkpt lon="114.395195" lat="33.668793"><ele>56.879793</ele><time>2026-02-12T00:28:39Z</time><extensions><speed>2.346872</speed><course>239.748980</course><hAcc>1.180605</hAcc><vAcc>0.556937</vAcc></extensions></trkpt>
      <trkpt lon="114.395174" lat="33.668783"><ele>56.867895</ele><time>2026-02-12T00:28:40Z</time><extensions><speed>2.332815</speed><course>239.106779</course><hAcc>1.188103</hAcc><vAcc>0.556940</vAcc></extensions></trkpt>
      <trkpt lon="114.395152" lat="33.668772"><ele>56.859650</ele><time>2026-02-12T00:28:41Z</time><extensions><speed>2.260875</speed><course>241.108497</course><hAcc>1.178472</hAcc><vAcc>0.556943</vAcc></extensions></trkpt>
      <trkpt lon="114.395131" lat="33.668763"><ele>56.855153</ele><time>2026-02-12T00:28:42Z</time><extensions><speed>2.226418</speed><course>243.491209</course><hAcc>1.172649</hAcc><vAcc>0.556945</vAcc></extensions></trkpt>
      <trkpt lon="114.395108" lat="33.668754"><ele>56.854165</ele><time>2026-02-12T00:28:43Z</time><extensions><speed>2.373571</speed><course>246.077414</course><hAcc>1.181124</hAcc><vAcc>0.556946</vAcc></extensions></trkpt>
      <trkpt lon="114.395085" lat="33.668745"><ele>56.855981</ele><time>2026-02-12T00:28:44Z</time><extensions><speed>2.356237</speed><course>246.151118</course><hAcc>1.186231</hAcc><vAcc>0.556947</vAcc></extensions></trkpt>
      <trkpt lon="114.395062" lat="33.668737"><ele>56.859692</ele><time>2026-02-12T00:28:46Z</time><extensions><speed>2.379361</speed><course>245.711518</course><hAcc>1.189142</hAcc><vAcc>0.556948</vAcc></extensions></trkpt>
      <trkpt lon="114.395039" lat="33.668728"><ele>56.864595</ele><time>2026-02-12T00:28:47Z</time><extensions><speed>2.347937</speed><course>244.565206</course><hAcc>1.194200</hAcc><vAcc>0.556948</vAcc></extensions></trkpt>
      <trkpt lon="114.395016" lat="33.668719"><ele>56.869908</ele><time>2026-02-12T00:28:48Z</time><extensions><speed>2.334312</speed><course>245.052438</course><hAcc>1.206756</hAcc><vAcc>0.556948</vAcc></extensions></trkpt>
      <trkpt lon="114.394993" lat="33.668710"><ele>56.874936</ele><time>2026-02-12T00:28:49Z</time><extensions><speed>2.247599</speed><course>247.282671</course><hAcc>1.218760</hAcc><vAcc>0.556948</vAcc></extensions></trkpt>
      <trkpt lon="114.394971" lat="33.668703"><ele>56.879370</ele><time>2026-02-12T00:28:50Z</time><extensions><speed>2.151760</speed><course>248.432176</course><hAcc>1.226475</hAcc><vAcc>0.556948</vAcc></extensions></trkpt>
      <trkpt lon="114.394950" lat="33.668696"><ele>56.883004</ele><time>2026-02-12T00:28:51Z</time><extensions><speed>2.131944</speed><course>247.383720</course><hAcc>1.229427</hAcc><vAcc>0.556948</vAcc></extensions></trkpt>
      <trkpt lon="114.394929" lat="33.668688"><ele>56.886771</ele><time>2026-02-12T00:28:52Z</time><extensions><speed>2.151892</speed><course>245.962324</course><hAcc>1.223326</hAcc><vAcc>0.556948</vAcc></extensions></trkpt>
      <trkpt lon="114.394907" lat="33.668680"><ele>56.892156</ele><time>2026-02-12T00:28:53Z</time><extensions><speed>2.318573</speed><course>245.858071</course><hAcc>1.219268</hAcc><vAcc>0.556948</vAcc></extensions></trkpt>
      <trkpt lon="114.394884" lat="33.668671"><ele>56.900844</ele><time>2026-02-12T00:28:54Z</time><extensions><speed>2.390453</speed><course>245.991173</course><hAcc>1.216044</hAcc><vAcc>0.556948</vAcc></extensions></trkpt>
      <trkpt lon="114.394860" lat="33.668662"><ele>56.914481</ele><time>2026-02-12T00:28:55Z</time><extensions><speed>2.362503</speed><course>246.520637</course><hAcc>1.214978</hAcc><vAcc>0.556947</vAcc></extensions></trkpt>
      <trkpt lon="114.394837" lat="33.668654"><ele>56.934874</ele><time>2026-02-12T00:28:56Z</time><extensions><speed>2.351689</speed><course>248.011168</course><hAcc>1.217878</hAcc><vAcc>0.556947</vAcc></extensions></trkpt>
      <trkpt lon="114.394814" lat="33.668647"><ele>56.963092</ele><time>2026-02-12T00:28:57Z</time><extensions><speed>2.177380</speed><course>249.404529</course><hAcc>1.224180</hAcc><vAcc>0.556947</vAcc></extensions></trkpt>
      <trkpt lon="114.394792" lat="33.668640"><ele>56.999660</ele><time>2026-02-12T00:28:58Z</time><extensions><speed>2.186485</speed><course>253.019808</course><hAcc>1.233313</hAcc><vAcc>0.556947</vAcc></extensions></trkpt>
      <trkpt lon="114.394769" lat="33.668635"><ele>57.044762</ele><time>2026-02-12T00:28:59Z</time><extensions><speed>2.121599</speed><course>255.537270</course><hAcc>1.243722</hAcc><vAcc>0.556946</vAcc></extensions></trkpt>
      <trkpt lon="114.394748" lat="33.668630"><ele>57.097598</ele><time>2026-02-12T00:29:00Z</time><extensions><speed>2.077659</speed><course>255.129376</course><hAcc>1.254679</hAcc><vAcc>0.556946</vAcc></extensions></trkpt>
      <trkpt lon="114.394725" lat="33.668625"><ele>57.156911</ele><time>2026-02-12T00:29:01Z</time><extensions><speed>2.220866</speed><course>252.812040</course><hAcc>1.265067</hAcc><vAcc>0.556946</vAcc></extensions></trkpt>
      <trkpt lon="114.394703" lat="33.668619"><ele>57.220681</ele><time>2026-02-12T00:29:02Z</time><extensions><speed>2.215938</speed><course>250.223709</course><hAcc>1.274309</hAcc><vAcc>0.556946</vAcc></extensions></trkpt>
      <trkpt lon="114.394680" lat="33.668612"><ele>57.286199</ele><time>2026-02-12T00:29:03Z</time><extensions><speed>2.274528</speed><course>250.441521</course><hAcc>1.281316</hAcc><vAcc>0.556946</vAcc></extensions></trkpt>
      <trkpt lon="114.394656" lat="33.668605"><ele>57.350417</ele><time>2026-02-12T00:29:04Z</time><extensions><speed>2.354005</speed><course>251.321228</course><hAcc>1.276711</hAcc><vAcc>0.556946</vAcc></extensions></trkpt>
      <trkpt lon="114.394632" lat="33.668598"><ele>57.410565</ele><time>2026-02-12T00:29:05Z</time><extensions><speed>2.337503</speed><course>250.119180</course><hAcc>1.273858</hAcc><vAcc>0.556945</vAcc></extensions></trkpt>
      <trkpt lon="114.394608" lat="33.668591"><ele>57.464030</ele><time>2026-02-12T00:29:06Z</time><extensions><speed>2.411379</speed><course>250.263173</course><hAcc>1.278101</hAcc><vAcc>0.556945</vAcc></extensions></trkpt>
      <trkpt lon="114.394584" lat="33.668583"><ele>57.508654</ele><time>2026-02-12T00:29:07Z</time><extensions><speed>2.460241</speed><course>247.762527</course><hAcc>1.275329</hAcc><vAcc>0.556945</vAcc></extensions></trkpt>
      <trkpt lon="114.394560" lat="33.668574"><ele>57.542931</ele><time>2026-02-12T00:29:08Z</time><extensions><speed>2.348242</speed><course>245.974104</course><hAcc>1.269848</hAcc><vAcc>0.556945</vAcc></extensions></trkpt>
      <trkpt lon="114.394537" lat="33.668566"><ele>57.566006</ele><time>2026-02-12T00:29:09Z</time><extensions><speed>2.306818</speed><course>249.642029</course><hAcc>1.271381</hAcc><vAcc>0.556945</vAcc></extensions></trkpt>
      <trkpt lon="114.394514" lat="33.668560"><ele>57.577759</ele><time>2026-02-12T00:29:10Z</time><extensions><speed>2.170066</speed><course>253.215437</course><hAcc>1.268081</hAcc><vAcc>0.556945</vAcc></extensions></trkpt>
      <trkpt lon="114.394491" lat="33.668555"><ele>57.578673</ele><time>2026-02-12T00:29:11Z</time><extensions><speed>2.170998</speed><course>256.129054</course><hAcc>1.265036</hAcc><vAcc>0.556945</vAcc></extensions></trkpt>
      <trkpt lon="114.394468" lat="33.668550"><ele>57.569866</ele><time>2026-02-12T00:29:12Z</time><extensions><speed>2.292011</speed><course>258.296704</course><hAcc>1.265840</hAcc><vAcc>0.556945</vAcc></extensions></trkpt>
      <trkpt lon="114.394443" lat="33.668546"><ele>57.553096</ele><time>2026-02-12T00:29:13Z</time><extensions><speed>2.327330</speed><course>258.130062</course><hAcc>1.267666</hAcc><vAcc>0.556945</vAcc></extensions></trkpt>
      <trkpt lon="114.394418" lat="33.668542"><ele>57.530313</ele><time>2026-02-12T00:29:14Z</time><extensions><speed>2.425089</speed><course>257.458032</course><hAcc>1.270543</hAcc><vAcc>0.556945</vAcc></extensions></trkpt>
      <trkpt lon="114.394392" lat="33.668537"><ele>57.503079</ele><time>2026-02-12T00:29:15Z</time><extensions><speed>2.529353</speed><course>257.007757</course><hAcc>1.267453</hAcc><vAcc>0.556944</vAcc></extensions></trkpt>
      <trkpt lon="114.394366" lat="33.668532"><ele>57.472780</ele><time>2026-02-12T00:29:16Z</time><extensions><speed>2.520737</speed><course>257.094318</course><hAcc>1.265267</hAcc><vAcc>0.556944</vAcc></extensions></trkpt>
      <trkpt lon="114.394338" lat="33.668527"><ele>57.440445</ele><time>2026-02-12T00:29:17Z</time><extensions><speed>2.599509</speed><course>259.214714</course><hAcc>1.271049</hAcc><vAcc>0.556944</vAcc></extensions></trkpt>
      <trkpt lon="114.394311" lat="33.668522"><ele>57.406321</ele><time>2026-02-12T00:29:18Z</time><extensions><speed>2.564909</speed><course>259.580245</course><hAcc>1.273093</hAcc><vAcc>0.556944</vAcc></extensions></trkpt>
      <trkpt lon="114.394284" lat="33.668519"><ele>57.370452</ele><time>2026-02-12T00:29:19Z</time><extensions><speed>2.558774</speed><course>261.154112</course><hAcc>1.276585</hAcc><vAcc>0.556944</vAcc></extensions></trkpt>
      <trkpt lon="114.394257" lat="33.668515"><ele>57.332750</ele><time>2026-02-12T00:29:20Z</time><extensions><speed>2.529829</speed><course>262.075133</course><hAcc>1.283316</hAcc><vAcc>0.556944</vAcc></extensions></trkpt>
      <trkpt lon="114.394230" lat="33.668512"><ele>57.292922</ele><time>2026-02-12T00:29:21Z</time><extensions><speed>2.402943</speed><course>262.211896</course><hAcc>1.285726</hAcc><vAcc>0.556944</vAcc></extensions></trkpt>
      <trkpt lon="114.394204" lat="33.668510"><ele>57.250634</ele><time>2026-02-12T00:29:22Z</time><extensions><speed>2.463506</speed><course>264.093779</course><hAcc>1.291467</hAcc><vAcc>0.556944</vAcc></extensions></trkpt>
      <trkpt lon="114.394177" lat="33.668507"><ele>57.206518</ele><time>2026-02-12T00:29:23Z</time><extensions><speed>2.486129</speed><course>264.639189</course><hAcc>1.300447</hAcc><vAcc>0.556944</vAcc></extensions></trkpt>
      <trkpt lon="114.394151" lat="33.668505"><ele>57.161022</ele><time>2026-02-12T00:29:24Z</time><extensions><speed>2.468727</speed><course>264.415741</course><hAcc>1.304478</hAcc><vAcc>0.556944</vAcc></extensions></trkpt>
      <trkpt lon="114.394124" lat="33.668503"><ele>57.114780</ele><time>2026-02-12T00:29:25Z</time><extensions><speed>2.541679</speed><course>265.022359</course><hAcc>1.308262</hAcc><vAcc>0.556944</vAcc></extensions></trkpt>
      <trkpt lon="114.394096" lat="33.668501"><ele>57.068702</ele><time>2026-02-12T00:29:26Z</time><extensions><speed>2.591541</speed><course>263.692198</course><hAcc>1.315799</hAcc><vAcc>0.556944</vAcc></extensions></trkpt>
      <trkpt lon="114.394068" lat="33.668499"><ele>57.023942</ele><time>2026-02-12T00:29:27Z</time><extensions><speed>2.517106</speed><course>266.146910</course><hAcc>1.316165</hAcc><vAcc>0.556944</vAcc></extensions></trkpt>
      <trkpt lon="114.394041" lat="33.668498"><ele>56.981380</ele><time>2026-02-12T00:29:28Z</time><extensions><speed>2.589688</speed><course>269.104116</course><hAcc>1.312921</hAcc><vAcc>0.556944</vAcc></extensions></trkpt>
      <trkpt lon="114.394013" lat="33.668498"><ele>56.942183</ele><time>2026-02-12T00:29:29Z</time><extensions><speed>2.523762</speed><course>270.912737</course><hAcc>1.309311</hAcc><vAcc>0.556944</vAcc></extensions></trkpt>
      <trkpt lon="114.393986" lat="33.668498"><ele>56.907556</ele><time>2026-02-12T00:29:30Z</time><extensions><speed>2.511247</speed><course>270.949654</course><hAcc>1.309724</hAcc><vAcc>0.556944</vAcc></extensions></trkpt>
      <trkpt lon="114.393958" lat="33.668498"><ele>56.878551</ele><time>2026-02-12T00:29:31Z</time><extensions><speed>2.610004</speed><course>268.837950</course><hAcc>1.306706</hAcc><vAcc>0.556944</vAcc></extensions></trkpt>
      <trkpt lon="114.393930" lat="33.668497"><ele>56.855924</ele><time>2026-02-12T00:29:32Z</time><extensions><speed>2.597594</speed><course>264.227309</course><hAcc>1.301587</hAcc><vAcc>0.556944</vAcc></extensions></trkpt>
      <trkpt lon="114.393902" lat="33.668494"><ele>56.840142</ele><time>2026-02-12T00:29:33Z</time><extensions><speed>2.600133</speed><course>262.466190</course><hAcc>1.301513</hAcc><vAcc>0.556944</vAcc></extensions></trkpt>
      <trkpt lon="114.393874" lat="33.668491"><ele>56.831118</ele><time>2026-02-12T00:29:34Z</time><extensions><speed>2.717966</speed><course>262.644639</course><hAcc>1.294321</hAcc><vAcc>0.556944</vAcc></extensions></trkpt>
      <trkpt lon="114.393845" lat="33.668488"><ele>56.828291</ele><time>2026-02-12T00:29:35Z</time><extensions><speed>2.701938</speed><course>263.714914</course><hAcc>1.288678</hAcc><vAcc>0.556944</vAcc></extensions></trkpt>
      <trkpt lon="114.393815" lat="33.668486"><ele>56.830774</ele><time>2026-02-12T00:29:36Z</time><extensions><speed>2.814986</speed><course>264.629691</course><hAcc>1.280933</hAcc><vAcc>0.556944</vAcc></extensions></trkpt>
      <trkpt lon="114.393786" lat="33.668483"><ele>56.837545</ele><time>2026-02-12T00:29:37Z</time><extensions><speed>2.742136</speed><course>264.448860</course><hAcc>1.279335</hAcc><vAcc>0.556944</vAcc></extensions></trkpt>
      <trkpt lon="114.393757" lat="33.668481"><ele>56.847701</ele><time>2026-02-12T00:29:38Z</time><extensions><speed>2.626819</speed><course>264.122958</course><hAcc>1.281836</hAcc><vAcc>0.556944</vAcc></extensions></trkpt>
      <trkpt lon="114.393728" lat="33.668478"><ele>56.860506</ele><time>2026-02-12T00:29:39Z</time><extensions><speed>2.639975</speed><course>265.110797</course><hAcc>1.283235</hAcc><vAcc>0.556944</vAcc></extensions></trkpt>
      <trkpt lon="114.393700" lat="33.668477"><ele>56.875372</ele><time>2026-02-12T00:29:40Z</time><extensions><speed>2.570614</speed><course>265.969599</course><hAcc>1.281996</hAcc><vAcc>0.556944</vAcc></extensions></trkpt>
      <trkpt lon="114.393673" lat="33.668475"><ele>56.891796</ele><time>2026-02-12T00:29:41Z</time><extensions><speed>2.545331</speed><course>266.658504</course><hAcc>1.284685</hAcc><vAcc>0.556944</vAcc></extensions></trkpt>
      <trkpt lon="114.393645" lat="33.668474"><ele>56.909409</ele><time>2026-02-12T00:29:42Z</time><extensions><speed>2.576775</speed><course>267.564583</course><hAcc>1.285406</hAcc><vAcc>0.556944</vAcc></extensions></trkpt>
      <trkpt lon="114.393618" lat="33.668473"><ele>56.927669</ele><time>2026-02-12T00:29:43Z</time><extensions><speed>2.494455</speed><course>266.786506</course><hAcc>1.283574</hAcc><vAcc>0.556943</vAcc></extensions></trkpt>
      <trkpt lon="114.393591" lat="33.668471"><ele>56.946002</ele><time>2026-02-12T00:29:44Z</time><extensions><speed>2.446002</speed><course>265.508267</course><hAcc>1.287000</hAcc><vAcc>0.556943</vAcc></extensions></trkpt>
      <trkpt lon="114.393565" lat="33.668469"><ele>56.963881</ele><time>2026-02-12T00:29:45Z</time><extensions><speed>2.467117</speed><course>265.060713</course><hAcc>1.283347</hAcc><vAcc>0.556943</vAcc></extensions></trkpt>
      <trkpt lon="114.393539" lat="33.668468"><ele>56.980884</ele><time>2026-02-12T00:29:46Z</time><extensions><speed>2.433568</speed><course>265.035452</course><hAcc>1.279153</hAcc><vAcc>0.556943</vAcc></extensions></trkpt>
      <trkpt lon="114.393512" lat="33.668466"><ele>56.996597</ele><time>2026-02-12T00:29:47Z</time><extensions><speed>2.542978</speed><course>265.943918</course><hAcc>1.282161</hAcc><vAcc>0.556943</vAcc></extensions></trkpt>
      <trkpt lon="114.393484" lat="33.668464"><ele>57.010363</ele><time>2026-02-12T00:29:48Z</time><extensions><speed>2.582235</speed><course>263.543103</course><hAcc>1.280583</hAcc><vAcc>0.556943</vAcc></extensions></trkpt>
      <trkpt lon="114.393457" lat="33.668461"><ele>57.021412</ele><time>2026-02-12T00:29:49Z</time><extensions><speed>2.534086</speed><course>261.145106</course><hAcc>1.280908</hAcc><vAcc>0.556943</vAcc></extensions></trkpt>
      <trkpt lon="114.393430" lat="33.668457"><ele>57.029022</ele><time>2026-02-12T00:29:50Z</time><extensions><speed>2.534169</speed><course>261.447272</course><hAcc>1.287481</hAcc><vAcc>0.556943</vAcc></extensions></trkpt>
      <trkpt lon="114.393403" lat="33.668453"><ele>57.032549</ele><time>2026-02-12T00:29:51Z</time><extensions><speed>2.543955</speed><course>259.716022</course><hAcc>1.289252</hAcc><vAcc>0.556943</vAcc></extensions></trkpt>
      <trkpt lon="114.393376" lat="33.668449"><ele>57.031456</ele><time>2026-02-12T00:29:52Z</time><extensions><speed>2.498470</speed><course>258.017993</course><hAcc>1.292175</hAcc><vAcc>0.556943</vAcc></extensions></trkpt>
      <trkpt lon="114.393350" lat="33.668444"><ele>57.025553</ele><time>2026-02-12T00:29:53Z</time><extensions><speed>2.502082</speed><course>257.771560</course><hAcc>1.295235</hAcc><vAcc>0.556943</vAcc></extensions></trkpt>
      <trkpt lon="114.393323" lat="33.668440"><ele>57.014970</ele><time>2026-02-12T00:29:54Z</time><extensions><speed>2.496788</speed><course>259.221216</course><hAcc>1.299428</hAcc><vAcc>0.556943</vAcc></extensions></trkpt>
      <trkpt lon="114.393296" lat="33.668436"><ele>56.999964</ele><time>2026-02-12T00:29:55Z</time><extensions><speed>2.550403</speed><course>262.446268</course><hAcc>1.306741</hAcc><vAcc>0.556943</vAcc></extensions></trkpt>
      <trkpt lon="114.393269" lat="33.668433"><ele>56.981024</ele><time>2026-02-12T00:29:56Z</time><extensions><speed>2.513976</speed><course>264.037641</course><hAcc>1.311234</hAcc><vAcc>0.556943</vAcc></extensions></trkpt>
      <trkpt lon="114.393242" lat="33.668431"><ele>56.958730</ele><time>2026-02-12T00:29:57Z</time><extensions><speed>2.572221</speed><course>264.955446</course><hAcc>1.317030</hAcc><vAcc>0.556943</vAcc></extensions></trkpt>
      <trkpt lon="114.393214" lat="33.668430"><ele>56.933864</ele><time>2026-02-12T00:29:58Z</time><extensions><speed>2.555793</speed><course>266.839963</course><hAcc>1.322521</hAcc><vAcc>0.556943</vAcc></extensions></trkpt>
      <trkpt lon="114.393187" lat="33.668429"><ele>56.907431</ele><time>2026-02-12T00:29:59Z</time><extensions><speed>2.550071</speed><course>268.192365</course><hAcc>1.323721</hAcc><vAcc>0.556943</vAcc></extensions></trkpt>
      <trkpt lon="114.393159" lat="33.668428"><ele>56.880520</ele><time>2026-02-12T00:30:00Z</time><extensions><speed>2.641182</speed><course>268.787529</course><hAcc>1.325818</hAcc><vAcc>0.556943</vAcc></extensions></trkpt>
      <trkpt lon="114.393131" lat="33.668427"><ele>56.853941</ele><time>2026-02-12T00:30:01Z</time><extensions><speed>2.519624</speed><course>268.814266</course><hAcc>1.330744</hAcc><vAcc>0.556943</vAcc></extensions></trkpt>
      <trkpt lon="114.393104" lat="33.668427"><ele>56.828431</ele><time>2026-02-12T00:30:02Z</time><extensions><speed>2.564486</speed><course>268.718879</course><hAcc>1.336776</hAcc><vAcc>0.556943</vAcc></extensions></trkpt>
      <trkpt lon="114.393076" lat="33.668426"><ele>56.804612</ele><time>2026-02-12T00:30:03Z</time><extensions><speed>2.488458</speed><course>268.495114</course><hAcc>1.342854</hAcc><vAcc>0.556943</vAcc></extensions></trkpt>
      <trkpt lon="114.393050" lat="33.668426"><ele>56.782937</ele><time>2026-02-12T00:30:04Z</time><extensions><speed>2.358651</speed><course>267.892430</course><hAcc>1.348040</hAcc><vAcc>0.556943</vAcc></extensions></trkpt>
      <trkpt lon="114.393025" lat="33.668425"><ele>56.763641</ele><time>2026-02-12T00:30:05Z</time><extensions><speed>2.353005</speed><course>268.353685</course><hAcc>1.352611</hAcc><vAcc>0.556943</vAcc></extensions></trkpt>
      <trkpt lon="114.393000" lat="33.668424"><ele>56.746729</ele><time>2026-02-12T00:30:06Z</time><extensions><speed>2.299152</speed><course>268.843899</course><hAcc>1.348266</hAcc><vAcc>0.556943</vAcc></extensions></trkpt>
      <trkpt lon="114.392975" lat="33.668424"><ele>56.732016</ele><time>2026-02-12T00:30:07Z</time><extensions><speed>2.294892</speed><course>268.374861</course><hAcc>1.343281</hAcc><vAcc>0.556943</vAcc></extensions></trkpt>
      <trkpt lon="114.392950" lat="33.668423"><ele>56.719200</ele><time>2026-02-12T00:30:08Z</time><extensions><speed>2.325625</speed><course>268.240565</course><hAcc>1.347150</hAcc><vAcc>0.556943</vAcc></extensions></trkpt>
      <trkpt lon="114.392925" lat="33.668422"><ele>56.707962</ele><time>2026-02-12T00:30:09Z</time><extensions><speed>2.254304</speed><course>266.879352</course><hAcc>1.348110</hAcc><vAcc>0.556943</vAcc></extensions></trkpt>
      <trkpt lon="114.392901" lat="33.668421"><ele>56.697925</ele><time>2026-02-12T00:30:10Z</time><extensions><speed>2.311009</speed><course>265.447501</course><hAcc>1.345580</hAcc><vAcc>0.556943</vAcc></extensions></trkpt>
      <trkpt lon="114.392875" lat="33.668419"><ele>56.688861</ele><time>2026-02-12T00:30:11Z</time><extensions><speed>2.396130</speed><course>262.790647</course><hAcc>1.343942</hAcc><vAcc>0.556943</vAcc></extensions></trkpt>
      <trkpt lon="114.392850" lat="33.668416"><ele>56.680673</ele><time>2026-02-12T00:30:12Z</time><extensions><speed>2.365525</speed><course>261.781045</course><hAcc>1.345797</hAcc><vAcc>0.556943</vAcc></extensions></trkpt>
      <trkpt lon="114.392824" lat="33.668413"><ele>56.673339</ele><time>2026-02-12T00:30:13Z</time><extensions><speed>2.419785</speed><course>263.212171</course><hAcc>1.350391</hAcc><vAcc>0.556943</vAcc></extensions></trkpt>
      <trkpt lon="114.392798" lat="33.668410"><ele>56.666819</ele><time>2026-02-12T00:30:14Z</time><extensions><speed>2.483007</speed><course>262.577444</course><hAcc>1.353189</hAcc><vAcc>0.556943</vAcc></extensions></trkpt>
      <trkpt lon="114.392772" lat="33.668407"><ele>56.661141</ele><time>2026-02-12T00:30:15Z</time><extensions><speed>2.477467</speed><course>262.106948</course><hAcc>1.360374</hAcc><vAcc>0.556943</vAcc></extensions></trkpt>
      <trkpt lon="114.392745" lat="33.668405"><ele>56.656277</ele><time>2026-02-12T00:30:16Z</time><extensions><speed>2.548546</speed><course>264.536898</course><hAcc>1.362516</hAcc><vAcc>0.556943</vAcc></extensions></trkpt>
      <trkpt lon="114.392717" lat="33.668403"><ele>56.652157</ele><time>2026-02-12T00:30:17Z</time><extensions><speed>2.555811</speed><course>267.749081</course><hAcc>1.355274</hAcc><vAcc>0.556943</vAcc></extensions></trkpt>
      <trkpt lon="114.392689" lat="33.668403"><ele>56.648737</ele><time>2026-02-12T00:30:18Z</time><extensions><speed>2.603145</speed><course>270.436391</course><hAcc>1.351191</hAcc><vAcc>0.556943</vAcc></extensions></trkpt>
      <trkpt lon="114.392661" lat="33.668403"><ele>56.646284</ele><time>2026-02-12T00:30:19Z</time><extensions><speed>2.601931</speed><course>271.890567</course><hAcc>1.348132</hAcc><vAcc>0.556943</vAcc></extensions></trkpt>
      <trkpt lon="114.392634" lat="33.668404"><ele>56.644992</ele><time>2026-02-12T00:30:20Z</time><extensions><speed>2.407758</speed><course>272.151626</course><hAcc>1.344778</hAcc><vAcc>0.556943</vAcc></extensions></trkpt>
      <trkpt lon="114.392608" lat="33.668405"><ele>56.644951</ele><time>2026-02-12T00:30:21Z</time><extensions><speed>2.383530</speed><course>272.198719</course><hAcc>1.341558</hAcc><vAcc>0.556943</vAcc></extensions></trkpt>
      <trkpt lon="114.392583" lat="33.668406"><ele>56.646155</ele><time>2026-02-12T00:30:22Z</time><extensions><speed>2.301651</speed><course>271.308124</course><hAcc>1.338445</hAcc><vAcc>0.556943</vAcc></extensions></trkpt>
      <trkpt lon="114.392558" lat="33.668406"><ele>56.648570</ele><time>2026-02-12T00:30:23Z</time><extensions><speed>2.316020</speed><course>272.879820</course><hAcc>1.329812</hAcc><vAcc>0.556943</vAcc></extensions></trkpt>
      <trkpt lon="114.392533" lat="33.668408"><ele>56.651969</ele><time>2026-02-12T00:30:24Z</time><extensions><speed>2.413453</speed><course>274.161805</course><hAcc>1.324435</hAcc><vAcc>0.556943</vAcc></extensions></trkpt>
      <trkpt lon="114.392507" lat="33.668409"><ele>56.656155</ele><time>2026-02-12T00:30:25Z</time><extensions><speed>2.397768</speed><course>273.542982</course><hAcc>1.324411</hAcc><vAcc>0.556943</vAcc></extensions></trkpt>
      <trkpt lon="114.392480" lat="33.668410"><ele>56.660929</ele><time>2026-02-12T00:30:26Z</time><extensions><speed>2.429063</speed><course>272.368903</course><hAcc>1.329329</hAcc><vAcc>0.556943</vAcc></extensions></trkpt>
      <trkpt lon="114.392454" lat="33.668411"><ele>56.666068</ele><time>2026-02-12T00:30:27Z</time><extensions><speed>2.474975</speed><course>271.319389</course><hAcc>1.325317</hAcc><vAcc>0.556943</vAcc></extensions></trkpt>
      <trkpt lon="114.392428" lat="33.668411"><ele>56.671350</ele><time>2026-02-12T00:30:28Z</time><extensions><speed>2.402763</speed><course>270.997054</course><hAcc>1.321380</hAcc><vAcc>0.556942</vAcc></extensions></trkpt>
      <trkpt lon="114.392401" lat="33.668412"><ele>56.676355</ele><time>2026-02-12T00:30:29Z</time><extensions><speed>2.471562</speed><course>271.222113</course><hAcc>1.322776</hAcc><vAcc>0.556943</vAcc></extensions></trkpt>
      <trkpt lon="114.392374" lat="33.668412"><ele>56.680574</ele><time>2026-02-12T00:30:30Z</time><extensions><speed>2.494692</speed><course>269.846283</course><hAcc>1.320274</hAcc><vAcc>0.556944</vAcc></extensions></trkpt>
      <trkpt lon="114.392348" lat="33.668411"><ele>56.683491</ele><time>2026-02-12T00:30:31Z</time><extensions><speed>2.483975</speed><course>266.989792</course><hAcc>1.316849</hAcc><vAcc>0.556945</vAcc></extensions></trkpt>
      <trkpt lon="114.392320" lat="33.668410"><ele>56.684676</ele><time>2026-02-12T00:30:32Z</time><extensions><speed>2.604211</speed><course>266.493835</course><hAcc>1.317457</hAcc><vAcc>0.556946</vAcc></extensions></trkpt>
      <trkpt lon="114.392292" lat="33.668409"><ele>56.683741</ele><time>2026-02-12T00:30:33Z</time><extensions><speed>2.551608</speed><course>267.286870</course><hAcc>1.322123</hAcc><vAcc>0.556947</vAcc></extensions></trkpt>
      <trkpt lon="114.392264" lat="33.668408"><ele>56.680558</ele><time>2026-02-12T00:30:34Z</time><extensions><speed>2.603747</speed><course>269.301198</course><hAcc>1.333278</hAcc><vAcc>0.556948</vAcc></extensions></trkpt>
      <trkpt lon="114.392236" lat="33.668408"><ele>56.675158</ele><time>2026-02-12T00:30:35Z</time><extensions><speed>2.601704</speed><course>269.992035</course><hAcc>1.329861</hAcc><vAcc>0.556948</vAcc></extensions></trkpt>
      <trkpt lon="114.392209" lat="33.668408"><ele>56.667706</ele><time>2026-02-12T00:30:36Z</time><extensions><speed>2.493093</speed><course>268.772394</course><hAcc>1.333392</hAcc><vAcc>0.556948</vAcc></extensions></trkpt>
      <trkpt lon="114.392182" lat="33.668407"><ele>56.658542</ele><time>2026-02-12T00:30:37Z</time><extensions><speed>2.528549</speed><course>269.802856</course><hAcc>1.344456</hAcc><vAcc>0.556948</vAcc></extensions></trkpt>
      <trkpt lon="114.392155" lat="33.668407"><ele>56.648105</ele><time>2026-02-12T00:30:38Z</time><extensions><speed>2.434088</speed><course>269.987569</course><hAcc>1.343774</hAcc><vAcc>0.556948</vAcc></extensions></trkpt>
      <trkpt lon="114.392129" lat="33.668407"><ele>56.636947</ele><time>2026-02-12T00:30:39Z</time><extensions><speed>2.388894</speed><course>269.415322</course><hAcc>1.338669</hAcc><vAcc>0.556948</vAcc></extensions></trkpt>
      <trkpt lon="114.392103" lat="33.668407"><ele>56.625690</ele><time>2026-02-12T00:30:40Z</time><extensions><speed>2.402630</speed><course>268.489851</course><hAcc>1.331526</hAcc><vAcc>0.556948</vAcc></extensions></trkpt>
      <trkpt lon="114.392078" lat="33.668406"><ele>56.615003</ele><time>2026-02-12T00:30:41Z</time><extensions><speed>2.317862</speed><course>267.250714</course><hAcc>1.334508</hAcc><vAcc>0.556947</vAcc></extensions></trkpt>
      <trkpt lon="114.392053" lat="33.668405"><ele>56.605703</ele><time>2026-02-12T00:30:42Z</time><extensions><speed>2.302332</speed><course>267.791128</course><hAcc>1.354552</hAcc><vAcc>0.556947</vAcc></extensions></trkpt>
      <trkpt lon="114.392027" lat="33.668404"><ele>56.598520</ele><time>2026-02-12T00:30:43Z</time><extensions><speed>2.467312</speed><course>266.196799</course><hAcc>1.331887</hAcc><vAcc>0.556947</vAcc></extensions></trkpt>
      <trkpt lon="114.392000" lat="33.668402"><ele>56.594115</ele><time>2026-02-12T00:30:44Z</time><extensions><speed>2.444240</speed><course>266.301506</course><hAcc>1.325125</hAcc><vAcc>0.556947</vAcc></extensions></trkpt>
      <trkpt lon="114.391974" lat="33.668401"><ele>56.593056</ele><time>2026-02-12T00:30:45Z</time><extensions><speed>2.461484</speed><course>267.092659</course><hAcc>1.333573</hAcc><vAcc>0.556947</vAcc></extensions></trkpt>
      <trkpt lon="114.391949" lat="33.668400"><ele>56.595771</ele><time>2026-02-12T00:30:46Z</time><extensions><speed>2.247659</speed><course>265.016218</course><hAcc>1.347131</hAcc><vAcc>0.556947</vAcc></extensions></trkpt>
      <trkpt lon="114.391924" lat="33.668397"><ele>56.602345</ele><time>2026-02-12T00:30:47Z</time><extensions><speed>2.351371</speed><course>262.810759</course><hAcc>1.357079</hAcc><vAcc>0.556946</vAcc></extensions></trkpt>
      <trkpt lon="114.391898" lat="33.668395"><ele>56.612767</ele><time>2026-02-12T00:30:48Z</time><extensions><speed>2.555385</speed><course>263.446378</course><hAcc>1.360676</hAcc><vAcc>0.556946</vAcc></extensions></trkpt>
      <trkpt lon="114.391870" lat="33.668392"><ele>56.626802</ele><time>2026-02-12T00:30:49Z</time><extensions><speed>2.546921</speed><course>264.869016</course><hAcc>1.353788</hAcc><vAcc>0.556946</vAcc></extensions></trkpt>
      <trkpt lon="114.391843" lat="33.668391"><ele>56.643977</ele><time>2026-02-12T00:30:50Z</time><extensions><speed>2.447142</speed><course>267.270901</course><hAcc>1.358631</hAcc><vAcc>0.556946</vAcc></extensions></trkpt>
      <trkpt lon="114.391818" lat="33.668390"><ele>56.663743</ele><time>2026-02-12T00:30:51Z</time><extensions><speed>2.282515</speed><course>265.795273</course><hAcc>1.351888</hAcc><vAcc>0.556946</vAcc></extensions></trkpt>
      <trkpt lon="114.391793" lat="33.668388"><ele>56.685307</ele><time>2026-02-12T00:30:52Z</time><extensions><speed>2.347501</speed><course>264.961636</course><hAcc>1.344392</hAcc><vAcc>0.556946</vAcc></extensions></trkpt>
      <trkpt lon="114.391767" lat="33.668386"><ele>56.707779</ele><time>2026-02-12T00:30:53Z</time><extensions><speed>2.433822</speed><course>267.111916</course><hAcc>1.337155</hAcc><vAcc>0.556945</vAcc></extensions></trkpt>
      <trkpt lon="114.391741" lat="33.668385"><ele>56.730288</ele><time>2026-02-12T00:30:54Z</time><extensions><speed>2.412369</speed><course>267.843739</course><hAcc>1.328333</hAcc><vAcc>0.556945</vAcc></extensions></trkpt>
      <trkpt lon="114.391715" lat="33.668385"><ele>56.752076</ele><time>2026-02-12T00:30:55Z</time><extensions><speed>2.503262</speed><course>269.001364</course><hAcc>1.323220</hAcc><vAcc>0.556945</vAcc></extensions></trkpt>
      <trkpt lon="114.391688" lat="33.668385"><ele>56.772413</ele><time>2026-02-12T00:30:56Z</time><extensions><speed>2.463290</speed><course>269.985898</course><hAcc>1.316132</hAcc><vAcc>0.556945</vAcc></extensions></trkpt>
      <trkpt lon="114.391662" lat="33.668385"><ele>56.790656</ele><time>2026-02-12T00:30:57Z</time><extensions><speed>2.383202</speed><course>269.911220</course><hAcc>1.310316</hAcc><vAcc>0.556945</vAcc></extensions></trkpt>
      <trkpt lon="114.391636" lat="33.668385"><ele>56.806314</ele><time>2026-02-12T00:30:58Z</time><extensions><speed>2.396367</speed><course>271.622771</course><hAcc>1.306827</hAcc><vAcc>0.556945</vAcc></extensions></trkpt>
      <trkpt lon="114.391610" lat="33.668385"><ele>56.819101</ele><time>2026-02-12T00:30:59Z</time><extensions><speed>2.314374</speed><course>271.010478</course><hAcc>1.302391</hAcc><vAcc>0.556945</vAcc></extensions></trkpt>
      <trkpt lon="114.391585" lat="33.668385"><ele>56.828973</ele><time>2026-02-12T00:31:00Z</time><extensions><speed>2.356241</speed><course>269.558038</course><hAcc>1.298221</hAcc><vAcc>0.556945</vAcc></extensions></trkpt>
      <trkpt lon="114.391560" lat="33.668385"><ele>56.836078</ele><time>2026-02-12T00:31:01Z</time><extensions><speed>2.419367</speed><course>267.404977</course><hAcc>1.296037</hAcc><vAcc>0.556945</vAcc></extensions></trkpt>
      <trkpt lon="114.391534" lat="33.668384"><ele>56.840574</ele><time>2026-02-12T00:31:02Z</time><extensions><speed>2.285908</speed><course>265.729211</course><hAcc>1.299855</hAcc><vAcc>0.556945</vAcc></extensions></trkpt>
      <trkpt lon="114.391510" lat="33.668382"><ele>56.842687</ele><time>2026-02-12T00:31:03Z</time><extensions><speed>2.269994</speed><course>266.607584</course><hAcc>1.306623</hAcc><vAcc>0.556944</vAcc></extensions></trkpt>
      <trkpt lon="114.391485" lat="33.668381"><ele>56.842643</ele><time>2026-02-12T00:31:04Z</time><extensions><speed>2.386368</speed><course>265.300818</course><hAcc>1.304660</hAcc><vAcc>0.556944</vAcc></extensions></trkpt>
      <trkpt lon="114.391459" lat="33.668379"><ele>56.840395</ele><time>2026-02-12T00:31:05Z</time><extensions><speed>2.433824</speed><course>267.206978</course><hAcc>1.306250</hAcc><vAcc>0.556944</vAcc></extensions></trkpt>
      <trkpt lon="114.391431" lat="33.668379"><ele>56.835862</ele><time>2026-02-12T00:31:06Z</time><extensions><speed>2.636613</speed><course>269.330787</course><hAcc>1.313385</hAcc><vAcc>0.556944</vAcc></extensions></trkpt>
      <trkpt lon="114.391403" lat="33.668379"><ele>56.828815</ele><time>2026-02-12T00:31:07Z</time><extensions><speed>2.506618</speed><course>269.831578</course><hAcc>1.314399</hAcc><vAcc>0.556944</vAcc></extensions></trkpt>
      <trkpt lon="114.391377" lat="33.668379"><ele>56.818919</ele><time>2026-02-12T00:31:08Z</time><extensions><speed>2.399455</speed><course>270.723873</course><hAcc>1.315830</hAcc><vAcc>0.556944</vAcc></extensions></trkpt>
      <trkpt lon="114.391351" lat="33.668379"><ele>56.805820</ele><time>2026-02-12T00:31:09Z</time><extensions><speed>2.398822</speed><course>270.285699</course><hAcc>1.318432</hAcc><vAcc>0.556944</vAcc></extensions></trkpt>
      <trkpt lon="114.391325" lat="33.668379"><ele>56.789501</ele><time>2026-02-12T00:31:10Z</time><extensions><speed>2.362333</speed><course>268.581162</course><hAcc>1.319528</hAcc><vAcc>0.556944</vAcc></extensions></trkpt>
      <trkpt lon="114.391299" lat="33.668378"><ele>56.769920</ele><time>2026-02-12T00:31:11Z</time><extensions><speed>2.536816</speed><course>269.285633</course><hAcc>1.320736</hAcc><vAcc>0.556944</vAcc></extensions></trkpt>
      <trkpt lon="114.391271" lat="33.668378"><ele>56.747058</ele><time>2026-02-12T00:31:12Z</time><extensions><speed>2.601308</speed><course>269.592039</course><hAcc>1.319684</hAcc><vAcc>0.556944</vAcc></extensions></trkpt>
      <trkpt lon="114.391243" lat="33.668377"><ele>56.720981</ele><time>2026-02-12T00:31:13Z</time><extensions><speed>2.627700</speed><course>267.463654</course><hAcc>1.323180</hAcc><vAcc>0.556944</vAcc></extensions></trkpt>
      <trkpt lon="114.391214" lat="33.668376"><ele>56.691873</ele><time>2026-02-12T00:31:14Z</time><extensions><speed>2.702391</speed><course>266.178662</course><hAcc>1.324805</hAcc><vAcc>0.556944</vAcc></extensions></trkpt>
      <trkpt lon="114.391185" lat="33.668375"><ele>56.660507</ele><time>2026-02-12T00:31:15Z</time><extensions><speed>2.599162</speed><course>267.652112</course><hAcc>1.324248</hAcc><vAcc>0.556944</vAcc></extensions></trkpt>
      <trkpt lon="114.391157" lat="33.668374"><ele>56.627782</ele><time>2026-02-12T00:31:16Z</time><extensions><speed>2.639305</speed><course>269.244603</course><hAcc>1.334217</hAcc><vAcc>0.556944</vAcc></extensions></trkpt>
      <trkpt lon="114.391129" lat="33.668374"><ele>56.594596</ele><time>2026-02-12T00:31:17Z</time><extensions><speed>2.665451</speed><course>271.909118</course><hAcc>1.325829</hAcc><vAcc>0.556944</vAcc></extensions></trkpt>
      <trkpt lon="114.391100" lat="33.668376"><ele>56.561749</ele><time>2026-02-12T00:31:18Z</time><extensions><speed>2.576300</speed><course>275.250969</course><hAcc>1.317046</hAcc><vAcc>0.556944</vAcc></extensions></trkpt>
      <trkpt lon="114.391073" lat="33.668378"><ele>56.530037</ele><time>2026-02-12T00:31:19Z</time><extensions><speed>2.571142</speed><course>277.847829</course><hAcc>1.320441</hAcc><vAcc>0.556944</vAcc></extensions></trkpt>
      <trkpt lon="114.391046" lat="33.668381"><ele>56.500118</ele><time>2026-02-12T00:31:20Z</time><extensions><speed>2.441958</speed><course>276.579873</course><hAcc>1.321525</hAcc><vAcc>0.556944</vAcc></extensions></trkpt>
      <trkpt lon="114.391021" lat="33.668383"><ele>56.472491</ele><time>2026-02-12T00:31:21Z</time><extensions><speed>2.264444</speed><course>275.196142</course><hAcc>1.318140</hAcc><vAcc>0.556944</vAcc></extensions></trkpt>
      <trkpt lon="114.390996" lat="33.668385"><ele>56.447627</ele><time>2026-02-12T00:31:22Z</time><extensions><speed>2.298648</speed><course>276.229711</course><hAcc>1.316315</hAcc><vAcc>0.556944</vAcc></extensions></trkpt>
      <trkpt lon="114.390971" lat="33.668388"><ele>56.426291</ele><time>2026-02-12T00:31:23Z</time><extensions><speed>2.362036</speed><course>275.083037</course><hAcc>1.314335</hAcc><vAcc>0.556944</vAcc></extensions></trkpt>
      <trkpt lon="114.390945" lat="33.668389"><ele>56.409060</ele><time>2026-02-12T00:31:24Z</time><extensions><speed>2.412696</speed><course>274.081745</course><hAcc>1.316058</hAcc><vAcc>0.556944</vAcc></extensions></trkpt>
      <trkpt lon="114.390920" lat="33.668391"><ele>56.396435</ele><time>2026-02-12T00:31:25Z</time><extensions><speed>2.346408</speed><course>275.091951</course><hAcc>1.316524</hAcc><vAcc>0.556944</vAcc></extensions></trkpt>
      <trkpt lon="114.390895" lat="33.668393"><ele>56.388796</ele><time>2026-02-12T00:31:26Z</time><extensions><speed>2.253402</speed><course>276.946138</course><hAcc>1.320093</hAcc><vAcc>0.556944</vAcc></extensions></trkpt>
      <trkpt lon="114.390870" lat="33.668396"><ele>56.386346</ele><time>2026-02-12T00:31:27Z</time><extensions><speed>2.381016</speed><course>277.804722</course><hAcc>1.323594</hAcc><vAcc>0.556944</vAcc></extensions></trkpt>
      <trkpt lon="114.390844" lat="33.668399"><ele>56.388803</ele><time>2026-02-12T00:31:28Z</time><extensions><speed>2.474781</speed><course>276.880636</course><hAcc>1.327989</hAcc><vAcc>0.556944</vAcc></extensions></trkpt>
      <trkpt lon="114.390817" lat="33.668401"><ele>56.395923</ele><time>2026-02-12T00:31:29Z</time><extensions><speed>2.549216</speed><course>275.320774</course><hAcc>1.333632</hAcc><vAcc>0.556944</vAcc></extensions></trkpt>
      <trkpt lon="114.390790" lat="33.668403"><ele>56.407417</ele><time>2026-02-12T00:31:30Z</time><extensions><speed>2.581062</speed><course>275.116976</course><hAcc>1.338458</hAcc><vAcc>0.556943</vAcc></extensions></trkpt>
      <trkpt lon="114.390762" lat="33.668405"><ele>56.422919</ele><time>2026-02-12T00:31:31Z</time><extensions><speed>2.564750</speed><course>275.482914</course><hAcc>1.340529</hAcc><vAcc>0.556943</vAcc></extensions></trkpt>
      <trkpt lon="114.390735" lat="33.668408"><ele>56.441952</ele><time>2026-02-12T00:31:32Z</time><extensions><speed>2.587168</speed><course>276.369359</course><hAcc>1.344190</hAcc><vAcc>0.556943</vAcc></extensions></trkpt>
      <trkpt lon="114.390708" lat="33.668411"><ele>56.463406</ele><time>2026-02-12T00:31:33Z</time><extensions><speed>2.494739</speed><course>278.397296</course><hAcc>1.340558</hAcc><vAcc>0.556943</vAcc></extensions></trkpt>
      <trkpt lon="114.390681" lat="33.668414"><ele>56.486029</ele><time>2026-02-12T00:31:34Z</time><extensions><speed>2.453561</speed><course>278.558143</course><hAcc>1.335054</hAcc><vAcc>0.556943</vAcc></extensions></trkpt>
      <trkpt lon="114.390655" lat="33.668417"><ele>56.508435</ele><time>2026-02-12T00:31:35Z</time><extensions><speed>2.501277</speed><course>280.169414</course><hAcc>1.331959</hAcc><vAcc>0.556943</vAcc></extensions></trkpt>
      <trkpt lon="114.390629" lat="33.668422"><ele>56.529197</ele><time>2026-02-12T00:31:36Z</time><extensions><speed>2.331428</speed><course>283.008838</course><hAcc>1.326628</hAcc><vAcc>0.556943</vAcc></extensions></trkpt>
      <trkpt lon="114.390605" lat="33.668427"><ele>56.546935</ele><time>2026-02-12T00:31:37Z</time><extensions><speed>2.358884</speed><course>283.783895</course><hAcc>1.318229</hAcc><vAcc>0.556943</vAcc></extensions></trkpt>
      <trkpt lon="114.390581" lat="33.668432"><ele>56.560749</ele><time>2026-02-12T00:31:38Z</time><extensions><speed>2.220582</speed><course>284.191954</course><hAcc>1.307410</hAcc><vAcc>0.556943</vAcc></extensions></trkpt>
      <trkpt lon="114.390558" lat="33.668436"><ele>56.569976</ele><time>2026-02-12T00:31:39Z</time><extensions><speed>2.146735</speed><course>282.589767</course><hAcc>1.300305</hAcc><vAcc>0.556943</vAcc></extensions></trkpt>
      <trkpt lon="114.390534" lat="33.668440"><ele>56.574198</ele><time>2026-02-12T00:31:40Z</time><extensions><speed>2.267438</speed><course>281.743124</course><hAcc>1.295316</hAcc><vAcc>0.556943</vAcc></extensions></trkpt>
      <trkpt lon="114.390510" lat="33.668444"><ele>56.573242</ele><time>2026-02-12T00:31:41Z</time><extensions><speed>2.267670</speed><course>278.268116</course><hAcc>1.285700</hAcc><vAcc>0.556943</vAcc></extensions></trkpt>
      <trkpt lon="114.390486" lat="33.668447"><ele>56.567184</ele><time>2026-02-12T00:31:42Z</time><extensions><speed>2.371919</speed><course>277.727987</course><hAcc>1.288924</hAcc><vAcc>0.556943</vAcc></extensions></trkpt>
      <trkpt lon="114.390460" lat="33.668450"><ele>56.556269</ele><time>2026-02-12T00:31:43Z</time><extensions><speed>2.360354</speed><course>278.367552</course><hAcc>1.290637</hAcc><vAcc>0.556943</vAcc></extensions></trkpt>
      <trkpt lon="114.390436" lat="33.668453"><ele>56.540968</ele><time>2026-02-12T00:31:44Z</time><extensions><speed>2.286933</speed><course>279.793780</course><hAcc>1.299659</hAcc><vAcc>0.556943</vAcc></extensions></trkpt>
      <trkpt lon="114.390411" lat="33.668456"><ele>56.521985</ele><time>2026-02-12T00:31:45Z</time><extensions><speed>2.225967</speed><course>278.465751</course><hAcc>1.311451</hAcc><vAcc>0.556943</vAcc></extensions></trkpt>
      <trkpt lon="114.390388" lat="33.668459"><ele>56.500238</ele><time>2026-02-12T00:31:46Z</time><extensions><speed>2.204997</speed><course>274.907147</course><hAcc>1.319627</hAcc><vAcc>0.556943</vAcc></extensions></trkpt>
      <trkpt lon="114.390363" lat="33.668460"><ele>56.476625</ele><time>2026-02-12T00:31:47Z</time><extensions><speed>2.361419</speed><course>275.591055</course><hAcc>1.320656</hAcc><vAcc>0.556943</vAcc></extensions></trkpt>
      <trkpt lon="114.390338" lat="33.668463"><ele>56.452065</ele><time>2026-02-12T00:31:48Z</time><extensions><speed>2.399945</speed><course>276.508896</course><hAcc>1.320633</hAcc><vAcc>0.556943</vAcc></extensions></trkpt>
      <trkpt lon="114.390311" lat="33.668465"><ele>56.427371</ele><time>2026-02-12T00:31:49Z</time><extensions><speed>2.478156</speed><course>277.534401</course><hAcc>1.325241</hAcc><vAcc>0.556943</vAcc></extensions></trkpt>
      <trkpt lon="114.390285" lat="33.668468"><ele>56.403130</ele><time>2026-02-12T00:31:50Z</time><extensions><speed>2.476612</speed><course>278.097698</course><hAcc>1.329411</hAcc><vAcc>0.556943</vAcc></extensions></trkpt>
      <trkpt lon="114.390259" lat="33.668471"><ele>56.379451</ele><time>2026-02-12T00:31:51Z</time><extensions><speed>2.415691</speed><course>277.186363</course><hAcc>1.331597</hAcc><vAcc>0.556943</vAcc></extensions></trkpt>
      <trkpt lon="114.390232" lat="33.668474"><ele>56.356382</ele><time>2026-02-12T00:31:52Z</time><extensions><speed>2.485710</speed><course>278.503570</course><hAcc>1.331282</hAcc><vAcc>0.556943</vAcc></extensions></trkpt>
      <trkpt lon="114.390205" lat="33.668478"><ele>56.334300</ele><time>2026-02-12T00:31:53Z</time><extensions><speed>2.561637</speed><course>277.698216</course><hAcc>1.335163</hAcc><vAcc>0.556943</vAcc></extensions></trkpt>
      <trkpt lon="114.390178" lat="33.668481"><ele>56.313709</ele><time>2026-02-12T00:31:54Z</time><extensions><speed>2.581010</speed><course>276.472033</course><hAcc>1.335859</hAcc><vAcc>0.556943</vAcc></extensions></trkpt>
      <trkpt lon="114.390150" lat="33.668483"><ele>56.295050</ele><time>2026-02-12T00:31:55Z</time><extensions><speed>2.620775</speed><course>276.229193</course><hAcc>1.341279</hAcc><vAcc>0.556943</vAcc></extensions></trkpt>
      <trkpt lon="114.390122" lat="33.668486"><ele>56.278852</ele><time>2026-02-12T00:31:56Z</time><extensions><speed>2.553076</speed><course>277.107083</course><hAcc>1.350658</hAcc><vAcc>0.556943</vAcc></extensions></trkpt>
      <trkpt lon="114.390095" lat="33.668489"><ele>56.265547</ele><time>2026-02-12T00:31:57Z</time><extensions><speed>2.500302</speed><course>277.746813</course><hAcc>1.356560</hAcc><vAcc>0.556943</vAcc></extensions></trkpt>
      <trkpt lon="114.390068" lat="33.668492"><ele>56.255383</ele><time>2026-02-12T00:31:58Z</time><extensions><speed>2.546727</speed><course>279.115064</course><hAcc>1.363170</hAcc><vAcc>0.556943</vAcc></extensions></trkpt>
      <trkpt lon="114.390041" lat="33.668496"><ele>56.248483</ele><time>2026-02-12T00:31:59Z</time><extensions><speed>2.567618</speed><course>279.450894</course><hAcc>1.363528</hAcc><vAcc>0.556943</vAcc></extensions></trkpt>
      <trkpt lon="114.390014" lat="33.668500"><ele>56.244972</ele><time>2026-02-12T00:32:00Z</time><extensions><speed>2.557374</speed><course>280.222040</course><hAcc>1.367005</hAcc><vAcc>0.556943</vAcc></extensions></trkpt>
      <trkpt lon="114.389987" lat="33.668504"><ele>56.244980</ele><time>2026-02-12T00:32:01Z</time><extensions><speed>2.483170</speed><course>281.357982</course><hAcc>1.369556</hAcc><vAcc>0.556943</vAcc></extensions></trkpt>
      <trkpt lon="114.389961" lat="33.668508"><ele>56.248659</ele><time>2026-02-12T00:32:02Z</time><extensions><speed>2.382228</speed><course>280.432739</course><hAcc>1.366143</hAcc><vAcc>0.556943</vAcc></extensions></trkpt>
      <trkpt lon="114.389935" lat="33.668512"><ele>56.256040</ele><time>2026-02-12T00:32:03Z</time><extensions><speed>2.434344</speed><course>278.461958</course><hAcc>1.368370</hAcc><vAcc>0.556943</vAcc></extensions></trkpt>
      <trkpt lon="114.389909" lat="33.668515"><ele>56.266935</ele><time>2026-02-12T00:32:04Z</time><extensions><speed>2.466905</speed><course>278.651644</course><hAcc>1.372012</hAcc><vAcc>0.556943</vAcc></extensions></trkpt>
      <trkpt lon="114.389882" lat="33.668519"><ele>56.280984</ele><time>2026-02-12T00:32:05Z</time><extensions><speed>2.608801</speed><course>279.639613</course><hAcc>1.374604</hAcc><vAcc>0.556943</vAcc></extensions></trkpt>
      <trkpt lon="114.389854" lat="33.668523"><ele>56.297472</ele><time>2026-02-12T00:32:06Z</time><extensions><speed>2.722543</speed><course>280.939093</course><hAcc>1.382369</hAcc><vAcc>0.556943</vAcc></extensions></trkpt>
      <trkpt lon="114.389825" lat="33.668528"><ele>56.315561</ele><time>2026-02-12T00:32:07Z</time><extensions><speed>2.709661</speed><course>281.491713</course><hAcc>1.390652</hAcc><vAcc>0.556943</vAcc></extensions></trkpt>
      <trkpt lon="114.389796" lat="33.668532"><ele>56.334411</ele><time>2026-02-12T00:32:08Z</time><extensions><speed>2.738367</speed><course>280.987604</course><hAcc>1.401674</hAcc><vAcc>0.556943</vAcc></extensions></trkpt>
      <trkpt lon="114.389767" lat="33.668537"><ele>56.353262</ele><time>2026-02-12T00:32:09Z</time><extensions><speed>2.660107</speed><course>280.150556</course><hAcc>1.410609</hAcc><vAcc>0.556943</vAcc></extensions></trkpt>
      <trkpt lon="114.389739" lat="33.668541"><ele>56.371419</ele><time>2026-02-12T00:32:10Z</time><extensions><speed>2.562577</speed><course>278.432879</course><hAcc>1.422361</hAcc><vAcc>0.556943</vAcc></extensions></trkpt>
      <trkpt lon="114.389712" lat="33.668544"><ele>56.388276</ele><time>2026-02-12T00:32:11Z</time><extensions><speed>2.527681</speed><course>278.042126</course><hAcc>1.429300</hAcc><vAcc>0.556943</vAcc></extensions></trkpt>
      <trkpt lon="114.389685" lat="33.668547"><ele>56.403326</ele><time>2026-02-12T00:32:12Z</time><extensions><speed>2.485241</speed><course>279.265359</course><hAcc>1.436934</hAcc><vAcc>0.556943</vAcc></extensions></trkpt>
      <trkpt lon="114.389659" lat="33.668551"><ele>56.416188</ele><time>2026-02-12T00:32:13Z</time><extensions><speed>2.426820</speed><course>281.481048</course><hAcc>1.449029</hAcc><vAcc>0.556943</vAcc></extensions></trkpt>
      <trkpt lon="114.389634" lat="33.668556"><ele>56.426629</ele><time>2026-02-12T00:32:14Z</time><extensions><speed>2.411418</speed><course>284.069156</course><hAcc>1.459426</hAcc><vAcc>0.556943</vAcc></extensions></trkpt>
      <trkpt lon="114.389608" lat="33.668561"><ele>56.434556</ele><time>2026-02-12T00:32:15Z</time><extensions><speed>2.420648</speed><course>281.664158</course><hAcc>1.458069</hAcc><vAcc>0.556943</vAcc></extensions></trkpt>
      <trkpt lon="114.389582" lat="33.668565"><ele>56.439993</ele><time>2026-02-12T00:32:16Z</time><extensions><speed>2.483789</speed><course>279.516165</course><hAcc>1.457247</hAcc><vAcc>0.556943</vAcc></extensions></trkpt>
      <trkpt lon="114.389555" lat="33.668569"><ele>56.443088</ele><time>2026-02-12T00:32:17Z</time><extensions><speed>2.521062</speed><course>279.902861</course><hAcc>1.458964</hAcc><vAcc>0.556943</vAcc></extensions></trkpt>
      <trkpt lon="114.389529" lat="33.668572"><ele>56.444065</ele><time>2026-02-12T00:32:18Z</time><extensions><speed>2.425550</speed><course>279.827313</course><hAcc>1.456992</hAcc><vAcc>0.556943</vAcc></extensions></trkpt>
      <trkpt lon="114.389503" lat="33.668577"><ele>56.443146</ele><time>2026-02-12T00:32:19Z</time><extensions><speed>2.474964</speed><course>282.317915</course><hAcc>1.460732</hAcc><vAcc>0.556943</vAcc></extensions></trkpt>
      <trkpt lon="114.389477" lat="33.668582"><ele>56.440558</ele><time>2026-02-12T00:32:20Z</time><extensions><speed>2.414253</speed><course>285.483540</course><hAcc>1.462113</hAcc><vAcc>0.556943</vAcc></extensions></trkpt>
      <trkpt lon="114.389452" lat="33.668587"><ele>56.436644</ele><time>2026-02-12T00:32:21Z</time><extensions><speed>2.365020</speed><course>282.159085</course><hAcc>1.457654</hAcc><vAcc>0.556943</vAcc></extensions></trkpt>
      <trkpt lon="114.389427" lat="33.668591"><ele>56.431796</ele><time>2026-02-12T00:32:22Z</time><extensions><speed>2.469917</speed><course>277.515089</course><hAcc>1.446416</hAcc><vAcc>0.556943</vAcc></extensions></trkpt>
      <trkpt lon="114.389401" lat="33.668593"><ele>56.426403</ele><time>2026-02-12T00:32:23Z</time><extensions><speed>2.357418</speed><course>275.466691</course><hAcc>1.444188</hAcc><vAcc>0.556943</vAcc></extensions></trkpt>
      <trkpt lon="114.389376" lat="33.668595"><ele>56.421283</ele><time>2026-02-12T00:32:24Z</time><extensions><speed>2.314157</speed><course>275.966465</course><hAcc>1.441157</hAcc><vAcc>0.556943</vAcc></extensions></trkpt>
      <trkpt lon="114.389350" lat="33.668598"><ele>56.417202</ele><time>2026-02-12T00:32:25Z</time><extensions><speed>2.399298</speed><course>277.603864</course><hAcc>1.437197</hAcc><vAcc>0.556943</vAcc></extensions></trkpt>
      <trkpt lon="114.389325" lat="33.668601"><ele>56.414800</ele><time>2026-02-12T00:32:26Z</time><extensions><speed>2.350042</speed><course>279.246285</course><hAcc>1.436881</hAcc><vAcc>0.556943</vAcc></extensions></trkpt>
      <trkpt lon="114.389300" lat="33.668605"><ele>56.414610</ele><time>2026-02-12T00:32:27Z</time><extensions><speed>2.338436</speed><course>280.565283</course><hAcc>1.437003</hAcc><vAcc>0.556943</vAcc></extensions></trkpt>
      <trkpt lon="114.389275" lat="33.668609"><ele>56.417153</ele><time>2026-02-12T00:32:28Z</time><extensions><speed>2.343776</speed><course>282.583674</course><hAcc>1.432544</hAcc><vAcc>0.556943</vAcc></extensions></trkpt>
      <trkpt lon="114.389251" lat="33.668614"><ele>56.422101</ele><time>2026-02-12T00:32:29Z</time><extensions><speed>2.279519</speed><course>284.221516</course><hAcc>1.423964</hAcc><vAcc>0.556943</vAcc></extensions></trkpt>
      <trkpt lon="114.389226" lat="33.668619"><ele>56.429085</ele><time>2026-02-12T00:32:30Z</time><extensions><speed>2.382326</speed><course>284.505794</course><hAcc>1.423767</hAcc><vAcc>0.556943</vAcc></extensions></trkpt>
      <trkpt lon="114.389201" lat="33.668624"><ele>56.437865</ele><time>2026-02-12T00:32:31Z</time><extensions><speed>2.482491</speed><course>283.727902</course><hAcc>1.421128</hAcc><vAcc>0.556943</vAcc></extensions></trkpt>
      <trkpt lon="114.389175" lat="33.668629"><ele>56.448366</ele><time>2026-02-12T00:32:32Z</time><extensions><speed>2.436878</speed><course>281.763867</course><hAcc>1.416391</hAcc><vAcc>0.556942</vAcc></extensions></trkpt>
      <trkpt lon="114.389148" lat="33.668634"><ele>56.460319</ele><time>2026-02-12T00:32:33Z</time><extensions><speed>2.510203</speed><course>282.265778</course><hAcc>1.413070</hAcc><vAcc>0.556942</vAcc></extensions></trkpt>
      <trkpt lon="114.389122" lat="33.668639"><ele>56.473421</ele><time>2026-02-12T00:32:34Z</time><extensions><speed>2.488918</speed><course>283.227181</course><hAcc>1.406843</hAcc><vAcc>0.556942</vAcc></extensions></trkpt>
      <trkpt lon="114.389096" lat="33.668644"><ele>56.487239</ele><time>2026-02-12T00:32:35Z</time><extensions><speed>2.561969</speed><course>284.314650</course><hAcc>1.400891</hAcc><vAcc>0.556942</vAcc></extensions></trkpt>
      <trkpt lon="114.389069" lat="33.668650"><ele>56.501246</ele><time>2026-02-12T00:32:36Z</time><extensions><speed>2.580058</speed><course>284.272895</course><hAcc>1.396779</hAcc><vAcc>0.556942</vAcc></extensions></trkpt>
      <trkpt lon="114.389042" lat="33.668656"><ele>56.514899</ele><time>2026-02-12T00:32:37Z</time><extensions><speed>2.519393</speed><course>284.568831</course><hAcc>1.393955</hAcc><vAcc>0.556942</vAcc></extensions></trkpt>
      <trkpt lon="114.389015" lat="33.668661"><ele>56.527831</ele><time>2026-02-12T00:32:38Z</time><extensions><speed>2.567588</speed><course>284.665716</course><hAcc>1.396427</hAcc><vAcc>0.556942</vAcc></extensions></trkpt>
      <trkpt lon="114.388989" lat="33.668667"><ele>56.539804</ele><time>2026-02-12T00:32:39Z</time><extensions><speed>2.530997</speed><course>285.374095</course><hAcc>1.394173</hAcc><vAcc>0.556942</vAcc></extensions></trkpt>
      <trkpt lon="114.388963" lat="33.668673"><ele>56.550813</ele><time>2026-02-12T00:32:40Z</time><extensions><speed>2.462053</speed><course>285.760119</course><hAcc>1.390314</hAcc><vAcc>0.556942</vAcc></extensions></trkpt>
      <trkpt lon="114.388937" lat="33.668679"><ele>56.561050</ele><time>2026-02-12T00:32:41Z</time><extensions><speed>2.440940</speed><course>285.318802</course><hAcc>1.390295</hAcc><vAcc>0.556942</vAcc></extensions></trkpt>
      <trkpt lon="114.388912" lat="33.668685"><ele>56.570842</ele><time>2026-02-12T00:32:42Z</time><extensions><speed>2.421192</speed><course>285.527574</course><hAcc>1.387616</hAcc><vAcc>0.556943</vAcc></extensions></trkpt>
      <trkpt lon="114.388886" lat="33.668691"><ele>56.580439</ele><time>2026-02-12T00:32:43Z</time><extensions><speed>2.458921</speed><course>284.617120</course><hAcc>1.380646</hAcc><vAcc>0.556943</vAcc></extensions></trkpt>
      <trkpt lon="114.388861" lat="33.668696"><ele>56.589819</ele><time>2026-02-12T00:32:44Z</time><extensions><speed>2.456101</speed><course>284.481341</course><hAcc>1.380841</hAcc><vAcc>0.556943</vAcc></extensions></trkpt>
      <trkpt lon="114.388835" lat="33.668702"><ele>56.598799</ele><time>2026-02-12T00:32:45Z</time><extensions><speed>2.403167</speed><course>285.220133</course><hAcc>1.378607</hAcc><vAcc>0.556943</vAcc></extensions></trkpt>
      <trkpt lon="114.388810" lat="33.668708"><ele>56.607159</ele><time>2026-02-12T00:32:46Z</time><extensions><speed>2.405331</speed><course>286.186880</course><hAcc>1.375052</hAcc><vAcc>0.556943</vAcc></extensions></trkpt>
      <trkpt lon="114.388785" lat="33.668714"><ele>56.614775</ele><time>2026-02-12T00:32:47Z</time><extensions><speed>2.384580</speed><course>288.234531</course><hAcc>1.374431</hAcc><vAcc>0.556943</vAcc></extensions></trkpt>
      <trkpt lon="114.388761" lat="33.668721"><ele>56.621537</ele><time>2026-02-12T00:32:48Z</time><extensions><speed>2.360481</speed><course>289.391991</course><hAcc>1.373294</hAcc><vAcc>0.556943</vAcc></extensions></trkpt>
      <trkpt lon="114.388737" lat="33.668729"><ele>56.627247</ele><time>2026-02-12T00:32:49Z</time><extensions><speed>2.462227</speed><course>289.767239</course><hAcc>1.372754</hAcc><vAcc>0.556943</vAcc></extensions></trkpt>
      <trkpt lon="114.388712" lat="33.668736"><ele>56.631667</ele><time>2026-02-12T00:32:50Z</time><extensions><speed>2.450233</speed><course>290.136137</course><hAcc>1.365965</hAcc><vAcc>0.556943</vAcc></extensions></trkpt>
      <trkpt lon="114.388687" lat="33.668743"><ele>56.634596</ele><time>2026-02-12T00:32:51Z</time><extensions><speed>2.441585</speed><course>288.374003</course><hAcc>1.361627</hAcc><vAcc>0.556943</vAcc></extensions></trkpt>
      <trkpt lon="114.388660" lat="33.668750"><ele>56.635960</ele><time>2026-02-12T00:32:52Z</time><extensions><speed>2.614974</speed><course>286.960039</course><hAcc>1.361152</hAcc><vAcc>0.556943</vAcc></extensions></trkpt>
      <trkpt lon="114.388633" lat="33.668757"><ele>56.635686</ele><time>2026-02-12T00:32:53Z</time><extensions><speed>2.673882</speed><course>285.820065</course><hAcc>1.355307</hAcc><vAcc>0.556943</vAcc></extensions></trkpt>
      <trkpt lon="114.388605" lat="33.668764"><ele>56.633966</ele><time>2026-02-12T00:32:54Z</time><extensions><speed>2.662650</speed><course>286.186892</course><hAcc>1.356454</hAcc><vAcc>0.556943</vAcc></extensions></trkpt>
      <trkpt lon="114.388578" lat="33.668770"><ele>56.631295</ele><time>2026-02-12T00:32:55Z</time><extensions><speed>2.627240</speed><course>286.173838</course><hAcc>1.354988</hAcc><vAcc>0.556943</vAcc></extensions></trkpt>
      <trkpt lon="114.388551" lat="33.668777"><ele>56.628205</ele><time>2026-02-12T00:32:56Z</time><extensions><speed>2.533733</speed><course>287.168466</course><hAcc>1.353157</hAcc><vAcc>0.556943</vAcc></extensions></trkpt>
      <trkpt lon="114.388525" lat="33.668784"><ele>56.625144</ele><time>2026-02-12T00:32:57Z</time><extensions><speed>2.563511</speed><course>287.997946</course><hAcc>1.350936</hAcc><vAcc>0.556943</vAcc></extensions></trkpt>
      <trkpt lon="114.388498" lat="33.668791"><ele>56.622577</ele><time>2026-02-12T00:32:58Z</time><extensions><speed>2.635113</speed><course>287.696326</course><hAcc>1.352632</hAcc><vAcc>0.556943</vAcc></extensions></trkpt>
      <trkpt lon="114.388471" lat="33.668798"><ele>56.620922</ele><time>2026-02-12T00:32:59Z</time><extensions><speed>2.627358</speed><course>287.038368</course><hAcc>1.354357</hAcc><vAcc>0.556943</vAcc></extensions></trkpt>
      <trkpt lon="114.388443" lat="33.668805"><ele>56.620513</ele><time>2026-02-12T00:33:00Z</time><extensions><speed>2.702609</speed><course>287.202947</course><hAcc>1.352207</hAcc><vAcc>0.556943</vAcc></extensions></trkpt>
      <trkpt lon="114.388415" lat="33.668813"><ele>56.621690</ele><time>2026-02-12T00:33:01Z</time><extensions><speed>2.808752</speed><course>287.779826</course><hAcc>1.353452</hAcc><vAcc>0.556943</vAcc></extensions></trkpt>
      <trkpt lon="114.388386" lat="33.668821"><ele>56.624594</ele><time>2026-02-12T00:33:02Z</time><extensions><speed>2.736050</speed><course>289.127744</course><hAcc>1.361376</hAcc><vAcc>0.556943</vAcc></extensions></trkpt>
      <trkpt lon="114.388358" lat="33.668829"><ele>56.629238</ele><time>2026-02-12T00:33:03Z</time><extensions><speed>2.721495</speed><course>290.169585</course><hAcc>1.370367</hAcc><vAcc>0.556943</vAcc></extensions></trkpt>
      <trkpt lon="114.388330" lat="33.668838"><ele>56.635545</ele><time>2026-02-12T00:33:04Z</time><extensions><speed>2.818514</speed><course>291.500941</course><hAcc>1.381083</hAcc><vAcc>0.556943</vAcc></extensions></trkpt>
      <trkpt lon="114.388302" lat="33.668848"><ele>56.643419</ele><time>2026-02-12T00:33:05Z</time><extensions><speed>2.759084</speed><course>292.978348</course><hAcc>1.393184</hAcc><vAcc>0.556943</vAcc></extensions></trkpt>
      <trkpt lon="114.388275" lat="33.668858"><ele>56.652598</ele><time>2026-02-12T00:33:06Z</time><extensions><speed>2.706660</speed><course>294.457465</course><hAcc>1.398809</hAcc><vAcc>0.556943</vAcc></extensions></trkpt>
      <trkpt lon="114.388249" lat="33.668868"><ele>56.662611</ele><time>2026-02-12T00:33:07Z</time><extensions><speed>2.704884</speed><course>297.099589</course><hAcc>1.398403</hAcc><vAcc>0.556943</vAcc></extensions></trkpt>
      <trkpt lon="114.388224" lat="33.668880"><ele>56.672940</ele><time>2026-02-12T00:33:08Z</time><extensions><speed>2.547857</speed><course>299.392591</course><hAcc>1.398940</hAcc><vAcc>0.556943</vAcc></extensions></trkpt>
      <trkpt lon="114.388199" lat="33.668891"><ele>56.683120</ele><time>2026-02-12T00:33:09Z</time><extensions><speed>2.615721</speed><course>301.210292</course><hAcc>1.392398</hAcc><vAcc>0.556943</vAcc></extensions></trkpt>
      <trkpt lon="114.388174" lat="33.668904"><ele>56.692805</ele><time>2026-02-12T00:33:10Z</time><extensions><speed>2.814767</speed><course>302.061924</course><hAcc>1.381691</hAcc><vAcc>0.556943</vAcc></extensions></trkpt>
      <trkpt lon="114.388148" lat="33.668918"><ele>56.701748</ele><time>2026-02-12T00:33:11Z</time><extensions><speed>2.850352</speed><course>301.833772</course><hAcc>1.374447</hAcc><vAcc>0.556943</vAcc></extensions></trkpt>
      <trkpt lon="114.388122" lat="33.668931"><ele>56.709860</ele><time>2026-02-12T00:33:12Z</time><extensions><speed>2.822344</speed><course>301.255157</course><hAcc>1.374904</hAcc><vAcc>0.556943</vAcc></extensions></trkpt>
      <trkpt lon="114.388095" lat="33.668944"><ele>56.717168</ele><time>2026-02-12T00:33:13Z</time><extensions><speed>2.987758</speed><course>299.293871</course><hAcc>1.372475</hAcc><vAcc>0.556943</vAcc></extensions></trkpt>
      <trkpt lon="114.388067" lat="33.668957"><ele>56.723757</ele><time>2026-02-12T00:33:14Z</time><extensions><speed>2.939909</speed><course>297.573208</course><hAcc>1.370257</hAcc><vAcc>0.556943</vAcc></extensions></trkpt>
      <trkpt lon="114.388039" lat="33.668969"><ele>56.729721</ele><time>2026-02-12T00:33:15Z</time><extensions><speed>2.898677</speed><course>296.580737</course><hAcc>1.374069</hAcc><vAcc>0.556943</vAcc></extensions></trkpt>
      <trkpt lon="114.388011" lat="33.668981"><ele>56.735148</ele><time>2026-02-12T00:33:16Z</time><extensions><speed>2.768864</speed><course>296.739108</course><hAcc>1.375297</hAcc><vAcc>0.556943</vAcc></extensions></trkpt>
      <trkpt lon="114.387985" lat="33.668992"><ele>56.740139</ele><time>2026-02-12T00:33:17Z</time><extensions><speed>2.615799</speed><course>296.877451</course><hAcc>1.377537</hAcc><vAcc>0.556943</vAcc></extensions></trkpt>
      <trkpt lon="114.387960" lat="33.669003"><ele>56.744919</ele><time>2026-02-12T00:33:18Z</time><extensions><speed>2.656011</speed><course>297.518830</course><hAcc>1.383335</hAcc><vAcc>0.556943</vAcc></extensions></trkpt>
      <trkpt lon="114.387935" lat="33.669014"><ele>56.749725</ele><time>2026-02-12T00:33:19Z</time><extensions><speed>2.645482</speed><course>298.114843</course><hAcc>1.383298</hAcc><vAcc>0.556943</vAcc></extensions></trkpt>
      <trkpt lon="114.387910" lat="33.669025"><ele>56.754790</ele><time>2026-02-12T00:33:20Z</time><extensions><speed>2.616046</speed><course>297.881968</course><hAcc>1.383101</hAcc><vAcc>0.556943</vAcc></extensions></trkpt>
      <trkpt lon="114.387884" lat="33.669036"><ele>56.760314</ele><time>2026-02-12T00:33:21Z</time><extensions><speed>2.706667</speed><course>297.825832</course><hAcc>1.383173</hAcc><vAcc>0.556943</vAcc></extensions></trkpt>
      <trkpt lon="114.387858" lat="33.669047"><ele>56.766471</ele><time>2026-02-12T00:33:22Z</time><extensions><speed>2.719538</speed><course>296.864271</course><hAcc>1.384483</hAcc><vAcc>0.556943</vAcc></extensions></trkpt>
      <trkpt lon="114.387831" lat="33.669058"><ele>56.773333</ele><time>2026-02-12T00:33:23Z</time><extensions><speed>2.828056</speed><course>292.179463</course><hAcc>1.384521</hAcc><vAcc>0.556943</vAcc></extensions></trkpt>
      <trkpt lon="114.387802" lat="33.669067"><ele>56.780923</ele><time>2026-02-12T00:33:24Z</time><extensions><speed>2.931450</speed><course>290.064764</course><hAcc>1.382285</hAcc><vAcc>0.556943</vAcc></extensions></trkpt>
      <trkpt lon="114.387772" lat="33.669076"><ele>56.789207</ele><time>2026-02-12T00:33:25Z</time><extensions><speed>2.880099</speed><course>290.356314</course><hAcc>1.373638</hAcc><vAcc>0.556943</vAcc></extensions></trkpt>
      <trkpt lon="114.387743" lat="33.669085"><ele>56.798044</ele><time>2026-02-12T00:33:26Z</time><extensions><speed>2.864052</speed><course>291.290640</course><hAcc>1.370736</hAcc><vAcc>0.556943</vAcc></extensions></trkpt>
      <trkpt lon="114.387714" lat="33.669095"><ele>56.807266</ele><time>2026-02-12T00:33:27Z</time><extensions><speed>2.871184</speed><course>291.666061</course><hAcc>1.364572</hAcc><vAcc>0.556943</vAcc></extensions></trkpt>
      <trkpt lon="114.387686" lat="33.669104"><ele>56.816700</ele><time>2026-02-12T00:33:28Z</time><extensions><speed>2.751286</speed><course>291.391995</course><hAcc>1.364080</hAcc><vAcc>0.556943</vAcc></extensions></trkpt>
      <trkpt lon="114.387658" lat="33.669113"><ele>56.826152</ele><time>2026-02-12T00:33:29Z</time><extensions><speed>2.815154</speed><course>290.900069</course><hAcc>1.369453</hAcc><vAcc>0.556943</vAcc></extensions></trkpt>
      <trkpt lon="114.387630" lat="33.669122"><ele>56.835409</ele><time>2026-02-12T00:33:30Z</time><extensions><speed>2.850219</speed><course>289.620099</course><hAcc>1.372689</hAcc><vAcc>0.556943</vAcc></extensions></trkpt>
      <trkpt lon="114.387600" lat="33.669131"><ele>56.844291</ele><time>2026-02-12T00:33:31Z</time><extensions><speed>2.864001</speed><course>288.465792</course><hAcc>1.380515</hAcc><vAcc>0.556943</vAcc></extensions></trkpt>
      <trkpt lon="114.387571" lat="33.669139"><ele>56.852638</ele><time>2026-02-12T00:33:32Z</time><extensions><speed>2.943534</speed><course>288.305537</course><hAcc>1.389469</hAcc><vAcc>0.556943</vAcc></extensions></trkpt>
      <trkpt lon="114.387541" lat="33.669147"><ele>56.860285</ele><time>2026-02-12T00:33:33Z</time><extensions><speed>2.854342</speed><course>287.369283</course><hAcc>1.395013</hAcc><vAcc>0.556943</vAcc></extensions></trkpt>
      <trkpt lon="114.387512" lat="33.669154"><ele>56.867090</ele><time>2026-02-12T00:33:34Z</time><extensions><speed>2.665918</speed><course>285.421889</course><hAcc>1.398824</hAcc><vAcc>0.556943</vAcc></extensions></trkpt>
      <trkpt lon="114.387484" lat="33.669160"><ele>56.872967</ele><time>2026-02-12T00:33:35Z</time><extensions><speed>2.712082</speed><course>283.582831</course><hAcc>1.397881</hAcc><vAcc>0.556943</vAcc></extensions></trkpt>
      <trkpt lon="114.387455" lat="33.669165"><ele>56.877747</ele><time>2026-02-12T00:33:36Z</time><extensions><speed>2.742930</speed><course>281.248304</course><hAcc>1.398134</hAcc><vAcc>0.556943</vAcc></extensions></trkpt>
      <trkpt lon="114.387426" lat="33.669169"><ele>56.881317</ele><time>2026-02-12T00:33:37Z</time><extensions><speed>2.739497</speed><course>278.433983</course><hAcc>1.399065</hAcc><vAcc>0.556943</vAcc></extensions></trkpt>
      <trkpt lon="114.387397" lat="33.669173"><ele>56.883554</ele><time>2026-02-12T00:33:38Z</time><extensions><speed>2.800973</speed><course>276.476121</course><hAcc>1.395648</hAcc><vAcc>0.556943</vAcc></extensions></trkpt>
      <trkpt lon="114.387367" lat="33.669175"><ele>56.884301</ele><time>2026-02-12T00:33:39Z</time><extensions><speed>2.677311</speed><course>274.703229</course><hAcc>1.388285</hAcc><vAcc>0.556943</vAcc></extensions></trkpt>
      <trkpt lon="114.387338" lat="33.669176"><ele>56.883401</ele><time>2026-02-12T00:33:40Z</time><extensions><speed>2.657817</speed><course>271.805893</course><hAcc>1.379405</hAcc><vAcc>0.556943</vAcc></extensions></trkpt>
      <trkpt lon="114.387309" lat="33.669177"><ele>56.880861</ele><time>2026-02-12T00:33:41Z</time><extensions><speed>2.688459</speed><course>269.624152</course><hAcc>1.375571</hAcc><vAcc>0.556943</vAcc></extensions></trkpt>
      <trkpt lon="114.387281" lat="33.669176"><ele>56.876687</ele><time>2026-02-12T00:33:42Z</time><extensions><speed>2.654607</speed><course>267.797241</course><hAcc>1.366631</hAcc><vAcc>0.556943</vAcc></extensions></trkpt>
      <trkpt lon="114.387252" lat="33.669175"><ele>56.870978</ele><time>2026-02-12T00:33:43Z</time><extensions><speed>2.676452</speed><course>266.463286</course><hAcc>1.361596</hAcc><vAcc>0.556943</vAcc></extensions></trkpt>
      <trkpt lon="114.387223" lat="33.669173"><ele>56.863993</ele><time>2026-02-12T00:33:44Z</time><extensions><speed>2.731879</speed><course>266.133775</course><hAcc>1.355487</hAcc><vAcc>0.556943</vAcc></extensions></trkpt>
      <trkpt lon="114.387193" lat="33.669172"><ele>56.856032</ele><time>2026-02-12T00:33:45Z</time><extensions><speed>2.685686</speed><course>266.384068</course><hAcc>1.353294</hAcc><vAcc>0.556943</vAcc></extensions></trkpt>
      <trkpt lon="114.387164" lat="33.669170"><ele>56.847718</ele><time>2026-02-12T00:33:46Z</time><extensions><speed>2.734904</speed><course>265.450405</course><hAcc>1.347371</hAcc><vAcc>0.556943</vAcc></extensions></trkpt>
      <trkpt lon="114.387135" lat="33.669168"><ele>56.839776</ele><time>2026-02-12T00:33:47Z</time><extensions><speed>2.750003</speed><course>264.293115</course><hAcc>1.341852</hAcc><vAcc>0.556943</vAcc></extensions></trkpt>
      <trkpt lon="114.387106" lat="33.669165"><ele>56.832971</ele><time>2026-02-12T00:33:48Z</time><extensions><speed>2.626085</speed><course>263.374247</course><hAcc>1.337160</hAcc><vAcc>0.556943</vAcc></extensions></trkpt>
      <trkpt lon="114.387078" lat="33.669162"><ele>56.828082</ele><time>2026-02-12T00:33:49Z</time><extensions><speed>2.653848</speed><course>262.024753</course><hAcc>1.338375</hAcc><vAcc>0.556943</vAcc></extensions></trkpt>
      <trkpt lon="114.387049" lat="33.669158"><ele>56.825873</ele><time>2026-02-12T00:33:50Z</time><extensions><speed>2.712984</speed><course>260.473138</course><hAcc>1.334497</hAcc><vAcc>0.556943</vAcc></extensions></trkpt>
      <trkpt lon="114.387020" lat="33.669154"><ele>56.827052</ele><time>2026-02-12T00:33:51Z</time><extensions><speed>2.663566</speed><course>259.582412</course><hAcc>1.330759</hAcc><vAcc>0.556943</vAcc></extensions></trkpt>
      <trkpt lon="114.386992" lat="33.669150"><ele>56.832216</ele><time>2026-02-12T00:33:52Z</time><extensions><speed>2.744400</speed><course>259.052300</course><hAcc>1.331136</hAcc><vAcc>0.556943</vAcc></extensions></trkpt>
      <trkpt lon="114.386963" lat="33.669145"><ele>56.841719</ele><time>2026-02-12T00:33:53Z</time><extensions><speed>2.748363</speed><course>259.053425</course><hAcc>1.327810</hAcc><vAcc>0.556943</vAcc></extensions></trkpt>
      <trkpt lon="114.386934" lat="33.669140"><ele>56.855324</ele><time>2026-02-12T00:33:54Z</time><extensions><speed>2.716111</speed><course>259.111848</course><hAcc>1.318966</hAcc><vAcc>0.556943</vAcc></extensions></trkpt>
      <trkpt lon="114.386904" lat="33.669136"><ele>56.872637</ele><time>2026-02-12T00:33:55Z</time><extensions><speed>2.788246</speed><course>259.443618</course><hAcc>1.314423</hAcc><vAcc>0.556943</vAcc></extensions></trkpt>
      <trkpt lon="114.386875" lat="33.669131"><ele>56.893067</ele><time>2026-02-12T00:33:56Z</time><extensions><speed>2.733786</speed><course>259.505190</course><hAcc>1.311693</hAcc><vAcc>0.556943</vAcc></extensions></trkpt>
      <trkpt lon="114.386846" lat="33.669126"><ele>56.915842</ele><time>2026-02-12T00:33:57Z</time><extensions><speed>2.674714</speed><course>258.800442</course><hAcc>1.304928</hAcc><vAcc>0.556943</vAcc></extensions></trkpt>
      <trkpt lon="114.386818" lat="33.669122"><ele>56.940052</ele><time>2026-02-12T00:33:58Z</time><extensions><speed>2.701903</speed><course>258.370331</course><hAcc>1.302495</hAcc><vAcc>0.556943</vAcc></extensions></trkpt>
      <trkpt lon="114.386789" lat="33.669117"><ele>56.964674</ele><time>2026-02-12T00:33:59Z</time><extensions><speed>2.692021</speed><course>259.165280</course><hAcc>1.300290</hAcc><vAcc>0.556943</vAcc></extensions></trkpt>
      <trkpt lon="114.386761" lat="33.669112"><ele>56.988678</ele><time>2026-02-12T00:34:00Z</time><extensions><speed>2.692480</speed><course>259.168844</course><hAcc>1.302210</hAcc><vAcc>0.556943</vAcc></extensions></trkpt>
      <trkpt lon="114.386732" lat="33.669108"><ele>57.011209</ele><time>2026-02-12T00:34:01Z</time><extensions><speed>2.737159</speed><course>258.386505</course><hAcc>1.307890</hAcc><vAcc>0.556943</vAcc></extensions></trkpt>
      <trkpt lon="114.386703" lat="33.669103"><ele>57.031612</ele><time>2026-02-12T00:34:02Z</time><extensions><speed>2.710807</speed><course>258.909565</course><hAcc>1.309242</hAcc><vAcc>0.556943</vAcc></extensions></trkpt>
      <trkpt lon="114.386675" lat="33.669098"><ele>57.049394</ele><time>2026-02-12T00:34:03Z</time><extensions><speed>2.745406</speed><course>258.810041</course><hAcc>1.308023</hAcc><vAcc>0.556943</vAcc></extensions></trkpt>
      <trkpt lon="114.386645" lat="33.669093"><ele>57.064217</ele><time>2026-02-12T00:34:04Z</time><extensions><speed>2.768359</speed><course>259.244382</course><hAcc>1.307924</hAcc><vAcc>0.556943</vAcc></extensions></trkpt>
      <trkpt lon="114.386616" lat="33.669089"><ele>57.076001</ele><time>2026-02-12T00:34:05Z</time><extensions><speed>2.731601</speed><course>259.521745</course><hAcc>1.309343</hAcc><vAcc>0.556943</vAcc></extensions></trkpt>
      <trkpt lon="114.386587" lat="33.669084"><ele>57.084809</ele><time>2026-02-12T00:34:06Z</time><extensions><speed>2.721178</speed><course>259.730834</course><hAcc>1.307722</hAcc><vAcc>0.556944</vAcc></extensions></trkpt>
      <trkpt lon="114.386558" lat="33.669080"><ele>57.090778</ele><time>2026-02-12T00:34:07Z</time><extensions><speed>2.702178</speed><course>260.485609</course><hAcc>1.308290</hAcc><vAcc>0.556944</vAcc></extensions></trkpt>
      <trkpt lon="114.386530" lat="33.669076"><ele>57.094153</ele><time>2026-02-12T00:34:08Z</time><extensions><speed>2.620426</speed><course>258.668451</course><hAcc>1.304968</hAcc><vAcc>0.556944</vAcc></extensions></trkpt>
      <trkpt lon="114.386503" lat="33.669071"><ele>57.095334</ele><time>2026-02-12T00:34:09Z</time><extensions><speed>2.585284</speed><course>256.851452</course><hAcc>1.304703</hAcc><vAcc>0.556944</vAcc></extensions></trkpt>
      <trkpt lon="114.386475" lat="33.669065"><ele>57.094738</ele><time>2026-02-12T00:34:10Z</time><extensions><speed>2.583370</speed><course>254.822953</course><hAcc>1.306276</hAcc><vAcc>0.556944</vAcc></extensions></trkpt>
      <trkpt lon="114.386449" lat="33.669059"><ele>57.092753</ele><time>2026-02-12T00:34:11Z</time><extensions><speed>2.522446</speed><course>257.231915</course><hAcc>1.302080</hAcc><vAcc>0.556944</vAcc></extensions></trkpt>
      <trkpt lon="114.386421" lat="33.669055"><ele>57.089710</ele><time>2026-02-12T00:34:12Z</time><extensions><speed>2.742531</speed><course>260.351153</course><hAcc>1.298911</hAcc><vAcc>0.556943</vAcc></extensions></trkpt>
      <trkpt lon="114.386391" lat="33.669051"><ele>57.085877</ele><time>2026-02-12T00:34:13Z</time><extensions><speed>2.801946</speed><course>261.318336</course><hAcc>1.297413</hAcc><vAcc>0.556942</vAcc></extensions></trkpt>
      <trkpt lon="114.386362" lat="33.669047"><ele>57.081763</ele><time>2026-02-12T00:34:14Z</time><extensions><speed>2.731584</speed><course>261.633337</course><hAcc>1.293306</hAcc><vAcc>0.556943</vAcc></extensions></trkpt>
      <trkpt lon="114.386332" lat="33.669044"><ele>57.077923</ele><time>2026-02-12T00:34:15Z</time><extensions><speed>2.778219</speed><course>262.035756</course><hAcc>1.285570</hAcc><vAcc>0.556943</vAcc></extensions></trkpt>
      <trkpt lon="114.386303" lat="33.669040"><ele>57.074701</ele><time>2026-02-12T00:34:16Z</time><extensions><speed>2.691747</speed><course>261.334313</course><hAcc>1.286017</hAcc><vAcc>0.556943</vAcc></extensions></trkpt>
      <trkpt lon="114.386274" lat="33.669036"><ele>57.071854</ele><time>2026-02-12T00:34:17Z</time><extensions><speed>2.760493</speed><course>261.294130</course><hAcc>1.275412</hAcc><vAcc>0.556943</vAcc></extensions></trkpt>
      <trkpt lon="114.386243" lat="33.669032"><ele>57.069180</ele><time>2026-02-12T00:34:18Z</time><extensions><speed>2.948268</speed><course>261.055533</course><hAcc>1.268296</hAcc><vAcc>0.556943</vAcc></extensions></trkpt>
      <trkpt lon="114.386212" lat="33.669028"><ele>57.066360</ele><time>2026-02-12T00:34:19Z</time><extensions><speed>2.864571</speed><course>260.888943</course><hAcc>1.260650</hAcc><vAcc>0.556943</vAcc></extensions></trkpt>
      <trkpt lon="114.386182" lat="33.669024"><ele>57.062983</ele><time>2026-02-12T00:34:20Z</time><extensions><speed>2.773194</speed><course>261.001471</course><hAcc>1.254287</hAcc><vAcc>0.556943</vAcc></extensions></trkpt>
      <trkpt lon="114.386153" lat="33.669020"><ele>57.058660</ele><time>2026-02-12T00:34:21Z</time><extensions><speed>2.746457</speed><course>261.212332</course><hAcc>1.255626</hAcc><vAcc>0.556943</vAcc></extensions></trkpt>
      <trkpt lon="114.386124" lat="33.669017"><ele>57.053406</ele><time>2026-02-12T00:34:22Z</time><extensions><speed>2.649505</speed><course>261.401533</course><hAcc>1.254318</hAcc><vAcc>0.556943</vAcc></extensions></trkpt>
      <trkpt lon="114.386096" lat="33.669013"><ele>57.047138</ele><time>2026-02-12T00:34:23Z</time><extensions><speed>2.721204</speed><course>260.053294</course><hAcc>1.257220</hAcc><vAcc>0.556943</vAcc></extensions></trkpt>
      <trkpt lon="114.386067" lat="33.669008"><ele>57.039731</ele><time>2026-02-12T00:34:24Z</time><extensions><speed>2.758661</speed><course>259.156297</course><hAcc>1.263409</hAcc><vAcc>0.556943</vAcc></extensions></trkpt>
      <trkpt lon="114.386037" lat="33.669004"><ele>57.031053</ele><time>2026-02-12T00:34:25Z</time><extensions><speed>2.871964</speed><course>259.428445</course><hAcc>1.256002</hAcc><vAcc>0.556943</vAcc></extensions></trkpt>
      <trkpt lon="114.386005" lat="33.668999"><ele>57.021033</ele><time>2026-02-12T00:34:26Z</time><extensions><speed>3.099318</speed><course>260.365407</course><hAcc>1.257299</hAcc><vAcc>0.556943</vAcc></extensions></trkpt>
      <trkpt lon="114.385972" lat="33.668994"><ele>57.009709</ele><time>2026-02-12T00:34:27Z</time><extensions><speed>3.050145</speed><course>261.030796</course><hAcc>1.264796</hAcc><vAcc>0.556943</vAcc></extensions></trkpt>
      <trkpt lon="114.385941" lat="33.668990"><ele>56.997357</ele><time>2026-02-12T00:34:28Z</time><extensions><speed>2.805958</speed><course>261.401105</course><hAcc>1.273591</hAcc><vAcc>0.556943</vAcc></extensions></trkpt>
      <trkpt lon="114.385911" lat="33.668986"><ele>56.984278</ele><time>2026-02-12T00:34:29Z</time><extensions><speed>2.785678</speed><course>260.852157</course><hAcc>1.270339</hAcc><vAcc>0.556943</vAcc></extensions></trkpt>
      <trkpt lon="114.385882" lat="33.668982"><ele>56.970722</ele><time>2026-02-12T00:34:30Z</time><extensions><speed>2.725190</speed><course>260.554541</course><hAcc>1.268067</hAcc><vAcc>0.556943</vAcc></extensions></trkpt>
      <trkpt lon="114.385852" lat="33.668978"><ele>56.956945</ele><time>2026-02-12T00:34:31Z</time><extensions><speed>2.780757</speed><course>260.944717</course><hAcc>1.260973</hAcc><vAcc>0.556943</vAcc></extensions></trkpt>
      <trkpt lon="114.385822" lat="33.668975"><ele>56.943446</ele><time>2026-02-12T00:34:32Z</time><extensions><speed>2.857285</speed><course>262.039922</course><hAcc>1.253769</hAcc><vAcc>0.556943</vAcc></extensions></trkpt>
      <trkpt lon="114.385792" lat="33.668971"><ele>56.930543</ele><time>2026-02-12T00:34:33Z</time><extensions><speed>2.747218</speed><course>261.258157</course><hAcc>1.254455</hAcc><vAcc>0.556943</vAcc></extensions></trkpt>
      <trkpt lon="114.385763" lat="33.668967"><ele>56.918437</ele><time>2026-02-12T00:34:34Z</time><extensions><speed>2.796109</speed><course>260.103966</course><hAcc>1.255678</hAcc><vAcc>0.556943</vAcc></extensions></trkpt>
      <trkpt lon="114.385732" lat="33.668962"><ele>56.907277</ele><time>2026-02-12T00:34:35Z</time><extensions><speed>2.897949</speed><course>258.354489</course><hAcc>1.256946</hAcc><vAcc>0.556943</vAcc></extensions></trkpt>
      <trkpt lon="114.385702" lat="33.668957"><ele>56.897146</ele><time>2026-02-12T00:34:36Z</time><extensions><speed>2.848916</speed><course>258.259681</course><hAcc>1.254451</hAcc><vAcc>0.556943</vAcc></extensions></trkpt>
      <trkpt lon="114.385672" lat="33.668952"><ele>56.888786</ele><time>2026-02-12T00:34:37Z</time><extensions><speed>2.907840</speed><course>258.183810</course><hAcc>1.259477</hAcc><vAcc>0.556943</vAcc></extensions></trkpt>
      <trkpt lon="114.385641" lat="33.668946"><ele>56.883042</ele><time>2026-02-12T00:34:38Z</time><extensions><speed>2.926671</speed><course>257.436180</course><hAcc>1.262204</hAcc><vAcc>0.556942</vAcc></extensions></trkpt>
      <trkpt lon="114.385610" lat="33.668940"><ele>56.881064</ele><time>2026-02-12T00:34:39Z</time><extensions><speed>2.896311</speed><course>256.307307</course><hAcc>1.263871</hAcc><vAcc>0.556942</vAcc></extensions></trkpt>
      <trkpt lon="114.385579" lat="33.668933"><ele>56.884609</ele><time>2026-02-12T00:34:40Z</time><extensions><speed>2.984259</speed><course>255.113365</course><hAcc>1.264705</hAcc><vAcc>0.556941</vAcc></extensions></trkpt>
      <trkpt lon="114.385549" lat="33.668927"><ele>56.895448</ele><time>2026-02-12T00:34:41Z</time><extensions><speed>2.906509</speed><course>255.168751</course><hAcc>1.266662</hAcc><vAcc>0.556941</vAcc></extensions></trkpt>
      <trkpt lon="114.385518" lat="33.668920"><ele>56.914601</ele><time>2026-02-12T00:34:42Z</time><extensions><speed>2.887864</speed><course>255.663314</course><hAcc>1.262068</hAcc><vAcc>0.556942</vAcc></extensions></trkpt>
      <trkpt lon="114.385488" lat="33.668914"><ele>56.942797</ele><time>2026-02-12T00:34:43Z</time><extensions><speed>2.876898</speed><course>257.263400</course><hAcc>1.258805</hAcc><vAcc>0.556942</vAcc></extensions></trkpt>
      <trkpt lon="114.385458" lat="33.668909"><ele>56.980220</ele><time>2026-02-12T00:34:44Z</time><extensions><speed>2.745787</speed><course>260.683240</course><hAcc>1.254404</hAcc><vAcc>0.556942</vAcc></extensions></trkpt>
      <trkpt lon="114.385429" lat="33.668906"><ele>57.025406</ele><time>2026-02-12T00:34:45Z</time><extensions><speed>2.765070</speed><course>264.767530</course><hAcc>1.251340</hAcc><vAcc>0.556942</vAcc></extensions></trkpt>
      <trkpt lon="114.385399" lat="33.668904"><ele>57.076696</ele><time>2026-02-12T00:34:46Z</time><extensions><speed>2.819027</speed><course>264.967312</course><hAcc>1.245073</hAcc><vAcc>0.556941</vAcc></extensions></trkpt>
      <trkpt lon="114.385368" lat="33.668900"><ele>57.132254</ele><time>2026-02-12T00:34:47Z</time><extensions><speed>2.869381</speed><course>259.743325</course><hAcc>1.241967</hAcc><vAcc>0.556940</vAcc></extensions></trkpt>
      <trkpt lon="114.385338" lat="33.668895"><ele>57.189913</ele><time>2026-02-12T00:34:48Z</time><extensions><speed>2.909142</speed><course>255.153321</course><hAcc>1.246000</hAcc><vAcc>0.556939</vAcc></extensions></trkpt>
      <trkpt lon="114.385308" lat="33.668888"><ele>57.247155</ele><time>2026-02-12T00:34:49Z</time><extensions><speed>2.806795</speed><course>254.482817</course><hAcc>1.253659</hAcc><vAcc>0.556937</vAcc></extensions></trkpt>
      <trkpt lon="114.385278" lat="33.668881"><ele>57.301602</ele><time>2026-02-12T00:34:50Z</time><extensions><speed>2.964698</speed><course>254.740515</course><hAcc>1.260314</hAcc><vAcc>0.556935</vAcc></extensions></trkpt>
      <trkpt lon="114.385247" lat="33.668874"><ele>57.350758</ele><time>2026-02-12T00:34:51Z</time><extensions><speed>2.929221</speed><course>255.974604</course><hAcc>1.266332</hAcc><vAcc>0.556932</vAcc></extensions></trkpt>
      <trkpt lon="114.385218" lat="33.668868"><ele>57.392280</ele><time>2026-02-12T00:34:52Z</time><extensions><speed>2.769496</speed><course>256.173571</course><hAcc>1.266836</hAcc><vAcc>0.556928</vAcc></extensions></trkpt>
      <trkpt lon="114.385189" lat="33.668862"><ele>57.424298</ele><time>2026-02-12T00:34:53Z</time><extensions><speed>2.698638</speed><course>255.796820</course><hAcc>1.263755</hAcc><vAcc>0.556924</vAcc></extensions></trkpt>
      <trkpt lon="114.385161" lat="33.668856"><ele>57.445653</ele><time>2026-02-12T00:34:54Z</time><extensions><speed>2.704750</speed><course>256.299641</course><hAcc>1.260426</hAcc><vAcc>0.556917</vAcc></extensions></trkpt>
      <trkpt lon="114.385131" lat="33.668850"><ele>57.456079</ele><time>2026-02-12T00:34:55Z</time><extensions><speed>2.875879</speed><course>256.516673</course><hAcc>1.259918</hAcc><vAcc>0.556908</vAcc></extensions></trkpt>
      <trkpt lon="114.385101" lat="33.668844"><ele>57.456160</ele><time>2026-02-12T00:34:56Z</time><extensions><speed>2.881778</speed><course>255.971254</course><hAcc>1.259675</hAcc><vAcc>0.556907</vAcc></extensions></trkpt>
      <trkpt lon="114.385072" lat="33.668838"><ele>57.447094</ele><time>2026-02-12T00:34:57Z</time><extensions><speed>2.774720</speed><course>254.755304</course><hAcc>1.260375</hAcc><vAcc>0.556917</vAcc></extensions></trkpt>
      <trkpt lon="114.385042" lat="33.668831"><ele>57.430610</ele><time>2026-02-12T00:34:58Z</time><extensions><speed>2.909127</speed><course>253.708898</course><hAcc>1.263271</hAcc><vAcc>0.556924</vAcc></extensions></trkpt>
      <trkpt lon="114.385013" lat="33.668824"><ele>57.408496</ele><time>2026-02-12T00:34:59Z</time><extensions><speed>2.800213</speed><course>254.178395</course><hAcc>1.260189</hAcc><vAcc>0.556928</vAcc></extensions></trkpt>
      <trkpt lon="114.384984" lat="33.668817"><ele>57.382533</ele><time>2026-02-12T00:35:00Z</time><extensions><speed>2.693388</speed><course>254.079663</course><hAcc>1.258091</hAcc><vAcc>0.556932</vAcc></extensions></trkpt>
      <trkpt lon="114.384956" lat="33.668810"><ele>57.354338</ele><time>2026-02-12T00:35:01Z</time><extensions><speed>2.702843</speed><course>253.628056</course><hAcc>1.260539</hAcc><vAcc>0.556935</vAcc></extensions></trkpt>
      <trkpt lon="114.384928" lat="33.668803"><ele>57.325312</ele><time>2026-02-12T00:35:02Z</time><extensions><speed>2.690760</speed><course>253.119773</course><hAcc>1.260351</hAcc><vAcc>0.556937</vAcc></extensions></trkpt>
      <trkpt lon="114.384900" lat="33.668796"><ele>57.296637</ele><time>2026-02-12T00:35:03Z</time><extensions><speed>2.773262</speed><course>252.658514</course><hAcc>1.256500</hAcc><vAcc>0.556938</vAcc></extensions></trkpt>
      <trkpt lon="114.384871" lat="33.668788"><ele>57.269321</ele><time>2026-02-12T00:35:04Z</time><extensions><speed>2.849227</speed><course>254.047115</course><hAcc>1.247521</hAcc><vAcc>0.556940</vAcc></extensions></trkpt>
      <trkpt lon="114.384842" lat="33.668782"><ele>57.244004</ele><time>2026-02-12T00:35:05Z</time><extensions><speed>2.774322</speed><course>254.381354</course><hAcc>1.240604</hAcc><vAcc>0.556941</vAcc></extensions></trkpt>
      <trkpt lon="114.384813" lat="33.668775"><ele>57.221099</ele><time>2026-02-12T00:35:06Z</time><extensions><speed>2.822904</speed><course>253.832395</course><hAcc>1.233597</hAcc><vAcc>0.556941</vAcc></extensions></trkpt>
      <trkpt lon="114.384783" lat="33.668767"><ele>57.200961</ele><time>2026-02-12T00:35:07Z</time><extensions><speed>2.860408</speed><course>253.001445</course><hAcc>1.224268</hAcc><vAcc>0.556942</vAcc></extensions></trkpt>
      <trkpt lon="114.384754" lat="33.668760"><ele>57.184139</ele><time>2026-02-12T00:35:08Z</time><extensions><speed>2.793714</speed><course>252.355468</course><hAcc>1.218750</hAcc><vAcc>0.556942</vAcc></extensions></trkpt>
      <trkpt lon="114.384725" lat="33.668752"><ele>57.170957</ele><time>2026-02-12T00:35:09Z</time><extensions><speed>2.847737</speed><course>252.009215</course><hAcc>1.211293</hAcc><vAcc>0.556943</vAcc></extensions></trkpt>
      <trkpt lon="114.384696" lat="33.668744"><ele>57.161349</ele><time>2026-02-12T00:35:10Z</time><extensions><speed>2.757560</speed><course>252.628628</course><hAcc>1.206514</hAcc><vAcc>0.556943</vAcc></extensions></trkpt>
      <trkpt lon="114.384668" lat="33.668737"><ele>57.155070</ele><time>2026-02-12T00:35:11Z</time><extensions><speed>2.711050</speed><course>253.059206</course><hAcc>1.203067</hAcc><vAcc>0.556943</vAcc></extensions></trkpt>
      <trkpt lon="114.384640" lat="33.668730"><ele>57.151839</ele><time>2026-02-12T00:35:12Z</time><extensions><speed>2.715087</speed><course>253.731974</course><hAcc>1.205320</hAcc><vAcc>0.556943</vAcc></extensions></trkpt>
      <trkpt lon="114.384612" lat="33.668723"><ele>57.151402</ele><time>2026-02-12T00:35:13Z</time><extensions><speed>2.682591</speed><course>255.078755</course><hAcc>1.202319</hAcc><vAcc>0.556943</vAcc></extensions></trkpt>
      <trkpt lon="114.384584" lat="33.668717"><ele>57.153527</ele><time>2026-02-12T00:35:14Z</time><extensions><speed>2.684122</speed><course>255.925488</course><hAcc>1.202670</hAcc><vAcc>0.556943</vAcc></extensions></trkpt>
      <trkpt lon="114.384556" lat="33.668712"><ele>57.158025</ele><time>2026-02-12T00:35:15Z</time><extensions><speed>2.735337</speed><course>257.512706</course><hAcc>1.202342</hAcc><vAcc>0.556943</vAcc></extensions></trkpt>
      <trkpt lon="114.384527" lat="33.668707"><ele>57.164741</ele><time>2026-02-12T00:35:16Z</time><extensions><speed>2.695744</speed><course>258.841462</course><hAcc>1.200824</hAcc><vAcc>0.556943</vAcc></extensions></trkpt>
      <trkpt lon="114.384498" lat="33.668702"><ele>57.173538</ele><time>2026-02-12T00:35:17Z</time><extensions><speed>2.800992</speed><course>260.909553</course><hAcc>1.200709</hAcc><vAcc>0.556943</vAcc></extensions></trkpt>
      <trkpt lon="114.384468" lat="33.668699"><ele>57.184581</ele><time>2026-02-12T00:35:18Z</time><extensions><speed>2.783471</speed><course>263.472652</course><hAcc>1.199243</hAcc><vAcc>0.556943</vAcc></extensions></trkpt>
      <trkpt lon="114.384439" lat="33.668697"><ele>57.197934</ele><time>2026-02-12T00:35:19Z</time><extensions><speed>2.682378</speed><course>266.140943</course><hAcc>1.198126</hAcc><vAcc>0.556943</vAcc></extensions></trkpt>
      <trkpt lon="114.384410" lat="33.668696"><ele>57.213439</ele><time>2026-02-12T00:35:20Z</time><extensions><speed>2.710839</speed><course>268.130413</course><hAcc>1.196624</hAcc><vAcc>0.556943</vAcc></extensions></trkpt>
      <trkpt lon="114.384381" lat="33.668695"><ele>57.230810</ele><time>2026-02-12T00:35:21Z</time><extensions><speed>2.604690</speed><course>269.595858</course><hAcc>1.196058</hAcc><vAcc>0.556943</vAcc></extensions></trkpt>
      <trkpt lon="114.384353" lat="33.668695"><ele>57.249839</ele><time>2026-02-12T00:35:22Z</time><extensions><speed>2.551807</speed><course>272.295829</course><hAcc>1.196916</hAcc><vAcc>0.556943</vAcc></extensions></trkpt>
      <trkpt lon="114.384325" lat="33.668697"><ele>57.270123</ele><time>2026-02-12T00:35:23Z</time><extensions><speed>2.631454</speed><course>274.727319</course><hAcc>1.198230</hAcc><vAcc>0.556943</vAcc></extensions></trkpt>
      <trkpt lon="114.384297" lat="33.668699"><ele>57.291285</ele><time>2026-02-12T00:35:24Z</time><extensions><speed>2.555723</speed><course>275.663094</course><hAcc>1.201324</hAcc><vAcc>0.556943</vAcc></extensions></trkpt>
      <trkpt lon="114.384270" lat="33.668701"><ele>57.312955</ele><time>2026-02-12T00:35:25Z</time><extensions><speed>2.585127</speed><course>276.091604</course><hAcc>1.207337</hAcc><vAcc>0.556943</vAcc></extensions></trkpt>
      <trkpt lon="114.384242" lat="33.668704"><ele>57.334739</ele><time>2026-02-12T00:35:26Z</time><extensions><speed>2.647508</speed><course>275.222403</course><hAcc>1.204687</hAcc><vAcc>0.556943</vAcc></extensions></trkpt>
      <trkpt lon="114.384213" lat="33.668706"><ele>57.356194</ele><time>2026-02-12T00:35:27Z</time><extensions><speed>2.690183</speed><course>275.150774</course><hAcc>1.209191</hAcc><vAcc>0.556943</vAcc></extensions></trkpt>
      <trkpt lon="114.384184" lat="33.668708"><ele>57.376763</ele><time>2026-02-12T00:35:28Z</time><extensions><speed>2.793441</speed><course>275.478421</course><hAcc>1.216774</hAcc><vAcc>0.556943</vAcc></extensions></trkpt>
      <trkpt lon="114.384154" lat="33.668711"><ele>57.395824</ele><time>2026-02-12T00:35:29Z</time><extensions><speed>2.740395</speed><course>277.224774</course><hAcc>1.225314</hAcc><vAcc>0.556943</vAcc></extensions></trkpt>
      <trkpt lon="114.384125" lat="33.668714"><ele>57.412774</ele><time>2026-02-12T00:35:30Z</time><extensions><speed>2.660206</speed><course>278.439527</course><hAcc>1.234322</hAcc><vAcc>0.556943</vAcc></extensions></trkpt>
      <trkpt lon="114.384097" lat="33.668718"><ele>57.427117</ele><time>2026-02-12T00:35:31Z</time><extensions><speed>2.638746</speed><course>278.593802</course><hAcc>1.242100</hAcc><vAcc>0.556943</vAcc></extensions></trkpt>
      <trkpt lon="114.384069" lat="33.668720"><ele>57.438504</ele><time>2026-02-12T00:35:32Z</time><extensions><speed>2.518414</speed><course>274.736387</course><hAcc>1.249560</hAcc><vAcc>0.556943</vAcc></extensions></trkpt>
      <trkpt lon="114.384042" lat="33.668722"><ele>57.446865</ele><time>2026-02-12T00:35:33Z</time><extensions><speed>2.559702</speed><course>272.948144</course><hAcc>1.257077</hAcc><vAcc>0.556943</vAcc></extensions></trkpt>
      <trkpt lon="114.384014" lat="33.668723"><ele>57.452315</ele><time>2026-02-12T00:35:34Z</time><extensions><speed>2.682127</speed><course>273.164648</course><hAcc>1.262992</hAcc><vAcc>0.556943</vAcc></extensions></trkpt>
      <trkpt lon="114.383985" lat="33.668725"><ele>57.455131</ele><time>2026-02-12T00:35:35Z</time><extensions><speed>2.672293</speed><course>272.560001</course><hAcc>1.264499</hAcc><vAcc>0.556943</vAcc></extensions></trkpt>
      <trkpt lon="114.383956" lat="33.668725"><ele>57.455801</ele><time>2026-02-12T00:35:36Z</time><extensions><speed>2.720033</speed><course>271.644157</course><hAcc>1.266131</hAcc><vAcc>0.556943</vAcc></extensions></trkpt>
      <trkpt lon="114.383926" lat="33.668726"><ele>57.454865</ele><time>2026-02-12T00:35:37Z</time><extensions><speed>2.694809</speed><course>273.080739</course><hAcc>1.267278</hAcc><vAcc>0.556943</vAcc></extensions></trkpt>
      <trkpt lon="114.383898" lat="33.668728"><ele>57.453018</ele><time>2026-02-12T00:35:38Z</time><extensions><speed>2.641866</speed><course>274.783840</course><hAcc>1.273528</hAcc><vAcc>0.556943</vAcc></extensions></trkpt>
      <trkpt lon="114.383869" lat="33.668730"><ele>57.451021</ele><time>2026-02-12T00:35:39Z</time><extensions><speed>2.731585</speed><course>275.615732</course><hAcc>1.280866</hAcc><vAcc>0.556943</vAcc></extensions></trkpt>
      <trkpt lon="114.383840" lat="33.668733"><ele>57.449586</ele><time>2026-02-12T00:35:40Z</time><extensions><speed>2.708081</speed><course>275.775722</course><hAcc>1.288394</hAcc><vAcc>0.556943</vAcc></extensions></trkpt>
      <trkpt lon="114.383811" lat="33.668735"><ele>57.449127</ele><time>2026-02-12T00:35:41Z</time><extensions><speed>2.651530</speed><course>275.143214</course><hAcc>1.294426</hAcc><vAcc>0.556943</vAcc></extensions></trkpt>
      <trkpt lon="114.383782" lat="33.668737"><ele>57.450017</ele><time>2026-02-12T00:35:42Z</time><extensions><speed>2.730048</speed><course>274.237419</course><hAcc>1.297587</hAcc><vAcc>0.556943</vAcc></extensions></trkpt>
      <trkpt lon="114.383752" lat="33.668739"><ele>57.452412</ele><time>2026-02-12T00:35:43Z</time><extensions><speed>2.732133</speed><course>273.456020</course><hAcc>1.299302</hAcc><vAcc>0.556943</vAcc></extensions></trkpt>
      <trkpt lon="114.383723" lat="33.668740"><ele>57.456271</ele><time>2026-02-12T00:35:44Z</time><extensions><speed>2.773396</speed><course>272.775798</course><hAcc>1.301267</hAcc><vAcc>0.556943</vAcc></extensions></trkpt>
      <trkpt lon="114.383693" lat="33.668742"><ele>57.461427</ele><time>2026-02-12T00:35:45Z</time><extensions><speed>2.825458</speed><course>274.368481</course><hAcc>1.302538</hAcc><vAcc>0.556943</vAcc></extensions></trkpt>
      <trkpt lon="114.383663" lat="33.668744"><ele>57.467710</ele><time>2026-02-12T00:35:46Z</time><extensions><speed>2.723485</speed><course>274.934787</course><hAcc>1.305146</hAcc><vAcc>0.556943</vAcc></extensions></trkpt>
      <trkpt lon="114.383633" lat="33.668745"><ele>57.474813</ele><time>2026-02-12T00:35:47Z</time><extensions><speed>2.748964</speed><course>273.642543</course><hAcc>1.316718</hAcc><vAcc>0.556943</vAcc></extensions></trkpt>
      <trkpt lon="114.383604" lat="33.668747"><ele>57.482555</ele><time>2026-02-12T00:35:48Z</time><extensions><speed>2.784598</speed><course>271.950234</course><hAcc>1.322825</hAcc><vAcc>0.556943</vAcc></extensions></trkpt>
      <trkpt lon="114.383574" lat="33.668747"><ele>57.490918</ele><time>2026-02-12T00:35:49Z</time><extensions><speed>2.719496</speed><course>271.173392</course><hAcc>1.330533</hAcc><vAcc>0.556943</vAcc></extensions></trkpt>
      <trkpt lon="114.383544" lat="33.668748"><ele>57.499872</ele><time>2026-02-12T00:35:50Z</time><extensions><speed>2.775823</speed><course>270.816375</course><hAcc>1.339643</hAcc><vAcc>0.556943</vAcc></extensions></trkpt>
      <trkpt lon="114.383514" lat="33.668748"><ele>57.509259</ele><time>2026-02-12T00:35:51Z</time><extensions><speed>2.763084</speed><course>271.376237</course><hAcc>1.347450</hAcc><vAcc>0.556943</vAcc></extensions></trkpt>
      <trkpt lon="114.383485" lat="33.668749"><ele>57.519049</ele><time>2026-02-12T00:35:52Z</time><extensions><speed>2.659350</speed><course>271.089345</course><hAcc>1.352217</hAcc><vAcc>0.556943</vAcc></extensions></trkpt>
      <trkpt lon="114.383456" lat="33.668749"><ele>57.529165</ele><time>2026-02-12T00:35:53Z</time><extensions><speed>2.673030</speed><course>271.261675</course><hAcc>1.357132</hAcc><vAcc>0.556943</vAcc></extensions></trkpt>
      <trkpt lon="114.383428" lat="33.668750"><ele>57.539368</ele><time>2026-02-12T00:35:54Z</time><extensions><speed>2.577661</speed><course>272.476973</course><hAcc>1.358620</hAcc><vAcc>0.556943</vAcc></extensions></trkpt>
      <trkpt lon="114.383401" lat="33.668751"><ele>57.549506</ele><time>2026-02-12T00:35:55Z</time><extensions><speed>2.529401</speed><course>272.489944</course><hAcc>1.364214</hAcc><vAcc>0.556943</vAcc></extensions></trkpt>
      <trkpt lon="114.383372" lat="33.668752"><ele>57.559540</ele><time>2026-02-12T00:35:56Z</time><extensions><speed>2.680350</speed><course>272.039809</course><hAcc>1.366108</hAcc><vAcc>0.556943</vAcc></extensions></trkpt>
      <trkpt lon="114.383343" lat="33.668753"><ele>57.569383</ele><time>2026-02-12T00:35:57Z</time><extensions><speed>2.675866</speed><course>271.393282</course><hAcc>1.357664</hAcc><vAcc>0.556943</vAcc></extensions></trkpt>
      <trkpt lon="114.383314" lat="33.668753"><ele>57.578857</ele><time>2026-02-12T00:35:58Z</time><extensions><speed>2.744072</speed><course>272.260375</course><hAcc>1.354591</hAcc><vAcc>0.556943</vAcc></extensions></trkpt>
      <trkpt lon="114.383284" lat="33.668755"><ele>57.587719</ele><time>2026-02-12T00:35:59Z</time><extensions><speed>2.807308</speed><course>273.405896</course><hAcc>1.355511</hAcc><vAcc>0.556943</vAcc></extensions></trkpt>
      <trkpt lon="114.383254" lat="33.668756"><ele>57.595620</ele><time>2026-02-12T00:36:00Z</time><extensions><speed>2.744400</speed><course>273.550379</course><hAcc>1.357428</hAcc><vAcc>0.556943</vAcc></extensions></trkpt>
      <trkpt lon="114.383225" lat="33.668758"><ele>57.602245</ele><time>2026-02-12T00:36:01Z</time><extensions><speed>2.774212</speed><course>273.783874</course><hAcc>1.355814</hAcc><vAcc>0.556943</vAcc></extensions></trkpt>
      <trkpt lon="114.383195" lat="33.668759"><ele>57.607362</ele><time>2026-02-12T00:36:02Z</time><extensions><speed>2.713882</speed><course>272.826926</course><hAcc>1.355740</hAcc><vAcc>0.556943</vAcc></extensions></trkpt>
      <trkpt lon="114.383167" lat="33.668760"><ele>57.610829</ele><time>2026-02-12T00:36:03Z</time><extensions><speed>2.575634</speed><course>272.918915</course><hAcc>1.360553</hAcc><vAcc>0.556943</vAcc></extensions></trkpt>
      <trkpt lon="114.383138" lat="33.668762"><ele>57.612523</ele><time>2026-02-12T00:36:04Z</time><extensions><speed>2.664683</speed><course>272.896916</course><hAcc>1.362454</hAcc><vAcc>0.556943</vAcc></extensions></trkpt>
      <trkpt lon="114.383109" lat="33.668763"><ele>57.612485</ele><time>2026-02-12T00:36:05Z</time><extensions><speed>2.752908</speed><course>272.592020</course><hAcc>1.365737</hAcc><vAcc>0.556943</vAcc></extensions></trkpt>
      <trkpt lon="114.383080" lat="33.668764"><ele>57.610886</ele><time>2026-02-12T00:36:06Z</time><extensions><speed>2.724011</speed><course>272.180451</course><hAcc>1.369366</hAcc><vAcc>0.556943</vAcc></extensions></trkpt>
      <trkpt lon="114.383050" lat="33.668764"><ele>57.607941</ele><time>2026-02-12T00:36:07Z</time><extensions><speed>2.706385</speed><course>271.323233</course><hAcc>1.371498</hAcc><vAcc>0.556943</vAcc></extensions></trkpt>
      <trkpt lon="114.383022" lat="33.668765"><ele>57.603885</ele><time>2026-02-12T00:36:08Z</time><extensions><speed>2.635708</speed><course>272.348346</course><hAcc>1.373838</hAcc><vAcc>0.556943</vAcc></extensions></trkpt>
      <trkpt lon="114.382993" lat="33.668766"><ele>57.599173</ele><time>2026-02-12T00:36:09Z</time><extensions><speed>2.612199</speed><course>273.158615</course><hAcc>1.377168</hAcc><vAcc>0.556943</vAcc></extensions></trkpt>
      <trkpt lon="114.382965" lat="33.668768"><ele>57.594196</ele><time>2026-02-12T00:36:10Z</time><extensions><speed>2.703516</speed><course>273.067883</course><hAcc>1.379819</hAcc><vAcc>0.556943</vAcc></extensions></trkpt>
      <trkpt lon="114.382936" lat="33.668769"><ele>57.589437</ele><time>2026-02-12T00:36:11Z</time><extensions><speed>2.683310</speed><course>271.869340</course><hAcc>1.380885</hAcc><vAcc>0.556943</vAcc></extensions></trkpt>
      <trkpt lon="114.382907" lat="33.668769"><ele>57.585448</ele><time>2026-02-12T00:36:12Z</time><extensions><speed>2.635968</speed><course>269.918798</course><hAcc>1.377686</hAcc><vAcc>0.556943</vAcc></extensions></trkpt>
      <trkpt lon="114.382878" lat="33.668769"><ele>57.582761</ele><time>2026-02-12T00:36:13Z</time><extensions><speed>2.711917</speed><course>268.731128</course><hAcc>1.369775</hAcc><vAcc>0.556943</vAcc></extensions></trkpt>
      <trkpt lon="114.382849" lat="33.668768"><ele>57.581070</ele><time>2026-02-12T00:36:14Z</time><extensions><speed>2.705182</speed><course>269.342007</course><hAcc>1.362922</hAcc><vAcc>0.556943</vAcc></extensions></trkpt>
      <trkpt lon="114.382819" lat="33.668768"><ele>57.580134</ele><time>2026-02-12T00:36:15Z</time><extensions><speed>2.721184</speed><course>269.039874</course><hAcc>1.349550</hAcc><vAcc>0.556943</vAcc></extensions></trkpt>
      <trkpt lon="114.382790" lat="33.668767"><ele>57.579817</ele><time>2026-02-12T00:36:16Z</time><extensions><speed>2.664405</speed><course>267.779866</course><hAcc>1.344203</hAcc><vAcc>0.556943</vAcc></extensions></trkpt>
      <trkpt lon="114.382762" lat="33.668766"><ele>57.580063</ele><time>2026-02-12T00:36:17Z</time><extensions><speed>2.605015</speed><course>267.464103</course><hAcc>1.337635</hAcc><vAcc>0.556943</vAcc></extensions></trkpt>
      <trkpt lon="114.382733" lat="33.668766"><ele>57.580720</ele><time>2026-02-12T00:36:18Z</time><extensions><speed>2.761379</speed><course>269.625253</course><hAcc>1.338124</hAcc><vAcc>0.556943</vAcc></extensions></trkpt>
      <trkpt lon="114.382703" lat="33.668766"><ele>57.581629</ele><time>2026-02-12T00:36:19Z</time><extensions><speed>2.709832</speed><course>270.554592</course><hAcc>1.332968</hAcc><vAcc>0.556944</vAcc></extensions></trkpt>
      <trkpt lon="114.382674" lat="33.668766"><ele>57.582517</ele><time>2026-02-12T00:36:20Z</time><extensions><speed>2.676007</speed><course>270.640242</course><hAcc>1.330210</hAcc><vAcc>0.556944</vAcc></extensions></trkpt>
      <trkpt lon="114.382645" lat="33.668766"><ele>57.583026</ele><time>2026-02-12T00:36:21Z</time><extensions><speed>2.803215</speed><course>270.933641</course><hAcc>1.333139</hAcc><vAcc>0.556944</vAcc></extensions></trkpt>
      <trkpt lon="114.382615" lat="33.668767"><ele>57.582789</ele><time>2026-02-12T00:36:22Z</time><extensions><speed>2.724532</speed><course>270.205170</course><hAcc>1.337563</hAcc><vAcc>0.556944</vAcc></extensions></trkpt>
      <trkpt lon="114.382586" lat="33.668766"><ele>57.581484</ele><time>2026-02-12T00:36:23Z</time><extensions><speed>2.676775</speed><course>268.810714</course><hAcc>1.338170</hAcc><vAcc>0.556944</vAcc></extensions></trkpt>
      <trkpt lon="114.382556" lat="33.668766"><ele>57.578871</ele><time>2026-02-12T00:36:24Z</time><extensions><speed>2.767684</speed><course>268.089137</course><hAcc>1.333186</hAcc><vAcc>0.556943</vAcc></extensions></trkpt>
      <trkpt lon="114.382527" lat="33.668765"><ele>57.574933</ele><time>2026-02-12T00:36:25Z</time><extensions><speed>2.734238</speed><course>267.077833</course><hAcc>1.332352</hAcc><vAcc>0.556943</vAcc></extensions></trkpt>
      <trkpt lon="114.382497" lat="33.668763"><ele>57.569813</ele><time>2026-02-12T00:36:26Z</time><extensions><speed>2.730786</speed><course>265.081813</course><hAcc>1.335574</hAcc><vAcc>0.556943</vAcc></extensions></trkpt>
      <trkpt lon="114.382468" lat="33.668761"><ele>57.563729</ele><time>2026-02-12T00:36:27Z</time><extensions><speed>2.745257</speed><course>264.453476</course><hAcc>1.333033</hAcc><vAcc>0.556943</vAcc></extensions></trkpt>
      <trkpt lon="114.382439" lat="33.668759"><ele>57.556901</ele><time>2026-02-12T00:36:28Z</time><extensions><speed>2.653320</speed><course>265.267168</course><hAcc>1.335513</hAcc><vAcc>0.556943</vAcc></extensions></trkpt>
      <trkpt lon="114.382409" lat="33.668757"><ele>57.549808</ele><time>2026-02-12T00:36:29Z</time><extensions><speed>2.803942</speed><course>266.365130</course><hAcc>1.336081</hAcc><vAcc>0.556943</vAcc></extensions></trkpt>
      <trkpt lon="114.382379" lat="33.668755"><ele>57.542977</ele><time>2026-02-12T00:36:30Z</time><extensions><speed>2.808934</speed><course>266.739873</course><hAcc>1.338302</hAcc><vAcc>0.556943</vAcc></extensions></trkpt>
      <trkpt lon="114.382349" lat="33.668754"><ele>57.536965</ele><time>2026-02-12T00:36:31Z</time><extensions><speed>2.675966</speed><course>266.591031</course><hAcc>1.342908</hAcc><vAcc>0.556943</vAcc></extensions></trkpt>
      <trkpt lon="114.382320" lat="33.668752"><ele>57.532751</ele><time>2026-02-12T00:36:32Z</time><extensions><speed>2.700251</speed><course>266.938373</course><hAcc>1.342537</hAcc><vAcc>0.556943</vAcc></extensions></trkpt>
      <trkpt lon="114.382291" lat="33.668751"><ele>57.531261</ele><time>2026-02-12T00:36:33Z</time><extensions><speed>2.751834</speed><course>267.515246</course><hAcc>1.340947</hAcc><vAcc>0.556943</vAcc></extensions></trkpt>
      <trkpt lon="114.382261" lat="33.668750"><ele>57.533229</ele><time>2026-02-12T00:36:34Z</time><extensions><speed>2.784923</speed><course>267.638427</course><hAcc>1.338847</hAcc><vAcc>0.556943</vAcc></extensions></trkpt>
      <trkpt lon="114.382231" lat="33.668749"><ele>57.539288</ele><time>2026-02-12T00:36:35Z</time><extensions><speed>2.901216</speed><course>268.092397</course><hAcc>1.338691</hAcc><vAcc>0.556943</vAcc></extensions></trkpt>
      <trkpt lon="114.382200" lat="33.668748"><ele>57.550086</ele><time>2026-02-12T00:36:36Z</time><extensions><speed>2.839136</speed><course>268.467993</course><hAcc>1.339099</hAcc><vAcc>0.556943</vAcc></extensions></trkpt>
      <trkpt lon="114.382169" lat="33.668748"><ele>57.566601</ele><time>2026-02-12T00:36:37Z</time><extensions><speed>2.773910</speed><course>269.647273</course><hAcc>1.337776</hAcc><vAcc>0.556943</vAcc></extensions></trkpt>
      <trkpt lon="114.382139" lat="33.668748"><ele>57.589688</ele><time>2026-02-12T00:36:38Z</time><extensions><speed>2.841465</speed><course>271.053555</course><hAcc>1.341482</hAcc><vAcc>0.556943</vAcc></extensions></trkpt>
      <trkpt lon="114.382108" lat="33.668749"><ele>57.619784</ele><time>2026-02-12T00:36:39Z</time><extensions><speed>2.825841</speed><course>272.701255</course><hAcc>1.336363</hAcc><vAcc>0.556943</vAcc></extensions></trkpt>
      <trkpt lon="114.382078" lat="33.668750"><ele>57.656874</ele><time>2026-02-12T00:36:40Z</time><extensions><speed>2.802049</speed><course>272.529370</course><hAcc>1.330675</hAcc><vAcc>0.556943</vAcc></extensions></trkpt>
      <trkpt lon="114.382048" lat="33.668751"><ele>57.700710</ele><time>2026-02-12T00:36:41Z</time><extensions><speed>2.824749</speed><course>270.900293</course><hAcc>1.321082</hAcc><vAcc>0.556943</vAcc></extensions></trkpt>
      <trkpt lon="114.382017" lat="33.668751"><ele>57.750203</ele><time>2026-02-12T00:36:42Z</time><extensions><speed>2.831168</speed><course>269.282600</course><hAcc>1.311415</hAcc><vAcc>0.556943</vAcc></extensions></trkpt>
      <trkpt lon="114.381986" lat="33.668751"><ele>57.804050</ele><time>2026-02-12T00:36:43Z</time><extensions><speed>2.861591</speed><course>270.830514</course><hAcc>1.304693</hAcc><vAcc>0.556943</vAcc></extensions></trkpt>
      <trkpt lon="114.381956" lat="33.668751"><ele>57.860935</ele><time>2026-02-12T00:36:44Z</time><extensions><speed>2.755581</speed><course>270.934155</course><hAcc>1.297778</hAcc><vAcc>0.556942</vAcc></extensions></trkpt>
      <trkpt lon="114.381926" lat="33.668752"><ele>57.919662</ele><time>2026-02-12T00:36:45Z</time><extensions><speed>2.776526</speed><course>269.615178</course><hAcc>1.290951</hAcc><vAcc>0.556942</vAcc></extensions></trkpt>
      <trkpt lon="114.381895" lat="33.668751"><ele>57.979014</ele><time>2026-02-12T00:36:46Z</time><extensions><speed>2.961548</speed><course>269.106433</course><hAcc>1.282952</hAcc><vAcc>0.556941</vAcc></extensions></trkpt>
      <trkpt lon="114.381863" lat="33.668751"><ele>58.037794</ele><time>2026-02-12T00:36:47Z</time><extensions><speed>2.994732</speed><course>270.335621</course><hAcc>1.279980</hAcc><vAcc>0.556941</vAcc></extensions></trkpt>
      <trkpt lon="114.381831" lat="33.668752"><ele>58.094852</ele><time>2026-02-12T00:36:48Z</time><extensions><speed>2.910807</speed><course>272.476239</course><hAcc>1.278309</hAcc><vAcc>0.556942</vAcc></extensions></trkpt>
      <trkpt lon="114.381800" lat="33.668753"><ele>58.149108</ele><time>2026-02-12T00:36:49Z</time><extensions><speed>2.927323</speed><course>275.030127</course><hAcc>1.269079</hAcc><vAcc>0.556942</vAcc></extensions></trkpt>
      <trkpt lon="114.381768" lat="33.668756"><ele>58.199597</ele><time>2026-02-12T00:36:50Z</time><extensions><speed>2.912501</speed><course>274.902449</course><hAcc>1.261318</hAcc><vAcc>0.556943</vAcc></extensions></trkpt>
      <trkpt lon="114.381736" lat="33.668758"><ele>58.245671</ele><time>2026-02-12T00:36:51Z</time><extensions><speed>3.037149</speed><course>274.059172</course><hAcc>1.262888</hAcc><vAcc>0.556943</vAcc></extensions></trkpt>
      <trkpt lon="114.381703" lat="33.668759"><ele>58.287195</ele><time>2026-02-12T00:36:52Z</time><extensions><speed>3.106472</speed><course>272.987605</course><hAcc>1.264626</hAcc><vAcc>0.556943</vAcc></extensions></trkpt>
      <trkpt lon="114.381671" lat="33.668761"><ele>58.324383</ele><time>2026-02-12T00:36:53Z</time><extensions><speed>2.960638</speed><course>271.478310</course><hAcc>1.270845</hAcc><vAcc>0.556943</vAcc></extensions></trkpt>
      <trkpt lon="114.381639" lat="33.668761"><ele>58.357513</ele><time>2026-02-12T00:36:54Z</time><extensions><speed>2.841535</speed><course>271.213893</course><hAcc>1.275412</hAcc><vAcc>0.556943</vAcc></extensions></trkpt>
      <trkpt lon="114.381609" lat="33.668762"><ele>58.386459</ele><time>2026-02-12T00:36:55Z</time><extensions><speed>2.796494</speed><course>271.684319</course><hAcc>1.279452</hAcc><vAcc>0.556943</vAcc></extensions></trkpt>
      <trkpt lon="114.381579" lat="33.668762"><ele>58.411141</ele><time>2026-02-12T00:36:56Z</time><extensions><speed>2.667921</speed><course>270.243450</course><hAcc>1.282930</hAcc><vAcc>0.556943</vAcc></extensions></trkpt>
      <trkpt lon="114.381551" lat="33.668762"><ele>58.430749</ele><time>2026-02-12T00:36:57Z</time><extensions><speed>2.669543</speed><course>269.214042</course><hAcc>1.287985</hAcc><vAcc>0.556943</vAcc></extensions></trkpt>
      <trkpt lon="114.381522" lat="33.668761"><ele>58.444137</ele><time>2026-02-12T00:36:58Z</time><extensions><speed>2.695058</speed><course>267.405594</course><hAcc>1.289710</hAcc><vAcc>0.556943</vAcc></extensions></trkpt>
      <trkpt lon="114.381493" lat="33.668760"><ele>58.450215</ele><time>2026-02-12T00:36:59Z</time><extensions><speed>2.626498</speed><course>266.617817</course><hAcc>1.292669</hAcc><vAcc>0.556943</vAcc></extensions></trkpt>
      <trkpt lon="114.381464" lat="33.668758"><ele>58.448278</ele><time>2026-02-12T00:37:00Z</time><extensions><speed>2.832879</speed><course>265.591641</course><hAcc>1.290682</hAcc><vAcc>0.556943</vAcc></extensions></trkpt>
      <trkpt lon="114.381433" lat="33.668756"><ele>58.437592</ele><time>2026-02-12T00:37:01Z</time><extensions><speed>2.906408</speed><course>265.383409</course><hAcc>1.284311</hAcc><vAcc>0.556944</vAcc></extensions></trkpt>
      <trkpt lon="114.381402" lat="33.668754"><ele>58.418108</ele><time>2026-02-12T00:37:02Z</time><extensions><speed>2.809487</speed><course>265.877556</course><hAcc>1.282941</hAcc><vAcc>0.556944</vAcc></extensions></trkpt>
      <trkpt lon="114.381372" lat="33.668753"><ele>58.390280</ele><time>2026-02-12T00:37:03Z</time><extensions><speed>2.793004</speed><course>267.495424</course><hAcc>1.282180</hAcc><vAcc>0.556944</vAcc></extensions></trkpt>
      <trkpt lon="114.381342" lat="33.668752"><ele>58.354673</ele><time>2026-02-12T00:37:04Z</time><extensions><speed>2.754357</speed><course>269.344682</course><hAcc>1.281313</hAcc><vAcc>0.556944</vAcc></extensions></trkpt>
      <trkpt lon="114.381313" lat="33.668752"><ele>58.312194</ele><time>2026-02-12T00:37:05Z</time><extensions><speed>2.706052</speed><course>270.155784</course><hAcc>1.288240</hAcc><vAcc>0.556944</vAcc></extensions></trkpt>
      <trkpt lon="114.381283" lat="33.668753"><ele>58.264117</ele><time>2026-02-12T00:37:06Z</time><extensions><speed>2.736865</speed><course>271.441978</course><hAcc>1.293915</hAcc><vAcc>0.556944</vAcc></extensions></trkpt>
      <trkpt lon="114.381254" lat="33.668753"><ele>58.211938</ele><time>2026-02-12T00:37:07Z</time><extensions><speed>2.631907</speed><course>272.459450</course><hAcc>1.295567</hAcc><vAcc>0.556944</vAcc></extensions></trkpt>
      <trkpt lon="114.381227" lat="33.668754"><ele>58.157342</ele><time>2026-02-12T00:37:08Z</time><extensions><speed>2.491072</speed><course>272.372517</course><hAcc>1.294287</hAcc><vAcc>0.556944</vAcc></extensions></trkpt>
      <trkpt lon="114.381200" lat="33.668755"><ele>58.102243</ele><time>2026-02-12T00:37:09Z</time><extensions><speed>2.577003</speed><course>271.631334</course><hAcc>1.294611</hAcc><vAcc>0.556944</vAcc></extensions></trkpt>
      <trkpt lon="114.381171" lat="33.668755"><ele>58.048393</ele><time>2026-02-12T00:37:10Z</time><extensions><speed>2.625094</speed><course>269.276829</course><hAcc>1.296704</hAcc><vAcc>0.556944</vAcc></extensions></trkpt>
      <trkpt lon="114.381143" lat="33.668755"><ele>57.997286</ele><time>2026-02-12T00:37:11Z</time><extensions><speed>2.644745</speed><course>267.352013</course><hAcc>1.298513</hAcc><vAcc>0.556944</vAcc></extensions></trkpt>
      <trkpt lon="114.381114" lat="33.668753"><ele>57.950080</ele><time>2026-02-12T00:37:12Z</time><extensions><speed>2.746266</speed><course>266.551941</course><hAcc>1.300235</hAcc><vAcc>0.556944</vAcc></extensions></trkpt>
      <trkpt lon="114.381085" lat="33.668751"><ele>57.907540</ele><time>2026-02-12T00:37:13Z</time><extensions><speed>2.730930</speed><course>264.673279</course><hAcc>1.294918</hAcc><vAcc>0.556944</vAcc></extensions></trkpt>
      <trkpt lon="114.381055" lat="33.668749"><ele>57.869896</ele><time>2026-02-12T00:37:14Z</time><extensions><speed>2.706126</speed><course>263.576318</course><hAcc>1.291202</hAcc><vAcc>0.556944</vAcc></extensions></trkpt>
      <trkpt lon="114.381026" lat="33.668746"><ele>57.837155</ele><time>2026-02-12T00:37:15Z</time><extensions><speed>2.762080</speed><course>263.589076</course><hAcc>1.288679</hAcc><vAcc>0.556944</vAcc></extensions></trkpt>
      <trkpt lon="114.380996" lat="33.668744"><ele>57.809086</ele><time>2026-02-12T00:37:16Z</time><extensions><speed>2.771742</speed><course>264.904259</course><hAcc>1.284753</hAcc><vAcc>0.556944</vAcc></extensions></trkpt>
      <trkpt lon="114.380967" lat="33.668742"><ele>57.785259</ele><time>2026-02-12T00:37:17Z</time><extensions><speed>2.682675</speed><course>268.197763</course><hAcc>1.279797</hAcc><vAcc>0.556944</vAcc></extensions></trkpt>
      <trkpt lon="114.380938" lat="33.668742"><ele>57.765047</ele><time>2026-02-12T00:37:18Z</time><extensions><speed>2.756077</speed><course>271.742630</course><hAcc>1.280838</hAcc><vAcc>0.556944</vAcc></extensions></trkpt>
      <trkpt lon="114.380908" lat="33.668743"><ele>57.747912</ele><time>2026-02-12T00:37:19Z</time><extensions><speed>2.751407</speed><course>274.134271</course><hAcc>1.280740</hAcc><vAcc>0.556944</vAcc></extensions></trkpt>
      <trkpt lon="114.380879" lat="33.668746"><ele>57.733204</ele><time>2026-02-12T00:37:20Z</time><extensions><speed>2.644428</speed><course>276.581069</course><hAcc>1.278974</hAcc><vAcc>0.556944</vAcc></extensions></trkpt>
      <trkpt lon="114.380851" lat="33.668749"><ele>57.720295</ele><time>2026-02-12T00:37:21Z</time><extensions><speed>2.709666</speed><course>278.062508</course><hAcc>1.277471</hAcc><vAcc>0.556944</vAcc></extensions></trkpt>
      <trkpt lon="114.380822" lat="33.668752"><ele>57.708731</ele><time>2026-02-12T00:37:22Z</time><extensions><speed>2.727842</speed><course>279.107804</course><hAcc>1.276657</hAcc><vAcc>0.556944</vAcc></extensions></trkpt>
      <trkpt lon="114.380792" lat="33.668756"><ele>57.698598</ele><time>2026-02-12T00:37:23Z</time><extensions><speed>2.736516</speed><course>279.167005</course><hAcc>1.274513</hAcc><vAcc>0.556944</vAcc></extensions></trkpt>
      <trkpt lon="114.380763" lat="33.668760"><ele>57.689919</ele><time>2026-02-12T00:37:24Z</time><extensions><speed>2.845451</speed><course>278.857792</course><hAcc>1.274158</hAcc><vAcc>0.556944</vAcc></extensions></trkpt>
      <trkpt lon="114.380733" lat="33.668764"><ele>57.682554</ele><time>2026-02-12T00:37:25Z</time><extensions><speed>2.769446</speed><course>278.318837</course><hAcc>1.269994</hAcc><vAcc>0.556944</vAcc></extensions></trkpt>
      <trkpt lon="114.380704" lat="33.668768"><ele>57.676284</ele><time>2026-02-12T00:37:26Z</time><extensions><speed>2.588694</speed><course>278.023904</course><hAcc>1.267092</hAcc><vAcc>0.556944</vAcc></extensions></trkpt>
      <trkpt lon="114.380676" lat="33.668771"><ele>57.670895</ele><time>2026-02-12T00:37:27Z</time><extensions><speed>2.634472</speed><course>278.010486</course><hAcc>1.264184</hAcc><vAcc>0.556943</vAcc></extensions></trkpt>
      <trkpt lon="114.380648" lat="33.668774"><ele>57.665858</ele><time>2026-02-12T00:37:28Z</time><extensions><speed>2.585893</speed><course>277.842844</course><hAcc>1.263755</hAcc><vAcc>0.556943</vAcc></extensions></trkpt>
      <trkpt lon="114.380620" lat="33.668777"><ele>57.660787</ele><time>2026-02-12T00:37:29Z</time><extensions><speed>2.643807</speed><course>277.315952</course><hAcc>1.268677</hAcc><vAcc>0.556943</vAcc></extensions></trkpt>
      <trkpt lon="114.380591" lat="33.668780"><ele>57.655537</ele><time>2026-02-12T00:37:30Z</time><extensions><speed>2.802555</speed><course>276.959815</course><hAcc>1.274551</hAcc><vAcc>0.556943</vAcc></extensions></trkpt>
      <trkpt lon="114.380561" lat="33.668783"><ele>57.650140</ele><time>2026-02-12T00:37:31Z</time><extensions><speed>2.795920</speed><course>275.488192</course><hAcc>1.278627</hAcc><vAcc>0.556943</vAcc></extensions></trkpt>
      <trkpt lon="114.380531" lat="33.668785"><ele>57.644620</ele><time>2026-02-12T00:37:32Z</time><extensions><speed>2.813742</speed><course>274.026119</course><hAcc>1.280829</hAcc><vAcc>0.556943</vAcc></extensions></trkpt>
      <trkpt lon="114.380500" lat="33.668787"><ele>57.639442</ele><time>2026-02-12T00:37:33Z</time><extensions><speed>2.857749</speed><course>274.544048</course><hAcc>1.281217</hAcc><vAcc>0.556943</vAcc></extensions></trkpt>
      <trkpt lon="114.380470" lat="33.668789"><ele>57.634925</ele><time>2026-02-12T00:37:34Z</time><extensions><speed>2.818299</speed><course>276.442618</course><hAcc>1.278937</hAcc><vAcc>0.556943</vAcc></extensions></trkpt>
      <trkpt lon="114.380439" lat="33.668792"><ele>57.631169</ele><time>2026-02-12T00:37:35Z</time><extensions><speed>2.844359</speed><course>277.226089</course><hAcc>1.277388</hAcc><vAcc>0.556943</vAcc></extensions></trkpt>
      <trkpt lon="114.380409" lat="33.668796"><ele>57.628105</ele><time>2026-02-12T00:37:36Z</time><extensions><speed>2.933066</speed><course>278.029896</course><hAcc>1.270114</hAcc><vAcc>0.556943</vAcc></extensions></trkpt>
      <trkpt lon="114.380377" lat="33.668800"><ele>57.625759</ele><time>2026-02-12T00:37:37Z</time><extensions><speed>2.892630</speed><course>277.734261</course><hAcc>1.259621</hAcc><vAcc>0.556943</vAcc></extensions></trkpt>
      <trkpt lon="114.380347" lat="33.668803"><ele>57.624244</ele><time>2026-02-12T00:37:38Z</time><extensions><speed>2.874746</speed><course>275.826698</course><hAcc>1.256475</hAcc><vAcc>0.556943</vAcc></extensions></trkpt>
      <trkpt lon="114.380316" lat="33.668805"><ele>57.623779</ele><time>2026-02-12T00:37:39Z</time><extensions><speed>2.831584</speed><course>274.895753</course><hAcc>1.252640</hAcc><vAcc>0.556943</vAcc></extensions></trkpt>
      <trkpt lon="114.380285" lat="33.668808"><ele>57.624538</ele><time>2026-02-12T00:37:40Z</time><extensions><speed>2.843812</speed><course>277.348957</course><hAcc>1.249454</hAcc><vAcc>0.556943</vAcc></extensions></trkpt>
      <trkpt lon="114.380254" lat="33.668811"><ele>57.626484</ele><time>2026-02-12T00:37:41Z</time><extensions><speed>2.971959</speed><course>278.785208</course><hAcc>1.251251</hAcc><vAcc>0.556943</vAcc></extensions></trkpt>
      <trkpt lon="114.380223" lat="33.668816"><ele>57.629470</ele><time>2026-02-12T00:37:42Z</time><extensions><speed>2.860279</speed><course>279.486685</course><hAcc>1.250845</hAcc><vAcc>0.556943</vAcc></extensions></trkpt>
      <trkpt lon="114.380193" lat="33.668820"><ele>57.633270</ele><time>2026-02-12T00:37:43Z</time><extensions><speed>2.778220</speed><course>279.828535</course><hAcc>1.248988</hAcc><vAcc>0.556943</vAcc></extensions></trkpt>
      <trkpt lon="114.380163" lat="33.668824"><ele>57.637509</ele><time>2026-02-12T00:37:44Z</time><extensions><speed>2.815808</speed><course>277.875481</course><hAcc>1.250841</hAcc><vAcc>0.556943</vAcc></extensions></trkpt>
      <trkpt lon="114.380133" lat="33.668827"><ele>57.641831</ele><time>2026-02-12T00:37:45Z</time><extensions><speed>2.768966</speed><course>276.100061</course><hAcc>1.251447</hAcc><vAcc>0.556943</vAcc></extensions></trkpt>
      <trkpt lon="114.380103" lat="33.668830"><ele>57.646235</ele><time>2026-02-12T00:37:46Z</time><extensions><speed>2.864664</speed><course>276.479623</course><hAcc>1.252561</hAcc><vAcc>0.556943</vAcc></extensions></trkpt>
      <trkpt lon="114.380072" lat="33.668833"><ele>57.650763</ele><time>2026-02-12T00:37:47Z</time><extensions><speed>2.924452</speed><course>276.940946</course><hAcc>1.246976</hAcc><vAcc>0.556943</vAcc></extensions></trkpt>
      <trkpt lon="114.380042" lat="33.668835"><ele>57.656152</ele><time>2026-02-12T00:37:48Z</time><extensions><speed>2.782771</speed><course>275.324281</course><hAcc>1.238609</hAcc><vAcc>0.556943</vAcc></extensions></trkpt>
      <trkpt lon="114.380012" lat="33.668838"><ele>57.663469</ele><time>2026-02-12T00:37:49Z</time><extensions><speed>2.771753</speed><course>274.464706</course><hAcc>1.238788</hAcc><vAcc>0.556943</vAcc></extensions></trkpt>
      <trkpt lon="114.379982" lat="33.668839"><ele>57.673844</ele><time>2026-02-12T00:37:50Z</time><extensions><speed>2.809588</speed><course>273.965439</course><hAcc>1.234691</hAcc><vAcc>0.556943</vAcc></extensions></trkpt>
      <trkpt lon="114.379951" lat="33.668841"><ele>57.688324</ele><time>2026-02-12T00:37:51Z</time><extensions><speed>2.774008</speed><course>274.260867</course><hAcc>1.230332</hAcc><vAcc>0.556943</vAcc></extensions></trkpt>
      <trkpt lon="114.379922" lat="33.668843"><ele>57.708051</ele><time>2026-02-12T00:37:52Z</time><extensions><speed>2.787765</speed><course>274.805825</course><hAcc>1.233365</hAcc><vAcc>0.556943</vAcc></extensions></trkpt>
      <trkpt lon="114.379892" lat="33.668845"><ele>57.733249</ele><time>2026-02-12T00:37:53Z</time><extensions><speed>2.790816</speed><course>273.409891</course><hAcc>1.232307</hAcc><vAcc>0.556943</vAcc></extensions></trkpt>
      <trkpt lon="114.379861" lat="33.668846"><ele>57.763489</ele><time>2026-02-12T00:37:54Z</time><extensions><speed>2.880387</speed><course>272.266122</course><hAcc>1.233969</hAcc><vAcc>0.556943</vAcc></extensions></trkpt>
      <trkpt lon="114.379829" lat="33.668847"><ele>57.798170</ele><time>2026-02-12T00:37:55Z</time><extensions><speed>2.999059</speed><course>271.976802</course><hAcc>1.238144</hAcc><vAcc>0.556943</vAcc></extensions></trkpt>
      <trkpt lon="114.379798" lat="33.668848"><ele>57.835897</ele><time>2026-02-12T00:37:56Z</time><extensions><speed>2.843620</speed><course>271.116080</course><hAcc>1.244793</hAcc><vAcc>0.556943</vAcc></extensions></trkpt>
      <trkpt lon="114.379767" lat="33.668848"><ele>57.874949</ele><time>2026-02-12T00:37:57Z</time><extensions><speed>2.929506</speed><course>270.639527</course><hAcc>1.245792</hAcc><vAcc>0.556943</vAcc></extensions></trkpt>
      <trkpt lon="114.379735" lat="33.668849"><ele>57.913437</ele><time>2026-02-12T00:37:58Z</time><extensions><speed>2.930077</speed><course>270.355222</course><hAcc>1.245616</hAcc><vAcc>0.556943</vAcc></extensions></trkpt>
      <trkpt lon="114.379703" lat="33.668849"><ele>57.949325</ele><time>2026-02-12T00:37:59Z</time><extensions><speed>2.954976</speed><course>270.810570</course><hAcc>1.239748</hAcc><vAcc>0.556943</vAcc></extensions></trkpt>
      <trkpt lon="114.379671" lat="33.668850"><ele>57.980366</ele><time>2026-02-12T00:38:00Z</time><extensions><speed>3.017175</speed><course>271.981207</course><hAcc>1.237460</hAcc><vAcc>0.556943</vAcc></extensions></trkpt>
      <trkpt lon="114.379639" lat="33.668851"><ele>58.004840</ele><time>2026-02-12T00:38:01Z</time><extensions><speed>2.855425</speed><course>273.815617</course><hAcc>1.240042</hAcc><vAcc>0.556943</vAcc></extensions></trkpt>
      <trkpt lon="114.379610" lat="33.668853"><ele>58.021292</ele><time>2026-02-12T00:38:02Z</time><extensions><speed>2.715327</speed><course>276.534139</course><hAcc>1.244410</hAcc><vAcc>0.556943</vAcc></extensions></trkpt>
      <trkpt lon="114.379580" lat="33.668856"><ele>58.028786</ele><time>2026-02-12T00:38:03Z</time><extensions><speed>2.810035</speed><course>276.801527</course><hAcc>1.250665</hAcc><vAcc>0.556943</vAcc></extensions></trkpt>
      <trkpt lon="114.379550" lat="33.668860"><ele>58.027086</ele><time>2026-02-12T00:38:04Z</time><extensions><speed>2.720873</speed><course>279.664824</course><hAcc>1.253713</hAcc><vAcc>0.556943</vAcc></extensions></trkpt>
      <trkpt lon="114.379522" lat="33.668864"><ele>58.016659</ele><time>2026-02-12T00:38:05Z</time><extensions><speed>2.733123</speed><course>281.001846</course><hAcc>1.250662</hAcc><vAcc>0.556943</vAcc></extensions></trkpt>
      <trkpt lon="114.379492" lat="33.668869"><ele>57.998872</ele><time>2026-02-12T00:38:06Z</time><extensions><speed>2.807128</speed><course>280.248458</course><hAcc>1.250928</hAcc><vAcc>0.556943</vAcc></extensions></trkpt>
      <trkpt lon="114.379463" lat="33.668873"><ele>57.975564</ele><time>2026-02-12T00:38:07Z</time><extensions><speed>2.756265</speed><course>279.719285</course><hAcc>1.247222</hAcc><vAcc>0.556943</vAcc></extensions></trkpt>
      <trkpt lon="114.379433" lat="33.668877"><ele>57.948705</ele><time>2026-02-12T00:38:08Z</time><extensions><speed>2.874024</speed><course>280.360963</course><hAcc>1.242353</hAcc><vAcc>0.556943</vAcc></extensions></trkpt>
      <trkpt lon="114.379402" lat="33.668882"><ele>57.920081</ele><time>2026-02-12T00:38:09Z</time><extensions><speed>2.863597</speed><course>280.116576</course><hAcc>1.242585</hAcc><vAcc>0.556943</vAcc></extensions></trkpt>
      <trkpt lon="114.379372" lat="33.668886"><ele>57.891334</ele><time>2026-02-12T00:38:10Z</time><extensions><speed>2.819638</speed><course>278.766664</course><hAcc>1.238853</hAcc><vAcc>0.556943</vAcc></extensions></trkpt>
      <trkpt lon="114.379342" lat="33.668890"><ele>57.863809</ele><time>2026-02-12T00:38:11Z</time><extensions><speed>2.866096</speed><course>277.587371</course><hAcc>1.238582</hAcc><vAcc>0.556943</vAcc></extensions></trkpt>
      <trkpt lon="114.379311" lat="33.668893"><ele>57.838512</ele><time>2026-02-12T00:38:12Z</time><extensions><speed>2.781252</speed><course>276.380682</course><hAcc>1.239848</hAcc><vAcc>0.556943</vAcc></extensions></trkpt>
      <trkpt lon="114.379281" lat="33.668896"><ele>57.816088</ele><time>2026-02-12T00:38:13Z</time><extensions><speed>2.787408</speed><course>275.891257</course><hAcc>1.240288</hAcc><vAcc>0.556943</vAcc></extensions></trkpt>
      <trkpt lon="114.379251" lat="33.668898"><ele>57.796780</ele><time>2026-02-12T00:38:14Z</time><extensions><speed>2.900914</speed><course>275.209264</course><hAcc>1.243988</hAcc><vAcc>0.556943</vAcc></extensions></trkpt>
      <trkpt lon="114.379220" lat="33.668900"><ele>57.780571</ele><time>2026-02-12T00:38:15Z</time><extensions><speed>2.871664</speed><course>274.224454</course><hAcc>1.246434</hAcc><vAcc>0.556943</vAcc></extensions></trkpt>
      <trkpt lon="114.379189" lat="33.668902"><ele>57.767286</ele><time>2026-02-12T00:38:16Z</time><extensions><speed>2.902938</speed><course>274.117478</course><hAcc>1.250486</hAcc><vAcc>0.556943</vAcc></extensions></trkpt>
      <trkpt lon="114.379157" lat="33.668904"><ele>57.756584</ele><time>2026-02-12T00:38:17Z</time><extensions><speed>2.948180</speed><course>274.521993</course><hAcc>1.251220</hAcc><vAcc>0.556943</vAcc></extensions></trkpt>
      <trkpt lon="114.379126" lat="33.668906"><ele>57.747998</ele><time>2026-02-12T00:38:18Z</time><extensions><speed>2.955049</speed><course>275.140693</course><hAcc>1.250313</hAcc><vAcc>0.556943</vAcc></extensions></trkpt>
      <trkpt lon="114.379094" lat="33.668909"><ele>57.740998</ele><time>2026-02-12T00:38:19Z</time><extensions><speed>2.994144</speed><course>274.350347</course><hAcc>1.252256</hAcc><vAcc>0.556943</vAcc></extensions></trkpt>
      <trkpt lon="114.379062" lat="33.668910"><ele>57.735102</ele><time>2026-02-12T00:38:20Z</time><extensions><speed>2.895739</speed><course>274.155565</course><hAcc>1.257347</hAcc><vAcc>0.556943</vAcc></extensions></trkpt>
      <trkpt lon="114.379031" lat="33.668912"><ele>57.729823</ele><time>2026-02-12T00:38:21Z</time><extensions><speed>2.764744</speed><course>273.941230</course><hAcc>1.258254</hAcc><vAcc>0.556943</vAcc></extensions></trkpt>
      <trkpt lon="114.379001" lat="33.668914"><ele>57.724706</ele><time>2026-02-12T00:38:22Z</time><extensions><speed>2.839272</speed><course>275.448773</course><hAcc>1.261119</hAcc><vAcc>0.556943</vAcc></extensions></trkpt>
      <trkpt lon="114.378971" lat="33.668917"><ele>57.719384</ele><time>2026-02-12T00:38:23Z</time><extensions><speed>2.797950</speed><course>275.795914</course><hAcc>1.266973</hAcc><vAcc>0.556943</vAcc></extensions></trkpt>
      <trkpt lon="114.378941" lat="33.668920"><ele>57.713692</ele><time>2026-02-12T00:38:24Z</time><extensions><speed>2.836561</speed><course>276.509748</course><hAcc>1.270865</hAcc><vAcc>0.556943</vAcc></extensions></trkpt>
      <trkpt lon="114.378910" lat="33.668923"><ele>57.707534</ele><time>2026-02-12T00:38:25Z</time><extensions><speed>2.925053</speed><course>276.925177</course><hAcc>1.275606</hAcc><vAcc>0.556943</vAcc></extensions></trkpt>
      <trkpt lon="114.378879" lat="33.668926"><ele>57.700942</ele><time>2026-02-12T00:38:26Z</time><extensions><speed>2.872494</speed><course>276.136333</course><hAcc>1.280048</hAcc><vAcc>0.556943</vAcc></extensions></trkpt>
      <trkpt lon="114.378848" lat="33.668928"><ele>57.694069</ele><time>2026-02-12T00:38:27Z</time><extensions><speed>2.930612</speed><course>276.426563</course><hAcc>1.286280</hAcc><vAcc>0.556943</vAcc></extensions></trkpt>
      <trkpt lon="114.378816" lat="33.668932"><ele>57.687076</ele><time>2026-02-12T00:38:28Z</time><extensions><speed>3.007426</speed><course>277.135552</course><hAcc>1.286316</hAcc><vAcc>0.556943</vAcc></extensions></trkpt>
      <trkpt lon="114.378784" lat="33.668935"><ele>57.680112</ele><time>2026-02-12T00:38:29Z</time><extensions><speed>3.004847</speed><course>278.566075</course><hAcc>1.286233</hAcc><vAcc>0.556943</vAcc></extensions></trkpt>
      <trkpt lon="114.378752" lat="33.668939"><ele>57.673357</ele><time>2026-02-12T00:38:30Z</time><extensions><speed>2.974228</speed><course>278.984850</course><hAcc>1.290423</hAcc><vAcc>0.556943</vAcc></extensions></trkpt>
      <trkpt lon="114.378721" lat="33.668944"><ele>57.666950</ele><time>2026-02-12T00:38:31Z</time><extensions><speed>2.777578</speed><course>279.686254</course><hAcc>1.291759</hAcc><vAcc>0.556943</vAcc></extensions></trkpt>
      <trkpt lon="114.378692" lat="33.668948"><ele>57.660932</ele><time>2026-02-12T00:38:32Z</time><extensions><speed>2.691749</speed><course>278.927440</course><hAcc>1.293519</hAcc><vAcc>0.556943</vAcc></extensions></trkpt>
      <trkpt lon="114.378662" lat="33.668951"><ele>57.655357</ele><time>2026-02-12T00:38:33Z</time><extensions><speed>2.873533</speed><course>277.942885</course><hAcc>1.290382</hAcc><vAcc>0.556943</vAcc></extensions></trkpt>
      <trkpt lon="114.378631" lat="33.668955"><ele>57.650288</ele><time>2026-02-12T00:38:34Z</time><extensions><speed>2.896091</speed><course>277.034942</course><hAcc>1.287747</hAcc><vAcc>0.556943</vAcc></extensions></trkpt>
      <trkpt lon="114.378600" lat="33.668958"><ele>57.645731</ele><time>2026-02-12T00:38:35Z</time><extensions><speed>2.972374</speed><course>276.548004</course><hAcc>1.285928</hAcc><vAcc>0.556943</vAcc></extensions></trkpt>
      <trkpt lon="114.378568" lat="33.668961"><ele>57.641613</ele><time>2026-02-12T00:38:36Z</time><extensions><speed>3.001987</speed><course>276.207992</course><hAcc>1.280790</hAcc><vAcc>0.556943</vAcc></extensions></trkpt>
      <trkpt lon="114.378536" lat="33.668964"><ele>57.637759</ele><time>2026-02-12T00:38:37Z</time><extensions><speed>2.957093</speed><course>277.133327</course><hAcc>1.275162</hAcc><vAcc>0.556943</vAcc></extensions></trkpt>
      <trkpt lon="114.378504" lat="33.668968"><ele>57.633935</ele><time>2026-02-12T00:38:38Z</time><extensions><speed>3.023428</speed><course>278.332585</course><hAcc>1.274929</hAcc><vAcc>0.556943</vAcc></extensions></trkpt>
      <trkpt lon="114.378472" lat="33.668972"><ele>57.629871</ele><time>2026-02-12T00:38:39Z</time><extensions><speed>2.948947</speed><course>279.516319</course><hAcc>1.271269</hAcc><vAcc>0.556943</vAcc></extensions></trkpt>
      <trkpt lon="114.378440" lat="33.668976"><ele>57.625304</ele><time>2026-02-12T00:38:40Z</time><extensions><speed>3.071187</speed><course>278.147622</course><hAcc>1.266444</hAcc><vAcc>0.556943</vAcc></extensions></trkpt>
      <trkpt lon="114.378407" lat="33.668979"><ele>57.620052</ele><time>2026-02-12T00:38:41Z</time><extensions><speed>3.073872</speed><course>276.860221</course><hAcc>1.260543</hAcc><vAcc>0.556943</vAcc></extensions></trkpt>
      <trkpt lon="114.378375" lat="33.668982"><ele>57.614201</ele><time>2026-02-12T00:38:42Z</time><extensions><speed>2.881476</speed><course>275.699797</course><hAcc>1.255181</hAcc><vAcc>0.556943</vAcc></extensions></trkpt>
      <trkpt lon="114.378345" lat="33.668985"><ele>57.607897</ele><time>2026-02-12T00:38:43Z</time><extensions><speed>2.827290</speed><course>275.122962</course><hAcc>1.256829</hAcc><vAcc>0.556943</vAcc></extensions></trkpt>
      <trkpt lon="114.378314" lat="33.668987"><ele>57.601303</ele><time>2026-02-12T00:38:44Z</time><extensions><speed>2.892851</speed><course>274.197940</course><hAcc>1.255416</hAcc><vAcc>0.556943</vAcc></extensions></trkpt>
      <trkpt lon="114.378283" lat="33.668989"><ele>57.594598</ele><time>2026-02-12T00:38:45Z</time><extensions><speed>2.829626</speed><course>272.945930</course><hAcc>1.254571</hAcc><vAcc>0.556943</vAcc></extensions></trkpt>
      <trkpt lon="114.378252" lat="33.668990"><ele>57.588004</ele><time>2026-02-12T00:38:46Z</time><extensions><speed>2.890326</speed><course>272.570796</course><hAcc>1.251791</hAcc><vAcc>0.556943</vAcc></extensions></trkpt>
      <trkpt lon="114.378221" lat="33.668991"><ele>57.581940</ele><time>2026-02-12T00:38:47Z</time><extensions><speed>2.903600</speed><course>273.866392</course><hAcc>1.253517</hAcc><vAcc>0.556943</vAcc></extensions></trkpt>
      <trkpt lon="114.378190" lat="33.668993"><ele>57.576822</ele><time>2026-02-12T00:38:48Z</time><extensions><speed>2.824167</speed><course>274.315590</course><hAcc>1.257607</hAcc><vAcc>0.556943</vAcc></extensions></trkpt>
      <trkpt lon="114.378160" lat="33.668995"><ele>57.572895</ele><time>2026-02-12T00:38:49Z</time><extensions><speed>2.840742</speed><course>274.416381</course><hAcc>1.261067</hAcc><vAcc>0.556942</vAcc></extensions></trkpt>
      <trkpt lon="114.378130" lat="33.668997"><ele>57.570244</ele><time>2026-02-12T00:38:50Z</time><extensions><speed>2.702283</speed><course>275.429815</course><hAcc>1.266492</hAcc><vAcc>0.556942</vAcc></extensions></trkpt>
      <trkpt lon="114.378101" lat="33.669000"><ele>57.568905</ele><time>2026-02-12T00:38:51Z</time><extensions><speed>2.744810</speed><course>277.202641</course><hAcc>1.273659</hAcc><vAcc>0.556942</vAcc></extensions></trkpt>
      <trkpt lon="114.378071" lat="33.669003"><ele>57.568689</ele><time>2026-02-12T00:38:52Z</time><extensions><speed>2.857973</speed><course>278.201684</course><hAcc>1.279829</hAcc><vAcc>0.556941</vAcc></extensions></trkpt>
      <trkpt lon="114.378041" lat="33.669007"><ele>57.569318</ele><time>2026-02-12T00:38:53Z</time><extensions><speed>2.731852</speed><course>278.803058</course><hAcc>1.287619</hAcc><vAcc>0.556941</vAcc></extensions></trkpt>
      <trkpt lon="114.378012" lat="33.669011"><ele>57.570390</ele><time>2026-02-12T00:38:54Z</time><extensions><speed>2.687693</speed><course>279.118372</course><hAcc>1.293872</hAcc><vAcc>0.556941</vAcc></extensions></trkpt>
      <trkpt lon="114.377983" lat="33.669015"><ele>57.571402</ele><time>2026-02-12T00:38:55Z</time><extensions><speed>2.728019</speed><course>279.866271</course><hAcc>1.297827</hAcc><vAcc>0.556942</vAcc></extensions></trkpt>
      <trkpt lon="114.377954" lat="33.669019"><ele>57.571811</ele><time>2026-02-12T00:38:56Z</time><extensions><speed>2.735663</speed><course>280.722895</course><hAcc>1.298465</hAcc><vAcc>0.556942</vAcc></extensions></trkpt>
      <trkpt lon="114.377925" lat="33.669024"><ele>57.571597</ele><time>2026-02-12T00:38:57Z</time><extensions><speed>2.779348</speed><course>280.256315</course><hAcc>1.301427</hAcc><vAcc>0.556942</vAcc></extensions></trkpt>
      <trkpt lon="114.377895" lat="33.669028"><ele>57.570781</ele><time>2026-02-12T00:38:58Z</time><extensions><speed>2.754294</speed><course>279.323195</course><hAcc>1.304442</hAcc><vAcc>0.556942</vAcc></extensions></trkpt>
      <trkpt lon="114.377866" lat="33.669032"><ele>57.569511</ele><time>2026-02-12T00:38:59Z</time><extensions><speed>2.698681</speed><course>278.434449</course><hAcc>1.303910</hAcc><vAcc>0.556942</vAcc></extensions></trkpt>
      <trkpt lon="114.377837" lat="33.669036"><ele>57.568205</ele><time>2026-02-12T00:39:00Z</time><extensions><speed>2.811633</speed><course>278.657423</course><hAcc>1.303099</hAcc><vAcc>0.556942</vAcc></extensions></trkpt>
      <trkpt lon="114.377807" lat="33.669040"><ele>57.567410</ele><time>2026-02-12T00:39:01Z</time><extensions><speed>2.787606</speed><course>279.795690</course><hAcc>1.302243</hAcc><vAcc>0.556943</vAcc></extensions></trkpt>
      <trkpt lon="114.377777" lat="33.669044"><ele>57.567313</ele><time>2026-02-12T00:39:02Z</time><extensions><speed>2.729816</speed><course>279.572163</course><hAcc>1.293912</hAcc><vAcc>0.556943</vAcc></extensions></trkpt>
      <trkpt lon="114.377749" lat="33.669048"><ele>57.568105</ele><time>2026-02-12T00:39:03Z</time><extensions><speed>2.646561</speed><course>278.243030</course><hAcc>1.288540</hAcc><vAcc>0.556943</vAcc></extensions></trkpt>
      <trkpt lon="114.377721" lat="33.669050"><ele>57.570020</ele><time>2026-02-12T00:39:04Z</time><extensions><speed>2.577526</speed><course>275.969727</course><hAcc>1.284195</hAcc><vAcc>0.556943</vAcc></extensions></trkpt>
      <trkpt lon="114.377693" lat="33.669053"><ele>57.573196</ele><time>2026-02-12T00:39:05Z</time><extensions><speed>2.628881</speed><course>275.846535</course><hAcc>1.275883</hAcc><vAcc>0.556943</vAcc></extensions></trkpt>
      <trkpt lon="114.377664" lat="33.669056"><ele>57.577698</ele><time>2026-02-12T00:39:06Z</time><extensions><speed>2.677344</speed><course>278.072157</course><hAcc>1.268625</hAcc><vAcc>0.556943</vAcc></extensions></trkpt>
      <trkpt lon="114.377635" lat="33.669060"><ele>57.583445</ele><time>2026-02-12T00:39:07Z</time><extensions><speed>2.831170</speed><course>279.639724</course><hAcc>1.266573</hAcc><vAcc>0.556943</vAcc></extensions></trkpt>
      <trkpt lon="114.377605" lat="33.669064"><ele>57.590133</ele><time>2026-02-12T00:39:08Z</time><extensions><speed>2.897719</speed><course>280.880707</course><hAcc>1.265804</hAcc><vAcc>0.556943</vAcc></extensions></trkpt>
      <trkpt lon="114.377574" lat="33.669069"><ele>57.597241</ele><time>2026-02-12T00:39:09Z</time><extensions><speed>2.805443</speed><course>280.820128</course><hAcc>1.271763</hAcc><vAcc>0.556943</vAcc></extensions></trkpt>
      <trkpt lon="114.377544" lat="33.669074"><ele>57.604157</ele><time>2026-02-12T00:39:10Z</time><extensions><speed>2.812854</speed><course>279.525046</course><hAcc>1.279951</hAcc><vAcc>0.556943</vAcc></extensions></trkpt>
      <trkpt lon="114.377515" lat="33.669078"><ele>57.610206</ele><time>2026-02-12T00:39:11Z</time><extensions><speed>2.654520</speed><course>279.800831</course><hAcc>1.281349</hAcc><vAcc>0.556943</vAcc></extensions></trkpt>
      <trkpt lon="114.377488" lat="33.669082"><ele>57.614841</ele><time>2026-02-12T00:39:12Z</time><extensions><speed>2.586925</speed><course>280.842927</course><hAcc>1.285339</hAcc><vAcc>0.556943</vAcc></extensions></trkpt>
      <trkpt lon="114.377460" lat="33.669086"><ele>57.617724</ele><time>2026-02-12T00:39:13Z</time><extensions><speed>2.667271</speed><course>280.949696</course><hAcc>1.288649</hAcc><vAcc>0.556943</vAcc></extensions></trkpt>
      <trkpt lon="114.377432" lat="33.669091"><ele>57.618726</ele><time>2026-02-12T00:39:14Z</time><extensions><speed>2.625187</speed><course>280.412222</course><hAcc>1.292512</hAcc><vAcc>0.556943</vAcc></extensions></trkpt>
      <trkpt lon="114.377403" lat="33.669095"><ele>57.617940</ele><time>2026-02-12T00:39:15Z</time><extensions><speed>2.706574</speed><course>280.853512</course><hAcc>1.293688</hAcc><vAcc>0.556943</vAcc></extensions></trkpt>
      <trkpt lon="114.377374" lat="33.669100"><ele>57.615603</ele><time>2026-02-12T00:39:16Z</time><extensions><speed>2.839677</speed><course>280.679135</course><hAcc>1.287808</hAcc><vAcc>0.556943</vAcc></extensions></trkpt>
      <trkpt lon="114.377344" lat="33.669104"><ele>57.612086</ele><time>2026-02-12T00:39:17Z</time><extensions><speed>2.723714</speed><course>279.830952</course><hAcc>1.286277</hAcc><vAcc>0.556943</vAcc></extensions></trkpt>
      <trkpt lon="114.377315" lat="33.669109"><ele>57.607842</ele><time>2026-02-12T00:39:18Z</time><extensions><speed>2.763442</speed><course>279.458886</course><hAcc>1.285608</hAcc><vAcc>0.556943</vAcc></extensions></trkpt>
      <trkpt lon="114.377286" lat="33.669113"><ele>57.603333</ele><time>2026-02-12T00:39:19Z</time><extensions><speed>2.720604</speed><course>279.164474</course><hAcc>1.285665</hAcc><vAcc>0.556943</vAcc></extensions></trkpt>
      <trkpt lon="114.377257" lat="33.669116"><ele>57.598942</ele><time>2026-02-12T00:39:20Z</time><extensions><speed>2.670247</speed><course>278.027222</course><hAcc>1.287569</hAcc><vAcc>0.556943</vAcc></extensions></trkpt>
      <trkpt lon="114.377228" lat="33.669120"><ele>57.595007</ele><time>2026-02-12T00:39:21Z</time><extensions><speed>2.776531</speed><course>278.226761</course><hAcc>1.292015</hAcc><vAcc>0.556943</vAcc></extensions></trkpt>
      <trkpt lon="114.377199" lat="33.669123"><ele>57.591817</ele><time>2026-02-12T00:39:22Z</time><extensions><speed>2.740463</speed><course>278.793992</course><hAcc>1.296771</hAcc><vAcc>0.556943</vAcc></extensions></trkpt>
      <trkpt lon="114.377169" lat="33.669127"><ele>57.589614</ele><time>2026-02-12T00:39:23Z</time><extensions><speed>2.749673</speed><course>278.333427</course><hAcc>1.298599</hAcc><vAcc>0.556943</vAcc></extensions></trkpt>
      <trkpt lon="114.377140" lat="33.669130"><ele>57.588565</ele><time>2026-02-12T00:39:24Z</time><extensions><speed>2.732316</speed><course>276.700270</course><hAcc>1.301421</hAcc><vAcc>0.556943</vAcc></extensions></trkpt>
      <trkpt lon="114.377111" lat="33.669133"><ele>57.588817</ele><time>2026-02-12T00:39:25Z</time><extensions><speed>2.652452</speed><course>275.466212</course><hAcc>1.299370</hAcc><vAcc>0.556943</vAcc></extensions></trkpt>
      <trkpt lon="114.377082" lat="33.669135"><ele>57.590465</ele><time>2026-02-12T00:39:26Z</time><extensions><speed>2.715282</speed><course>275.890102</course><hAcc>1.299218</hAcc><vAcc>0.556943</vAcc></extensions></trkpt>
      <trkpt lon="114.377053" lat="33.669138"><ele>57.593511</ele><time>2026-02-12T00:39:27Z</time><extensions><speed>2.763328</speed><course>275.922493</course><hAcc>1.294331</hAcc><vAcc>0.556943</vAcc></extensions></trkpt>
      <trkpt lon="114.377024" lat="33.669140"><ele>57.597833</ele><time>2026-02-12T00:39:28Z</time><extensions><speed>2.616311</speed><course>276.489693</course><hAcc>1.295223</hAcc><vAcc>0.556943</vAcc></extensions></trkpt>
      <trkpt lon="114.376996" lat="33.669143"><ele>57.603281</ele><time>2026-02-12T00:39:29Z</time><extensions><speed>2.643341</speed><course>277.797130</course><hAcc>1.296485</hAcc><vAcc>0.556943</vAcc></extensions></trkpt>
      <trkpt lon="114.376968" lat="33.669147"><ele>57.609616</ele><time>2026-02-12T00:39:30Z</time><extensions><speed>2.593686</speed><course>279.892451</course><hAcc>1.294058</hAcc><vAcc>0.556943</vAcc></extensions></trkpt>
      <trkpt lon="114.376941" lat="33.669151"><ele>57.616576</ele><time>2026-02-12T00:39:31Z</time><extensions><speed>2.526002</speed><course>281.314141</course><hAcc>1.295792</hAcc><vAcc>0.556943</vAcc></extensions></trkpt>
      <trkpt lon="114.376913" lat="33.669156"><ele>57.623937</ele><time>2026-02-12T00:39:32Z</time><extensions><speed>2.648690</speed><course>283.233812</course><hAcc>1.300381</hAcc><vAcc>0.556943</vAcc></extensions></trkpt>
      <trkpt lon="114.376886" lat="33.669162"><ele>57.631619</ele><time>2026-02-12T00:39:33Z</time><extensions><speed>2.548207</speed><course>284.454089</course><hAcc>1.308121</hAcc><vAcc>0.556943</vAcc></extensions></trkpt>
      <trkpt lon="114.376860" lat="33.669168"><ele>57.639530</ele><time>2026-02-12T00:39:34Z</time><extensions><speed>2.494602</speed><course>286.840936</course><hAcc>1.312635</hAcc><vAcc>0.556943</vAcc></extensions></trkpt>
      <trkpt lon="114.376834" lat="33.669175"><ele>57.647650</ele><time>2026-02-12T00:39:35Z</time><extensions><speed>2.628768</speed><course>290.488349</course><hAcc>1.315442</hAcc><vAcc>0.556943</vAcc></extensions></trkpt>
      <trkpt lon="114.376807" lat="33.669184"><ele>57.656002</ele><time>2026-02-12T00:39:36Z</time><extensions><speed>2.687786</speed><course>293.686853</course><hAcc>1.315642</hAcc><vAcc>0.556943</vAcc></extensions></trkpt>
      <trkpt lon="114.376781" lat="33.669195"><ele>57.664612</ele><time>2026-02-12T00:39:37Z</time><extensions><speed>2.758267</speed><course>296.209057</course><hAcc>1.324666</hAcc><vAcc>0.556943</vAcc></extensions></trkpt>
      <trkpt lon="114.376754" lat="33.669206"><ele>57.673314</ele><time>2026-02-12T00:39:38Z</time><extensions><speed>2.723042</speed><course>297.957313</course><hAcc>1.326676</hAcc><vAcc>0.556943</vAcc></extensions></trkpt>
      <trkpt lon="114.376729" lat="33.669218"><ele>57.682013</ele><time>2026-02-12T00:39:39Z</time><extensions><speed>2.654498</speed><course>300.007493</course><hAcc>1.317761</hAcc><vAcc>0.556943</vAcc></extensions></trkpt>
      <trkpt lon="114.376704" lat="33.669230"><ele>57.690602</ele><time>2026-02-12T00:39:40Z</time><extensions><speed>2.749155</speed><course>301.601066</course><hAcc>1.313244</hAcc><vAcc>0.556943</vAcc></extensions></trkpt>
      <trkpt lon="114.376679" lat="33.669243"><ele>57.698952</ele><time>2026-02-12T00:39:41Z</time><extensions><speed>2.676629</speed><course>301.005471</course><hAcc>1.312882</hAcc><vAcc>0.556943</vAcc></extensions></trkpt>
      <trkpt lon="114.376654" lat="33.669255"><ele>57.706944</ele><time>2026-02-12T00:39:42Z</time><extensions><speed>2.647742</speed><course>300.025698</course><hAcc>1.309473</hAcc><vAcc>0.556943</vAcc></extensions></trkpt>
      <trkpt lon="114.376629" lat="33.669266"><ele>57.714566</ele><time>2026-02-12T00:39:43Z</time><extensions><speed>2.649822</speed><course>297.324447</course><hAcc>1.301254</hAcc><vAcc>0.556943</vAcc></extensions></trkpt>
      <trkpt lon="114.376604" lat="33.669276"><ele>57.721745</ele><time>2026-02-12T00:39:44Z</time><extensions><speed>2.503003</speed><course>291.539788</course><hAcc>1.293098</hAcc><vAcc>0.556943</vAcc></extensions></trkpt>
      <trkpt lon="114.376579" lat="33.669284"><ele>57.728348</ele><time>2026-02-12T00:39:45Z</time><extensions><speed>2.450365</speed><course>287.065392</course><hAcc>1.286709</hAcc><vAcc>0.556943</vAcc></extensions></trkpt>
      <trkpt lon="114.376554" lat="33.669290"><ele>57.734212</ele><time>2026-02-12T00:39:46Z</time><extensions><speed>2.342661</speed><course>287.790813</course><hAcc>1.283720</hAcc><vAcc>0.556943</vAcc></extensions></trkpt>
      <trkpt lon="114.376530" lat="33.669297"><ele>57.739176</ele><time>2026-02-12T00:39:47Z</time><extensions><speed>2.444961</speed><course>291.871970</course><hAcc>1.277469</hAcc><vAcc>0.556943</vAcc></extensions></trkpt>
      <trkpt lon="114.376505" lat="33.669308"><ele>57.743128</ele><time>2026-02-12T00:39:48Z</time><extensions><speed>2.596064</speed><course>301.722347</course><hAcc>1.275421</hAcc><vAcc>0.556943</vAcc></extensions></trkpt>
      <trkpt lon="114.376482" lat="33.669321"><ele>57.746040</ele><time>2026-02-12T00:39:49Z</time><extensions><speed>2.731444</speed><course>307.174853</course><hAcc>1.271129</hAcc><vAcc>0.556943</vAcc></extensions></trkpt>
      <trkpt lon="114.376458" lat="33.669337"><ele>57.747929</ele><time>2026-02-12T00:39:50Z</time><extensions><speed>2.815153</speed><course>308.966190</course><hAcc>1.270364</hAcc><vAcc>0.556943</vAcc></extensions></trkpt>
      <trkpt lon="114.376435" lat="33.669352"><ele>57.748800</ele><time>2026-02-12T00:39:51Z</time><extensions><speed>2.754407</speed><course>308.511347</course><hAcc>1.275445</hAcc><vAcc>0.556943</vAcc></extensions></trkpt>
      <trkpt lon="114.376412" lat="33.669367"><ele>57.748707</ele><time>2026-02-12T00:39:52Z</time><extensions><speed>2.582045</speed><course>307.288931</course><hAcc>1.276025</hAcc><vAcc>0.556943</vAcc></extensions></trkpt>
      <trkpt lon="114.376390" lat="33.669381"><ele>57.747672</ele><time>2026-02-12T00:39:53Z</time><extensions><speed>2.627692</speed><course>306.910096</course><hAcc>1.272404</hAcc><vAcc>0.556943</vAcc></extensions></trkpt>
      <trkpt lon="114.376367" lat="33.669396"><ele>57.745688</ele><time>2026-02-12T00:39:54Z</time><extensions><speed>2.741836</speed><course>306.792631</course><hAcc>1.276422</hAcc><vAcc>0.556943</vAcc></extensions></trkpt>
      <trkpt lon="114.376343" lat="33.669410"><ele>57.742711</ele><time>2026-02-12T00:39:55Z</time><extensions><speed>2.687210</speed><course>306.196103</course><hAcc>1.286218</hAcc><vAcc>0.556943</vAcc></extensions></trkpt>
      <trkpt lon="114.376320" lat="33.669425"><ele>57.738652</ele><time>2026-02-12T00:39:56Z</time><extensions><speed>2.744068</speed><course>306.204402</course><hAcc>1.292673</hAcc><vAcc>0.556943</vAcc></extensions></trkpt>
      <trkpt lon="114.376296" lat="33.669439"><ele>57.733411</ele><time>2026-02-12T00:39:57Z</time><extensions><speed>2.635914</speed><course>307.825500</course><hAcc>1.295436</hAcc><vAcc>0.556943</vAcc></extensions></trkpt>
      <trkpt lon="114.376274" lat="33.669454"><ele>57.726993</ele><time>2026-02-12T00:39:58Z</time><extensions><speed>2.643751</speed><course>309.204534</course><hAcc>1.300295</hAcc><vAcc>0.556943</vAcc></extensions></trkpt>
      <trkpt lon="114.376252" lat="33.669469"><ele>57.719452</ele><time>2026-02-12T00:39:59Z</time><extensions><speed>2.689896</speed><course>308.958132</course><hAcc>1.308889</hAcc><vAcc>0.556943</vAcc></extensions></trkpt>
      <trkpt lon="114.376230" lat="33.669484"><ele>57.710857</ele><time>2026-02-12T00:40:00Z</time><extensions><speed>2.554109</speed><course>307.891928</course><hAcc>1.314982</hAcc><vAcc>0.556943</vAcc></extensions></trkpt>
      <trkpt lon="114.376208" lat="33.669498"><ele>57.701278</ele><time>2026-02-12T00:40:01Z</time><extensions><speed>2.539937</speed><course>309.812263</course><hAcc>1.320911</hAcc><vAcc>0.556943</vAcc></extensions></trkpt>
      <trkpt lon="114.376188" lat="33.669513"><ele>57.690839</ele><time>2026-02-12T00:40:02Z</time><extensions><speed>2.427355</speed><course>312.883795</course><hAcc>1.321820</hAcc><vAcc>0.556943</vAcc></extensions></trkpt>
      <trkpt lon="114.376170" lat="33.669528"><ele>57.679499</ele><time>2026-02-12T00:40:03Z</time><extensions><speed>2.341002</speed><course>315.223681</course><hAcc>1.321899</hAcc><vAcc>0.556943</vAcc></extensions></trkpt>
      <trkpt lon="114.376152" lat="33.669543"><ele>57.667130</ele><time>2026-02-12T00:40:04Z</time><extensions><speed>2.387267</speed><course>316.079296</course><hAcc>1.322869</hAcc><vAcc>0.556943</vAcc></extensions></trkpt>
      <trkpt lon="114.376135" lat="33.669558"><ele>57.653592</ele><time>2026-02-12T00:40:05Z</time><extensions><speed>2.370599</speed><course>315.266535</course><hAcc>1.317784</hAcc><vAcc>0.556943</vAcc></extensions></trkpt>
      <trkpt lon="114.376117" lat="33.669573"><ele>57.638163</ele><time>2026-02-12T00:40:06Z</time><extensions><speed>2.279687</speed><course>314.185023</course><hAcc>1.316616</hAcc><vAcc>0.556943</vAcc></extensions></trkpt>
      <trkpt lon="114.376099" lat="33.669587"><ele>57.620132</ele><time>2026-02-12T00:40:07Z</time><extensions><speed>2.340209</speed><course>313.181581</course><hAcc>1.322287</hAcc><vAcc>0.556943</vAcc></extensions></trkpt>
      <trkpt lon="114.376080" lat="33.669600"><ele>57.598560</ele><time>2026-02-12T00:40:08Z</time><extensions><speed>2.177203</speed><course>305.658430</course><hAcc>1.321344</hAcc><vAcc>0.556943</vAcc></extensions></trkpt>
      <trkpt lon="114.376061" lat="33.669609"><ele>57.572285</ele><time>2026-02-12T00:40:09Z</time><extensions><speed>1.977763</speed><course>294.293983</course><hAcc>1.320738</hAcc><vAcc>0.556944</vAcc></extensions></trkpt>
      <trkpt lon="114.376042" lat="33.669615"><ele>57.540120</ele><time>2026-02-12T00:40:10Z</time><extensions><speed>1.854118</speed><course>283.422085</course><hAcc>1.321028</hAcc><vAcc>0.556944</vAcc></extensions></trkpt>
      <trkpt lon="114.376024" lat="33.669616"><ele>57.500336</ele><time>2026-02-12T00:40:11Z</time><extensions><speed>1.584949</speed><course>263.900161</course><hAcc>1.321127</hAcc><vAcc>0.556944</vAcc></extensions></trkpt>
      <trkpt lon="114.376008" lat="33.669611"><ele>57.451274</ele><time>2026-02-12T00:40:12Z</time><extensions><speed>1.579326</speed><course>235.945685</course><hAcc>1.320698</hAcc><vAcc>0.556944</vAcc></extensions></trkpt>
      <trkpt lon="114.375995" lat="33.669600"><ele>57.391556</ele><time>2026-02-12T00:40:13Z</time><extensions><speed>1.973546</speed><course>213.122933</course><hAcc>1.313111</hAcc><vAcc>0.556944</vAcc></extensions></trkpt>
      <trkpt lon="114.375986" lat="33.669583"><ele>57.320213</ele><time>2026-02-12T00:40:14Z</time><extensions><speed>2.237980</speed><course>194.879590</course><hAcc>1.308764</hAcc><vAcc>0.556944</vAcc></extensions></trkpt>
      <trkpt lon="114.375984" lat="33.669562"><ele>57.236513</ele><time>2026-02-12T00:40:15Z</time><extensions><speed>2.472881</speed><course>178.525776</course><hAcc>1.305559</hAcc><vAcc>0.556943</vAcc></extensions></trkpt>
      <trkpt lon="114.375987" lat="33.669539"><ele>57.139728</ele><time>2026-02-12T00:40:16Z</time><extensions><speed>2.664639</speed><course>166.727548</course><hAcc>1.303534</hAcc><vAcc>0.556942</vAcc></extensions></trkpt>
      <trkpt lon="114.375995" lat="33.669516"><ele>57.029392</ele><time>2026-02-12T00:40:17Z</time><extensions><speed>2.614772</speed><course>160.757177</course><hAcc>1.304002</hAcc><vAcc>0.556943</vAcc></extensions></trkpt>
      <trkpt lon="114.376005" lat="33.669494"><ele>56.905583</ele><time>2026-02-12T00:40:18Z</time><extensions><speed>2.668596</speed><course>159.392413</course><hAcc>1.309687</hAcc><vAcc>0.556943</vAcc></extensions></trkpt>
      <trkpt lon="114.376015" lat="33.669471"><ele>56.769002</ele><time>2026-02-12T00:40:19Z</time><extensions><speed>2.656477</speed><course>160.731342</course><hAcc>1.307412</hAcc><vAcc>0.556943</vAcc></extensions></trkpt>
      <trkpt lon="114.376023" lat="33.669448"><ele>56.620622</ele><time>2026-02-12T00:40:20Z</time><extensions><speed>2.622219</speed><course>165.228388</course><hAcc>1.304887</hAcc><vAcc>0.556943</vAcc></extensions></trkpt>
      <trkpt lon="114.376029" lat="33.669425"><ele>56.461733</ele><time>2026-02-12T00:40:21Z</time><extensions><speed>2.609146</speed><course>169.878076</course><hAcc>1.306568</hAcc><vAcc>0.556943</vAcc></extensions></trkpt>
      <trkpt lon="114.376034" lat="33.669402"><ele>56.293844</ele><time>2026-02-12T00:40:22Z</time><extensions><speed>2.548068</speed><course>170.208863</course><hAcc>1.308935</hAcc><vAcc>0.556943</vAcc></extensions></trkpt>
      <trkpt lon="114.376039" lat="33.669379"><ele>56.118606</ele><time>2026-02-12T00:40:23Z</time><extensions><speed>2.598676</speed><course>167.846369</course><hAcc>1.306147</hAcc><vAcc>0.556943</vAcc></extensions></trkpt>
      <trkpt lon="114.376046" lat="33.669356"><ele>55.937839</ele><time>2026-02-12T00:40:24Z</time><extensions><speed>2.711823</speed><course>166.281418</course><hAcc>1.307745</hAcc><vAcc>0.556943</vAcc></extensions></trkpt>
      <trkpt lon="114.376053" lat="33.669333"><ele>55.753272</ele><time>2026-02-12T00:40:25Z</time><extensions><speed>2.647968</speed><course>163.399617</course><hAcc>1.303668</hAcc><vAcc>0.556943</vAcc></extensions></trkpt>
      <trkpt lon="114.376062" lat="33.669309"><ele>55.566572</ele><time>2026-02-12T00:40:26Z</time><extensions><speed>2.757748</speed><course>162.516321</course><hAcc>1.297040</hAcc><vAcc>0.556943</vAcc></extensions></trkpt>
      <trkpt lon="114.376071" lat="33.669286"><ele>55.379385</ele><time>2026-02-12T00:40:27Z</time><extensions><speed>2.760695</speed><course>162.414989</course><hAcc>1.289535</hAcc><vAcc>0.556943</vAcc></extensions></trkpt>
      <trkpt lon="114.376080" lat="33.669262"><ele>55.193212</ele><time>2026-02-12T00:40:28Z</time><extensions><speed>2.712496</speed><course>162.987515</course><hAcc>1.285101</hAcc><vAcc>0.556943</vAcc></extensions></trkpt>
      <trkpt lon="114.376088" lat="33.669238"><ele>55.009800</ele><time>2026-02-12T00:40:29Z</time><extensions><speed>2.892407</speed><course>163.368927</course><hAcc>1.284959</hAcc><vAcc>0.556943</vAcc></extensions></trkpt>
      <trkpt lon="114.376097" lat="33.669213"><ele>54.831010</ele><time>2026-02-12T00:40:30Z</time><extensions><speed>2.880455</speed><course>163.700617</course><hAcc>1.280428</hAcc><vAcc>0.556943</vAcc></extensions></trkpt>
      <trkpt lon="114.376106" lat="33.669188"><ele>54.658422</ele><time>2026-02-12T00:40:31Z</time><extensions><speed>2.911895</speed><course>164.695462</course><hAcc>1.274221</hAcc><vAcc>0.556943</vAcc></extensions></trkpt>
      <trkpt lon="114.376113" lat="33.669163"><ele>54.492357</ele><time>2026-02-12T00:40:32Z</time><extensions><speed>2.843946</speed><course>166.312377</course><hAcc>1.269253</hAcc><vAcc>0.556943</vAcc></extensions></trkpt>
      <trkpt lon="114.376121" lat="33.669139"><ele>54.332967</ele><time>2026-02-12T00:40:33Z</time><extensions><speed>2.683417</speed><course>165.397657</course><hAcc>1.257705</hAcc><vAcc>0.556943</vAcc></extensions></trkpt>
      <trkpt lon="114.376128" lat="33.669116"><ele>54.180098</ele><time>2026-02-12T00:40:34Z</time><extensions><speed>2.638846</speed><course>164.560704</course><hAcc>1.250735</hAcc><vAcc>0.556943</vAcc></extensions></trkpt>
      <trkpt lon="114.376135" lat="33.669093"><ele>54.033272</ele><time>2026-02-12T00:40:35Z</time><extensions><speed>2.560332</speed><course>165.889897</course><hAcc>1.239661</hAcc><vAcc>0.556943</vAcc></extensions></trkpt>
      <trkpt lon="114.376141" lat="33.669071"><ele>53.891814</ele><time>2026-02-12T00:40:36Z</time><extensions><speed>2.448758</speed><course>170.380265</course><hAcc>1.231123</hAcc><vAcc>0.556943</vAcc></extensions></trkpt>
      <trkpt lon="114.376143" lat="33.669051"><ele>53.754871</ele><time>2026-02-12T00:40:37Z</time><extensions><speed>2.177545</speed><course>178.022449</course><hAcc>1.223781</hAcc><vAcc>0.556943</vAcc></extensions></trkpt>
      <trkpt lon="114.376142" lat="33.669033"><ele>53.621403</ele><time>2026-02-12T00:40:38Z</time><extensions><speed>1.811052</speed><course>192.178069</course><hAcc>1.215061</hAcc><vAcc>0.556943</vAcc></extensions></trkpt>
      <trkpt lon="114.376134" lat="33.669019"><ele>53.490399</ele><time>2026-02-12T00:40:39Z</time><extensions><speed>1.723968</speed><course>216.027861</course><hAcc>1.212927</hAcc><vAcc>0.556943</vAcc></extensions></trkpt>
      <trkpt lon="114.376119" lat="33.669010"><ele>53.361114</ele><time>2026-02-12T00:40:40Z</time><extensions><speed>1.871216</speed><course>254.900328</course><hAcc>1.217794</hAcc><vAcc>0.556943</vAcc></extensions></trkpt>
      <trkpt lon="114.376096" lat="33.669012"><ele>53.232729</ele><time>2026-02-12T00:40:41Z</time><extensions><speed>2.588987</speed><course>288.460315</course><hAcc>1.224338</hAcc><vAcc>0.556943</vAcc></extensions></trkpt>
      <trkpt lon="114.376068" lat="33.669024"><ele>53.104999</ele><time>2026-02-12T00:40:42Z</time><extensions><speed>3.285233</speed><course>304.120993</course><hAcc>1.233658</hAcc><vAcc>0.556943</vAcc></extensions></trkpt>
      <trkpt lon="114.376039" lat="33.669043"><ele>52.978088</ele><time>2026-02-12T00:40:43Z</time><extensions><speed>3.448419</speed><course>312.457442</course><hAcc>1.251778</hAcc><vAcc>0.556943</vAcc></extensions></trkpt>
      <trkpt lon="114.376013" lat="33.669065"><ele>52.852625</ele><time>2026-02-12T00:40:44Z</time><extensions><speed>3.399016</speed><course>318.245080</course><hAcc>1.266851</hAcc><vAcc>0.556943</vAcc></extensions></trkpt>
      <trkpt lon="114.375990" lat="33.669087"><ele>52.729878</ele><time>2026-02-12T00:40:45Z</time><extensions><speed>3.160717</speed><course>320.515961</course><hAcc>1.284258</hAcc><vAcc>0.556943</vAcc></extensions></trkpt>
      <trkpt lon="114.375969" lat="33.669109"><ele>52.611316</ele><time>2026-02-12T00:40:46Z</time><extensions><speed>3.033719</speed><course>320.811716</course><hAcc>1.297963</hAcc><vAcc>0.556943</vAcc></extensions></trkpt>
      <trkpt lon="114.375948" lat="33.669130"><ele>52.498496</ele><time>2026-02-12T00:40:47Z</time><extensions><speed>3.007912</speed><course>320.516409</course><hAcc>1.312554</hAcc><vAcc>0.556943</vAcc></extensions></trkpt>
      <trkpt lon="114.375928" lat="33.669151"><ele>52.392965</ele><time>2026-02-12T00:40:48Z</time><extensions><speed>2.906643</speed><course>320.778578</course><hAcc>1.326404</hAcc><vAcc>0.556943</vAcc></extensions></trkpt>
      <trkpt lon="114.375908" lat="33.669171"><ele>52.296098</ele><time>2026-02-12T00:40:49Z</time><extensions><speed>2.982825</speed><course>320.847101</course><hAcc>1.337077</hAcc><vAcc>0.556943</vAcc></extensions></trkpt>
      <trkpt lon="114.375888" lat="33.669192"><ele>52.208717</ele><time>2026-02-12T00:40:50Z</time><extensions><speed>2.949509</speed><course>320.328664</course><hAcc>1.343391</hAcc><vAcc>0.556943</vAcc></extensions></trkpt>
      <trkpt lon="114.375867" lat="33.669212"><ele>52.131318</ele><time>2026-02-12T00:40:51Z</time><extensions><speed>2.905987</speed><course>318.828647</course><hAcc>1.345067</hAcc><vAcc>0.556943</vAcc></extensions></trkpt>
      <trkpt lon="114.375846" lat="33.669232"><ele>52.063942</ele><time>2026-02-12T00:40:52Z</time><extensions><speed>2.965923</speed><course>317.523501</course><hAcc>1.345567</hAcc><vAcc>0.556943</vAcc></extensions></trkpt>
      <trkpt lon="114.375825" lat="33.669251"><ele>52.006199</ele><time>2026-02-12T00:40:53Z</time><extensions><speed>2.880638</speed><course>317.316062</course><hAcc>1.341733</hAcc><vAcc>0.556943</vAcc></extensions></trkpt>
      <trkpt lon="114.375803" lat="33.669271"><ele>51.957317</ele><time>2026-02-12T00:40:54Z</time><extensions><speed>2.963736</speed><course>317.649826</course><hAcc>1.340417</hAcc><vAcc>0.556943</vAcc></extensions></trkpt>
      <trkpt lon="114.375782" lat="33.669290"><ele>51.915978</ele><time>2026-02-12T00:40:55Z</time><extensions><speed>2.944790</speed><course>318.647276</course><hAcc>1.337544</hAcc><vAcc>0.556942</vAcc></extensions></trkpt>
      <trkpt lon="114.375762" lat="33.669311"><ele>51.880640</ele><time>2026-02-12T00:40:56Z</time><extensions><speed>2.946983</speed><course>320.980821</course><hAcc>1.333109</hAcc><vAcc>0.556942</vAcc></extensions></trkpt>
      <trkpt lon="114.375742" lat="33.669332"><ele>51.849686</ele><time>2026-02-12T00:40:57Z</time><extensions><speed>3.006300</speed><course>322.187320</course><hAcc>1.327626</hAcc><vAcc>0.556942</vAcc></extensions></trkpt>
      <trkpt lon="114.375722" lat="33.669353"><ele>51.821545</ele><time>2026-02-12T00:40:58Z</time><extensions><speed>2.958271</speed><course>322.236981</course><hAcc>1.324954</hAcc><vAcc>0.556941</vAcc></extensions></trkpt>
      <trkpt lon="114.375702" lat="33.669374"><ele>51.794742</ele><time>2026-02-12T00:40:59Z</time><extensions><speed>2.908213</speed><course>321.760777</course><hAcc>1.329945</hAcc><vAcc>0.556941</vAcc></extensions></trkpt>
      <trkpt lon="114.375683" lat="33.669395"><ele>51.767952</ele><time>2026-02-12T00:41:00Z</time><extensions><speed>2.964396</speed><course>321.342189</course><hAcc>1.328212</hAcc><vAcc>0.556942</vAcc></extensions></trkpt>
      <trkpt lon="114.375663" lat="33.669416"><ele>51.740103</ele><time>2026-02-12T00:41:01Z</time><extensions><speed>2.958376</speed><course>321.213816</course><hAcc>1.328987</hAcc><vAcc>0.556942</vAcc></extensions></trkpt>
      <trkpt lon="114.375642" lat="33.669436"><ele>51.710331</ele><time>2026-02-12T00:41:02Z</time><extensions><speed>3.043353</speed><course>319.662833</course><hAcc>1.331418</hAcc><vAcc>0.556942</vAcc></extensions></trkpt>
      <trkpt lon="114.375621" lat="33.669457"><ele>51.677956</ele><time>2026-02-12T00:41:03Z</time><extensions><speed>2.916576</speed><course>317.412249</course><hAcc>1.336415</hAcc><vAcc>0.556942</vAcc></extensions></trkpt>
      <trkpt lon="114.375599" lat="33.669476"><ele>51.642532</ele><time>2026-02-12T00:41:04Z</time><extensions><speed>2.879394</speed><course>316.290919</course><hAcc>1.340665</hAcc><vAcc>0.556943</vAcc></extensions></trkpt>
      <trkpt lon="114.375578" lat="33.669494"><ele>51.603902</ele><time>2026-02-12T00:41:05Z</time><extensions><speed>2.881323</speed><course>315.774098</course><hAcc>1.341857</hAcc><vAcc>0.556943</vAcc></extensions></trkpt>
      <trkpt lon="114.375556" lat="33.669513"><ele>51.562098</ele><time>2026-02-12T00:41:06Z</time><extensions><speed>2.881896</speed><course>315.137202</course><hAcc>1.341212</hAcc><vAcc>0.556943</vAcc></extensions></trkpt>
      <trkpt lon="114.375533" lat="33.669532"><ele>51.517389</ele><time>2026-02-12T00:41:07Z</time><extensions><speed>3.034865</speed><course>315.049040</course><hAcc>1.344520</hAcc><vAcc>0.556943</vAcc></extensions></trkpt>
      <trkpt lon="114.375510" lat="33.669552"><ele>51.470352</ele><time>2026-02-12T00:41:08Z</time><extensions><speed>3.128161</speed><course>315.870211</course><hAcc>1.345642</hAcc><vAcc>0.556943</vAcc></extensions></trkpt>
      <trkpt lon="114.375486" lat="33.669572"><ele>51.421592</ele><time>2026-02-12T00:41:09Z</time><extensions><speed>3.225926</speed><course>316.117589</course><hAcc>1.349612</hAcc><vAcc>0.556943</vAcc></extensions></trkpt>
      <trkpt lon="114.375462" lat="33.669593"><ele>51.371873</ele><time>2026-02-12T00:41:10Z</time><extensions><speed>3.184575</speed><course>316.939949</course><hAcc>1.353195</hAcc><vAcc>0.556943</vAcc></extensions></trkpt>
      <trkpt lon="114.375440" lat="33.669614"><ele>51.322016</ele><time>2026-02-12T00:41:11Z</time><extensions><speed>3.008204</speed><course>318.003979</course><hAcc>1.351847</hAcc><vAcc>0.556943</vAcc></extensions></trkpt>
      <trkpt lon="114.375418" lat="33.669634"><ele>51.272839</ele><time>2026-02-12T00:41:12Z</time><extensions><speed>2.966207</speed><course>319.897365</course><hAcc>1.349815</hAcc><vAcc>0.556943</vAcc></extensions></trkpt>
      <trkpt lon="114.375398" lat="33.669655"><ele>51.225134</ele><time>2026-02-12T00:41:13Z</time><extensions><speed>2.859039</speed><course>320.926967</course><hAcc>1.347704</hAcc><vAcc>0.556943</vAcc></extensions></trkpt>
      <trkpt lon="114.375379" lat="33.669675"><ele>51.179673</ele><time>2026-02-12T00:41:14Z</time><extensions><speed>2.927827</speed><course>321.608010</course><hAcc>1.352135</hAcc><vAcc>0.556943</vAcc></extensions></trkpt>
      <trkpt lon="114.375359" lat="33.669696"><ele>51.137273</ele><time>2026-02-12T00:41:15Z</time><extensions><speed>2.975753</speed><course>321.476014</course><hAcc>1.353877</hAcc><vAcc>0.556943</vAcc></extensions></trkpt>
      <trkpt lon="114.375338" lat="33.669717"><ele>51.098695</ele><time>2026-02-12T00:41:16Z</time><extensions><speed>3.015451</speed><course>320.102592</course><hAcc>1.361390</hAcc><vAcc>0.556943</vAcc></extensions></trkpt>
      <trkpt lon="114.375317" lat="33.669738"><ele>51.064530</ele><time>2026-02-12T00:41:17Z</time><extensions><speed>3.052600</speed><course>318.447885</course><hAcc>1.367341</hAcc><vAcc>0.556943</vAcc></extensions></trkpt>
      <trkpt lon="114.375296" lat="33.669758"><ele>51.035016</ele><time>2026-02-12T00:41:18Z</time><extensions><speed>2.946943</speed><course>318.378475</course><hAcc>1.374531</hAcc><vAcc>0.556943</vAcc></extensions></trkpt>
      <trkpt lon="114.375274" lat="33.669778"><ele>51.010201</ele><time>2026-02-12T00:41:19Z</time><extensions><speed>2.986932</speed><course>317.842449</course><hAcc>1.379108</hAcc><vAcc>0.556943</vAcc></extensions></trkpt>
      <trkpt lon="114.375253" lat="33.669797"><ele>50.989998</ele><time>2026-02-12T00:41:20Z</time><extensions><speed>2.874222</speed><course>317.888267</course><hAcc>1.379337</hAcc><vAcc>0.556943</vAcc></extensions></trkpt>
      <trkpt lon="114.375232" lat="33.669816"><ele>50.974192</ele><time>2026-02-12T00:41:21Z</time><extensions><speed>2.790827</speed><course>317.694026</course><hAcc>1.375843</hAcc><vAcc>0.556943</vAcc></extensions></trkpt>
      <trkpt lon="114.375212" lat="33.669835"><ele>50.962450</ele><time>2026-02-12T00:41:22Z</time><extensions><speed>2.828962</speed><course>317.208586</course><hAcc>1.370970</hAcc><vAcc>0.556943</vAcc></extensions></trkpt>
      <trkpt lon="114.375191" lat="33.669854"><ele>50.954360</ele><time>2026-02-12T00:41:23Z</time><extensions><speed>2.858963</speed><course>316.871006</course><hAcc>1.371918</hAcc><vAcc>0.556943</vAcc></extensions></trkpt>
      <trkpt lon="114.375169" lat="33.669873"><ele>50.949467</ele><time>2026-02-12T00:41:24Z</time><extensions><speed>3.049272</speed><course>315.141650</course><hAcc>1.368257</hAcc><vAcc>0.556943</vAcc></extensions></trkpt>
      <trkpt lon="114.375145" lat="33.669892"><ele>50.947378</ele><time>2026-02-12T00:41:25Z</time><extensions><speed>3.086833</speed><course>314.495996</course><hAcc>1.367489</hAcc><vAcc>0.556943</vAcc></extensions></trkpt>
      <trkpt lon="114.375122" lat="33.669912"><ele>50.947790</ele><time>2026-02-12T00:41:26Z</time><extensions><speed>2.954243</speed><course>316.760668</course><hAcc>1.364811</hAcc><vAcc>0.556943</vAcc></extensions></trkpt>
      <trkpt lon="114.375101" lat="33.669932"><ele>50.950412</ele><time>2026-02-12T00:41:27Z</time><extensions><speed>2.947316</speed><course>318.519855</course><hAcc>1.366836</hAcc><vAcc>0.556943</vAcc></extensions></trkpt>
      <trkpt lon="114.375081" lat="33.669951"><ele>50.955050</ele><time>2026-02-12T00:41:28Z</time><extensions><speed>2.758887</speed><course>319.378917</course><hAcc>1.369993</hAcc><vAcc>0.556943</vAcc></extensions></trkpt>
      <trkpt lon="114.375061" lat="33.669969"><ele>50.961593</ele><time>2026-02-12T00:41:29Z</time><extensions><speed>2.676883</speed><course>318.045829</course><hAcc>1.376455</hAcc><vAcc>0.556943</vAcc></extensions></trkpt>
      <trkpt lon="114.375041" lat="33.669987"><ele>50.970009</ele><time>2026-02-12T00:41:30Z</time><extensions><speed>2.771183</speed><course>315.835717</course><hAcc>1.382883</hAcc><vAcc>0.556943</vAcc></extensions></trkpt>
      <trkpt lon="114.375020" lat="33.670005"><ele>50.980332</ele><time>2026-02-12T00:41:31Z</time><extensions><speed>2.815409</speed><course>312.407121</course><hAcc>1.376660</hAcc><vAcc>0.556943</vAcc></extensions></trkpt>
      <trkpt lon="114.374996" lat="33.670022"><ele>50.992625</ele><time>2026-02-12T00:41:32Z</time><extensions><speed>2.904204</speed><course>308.960982</course><hAcc>1.369892</hAcc><vAcc>0.556943</vAcc></extensions></trkpt>
      <trkpt lon="114.374971" lat="33.670037"><ele>51.007041</ele><time>2026-02-12T00:41:33Z</time><extensions><speed>2.866215</speed><course>304.904851</course><hAcc>1.363529</hAcc><vAcc>0.556943</vAcc></extensions></trkpt>
      <trkpt lon="114.374946" lat="33.670051"><ele>51.023744</ele><time>2026-02-12T00:41:34Z</time><extensions><speed>2.840989</speed><course>301.302713</course><hAcc>1.363894</hAcc><vAcc>0.556943</vAcc></extensions></trkpt>
      <trkpt lon="114.374919" lat="33.670064"><ele>51.042824</ele><time>2026-02-12T00:41:35Z</time><extensions><speed>2.929727</speed><course>298.063471</course><hAcc>1.357030</hAcc><vAcc>0.556943</vAcc></extensions></trkpt>
      <trkpt lon="114.374891" lat="33.670075"><ele>51.064195</ele><time>2026-02-12T00:41:36Z</time><extensions><speed>2.749038</speed><course>292.341050</course><hAcc>1.349427</hAcc><vAcc>0.556943</vAcc></extensions></trkpt>
      <trkpt lon="114.374863" lat="33.670084"><ele>51.087719</ele><time>2026-02-12T00:41:37Z</time><extensions><speed>2.844586</speed><course>287.769825</course><hAcc>1.350387</hAcc><vAcc>0.556943</vAcc></extensions></trkpt>
      <trkpt lon="114.374832" lat="33.670091"><ele>51.113493</ele><time>2026-02-12T00:41:38Z</time><extensions><speed>2.986707</speed><course>285.269558</course><hAcc>1.355261</hAcc><vAcc>0.556943</vAcc></extensions></trkpt>
      <trkpt lon="114.374802" lat="33.670098"><ele>51.141669</ele><time>2026-02-12T00:41:39Z</time><extensions><speed>2.900925</speed><course>283.121780</course><hAcc>1.362502</hAcc><vAcc>0.556943</vAcc></extensions></trkpt>
      <trkpt lon="114.374771" lat="33.670103"><ele>51.172477</ele><time>2026-02-12T00:41:40Z</time><extensions><speed>2.938312</speed><course>279.991058</course><hAcc>1.365320</hAcc><vAcc>0.556943</vAcc></extensions></trkpt>
      <trkpt lon="114.374740" lat="33.670107"><ele>51.206715</ele><time>2026-02-12T00:41:41Z</time><extensions><speed>2.849959</speed><course>278.033870</course><hAcc>1.368673</hAcc><vAcc>0.556943</vAcc></extensions></trkpt>
      <trkpt lon="114.374709" lat="33.670111"><ele>51.245135</ele><time>2026-02-12T00:41:42Z</time><extensions><speed>3.003319</speed><course>276.846869</course><hAcc>1.365570</hAcc><vAcc>0.556943</vAcc></extensions></trkpt>
      <trkpt lon="114.374677" lat="33.670114"><ele>51.288680</ele><time>2026-02-12T00:41:43Z</time><extensions><speed>2.961862</speed><course>279.555030</course><hAcc>1.357654</hAcc><vAcc>0.556943</vAcc></extensions></trkpt>
      <trkpt lon="114.374646" lat="33.670119"><ele>51.338404</ele><time>2026-02-12T00:41:44Z</time><extensions><speed>2.930646</speed><course>281.545736</course><hAcc>1.350898</hAcc><vAcc>0.556943</vAcc></extensions></trkpt>
      <trkpt lon="114.374615" lat="33.670125"><ele>51.395338</ele><time>2026-02-12T00:41:45Z</time><extensions><speed>2.874108</speed><course>281.827006</course><hAcc>1.349798</hAcc><vAcc>0.556943</vAcc></extensions></trkpt>
      <trkpt lon="114.374585" lat="33.670130"><ele>51.460216</ele><time>2026-02-12T00:41:46Z</time><extensions><speed>2.730960</speed><course>281.885601</course><hAcc>1.344169</hAcc><vAcc>0.556943</vAcc></extensions></trkpt>
      <trkpt lon="114.374556" lat="33.670135"><ele>51.533752</ele><time>2026-02-12T00:41:47Z</time><extensions><speed>2.840028</speed><course>282.219820</course><hAcc>1.341611</hAcc><vAcc>0.556943</vAcc></extensions></trkpt>
      <trkpt lon="114.374526" lat="33.670140"><ele>51.616285</ele><time>2026-02-12T00:41:48Z</time><extensions><speed>2.850647</speed><course>282.067095</course><hAcc>1.343188</hAcc><vAcc>0.556943</vAcc></extensions></trkpt>
      <trkpt lon="114.374496" lat="33.670145"><ele>51.707714</ele><time>2026-02-12T00:41:49Z</time><extensions><speed>2.813184</speed><course>280.236989</course><hAcc>1.339073</hAcc><vAcc>0.556943</vAcc></extensions></trkpt>
      <trkpt lon="114.374466" lat="33.670150"><ele>51.807665</ele><time>2026-02-12T00:41:50Z</time><extensions><speed>2.804000</speed><course>279.874114</course><hAcc>1.333896</hAcc><vAcc>0.556943</vAcc></extensions></trkpt>
      <trkpt lon="114.374436" lat="33.670154"><ele>51.915023</ele><time>2026-02-12T00:41:51Z</time><extensions><speed>2.730812</speed><course>278.423355</course><hAcc>1.326489</hAcc><vAcc>0.556943</vAcc></extensions></trkpt>
      <trkpt lon="114.374407" lat="33.670157"><ele>52.028332</ele><time>2026-02-12T00:41:52Z</time><extensions><speed>2.806318</speed><course>277.003699</course><hAcc>1.319715</hAcc><vAcc>0.556943</vAcc></extensions></trkpt>
      <trkpt lon="114.374376" lat="33.670160"><ele>52.145889</ele><time>2026-02-12T00:41:53Z</time><extensions><speed>2.824875</speed><course>276.399111</course><hAcc>1.317158</hAcc><vAcc>0.556943</vAcc></extensions></trkpt>
      <trkpt lon="114.374346" lat="33.670163"><ele>52.265849</ele><time>2026-02-12T00:41:54Z</time><extensions><speed>2.859354</speed><course>276.448376</course><hAcc>1.312125</hAcc><vAcc>0.556943</vAcc></extensions></trkpt>
      <trkpt lon="114.374314" lat="33.670166"><ele>52.386300</ele><time>2026-02-12T00:41:55Z</time><extensions><speed>3.024253</speed><course>276.132173</course><hAcc>1.310558</hAcc><vAcc>0.556943</vAcc></extensions></trkpt>
      <trkpt lon="114.374282" lat="33.670169"><ele>52.505328</ele><time>2026-02-12T00:41:56Z</time><extensions><speed>3.040271</speed><course>276.246425</course><hAcc>1.317817</hAcc><vAcc>0.556943</vAcc></extensions></trkpt>
      <trkpt lon="114.374249" lat="33.670172"><ele>52.621226</ele><time>2026-02-12T00:41:57Z</time><extensions><speed>3.074373</speed><course>276.906646</course><hAcc>1.330495</hAcc><vAcc>0.556943</vAcc></extensions></trkpt>
      <trkpt lon="114.374216" lat="33.670176"><ele>52.732532</ele><time>2026-02-12T00:41:58Z</time><extensions><speed>3.068103</speed><course>277.912572</course><hAcc>1.336923</hAcc><vAcc>0.556943</vAcc></extensions></trkpt>
      <trkpt lon="114.374184" lat="33.670179"><ele>52.838026</ele><time>2026-02-12T00:41:59Z</time><extensions><speed>2.934724</speed><course>278.259757</course><hAcc>1.342912</hAcc><vAcc>0.556943</vAcc></extensions></trkpt>
      <trkpt lon="114.374152" lat="33.670183"><ele>52.936883</ele><time>2026-02-12T00:42:00Z</time><extensions><speed>3.024869</speed><course>277.465349</course><hAcc>1.349066</hAcc><vAcc>0.556943</vAcc></extensions></trkpt>
      <trkpt lon="114.374119" lat="33.670186"><ele>53.028805</ele><time>2026-02-12T00:42:01Z</time><extensions><speed>3.056346</speed><course>276.629255</course><hAcc>1.352548</hAcc><vAcc>0.556943</vAcc></extensions></trkpt>
      <trkpt lon="114.374086" lat="33.670190"><ele>53.113859</ele><time>2026-02-12T00:42:02Z</time><extensions><speed>3.092844</speed><course>276.513284</course><hAcc>1.354373</hAcc><vAcc>0.556943</vAcc></extensions></trkpt>
      <trkpt lon="114.374053" lat="33.670193"><ele>53.192331</ele><time>2026-02-12T00:42:03Z</time><extensions><speed>3.192289</speed><course>276.466364</course><hAcc>1.351917</hAcc><vAcc>0.556943</vAcc></extensions></trkpt>
      <trkpt lon="114.374019" lat="33.670196"><ele>53.264556</ele><time>2026-02-12T00:42:04Z</time><extensions><speed>3.125674</speed><course>276.705845</course><hAcc>1.346196</hAcc><vAcc>0.556943</vAcc></extensions></trkpt>
      <trkpt lon="114.373985" lat="33.670200"><ele>53.330981</ele><time>2026-02-12T00:42:05Z</time><extensions><speed>3.108248</speed><course>277.031653</course><hAcc>1.346268</hAcc><vAcc>0.556943</vAcc></extensions></trkpt>
      <trkpt lon="114.373952" lat="33.670203"><ele>53.392346</ele><time>2026-02-12T00:42:06Z</time><extensions><speed>3.061093</speed><course>277.766595</course><hAcc>1.342208</hAcc><vAcc>0.556943</vAcc></extensions></trkpt>
      <trkpt lon="114.373919" lat="33.670207"><ele>53.449538</ele><time>2026-02-12T00:42:07Z</time><extensions><speed>3.088798</speed><course>279.851101</course><hAcc>1.339613</hAcc><vAcc>0.556943</vAcc></extensions></trkpt>
      <trkpt lon="114.373885" lat="33.670213"><ele>53.503324</ele><time>2026-02-12T00:42:08Z</time><extensions><speed>3.256476</speed><course>281.619746</course><hAcc>1.341358</hAcc><vAcc>0.556943</vAcc></extensions></trkpt>
      <trkpt lon="114.373851" lat="33.670219"><ele>53.553503</ele><time>2026-02-12T00:42:09Z</time><extensions><speed>3.354769</speed><course>282.938665</course><hAcc>1.343007</hAcc><vAcc>0.556943</vAcc></extensions></trkpt>
      <trkpt lon="114.373815" lat="33.670226"><ele>53.599917</ele><time>2026-02-12T00:42:10Z</time><extensions><speed>3.321471</speed><course>281.613611</course><hAcc>1.350056</hAcc><vAcc>0.556943</vAcc></extensions></trkpt>
      <trkpt lon="114.373781" lat="33.670231"><ele>53.642524</ele><time>2026-02-12T00:42:11Z</time><extensions><speed>3.151661</speed><course>280.363730</course><hAcc>1.355510</hAcc><vAcc>0.556943</vAcc></extensions></trkpt>
      <trkpt lon="114.373748" lat="33.670236"><ele>53.681299</ele><time>2026-02-12T00:42:12Z</time><extensions><speed>2.988830</speed><course>279.791409</course><hAcc>1.357299</hAcc><vAcc>0.556943</vAcc></extensions></trkpt>
      <trkpt lon="114.373716" lat="33.670241"><ele>53.716107</ele><time>2026-02-12T00:42:13Z</time><extensions><speed>3.125146</speed><course>279.305464</course><hAcc>1.358385</hAcc><vAcc>0.556943</vAcc></extensions></trkpt>
      <trkpt lon="114.373682" lat="33.670245"><ele>53.746752</ele><time>2026-02-12T00:42:14Z</time><extensions><speed>3.157356</speed><course>279.939283</course><hAcc>1.359457</hAcc><vAcc>0.556943</vAcc></extensions></trkpt>
      <trkpt lon="114.373648" lat="33.670250"><ele>53.772981</ele><time>2026-02-12T00:42:15Z</time><extensions><speed>3.210349</speed><course>277.263152</course><hAcc>1.360370</hAcc><vAcc>0.556943</vAcc></extensions></trkpt>
      <trkpt lon="114.373614" lat="33.670253"><ele>53.794615</ele><time>2026-02-12T00:42:16Z</time><extensions><speed>3.212707</speed><course>276.687691</course><hAcc>1.358630</hAcc><vAcc>0.556943</vAcc></extensions></trkpt>
      <trkpt lon="114.373579" lat="33.670257"><ele>53.811589</ele><time>2026-02-12T00:42:17Z</time><extensions><speed>3.199475</speed><course>278.281947</course><hAcc>1.355881</hAcc><vAcc>0.556943</vAcc></extensions></trkpt>
      <trkpt lon="114.373544" lat="33.670262"><ele>53.823927</ele><time>2026-02-12T00:42:18Z</time><extensions><speed>3.330710</speed><course>279.852443</course><hAcc>1.359390</hAcc><vAcc>0.556943</vAcc></extensions></trkpt>
      <trkpt lon="114.373509" lat="33.670267"><ele>53.831640</ele><time>2026-02-12T00:42:19Z</time><extensions><speed>3.296225</speed><course>282.175446</course><hAcc>1.359456</hAcc><vAcc>0.556943</vAcc></extensions></trkpt>
      <trkpt lon="114.373475" lat="33.670273"><ele>53.835019</ele><time>2026-02-12T00:42:20Z</time><extensions><speed>3.202904</speed><course>282.396125</course><hAcc>1.360989</hAcc><vAcc>0.556943</vAcc></extensions></trkpt>
      <trkpt lon="114.373441" lat="33.670279"><ele>53.834505</ele><time>2026-02-12T00:42:21Z</time><extensions><speed>3.147710</speed><course>280.949351</course><hAcc>1.362081</hAcc><vAcc>0.556943</vAcc></extensions></trkpt>
      <trkpt lon="114.373408" lat="33.670284"><ele>53.830538</ele><time>2026-02-12T00:42:22Z</time><extensions><speed>3.131117</speed><course>277.390424</course><hAcc>1.360138</hAcc><vAcc>0.556943</vAcc></extensions></trkpt>
      <trkpt lon="114.373373" lat="33.670287"><ele>53.823548</ele><time>2026-02-12T00:42:23Z</time><extensions><speed>3.313133</speed><course>274.712059</course><hAcc>1.360957</hAcc><vAcc>0.556943</vAcc></extensions></trkpt>
      <trkpt lon="114.373338" lat="33.670289"><ele>53.814339</ele><time>2026-02-12T00:42:24Z</time><extensions><speed>3.197388</speed><course>274.287055</course><hAcc>1.361581</hAcc><vAcc>0.556943</vAcc></extensions></trkpt>
      <trkpt lon="114.373304" lat="33.670291"><ele>53.803696</ele><time>2026-02-12T00:42:25Z</time><extensions><speed>3.123761</speed><course>274.420529</course><hAcc>1.365185</hAcc><vAcc>0.556943</vAcc></extensions></trkpt>
      <trkpt lon="114.373270" lat="33.670294"><ele>53.792343</ele><time>2026-02-12T00:42:26Z</time><extensions><speed>3.202077</speed><course>275.485691</course><hAcc>1.368486</hAcc><vAcc>0.556943</vAcc></extensions></trkpt>
      <trkpt lon="114.373235" lat="33.670297"><ele>53.780997</ele><time>2026-02-12T00:42:27Z</time><extensions><speed>3.238334</speed><course>277.595214</course><hAcc>1.374542</hAcc><vAcc>0.556943</vAcc></extensions></trkpt>
      <trkpt lon="114.373200" lat="33.670301"><ele>53.770300</ele><time>2026-02-12T00:42:28Z</time><extensions><speed>3.338199</speed><course>278.343725</course><hAcc>1.386839</hAcc><vAcc>0.556943</vAcc></extensions></trkpt>
      <trkpt lon="114.373164" lat="33.670306"><ele>53.760678</ele><time>2026-02-12T00:42:29Z</time><extensions><speed>3.443433</speed><course>278.113960</course><hAcc>1.389084</hAcc><vAcc>0.556943</vAcc></extensions></trkpt>
      <trkpt lon="114.373127" lat="33.670310"><ele>53.752512</ele><time>2026-02-12T00:42:30Z</time><extensions><speed>3.370626</speed><course>277.932229</course><hAcc>1.393506</hAcc><vAcc>0.556943</vAcc></extensions></trkpt>
      <trkpt lon="114.373092" lat="33.670314"><ele>53.746158</ele><time>2026-02-12T00:42:31Z</time><extensions><speed>3.212566</speed><course>277.686968</course><hAcc>1.399104</hAcc><vAcc>0.556943</vAcc></extensions></trkpt>
      <trkpt lon="114.373059" lat="33.670317"><ele>53.741813</ele><time>2026-02-12T00:42:32Z</time><extensions><speed>3.047174</speed><course>275.087202</course><hAcc>1.406105</hAcc><vAcc>0.556943</vAcc></extensions></trkpt>
      <trkpt lon="114.373025" lat="33.670319"><ele>53.739607</ele><time>2026-02-12T00:42:33Z</time><extensions><speed>3.198720</speed><course>273.191764</course><hAcc>1.406505</hAcc><vAcc>0.556943</vAcc></extensions></trkpt>
      <trkpt lon="114.372991" lat="33.670321"><ele>53.739715</ele><time>2026-02-12T00:42:34Z</time><extensions><speed>3.156777</speed><course>274.753896</course><hAcc>1.404655</hAcc><vAcc>0.556943</vAcc></extensions></trkpt>
      <trkpt lon="114.372957" lat="33.670324"><ele>53.742213</ele><time>2026-02-12T00:42:35Z</time><extensions><speed>3.103979</speed><course>276.415889</course><hAcc>1.400171</hAcc><vAcc>0.556943</vAcc></extensions></trkpt>
      <trkpt lon="114.372924" lat="33.670327"><ele>53.747009</ele><time>2026-02-12T00:42:36Z</time><extensions><speed>3.038370</speed><course>276.127417</course><hAcc>1.396609</hAcc><vAcc>0.556943</vAcc></extensions></trkpt>
      <trkpt lon="114.372891" lat="33.670330"><ele>53.754070</ele><time>2026-02-12T00:42:37Z</time><extensions><speed>3.086407</speed><course>276.838722</course><hAcc>1.390011</hAcc><vAcc>0.556943</vAcc></extensions></trkpt>
      <trkpt lon="114.372857" lat="33.670334"><ele>53.763288</ele><time>2026-02-12T00:42:38Z</time><extensions><speed>3.211578</speed><course>278.472420</course><hAcc>1.382484</hAcc><vAcc>0.556943</vAcc></extensions></trkpt>
      <trkpt lon="114.372824" lat="33.670339"><ele>53.774340</ele><time>2026-02-12T00:42:39Z</time><extensions><speed>3.155106</speed><course>282.559563</course><hAcc>1.373262</hAcc><vAcc>0.556943</vAcc></extensions></trkpt>
      <trkpt lon="114.372791" lat="33.670346"><ele>53.786796</ele><time>2026-02-12T00:42:40Z</time><extensions><speed>3.142291</speed><course>284.641184</course><hAcc>1.364677</hAcc><vAcc>0.556943</vAcc></extensions></trkpt>
      <trkpt lon="114.372757" lat="33.670353"><ele>53.800329</ele><time>2026-02-12T00:42:41Z</time><extensions><speed>3.186178</speed><course>284.514929</course><hAcc>1.357133</hAcc><vAcc>0.556943</vAcc></extensions></trkpt>
      <trkpt lon="114.372724" lat="33.670360"><ele>53.827661</ele><time>2026-02-12T00:42:42Z</time><extensions><speed>3.205821</speed><course>283.053862</course><hAcc>1.350768</hAcc><vAcc>0.557116</vAcc></extensions></trkpt>
      <trkpt lon="114.372690" lat="33.670365"><ele>53.874404</ele><time>2026-02-12T00:42:43Z</time><extensions><speed>3.253935</speed><course>279.250399</course><hAcc>1.352341</hAcc><vAcc>0.557844</vAcc></extensions></trkpt>
      <trkpt lon="114.372656" lat="33.670369"><ele>53.937875</ele><time>2026-02-12T00:42:44Z</time><extensions><speed>3.132105</speed><course>276.649538</course><hAcc>1.353662</hAcc><vAcc>0.559580</vAcc></extensions></trkpt>
      <trkpt lon="114.372623" lat="33.670373"><ele>54.017489</ele><time>2026-02-12T00:42:45Z</time><extensions><speed>3.028340</speed><course>277.626838</course><hAcc>1.363567</hAcc><vAcc>0.562804</vAcc></extensions></trkpt>
      <trkpt lon="114.372591" lat="33.670376"><ele>54.111279</ele><time>2026-02-12T00:42:46Z</time><extensions><speed>2.995384</speed><course>278.499529</course><hAcc>1.375489</hAcc><vAcc>0.567981</vAcc></extensions></trkpt>
      <trkpt lon="114.372560" lat="33.670380"><ele>54.220683</ele><time>2026-02-12T00:42:47Z</time><extensions><speed>2.914749</speed><course>278.353138</course><hAcc>1.386800</hAcc><vAcc>0.575509</vAcc></extensions></trkpt>
      <trkpt lon="114.372529" lat="33.670384"><ele>54.353232</ele><time>2026-02-12T00:42:48Z</time><extensions><speed>2.850008</speed><course>277.825993</course><hAcc>1.395358</hAcc><vAcc>0.585665</vAcc></extensions></trkpt>
      <trkpt lon="114.372500" lat="33.670387"><ele>54.509480</ele><time>2026-02-12T00:42:49Z</time><extensions><speed>2.687787</speed><course>276.481672</course><hAcc>1.397726</hAcc><vAcc>0.598533</vAcc></extensions></trkpt>
      <trkpt lon="114.372472" lat="33.670389"><ele>54.688718</ele><time>2026-02-12T00:42:50Z</time><extensions><speed>2.528870</speed><course>271.906728</course><hAcc>1.390681</hAcc><vAcc>0.613910</vAcc></extensions></trkpt>
      <trkpt lon="114.372445" lat="33.670388"><ele>54.877873</ele><time>2026-02-12T00:42:51Z</time><extensions><speed>2.377504</speed><course>262.861301</course><hAcc>1.381875</hAcc><vAcc>0.631221</vAcc></extensions></trkpt>
      <trkpt lon="114.372422" lat="33.670383"><ele>55.098688</ele><time>2026-02-12T00:42:52Z</time><extensions><speed>2.175197</speed><course>247.914615</course><hAcc>1.376665</hAcc><vAcc>0.649446</vAcc></extensions></trkpt>
      <trkpt lon="114.372403" lat="33.670371"><ele>55.305528</ele><time>2026-02-12T00:42:53Z</time><extensions><speed>2.222283</speed><course>219.829083</course><hAcc>1.376265</hAcc><vAcc>0.667341</vAcc></extensions></trkpt>
      <trkpt lon="114.372392" lat="33.670352"><ele>55.512519</ele><time>2026-02-12T00:42:54Z</time><extensions><speed>2.618778</speed><course>194.990737</course><hAcc>1.378265</hAcc><vAcc>0.683898</vAcc></extensions></trkpt>
      <trkpt lon="114.372387" lat="33.670327"><ele>55.694469</ele><time>2026-02-12T00:42:55Z</time><extensions><speed>2.921059</speed><course>183.304323</course><hAcc>1.385121</hAcc><vAcc>0.698535</vAcc></extensions></trkpt>
      <trkpt lon="114.372387" lat="33.670301"><ele>55.875194</ele><time>2026-02-12T00:42:56Z</time><extensions><speed>2.939643</speed><course>177.048861</course><hAcc>1.395721</hAcc><vAcc>0.711002</vAcc></extensions></trkpt>
      <trkpt lon="114.372390" lat="33.670276"><ele>56.036319</ele><time>2026-02-12T00:42:57Z</time><extensions><speed>2.677846</speed><course>172.830261</course><hAcc>1.405134</hAcc><vAcc>0.721286</vAcc></extensions></trkpt>
      <trkpt lon="114.372394" lat="33.670253"><ele>56.182222</ele><time>2026-02-12T00:42:58Z</time><extensions><speed>2.523479</speed><course>168.231087</course><hAcc>1.411348</hAcc><vAcc>0.729639</vAcc></extensions></trkpt>
      <trkpt lon="114.372400" lat="33.670230"><ele>56.316963</ele><time>2026-02-12T00:42:59Z</time><extensions><speed>2.643420</speed><course>166.594109</course><hAcc>1.413128</hAcc><vAcc>0.736499</vAcc></extensions></trkpt>
      <trkpt lon="114.372407" lat="33.670206"><ele>56.436798</ele><time>2026-02-12T00:43:00Z</time><extensions><speed>2.683149</speed><course>169.005757</course><hAcc>1.420337</hAcc><vAcc>0.742189</vAcc></extensions></trkpt>
      <trkpt lon="114.372410" lat="33.670183"><ele>56.552590</ele><time>2026-02-12T00:43:01Z</time><extensions><speed>2.574473</speed><course>176.066583</course><hAcc>1.431877</hAcc><vAcc>0.746947</vAcc></extensions></trkpt>
      <trkpt lon="114.372411" lat="33.670159"><ele>56.651416</ele><time>2026-02-12T00:43:02Z</time><extensions><speed>2.639109</speed><course>181.798971</course><hAcc>1.420570</hAcc><vAcc>0.751069</vAcc></extensions></trkpt>
      <trkpt lon="114.372409" lat="33.670136"><ele>56.730256</ele><time>2026-02-12T00:43:03Z</time><extensions><speed>2.535012</speed><course>187.043044</course><hAcc>1.414293</hAcc><vAcc>0.755526</vAcc></extensions></trkpt>
      <trkpt lon="114.372404" lat="33.670114"><ele>56.790087</ele><time>2026-02-12T00:43:04Z</time><extensions><speed>2.490015</speed><course>191.903184</course><hAcc>1.413461</hAcc><vAcc>0.760051</vAcc></extensions></trkpt>
      <trkpt lon="114.372398" lat="33.670093"><ele>56.852855</ele><time>2026-02-12T00:43:05Z</time><extensions><speed>2.324898</speed><course>193.943714</course><hAcc>1.417001</hAcc><vAcc>0.764528</vAcc></extensions></trkpt>
      <trkpt lon="114.372392" lat="33.670072"><ele>56.815215</ele><time>2026-02-12T00:43:06Z</time><extensions><speed>2.319598</speed><course>194.366208</course><hAcc>1.418498</hAcc><vAcc>0.776440</vAcc></extensions></trkpt>
      <trkpt lon="114.372386" lat="33.670052"><ele>56.754258</ele><time>2026-02-12T00:43:07Z</time><extensions><speed>2.315180</speed><course>193.137619</course><hAcc>1.422909</hAcc><vAcc>0.793396</vAcc></extensions></trkpt>
      <trkpt lon="114.372381" lat="33.670032"><ele>56.670229</ele><time>2026-02-12T00:43:08Z</time><extensions><speed>2.270998</speed><course>189.696991</course><hAcc>1.424453</hAcc><vAcc>0.817530</vAcc></extensions></trkpt>
      <trkpt lon="114.372378" lat="33.670011"><ele>56.563387</ele><time>2026-02-12T00:43:09Z</time><extensions><speed>2.280427</speed><course>186.881655</course><hAcc>1.423366</hAcc><vAcc>0.851377</vAcc></extensions></trkpt>
      <trkpt lon="114.372375" lat="33.669991"><ele>56.434075</ele><time>2026-02-12T00:43:10Z</time><extensions><speed>2.370488</speed><course>185.389904</course><hAcc>1.429768</hAcc><vAcc>0.897768</vAcc></extensions></trkpt>
      <trkpt lon="114.372373" lat="33.669969"><ele>56.282983</ele><time>2026-02-12T00:43:11Z</time><extensions><speed>2.323252</speed><course>183.691582</course><hAcc>1.446597</hAcc><vAcc>0.959659</vAcc></extensions></trkpt>
      <trkpt lon="114.372372" lat="33.669949"><ele>56.111489</ele><time>2026-02-12T00:43:12Z</time><extensions><speed>2.271893</speed><course>182.073511</course><hAcc>1.480255</hAcc><vAcc>1.039878</vAcc></extensions></trkpt>
      <trkpt lon="114.372372" lat="33.669929"><ele>55.922009</ele><time>2026-02-12T00:43:13Z</time><extensions><speed>2.161357</speed><course>178.525806</course><hAcc>1.556043</hAcc><vAcc>1.140852</vAcc></extensions></trkpt>
      <trkpt lon="114.372371" lat="33.669910"><ele>55.718159</ele><time>2026-02-12T00:43:14Z</time><extensions><speed>1.928108</speed><course>184.387107</course><hAcc>1.693592</hAcc><vAcc>1.264436</vAcc></extensions></trkpt>
      <trkpt lon="114.372369" lat="33.669893"><ele>55.504736</ele><time>2026-02-12T00:43:15Z</time><extensions><speed>1.895299</speed><course>191.505787</course><hAcc>1.939396</hAcc><vAcc>1.411873</vAcc></extensions></trkpt>
    </trkseg>
  </trk>
</gpx>