<?xml version="1.0" encoding="UTF-8"?>
<gpx xmlns="http://www.topografix.com/GPX/1/1" xmlns:gpxtpx="http://www.garmin.com/xmlschemas/TrackPointExtension/v1" xmlns:xsi="http://www.w3.org/2001/XMLSchema-instance" xsi:schemaLocation="http://www.topografix.com/GPX/1/1 http://www.topografix.com/GPX/1/1/gpx.xsd" version="1.1" creator="gpx.py -- https://github.com/tkrajina/gpxpy">
  <trk>
    <name>gpx from keep</name>
    <type>Run</type>
    <trkseg>
      <trkpt lat="31.04251143172868" lon="121.52993195992927">
        <ele>7.751188646070659</ele>
        <time>7579-03-21T20:29:02Z</time>
      </trkpt>
      <trkpt lat="31.042513667903176" lon="121.52991473063199">
        <ele>7.447095948271453</ele>
        <time>1970-01-01T00:00:00Z</time>
      </trkpt>
      <trkpt lat="31.04251663826198" lon="121.52989564745675">
        <ele>7.193614298477769</ele>
        <time>1970-01-01T00:00:01Z</time>
      </trkpt>
      <trkpt lat="31.042520353687124" lon="121.52987703201353">
        <ele>6.984652963466942</ele>
        <time>1970-01-01T00:00:02Z</time>
      </trkpt>
      <trkpt lat="31.042524294400163" lon="121.52985875523999">
        <ele>6.814013539813459</ele>
        <time>1970-01-01T00:00:03Z</time>
      </trkpt>
      <trkpt lat="31.04252854369406" lon="121.52984002428252">
        <ele>6.675155588425696</ele>
        <time>1970-01-01T00:00:04Z</time>
      </trkpt>
      <trkpt lat="31.042532334850083" lon="121.5298212102127">
        <ele>6.562258978374302</ele>
        <time>1970-01-01T00:00:05Z</time>
      </trkpt>
      <trkpt lat="31.042535569685974" lon="121.52980268178193">
        <ele>6.470809425227344</ele>
        <time>1970-01-01T00:00:06Z</time>
      </trkpt>
      <trkpt lat="31.04253734529722" lon="121.52978352342389">
        <ele>6.3970893723890185</ele>
        <time>1970-01-01T00:00:07Z</time>
      </trkpt>
      <trkpt lat="31.042537809613304" lon="121.52976350327768">
        <ele>6.337828184477985</ele>
        <time>1970-01-01T00:00:08Z</time>
      </trkpt>
      <trkpt lat="31.04253791019298" lon="121.5297421348128">
        <ele>6.290277794003487</ele>
        <time>1970-01-01T00:00:09Z</time>
      </trkpt>
      <trkpt lat="31.0425372492746" lon="121.5297182409101">
        <ele>6.252140934579074</ele>
        <time>1970-01-01T00:00:10Z</time>
      </trkpt>
      <trkpt lat="31.042536309221635" lon="121.52969221977844">
        <ele>6.221576613374054</ele>
        <time>1970-01-01T00:00:11Z</time>
      </trkpt>
      <trkpt lat="31.042534601143686" lon="121.52966546699724">
        <ele>6.197182904928923</ele>
        <time>1970-01-01T00:00:12Z</time>
      </trkpt>
      <trkpt lat="31.0425311658202" lon="121.52963852503215">
        <ele>6.177929965779185</ele>
        <time>1970-01-01T00:00:13Z</time>
      </trkpt>
      <trkpt lat="31.042525855983158" lon="121.529611655097">
        <ele>6.163067855872214</ele>
        <time>1970-01-01T00:00:14Z</time>
      </trkpt>
      <trkpt lat="31.04251882926137" lon="121.52958468637205">
        <ele>6.151981730014086</ele>
        <time>1970-01-01T00:00:15Z</time>
      </trkpt>
      <trkpt lat="31.04250974407533" lon="121.52955779879625">
        <ele>6.144046621397138</ele>
        <time>1970-01-01T00:00:16Z</time>
      </trkpt>
      <trkpt lat="31.042497543871594" lon="121.52953223557213">
        <ele>6.138679198920727</ele>
        <time>1970-01-01T00:00:17Z</time>
      </trkpt>
      <trkpt lat="31.04248232148982" lon="121.52950908670971">
        <ele>6.135291322134435</ele>
        <time>1970-01-01T00:00:18Z</time>
      </trkpt>
      <trkpt lat="31.04246627141447" lon="121.52948704883049">
        <ele>6.133301970548928</ele>
        <time>1970-01-01T00:00:19Z</time>
      </trkpt>
      <trkpt lat="31.04245219625911" lon="121.52946348108546">
        <ele>6.132182702422142</ele>
        <time>1970-01-01T00:00:20Z</time>
      </trkpt>
      <trkpt lat="31.042441416599704" lon="121.52943707984902">
        <ele>6.131556320935488</ele>
        <time>1970-01-01T00:00:21Z</time>
      </trkpt>
      <trkpt lat="31.042427884958194" lon="121.52940454163657">
        <ele>6.131087859161198</ele>
        <time>1970-01-01T00:00:22Z</time>
      </trkpt>
      <trkpt lat="31.042418635377924" lon="121.52937151933791">
        <ele>6.130548333749175</ele>
        <time>1970-01-01T00:00:23Z</time>
      </trkpt>
      <trkpt lat="31.042411769494883" lon="121.52933996908654">
        <ele>6.129797728732228</ele>
        <time>1970-01-01T00:00:24Z</time>
      </trkpt>
      <trkpt lat="31.04240598272551" lon="121.52930836844409">
        <ele>6.128757557831705</ele>
        <time>1970-01-01T00:00:25Z</time>
      </trkpt>
      <trkpt lat="31.042401151897447" lon="121.52927643681919">
        <ele>6.127302792854607</ele>
        <time>1970-01-01T00:00:26Z</time>
      </trkpt>
      <trkpt lat="31.042396959885682" lon="121.52924403477019">
        <ele>6.125402495265007</ele>
        <time>1970-01-01T00:00:27Z</time>
      </trkpt>
      <trkpt lat="31.042393736202147" lon="121.52921132026594">
        <ele>6.123044777661562</ele>
        <time>1970-01-01T00:00:28Z</time>
      </trkpt>
      <trkpt lat="31.04239112848453" lon="121.52917863018077">
        <ele>6.120219415985048</ele>
        <time>1970-01-01T00:00:29Z</time>
      </trkpt>
      <trkpt lat="31.042388551171523" lon="121.52914579669037">
        <ele>6.116923561319709</ele>
        <time>1970-01-01T00:00:30Z</time>
      </trkpt>
      <trkpt lat="31.042385361509677" lon="121.52911265978555">
        <ele>6.113448494113982</ele>
        <time>1970-01-01T00:00:31Z</time>
      </trkpt>
      <trkpt lat="31.042379270248375" lon="121.5290784931879">
        <ele>6.110020698048174</ele>
        <time>1970-01-01T00:00:32Z</time>
      </trkpt>
      <trkpt lat="31.042371418391276" lon="121.52904346000643">
        <ele>6.106849275529385</ele>
        <time>1970-01-01T00:00:33Z</time>
      </trkpt>
      <trkpt lat="31.042365611521333" lon="121.52900933560143">
        <ele>6.104143903590739</ele>
        <time>1970-01-01T00:00:34Z</time>
      </trkpt>
      <trkpt lat="31.042362484408436" lon="121.5289769941039">
        <ele>6.102107608690858</ele>
        <time>1970-01-01T00:00:35Z</time>
      </trkpt>
      <trkpt lat="31.04236152554427" lon="121.52894638701417">
        <ele>6.100885129533708</ele>
        <time>1970-01-01T00:00:36Z</time>
      </trkpt>
      <trkpt lat="31.042361940498143" lon="121.5289173046552">
        <ele>6.100655090995133</ele>
        <time>1970-01-01T00:00:37Z</time>
      </trkpt>
      <trkpt lat="31.042362969094565" lon="121.52888900269498">
        <ele>6.101569937542081</ele>
        <time>1970-01-01T00:00:38Z</time>
      </trkpt>
      <trkpt lat="31.042364326942415" lon="121.52886120648067">
        <ele>6.103688128292561</ele>
        <time>1970-01-01T00:00:39Z</time>
      </trkpt>
      <trkpt lat="31.042365992591183" lon="121.52883422846769">
        <ele>6.107044606469572</ele>
        <time>1970-01-01T00:00:40Z</time>
      </trkpt>
      <trkpt lat="31.042368485642967" lon="121.52880716923818">
        <ele>6.111496586352587</ele>
        <time>1970-01-01T00:00:41Z</time>
      </trkpt>
      <trkpt lat="31.04237163265251" lon="121.52877907886624">
        <ele>6.11677229590714</ele>
        <time>1970-01-01T00:00:42Z</time>
      </trkpt>
      <trkpt lat="31.042374609164796" lon="121.52874949102939">
        <ele>6.122406052425504</ele>
        <time>1970-01-01T00:00:43Z</time>
      </trkpt>
      <trkpt lat="31.04237645419079" lon="121.52871880185951">
        <ele>6.127583678811789</ele>
        <time>1970-01-01T00:00:44Z</time>
      </trkpt>
      <trkpt lat="31.042376089341797" lon="121.52868732483505">
        <ele>6.131471893750131</ele>
        <time>1970-01-01T00:00:45Z</time>
      </trkpt>
      <trkpt lat="31.042373297172773" lon="121.52865474124253">
        <ele>6.133425689302385</ele>
        <time>1970-01-01T00:00:46Z</time>
      </trkpt>
      <trkpt lat="31.0423686557488" lon="121.52862182289732">
        <ele>6.1329087652266026</ele>
        <time>1970-01-01T00:00:47Z</time>
      </trkpt>
      <trkpt lat="31.04236330679224" lon="121.52858915493628">
        <ele>6.1294985162094235</ele>
        <time>1970-01-01T00:00:48Z</time>
      </trkpt>
      <trkpt lat="31.042358197969264" lon="121.52855755740227">
        <ele>6.123121899552643</ele>
        <time>1970-01-01T00:00:49Z</time>
      </trkpt>
      <trkpt lat="31.042353663300066" lon="121.52852728958423">
        <ele>6.113818291574717</ele>
        <time>1970-01-01T00:00:50Z</time>
      </trkpt>
      <trkpt lat="31.042349812330155" lon="121.52849745771529">
        <ele>6.101645488291979</ele>
        <time>1970-01-01T00:00:51Z</time>
      </trkpt>
      <trkpt lat="31.042346514614607" lon="121.52846741221698">
        <ele>6.086736210621893</ele>
        <time>1970-01-01T00:00:52Z</time>
      </trkpt>
      <trkpt lat="31.04234431295473" lon="121.52843640967134">
        <ele>6.069376831874251</ele>
        <time>1970-01-01T00:00:53Z</time>
      </trkpt>
      <trkpt lat="31.042343768304303" lon="121.52840497576628">
        <ele>6.050030163489282</ele>
        <time>1970-01-01T00:00:54Z</time>
      </trkpt>
      <trkpt lat="31.042344263442764" lon="121.52837382558263">
        <ele>6.029297113418579</ele>
        <time>1970-01-01T00:00:55Z</time>
      </trkpt>
      <trkpt lat="31.04234452134633" lon="121.52834366114719">
        <ele>6.007794624194503</ele>
        <time>1970-01-01T00:00:56Z</time>
      </trkpt>
      <trkpt lat="31.042343899534803" lon="121.52831540694896">
        <ele>5.986113921739161</ele>
        <time>1970-01-01T00:00:57Z</time>
      </trkpt>
      <trkpt lat="31.04234344977762" lon="121.52828919009599">
        <ele>5.964796709828079</ele>
        <time>1970-01-01T00:00:58Z</time>
      </trkpt>
      <trkpt lat="31.042344768577294" lon="121.52826327224155">
        <ele>5.944244400598109</ele>
        <time>1970-01-01T00:00:59Z</time>
      </trkpt>
      <trkpt lat="31.04234820054381" lon="121.52823501518691">
        <ele>5.924783036112785</ele>
        <time>1970-01-01T00:01:00Z</time>
      </trkpt>
      <trkpt lat="31.042353254296813" lon="121.52820417830857">
        <ele>5.906872873194516</ele>
        <time>1970-01-01T00:01:01Z</time>
      </trkpt>
      <trkpt lat="31.042359197965617" lon="121.52817151041768">
        <ele>5.890920381993055</ele>
        <time>1970-01-01T00:01:02Z</time>
      </trkpt>
      <trkpt lat="31.042365238507845" lon="121.52813858864747">
        <ele>5.877279346808791</ele>
        <time>1970-01-01T00:01:03Z</time>
      </trkpt>
      <trkpt lat="31.04237163322524" lon="121.52810623690391">
        <ele>5.8660073867067695</ele>
        <time>1970-01-01T00:01:04Z</time>
      </trkpt>
      <trkpt lat="31.04237860021742" lon="121.52807507697426">
        <ele>5.85714294668287</ele>
        <time>1970-01-01T00:01:05Z</time>
      </trkpt>
      <trkpt lat="31.042385527679457" lon="121.52804596618688">
        <ele>5.850674238987267</ele>
        <time>1970-01-01T00:01:06Z</time>
      </trkpt>
      <trkpt lat="31.042391943134394" lon="121.52801768001437">
        <ele>5.846282996237278</ele>
        <time>1970-01-01T00:01:07Z</time>
      </trkpt>
      <trkpt lat="31.042397075077755" lon="121.52798968626016">
        <ele>5.843583636917174</ele>
        <time>1970-01-01T00:01:08Z</time>
      </trkpt>
      <trkpt lat="31.042400513680594" lon="121.527960959352">
        <ele>5.842107621952891</ele>
        <time>1970-01-01T00:01:09Z</time>
      </trkpt>
      <trkpt lat="31.04240204851596" lon="121.52793075057733">
        <ele>5.841555044986308</ele>
        <time>1970-01-01T00:01:10Z</time>
      </trkpt>
      <trkpt lat="31.042402037026033" lon="121.52789907027815">
        <ele>5.841561206616461</ele>
        <time>1970-01-01T00:01:11Z</time>
      </trkpt>
      <trkpt lat="31.042401813860582" lon="121.52786634285198">
        <ele>5.841704796999693</ele>
        <time>1970-01-01T00:01:12Z</time>
      </trkpt>
      <trkpt lat="31.042401858745635" lon="121.52783413741598">
        <ele>5.841448633000255</ele>
        <time>1970-01-01T00:01:13Z</time>
      </trkpt>
      <trkpt lat="31.04240184639915" lon="121.52780154681469">
        <ele>5.840319579467177</ele>
        <time>1970-01-01T00:01:14Z</time>
      </trkpt>
      <trkpt lat="31.042401093193455" lon="121.52776791575796">
        <ele>5.837976614944637</ele>
        <time>1970-01-01T00:01:15Z</time>
      </trkpt>
      <trkpt lat="31.042399058616763" lon="121.52773430558807">
        <ele>5.834268947131932</ele>
        <time>1970-01-01T00:01:16Z</time>
      </trkpt>
      <trkpt lat="31.042395733403595" lon="121.52770079565965">
        <ele>5.829201872460544</ele>
        <time>1970-01-01T00:01:17Z</time>
      </trkpt>
      <trkpt lat="31.042391026879006" lon="121.52766810701874">
        <ele>5.8229003278538585</ele>
        <time>1970-01-01T00:01:18Z</time>
      </trkpt>
      <trkpt lat="31.04238509613919" lon="121.52763533049809">
        <ele>5.81563831306994</ele>
        <time>1970-01-01T00:01:19Z</time>
      </trkpt>
      <trkpt lat="31.042378288794808" lon="121.52760209766457">
        <ele>5.807731891050935</ele>
        <time>1970-01-01T00:01:20Z</time>
      </trkpt>
      <trkpt lat="31.042370833837342" lon="121.5275697677583">
        <ele>5.799460317008197</ele>
        <time>1970-01-01T00:01:21Z</time>
      </trkpt>
      <trkpt lat="31.042363010738754" lon="121.5275383196217">
        <ele>5.791150946170092</ele>
        <time>1970-01-01T00:01:22Z</time>
      </trkpt>
      <trkpt lat="31.04235504850581" lon="121.52750781899024">
        <ele>5.783196629956365</ele>
        <time>1970-01-01T00:01:23Z</time>
      </trkpt>
      <trkpt lat="31.04234744678252" lon="121.52747772597903">
        <ele>5.77598796132952</ele>
        <time>1970-01-01T00:01:24Z</time>
      </trkpt>
      <trkpt lat="31.042340258800742" lon="121.5274474989551">
        <ele>5.769731571897864</ele>
        <time>1970-01-01T00:01:25Z</time>
      </trkpt>
      <trkpt lat="31.042333193675034" lon="121.52741814801946">
        <ele>5.764328028075397</ele>
        <time>1970-01-01T00:01:26Z</time>
      </trkpt>
      <trkpt lat="31.04232574403046" lon="121.52738981771274">
        <ele>5.759656150825322</ele>
        <time>1970-01-01T00:01:27Z</time>
      </trkpt>
      <trkpt lat="31.04231720607042" lon="121.52736298313171">
        <ele>5.755550027824938</ele>
        <time>1970-01-01T00:01:28Z</time>
      </trkpt>
      <trkpt lat="31.04230615464394" lon="121.52733853900774">
        <ele>5.751814758405089</ele>
        <time>1970-01-01T00:01:29Z</time>
      </trkpt>
      <trkpt lat="31.0422929663953" lon="121.52731690439285">
        <ele>5.748176604509354</ele>
        <time>1970-01-01T00:01:30Z</time>
      </trkpt>
      <trkpt lat="31.042279131913748" lon="121.52729859008606">
        <ele>5.744317465461791</ele>
        <time>1970-01-01T00:01:31Z</time>
      </trkpt>
      <trkpt lat="31.04226439447849" lon="121.52728336768325">
        <ele>5.740070232190192</ele>
        <time>1970-01-01T00:01:32Z</time>
      </trkpt>
      <trkpt lat="31.042247813690892" lon="121.52727226546884">
        <ele>5.735223941504955</ele>
        <time>1970-01-01T00:01:33Z</time>
      </trkpt>
      <trkpt lat="31.042228670176318" lon="121.5272662173166">
        <ele>5.729580720886588</ele>
        <time>1970-01-01T00:01:34Z</time>
      </trkpt>
      <trkpt lat="31.04220728029902" lon="121.5272646264069">
        <ele>5.723124943673611</ele>
        <time>1970-01-01T00:01:35Z</time>
      </trkpt>
      <trkpt lat="31.042184640222708" lon="121.52726620679782">
        <ele>5.715973858721554</ele>
        <time>1970-01-01T00:01:36Z</time>
      </trkpt>
      <trkpt lat="31.042161225114153" lon="121.52726954068002">
        <ele>5.708397136069834</ele>
        <time>1970-01-01T00:01:37Z</time>
      </trkpt>
      <trkpt lat="31.042139248425205" lon="121.52727338385282">
        <ele>5.700791051611304</ele>
        <time>1970-01-01T00:01:38Z</time>
      </trkpt>
      <trkpt lat="31.042119722749238" lon="121.52727650531504">
        <ele>5.69361106865108</ele>
        <time>1970-01-01T00:01:39Z</time>
      </trkpt>
      <trkpt lat="31.042101973395255" lon="121.52727780422333">
        <ele>5.687320930883288</ele>
        <time>1970-01-01T00:01:40Z</time>
      </trkpt>
      <trkpt lat="31.042085316479653" lon="121.52727582578139">
        <ele>5.682142096571624</ele>
        <time>1970-01-01T00:01:41Z</time>
      </trkpt>
      <trkpt lat="31.042069376461914" lon="121.52726889195989">
        <ele>5.678194183856249</ele>
        <time>1970-01-01T00:01:42Z</time>
      </trkpt>
      <trkpt lat="31.042054879467265" lon="121.52725642584265">
        <ele>5.675490987487137</ele>
        <time>1970-01-01T00:01:43Z</time>
      </trkpt>
      <trkpt lat="31.042043229505218" lon="121.52723775403862">
        <ele>5.674054054543376</ele>
        <time>1970-01-01T00:01:44Z</time>
      </trkpt>
      <trkpt lat="31.042034295389094" lon="121.52721259922343">
        <ele>5.67381679546088</ele>
        <time>1970-01-01T00:01:45Z</time>
      </trkpt>
      <trkpt lat="31.042026608853035" lon="121.5271838476086">
        <ele>5.6746268812567</ele>
        <time>1970-01-01T00:01:46Z</time>
      </trkpt>
      <trkpt lat="31.04201837837642" lon="121.52715393175056">
        <ele>5.676118740811944</ele>
        <time>1970-01-01T00:01:47Z</time>
      </trkpt>
      <trkpt lat="31.042008648335752" lon="121.52712398980992">
        <ele>5.6778385834768414</ele>
        <time>1970-01-01T00:01:48Z</time>
      </trkpt>
      <trkpt lat="31.041997547685096" lon="121.52709474817173">
        <ele>5.6793369287624955</ele>
        <time>1970-01-01T00:01:49Z</time>
      </trkpt>
      <trkpt lat="31.04198541763363" lon="121.52706510361998">
        <ele>5.680337456986308</ele>
        <time>1970-01-01T00:01:50Z</time>
      </trkpt>
      <trkpt lat="31.04197284796944" lon="121.52703470339665">
        <ele>5.6807116493582726</ele>
        <time>1970-01-01T00:01:51Z</time>
      </trkpt>
      <trkpt lat="31.041959994741262" lon="121.52700489776916">
        <ele>5.680407059378922</ele>
        <time>1970-01-01T00:01:52Z</time>
      </trkpt>
      <trkpt lat="31.041947096957273" lon="121.52697667865647">
        <ele>5.679488833993673</ele>
        <time>1970-01-01T00:01:53Z</time>
      </trkpt>
      <trkpt lat="31.041933604408474" lon="121.52695087155227">
        <ele>5.678099217824638</ele>
        <time>1970-01-01T00:01:54Z</time>
      </trkpt>
      <trkpt lat="31.041918519049684" lon="121.52692706128565">
        <ele>5.6764057613909245</ele>
        <time>1970-01-01T00:01:55Z</time>
      </trkpt>
      <trkpt lat="31.041901561562018" lon="121.52690566625775">
        <ele>5.674565411172807</ele>
        <time>1970-01-01T00:01:56Z</time>
      </trkpt>
      <trkpt lat="31.041882040119443" lon="121.52688846965947">
        <ele>5.672726064920425</ele>
        <time>1970-01-01T00:01:57Z</time>
      </trkpt>
      <trkpt lat="31.04185925865112" lon="121.52687658686102">
        <ele>5.671084932051599</ele>
        <time>1970-01-01T00:01:58Z</time>
      </trkpt>
      <trkpt lat="31.041834077048044" lon="121.5268697721161">
        <ele>5.669937056489289</ele>
        <time>1970-01-01T00:01:59Z</time>
      </trkpt>
      <trkpt lat="31.041807704526285" lon="121.5268672132636">
        <ele>5.669671070761979</ele>
        <time>1970-01-01T00:02:00Z</time>
      </trkpt>
      <trkpt lat="31.041780990504588" lon="121.52686861867657">
        <ele>5.670605561695993</ele>
        <time>1970-01-01T00:02:01Z</time>
      </trkpt>
      <trkpt lat="31.041753955909066" lon="121.5268733756877">
        <ele>5.672931469976902</ele>
        <time>1970-01-01T00:02:02Z</time>
        <extensions>
          <gpxtpx:TrackPointExtension>
            <gpxtpx:hr>148</gpxtpx:hr>
          </gpxtpx:TrackPointExtension>
        </extensions>
      </trkpt>
      <trkpt lat="31.041727099867234" lon="121.5268795859531">
        <ele>5.676621071062982</ele>
        <time>1970-01-01T00:02:03Z</time>
        <extensions>
          <gpxtpx:TrackPointExtension>
            <gpxtpx:hr>148</gpxtpx:hr>
          </gpxtpx:TrackPointExtension>
        </extensions>
      </trkpt>
      <trkpt lat="31.0417019795118" lon="121.52688522237926">
        <ele>5.681594241410494</ele>
        <time>1970-01-01T00:02:04Z</time>
        <extensions>
          <gpxtpx:TrackPointExtension>
            <gpxtpx:hr>148</gpxtpx:hr>
          </gpxtpx:TrackPointExtension>
        </extensions>
      </trkpt>
      <trkpt lat="31.041678110405996" lon="121.52688952228114">
        <ele>5.6876927530393</ele>
        <time>1970-01-01T00:02:05Z</time>
        <extensions>
          <gpxtpx:TrackPointExtension>
            <gpxtpx:hr>148</gpxtpx:hr>
          </gpxtpx:TrackPointExtension>
        </extensions>
      </trkpt>
      <trkpt lat="31.04165470627334" lon="121.52689256985786">
        <ele>5.694512689486146</ele>
        <time>1970-01-01T00:02:06Z</time>
        <extensions>
          <gpxtpx:TrackPointExtension>
            <gpxtpx:hr>148</gpxtpx:hr>
          </gpxtpx:TrackPointExtension>
        </extensions>
      </trkpt>
      <trkpt lat="31.041632314744625" lon="121.52689452906895">
        <ele>5.70165008213371</ele>
        <time>1970-01-01T00:02:07Z</time>
        <extensions>
          <gpxtpx:TrackPointExtension>
            <gpxtpx:hr>148</gpxtpx:hr>
          </gpxtpx:TrackPointExtension>
        </extensions>
      </trkpt>
      <trkpt lat="31.04161017716834" lon="121.52689603886371">
        <ele>5.708737898617983</ele>
        <time>1970-01-01T00:02:08Z</time>
        <extensions>
          <gpxtpx:TrackPointExtension>
            <gpxtpx:hr>148</gpxtpx:hr>
          </gpxtpx:TrackPointExtension>
        </extensions>
      </trkpt>
      <trkpt lat="31.041587625098504" lon="121.52689748369104">
        <ele>5.715758244507015</ele>
        <time>1970-01-01T00:02:09Z</time>
        <extensions>
          <gpxtpx:TrackPointExtension>
            <gpxtpx:hr>148</gpxtpx:hr>
          </gpxtpx:TrackPointExtension>
        </extensions>
      </trkpt>
      <trkpt lat="31.041563809685403" lon="121.52689889169112">
        <ele>5.722642231732607</ele>
        <time>1970-01-01T00:02:10Z</time>
        <extensions>
          <gpxtpx:TrackPointExtension>
            <gpxtpx:hr>148</gpxtpx:hr>
          </gpxtpx:TrackPointExtension>
        </extensions>
      </trkpt>
      <trkpt lat="31.04153807967006" lon="121.52690078442008">
        <ele>5.7293216018006206</ele>
        <time>1970-01-01T00:02:11Z</time>
        <extensions>
          <gpxtpx:TrackPointExtension>
            <gpxtpx:hr>148</gpxtpx:hr>
          </gpxtpx:TrackPointExtension>
        </extensions>
      </trkpt>
      <trkpt lat="31.041511054287177" lon="121.52690358407814">
        <ele>5.735870902426541</ele>
        <time>1970-01-01T00:02:12Z</time>
        <extensions>
          <gpxtpx:TrackPointExtension>
            <gpxtpx:hr>148</gpxtpx:hr>
          </gpxtpx:TrackPointExtension>
        </extensions>
      </trkpt>
      <trkpt lat="31.041482976442026" lon="121.5269068841206">
        <ele>5.742426682263613</ele>
        <time>1970-01-01T00:02:13Z</time>
        <extensions>
          <gpxtpx:TrackPointExtension>
            <gpxtpx:hr>148</gpxtpx:hr>
          </gpxtpx:TrackPointExtension>
        </extensions>
      </trkpt>
      <trkpt lat="31.04145466993329" lon="121.52691044245144">
        <ele>5.749191381968558</ele>
        <time>1970-01-01T00:02:14Z</time>
        <extensions>
          <gpxtpx:TrackPointExtension>
            <gpxtpx:hr>148</gpxtpx:hr>
          </gpxtpx:TrackPointExtension>
        </extensions>
      </trkpt>
      <trkpt lat="31.04142677319842" lon="121.52691439498217">
        <ele>5.756250015459955</ele>
        <time>1970-01-01T00:02:15Z</time>
        <extensions>
          <gpxtpx:TrackPointExtension>
            <gpxtpx:hr>149</gpxtpx:hr>
          </gpxtpx:TrackPointExtension>
        </extensions>
      </trkpt>
      <trkpt lat="31.04139831298264" lon="121.52691887682823">
        <ele>5.763792285695672</ele>
        <time>1970-01-01T00:02:16Z</time>
        <extensions>
          <gpxtpx:TrackPointExtension>
            <gpxtpx:hr>149</gpxtpx:hr>
          </gpxtpx:TrackPointExtension>
        </extensions>
      </trkpt>
      <trkpt lat="31.04136929951261" lon="121.52692427458464">
        <ele>5.772039990872145</ele>
        <time>1970-01-01T00:02:17Z</time>
        <extensions>
          <gpxtpx:TrackPointExtension>
            <gpxtpx:hr>149</gpxtpx:hr>
          </gpxtpx:TrackPointExtension>
        </extensions>
      </trkpt>
      <trkpt lat="31.041340211570684" lon="121.52693080921885">
        <ele>5.780888445675373</ele>
        <time>1970-01-01T00:02:18Z</time>
        <extensions>
          <gpxtpx:TrackPointExtension>
            <gpxtpx:hr>149</gpxtpx:hr>
          </gpxtpx:TrackPointExtension>
        </extensions>
      </trkpt>
      <trkpt lat="31.041311918499563" lon="121.5269379216388">
        <ele>5.790164221078157</ele>
        <time>1970-01-01T00:02:19Z</time>
        <extensions>
          <gpxtpx:TrackPointExtension>
            <gpxtpx:hr>149</gpxtpx:hr>
          </gpxtpx:TrackPointExtension>
        </extensions>
      </trkpt>
      <trkpt lat="31.041284937243706" lon="121.5269443387434">
        <ele>5.799604044295847</ele>
        <time>1970-01-01T00:02:20Z</time>
        <extensions>
          <gpxtpx:TrackPointExtension>
            <gpxtpx:hr>149</gpxtpx:hr>
          </gpxtpx:TrackPointExtension>
        </extensions>
      </trkpt>
      <trkpt lat="31.041258624640044" lon="121.52694930178069">
        <ele>5.8090575924143195</ele>
        <time>1970-01-01T00:02:21Z</time>
        <extensions>
          <gpxtpx:TrackPointExtension>
            <gpxtpx:hr>149</gpxtpx:hr>
          </gpxtpx:TrackPointExtension>
        </extensions>
      </trkpt>
      <trkpt lat="31.041232971997818" lon="121.52695292429814">
        <ele>5.818253675475717</ele>
        <time>1970-01-01T00:02:22Z</time>
        <extensions>
          <gpxtpx:TrackPointExtension>
            <gpxtpx:hr>149</gpxtpx:hr>
          </gpxtpx:TrackPointExtension>
        </extensions>
      </trkpt>
      <trkpt lat="31.04120732249286" lon="121.52695568189773">
        <ele>5.82687190361321</ele>
        <time>1970-01-01T00:02:23Z</time>
        <extensions>
          <gpxtpx:TrackPointExtension>
            <gpxtpx:hr>149</gpxtpx:hr>
          </gpxtpx:TrackPointExtension>
        </extensions>
      </trkpt>
      <trkpt lat="31.041180764205954" lon="121.52695804078279">
        <ele>5.834666390903294</ele>
        <time>1970-01-01T00:02:24Z</time>
        <extensions>
          <gpxtpx:TrackPointExtension>
            <gpxtpx:hr>149</gpxtpx:hr>
          </gpxtpx:TrackPointExtension>
        </extensions>
      </trkpt>
      <trkpt lat="31.041153506035887" lon="121.52696061202812">
        <ele>5.841451230458915</ele>
        <time>1970-01-01T00:02:25Z</time>
        <extensions>
          <gpxtpx:TrackPointExtension>
            <gpxtpx:hr>149</gpxtpx:hr>
          </gpxtpx:TrackPointExtension>
        </extensions>
      </trkpt>
      <trkpt lat="31.04112571992572" lon="121.5269637850944">
        <ele>5.847144307568669</ele>
        <time>1970-01-01T00:02:26Z</time>
        <extensions>
          <gpxtpx:TrackPointExtension>
            <gpxtpx:hr>149</gpxtpx:hr>
          </gpxtpx:TrackPointExtension>
        </extensions>
      </trkpt>
      <trkpt lat="31.041097937037595" lon="121.52696757087394">
        <ele>5.851723970845342</ele>
        <time>1970-01-01T00:02:27Z</time>
        <extensions>
          <gpxtpx:TrackPointExtension>
            <gpxtpx:hr>149</gpxtpx:hr>
          </gpxtpx:TrackPointExtension>
        </extensions>
      </trkpt>
      <trkpt lat="31.04107022602022" lon="121.52697190146411">
        <ele>5.855315155349672</ele>
        <time>1970-01-01T00:02:28Z</time>
        <extensions>
          <gpxtpx:TrackPointExtension>
            <gpxtpx:hr>149</gpxtpx:hr>
          </gpxtpx:TrackPointExtension>
        </extensions>
      </trkpt>
      <trkpt lat="31.041042476595205" lon="121.5269763829915">
        <ele>5.858162611722946</ele>
        <time>1970-01-01T00:02:29Z</time>
        <extensions>
          <gpxtpx:TrackPointExtension>
            <gpxtpx:hr>149</gpxtpx:hr>
          </gpxtpx:TrackPointExtension>
        </extensions>
      </trkpt>
      <trkpt lat="31.041015649763192" lon="121.52698076342323">
        <ele>5.860544661059976</ele>
        <time>1970-01-01T00:02:30Z</time>
        <extensions>
          <gpxtpx:TrackPointExtension>
            <gpxtpx:hr>149</gpxtpx:hr>
          </gpxtpx:TrackPointExtension>
        </extensions>
      </trkpt>
      <trkpt lat="31.04098998574931" lon="121.52698586010428">
        <ele>5.862724999897182</ele>
        <time>1970-01-01T00:02:31Z</time>
        <extensions>
          <gpxtpx:TrackPointExtension>
            <gpxtpx:hr>149</gpxtpx:hr>
          </gpxtpx:TrackPointExtension>
        </extensions>
      </trkpt>
      <trkpt lat="31.04096620839675" lon="121.52699272193534">
        <ele>5.864908402785659</ele>
        <time>1970-01-01T00:02:32Z</time>
        <extensions>
          <gpxtpx:TrackPointExtension>
            <gpxtpx:hr>149</gpxtpx:hr>
          </gpxtpx:TrackPointExtension>
        </extensions>
      </trkpt>
      <trkpt lat="31.040945141185993" lon="121.5270024293662">
        <ele>5.867266428656876</ele>
        <time>1970-01-01T00:02:33Z</time>
        <extensions>
          <gpxtpx:TrackPointExtension>
            <gpxtpx:hr>149</gpxtpx:hr>
          </gpxtpx:TrackPointExtension>
        </extensions>
      </trkpt>
      <trkpt lat="31.040926117049725" lon="121.52701636049639">
        <ele>5.869891324080527</ele>
        <time>1970-01-01T00:02:34Z</time>
        <extensions>
          <gpxtpx:TrackPointExtension>
            <gpxtpx:hr>149</gpxtpx:hr>
          </gpxtpx:TrackPointExtension>
        </extensions>
      </trkpt>
      <trkpt lat="31.04090964065307" lon="121.5270352457104">
        <ele>5.87283421959728</ele>
        <time>1970-01-01T00:02:35Z</time>
        <extensions>
          <gpxtpx:TrackPointExtension>
            <gpxtpx:hr>149</gpxtpx:hr>
          </gpxtpx:TrackPointExtension>
        </extensions>
      </trkpt>
      <trkpt lat="31.040897292653675" lon="121.52705884084543">
        <ele>5.8762738555669785</ele>
        <time>1970-01-01T00:02:36Z</time>
        <extensions>
          <gpxtpx:TrackPointExtension>
            <gpxtpx:hr>149</gpxtpx:hr>
          </gpxtpx:TrackPointExtension>
        </extensions>
      </trkpt>
      <trkpt lat="31.040889953912313" lon="121.52708524448282">
        <ele>5.880366263911128</ele>
        <time>1970-01-01T00:02:37Z</time>
        <extensions>
          <gpxtpx:TrackPointExtension>
            <gpxtpx:hr>149</gpxtpx:hr>
          </gpxtpx:TrackPointExtension>
        </extensions>
      </trkpt>
      <trkpt lat="31.040887442594315" lon="121.52711254733383">
        <ele>5.885272994637489</ele>
        <time>1970-01-01T00:02:38Z</time>
        <extensions>
          <gpxtpx:TrackPointExtension>
            <gpxtpx:hr>149</gpxtpx:hr>
          </gpxtpx:TrackPointExtension>
        </extensions>
      </trkpt>
      <trkpt lat="31.04088888229181" lon="121.52714013073157">
        <ele>5.891055337153375</ele>
        <time>1970-01-01T00:02:39Z</time>
        <extensions>
          <gpxtpx:TrackPointExtension>
            <gpxtpx:hr>149</gpxtpx:hr>
          </gpxtpx:TrackPointExtension>
        </extensions>
      </trkpt>
      <trkpt lat="31.04089328176346" lon="121.52716698031747">
        <ele>5.897795427590609</ele>
        <time>1970-01-01T00:02:40Z</time>
        <extensions>
          <gpxtpx:TrackPointExtension>
            <gpxtpx:hr>149</gpxtpx:hr>
          </gpxtpx:TrackPointExtension>
        </extensions>
      </trkpt>
      <trkpt lat="31.04089934148995" lon="121.5271942494778">
        <ele>5.905581581406295</ele>
        <time>1970-01-01T00:02:41Z</time>
      </trkpt>
      <trkpt lat="31.040905804393354" lon="121.52722355467357">
        <ele>5.914271708577871</ele>
        <time>1970-01-01T00:02:42Z</time>
      </trkpt>
      <trkpt lat="31.040911957366742" lon="121.52725391422932">
        <ele>5.92371223308146</ele>
        <time>1970-01-01T00:02:43Z</time>
      </trkpt>
      <trkpt lat="31.040917691786202" lon="121.52728497862857">
        <ele>5.933706484735012</ele>
        <time>1970-01-01T00:02:44Z</time>
      </trkpt>
      <trkpt lat="31.04092289817763" lon="121.5273161058399">
        <ele>5.943989707157016</ele>
        <time>1970-01-01T00:02:45Z</time>
      </trkpt>
      <trkpt lat="31.040927763224456" lon="121.52734653604612">
        <ele>5.9542347909882665</ele>
        <time>1970-01-01T00:02:46Z</time>
      </trkpt>
      <trkpt lat="31.040932710431075" lon="121.52737668626258">
        <ele>5.964057522825897</ele>
        <time>1970-01-01T00:02:47Z</time>
      </trkpt>
      <trkpt lat="31.040937457340863" lon="121.52740685980359">
        <ele>5.9730553207919</ele>
        <time>1970-01-01T00:02:48Z</time>
      </trkpt>
      <trkpt lat="31.04094128060768" lon="121.5274383479036">
        <ele>5.980843987315893</ele>
        <time>1970-01-01T00:02:49Z</time>
      </trkpt>
      <trkpt lat="31.040943163986483" lon="121.52747025891526">
        <ele>5.987094784155488</ele>
        <time>1970-01-01T00:02:50Z</time>
      </trkpt>
      <trkpt lat="31.040943006850824" lon="121.52750103689623">
        <ele>5.991565961390734</ele>
        <time>1970-01-01T00:02:51Z</time>
      </trkpt>
      <trkpt lat="31.040941752361547" lon="121.52753147900944">
        <ele>5.994116244837642</ele>
        <time>1970-01-01T00:02:52Z</time>
      </trkpt>
      <trkpt lat="31.040939586657313" lon="121.52756223747173">
        <ele>5.994714799337089</ele>
        <time>1970-01-01T00:02:53Z</time>
      </trkpt>
      <trkpt lat="31.040936618685564" lon="121.52759383469628">
        <ele>5.993503616191447</ele>
        <time>1970-01-01T00:02:54Z</time>
      </trkpt>
      <trkpt lat="31.04093314001653" lon="121.527625860994">
        <ele>5.990699611604214</ele>
        <time>1970-01-01T00:02:55Z</time>
      </trkpt>
      <trkpt lat="31.040929587153702" lon="121.52765722823067">
        <ele>5.986563930287957</ele>
        <time>1970-01-01T00:02:56Z</time>
      </trkpt>
      <trkpt lat="31.0409264506945" lon="121.52768897767659">
        <ele>5.981289059855044</ele>
        <time>1970-01-01T00:02:57Z</time>
      </trkpt>
      <trkpt lat="31.04092378149926" lon="121.52772131457111">
        <ele>5.975059994496405</ele>
        <time>1970-01-01T00:02:58Z</time>
      </trkpt>
      <trkpt lat="31.040921537307554" lon="121.52775374538925">
        <ele>5.968056824058294</ele>
        <time>1970-01-01T00:02:59Z</time>
      </trkpt>
      <trkpt lat="31.040920020284258" lon="121.52778674430613">
        <ele>5.960440091788769</ele>
        <time>1970-01-01T00:03:00Z</time>
      </trkpt>
      <trkpt lat="31.04091916156958" lon="121.52781967779906">
        <ele>5.952344054356217</ele>
        <time>1970-01-01T00:03:01Z</time>
      </trkpt>
      <trkpt lat="31.04091888053542" lon="121.52785300806457">
        <ele>5.943870197981596</ele>
        <time>1970-01-01T00:03:02Z</time>
      </trkpt>
      <trkpt lat="31.040918840250345" lon="121.52788663858136">
        <ele>5.935209542512894</ele>
        <time>1970-01-01T00:03:03Z</time>
      </trkpt>
      <trkpt lat="31.04091929832369" lon="121.52792010831284">
        <ele>5.926546672359109</ele>
        <time>1970-01-01T00:03:04Z</time>
      </trkpt>
      <trkpt lat="31.040920620563213" lon="121.52795374463805">
        <ele>5.91802635602653</ele>
        <time>1970-01-01T00:03:05Z</time>
      </trkpt>
      <trkpt lat="31.040922236834056" lon="121.52798682537114">
        <ele>5.909797126427293</ele>
        <time>1970-01-01T00:03:06Z</time>
      </trkpt>
      <trkpt lat="31.040923742382606" lon="121.52801960108754">
        <ele>5.902023678645492</ele>
        <time>1970-01-01T00:03:07Z</time>
      </trkpt>
      <trkpt lat="31.040925163258784" lon="121.52805232867381">
        <ele>5.894886774010956</ele>
        <time>1970-01-01T00:03:08Z</time>
      </trkpt>
      <trkpt lat="31.04092664880385" lon="121.52808473285614">
        <ele>5.8884928515180945</ele>
        <time>1970-01-01T00:03:09Z</time>
      </trkpt>
      <trkpt lat="31.040928550993538" lon="121.52811769419577">
        <ele>5.882892134599388</ele>
        <time>1970-01-01T00:03:10Z</time>
      </trkpt>
      <trkpt lat="31.04093039831404" lon="121.52815060221936">
        <ele>5.878128921613097</ele>
        <time>1970-01-01T00:03:11Z</time>
      </trkpt>
      <trkpt lat="31.04093183380988" lon="121.52818316074358">
        <ele>5.874255991540849</ele>
        <time>1970-01-01T00:03:12Z</time>
      </trkpt>
      <trkpt lat="31.040933140521076" lon="121.52821599109066">
        <ele>5.871295718476176</ele>
        <time>1970-01-01T00:03:13Z</time>
      </trkpt>
      <trkpt lat="31.040934277606702" lon="121.52824864447315">
        <ele>5.869205091148615</ele>
        <time>1970-01-01T00:03:14Z</time>
      </trkpt>
      <trkpt lat="31.040935280046224" lon="121.52828203052148">
        <ele>5.867884035222232</ele>
        <time>1970-01-01T00:03:15Z</time>
      </trkpt>
      <trkpt lat="31.040936100350645" lon="121.52831558949443">
        <ele>5.867191378958523</ele>
        <time>1970-01-01T00:03:16Z</time>
      </trkpt>
      <trkpt lat="31.04093659823632" lon="121.52834812788107">
        <ele>5.8669619634747505</ele>
        <time>1970-01-01T00:03:17Z</time>
      </trkpt>
      <trkpt lat="31.040937283372493" lon="121.52838032911022">
        <ele>5.8670314848423</ele>
        <time>1970-01-01T00:03:18Z</time>
      </trkpt>
      <trkpt lat="31.040938398280673" lon="121.52841182819618">
        <ele>5.867262325249612</ele>
        <time>1970-01-01T00:03:19Z</time>
      </trkpt>
      <trkpt lat="31.040940024153485" lon="121.5284430725289">
        <ele>5.867560726590455</ele>
        <time>1970-01-01T00:03:20Z</time>
      </trkpt>
      <trkpt lat="31.04094216913562" lon="121.52847480110495">
        <ele>5.867817866615951</ele>
        <time>1970-01-01T00:03:21Z</time>
      </trkpt>
      <trkpt lat="31.040944152837934" lon="121.52850606111137">
        <ele>5.86785504501313</ele>
        <time>1970-01-01T00:03:22Z</time>
      </trkpt>
      <trkpt lat="31.040946052736444" lon="121.52853769993833">
        <ele>5.8675138195976615</ele>
        <time>1970-01-01T00:03:23Z</time>
      </trkpt>
      <trkpt lat="31.040947842355347" lon="121.52857010744816">
        <ele>5.866695650853217</ele>
        <time>1970-01-01T00:03:24Z</time>
      </trkpt>
      <trkpt lat="31.040949865293555" lon="121.52860274171782">
        <ele>5.865403659641743</ele>
        <time>1970-01-01T00:03:25Z</time>
      </trkpt>
      <trkpt lat="31.0409532002109" lon="121.52863606873458">
        <ele>5.86363588925451</ele>
        <time>1970-01-01T00:03:26Z</time>
      </trkpt>
      <trkpt lat="31.040958035423753" lon="121.52866916997021">
        <ele>5.861447962932289</ele>
        <time>1970-01-01T00:03:27Z</time>
      </trkpt>
      <trkpt lat="31.040964866566124" lon="121.52870177378635">
        <ele>5.858974499627948</ele>
        <time>1970-01-01T00:03:28Z</time>
      </trkpt>
      <trkpt lat="31.040973799832372" lon="121.5287336174354">
        <ele>5.856361421756446</ele>
        <time>1970-01-01T00:03:29Z</time>
      </trkpt>
      <trkpt lat="31.040983928647577" lon="121.52876409684947">
        <ele>5.853739230893552</ele>
        <time>1970-01-01T00:03:30Z</time>
      </trkpt>
      <trkpt lat="31.04099465620401" lon="121.52879429340038">
        <ele>5.851215739734471</ele>
        <time>1970-01-01T00:03:31Z</time>
      </trkpt>
      <trkpt lat="31.04100510542678" lon="121.52882436803812">
        <ele>5.848941285163164</ele>
        <time>1970-01-01T00:03:32Z</time>
      </trkpt>
      <trkpt lat="31.04101452485414" lon="121.52885418743129">
        <ele>5.847054022364318</ele>
        <time>1970-01-01T00:03:33Z</time>
      </trkpt>
      <trkpt lat="31.04102315662773" lon="121.5288843317902">
        <ele>5.84556953702122</ele>
        <time>1970-01-01T00:03:34Z</time>
      </trkpt>
      <trkpt lat="31.041030973854987" lon="121.52891474338294">
        <ele>5.844470583833754</ele>
        <time>1970-01-01T00:03:35Z</time>
      </trkpt>
      <trkpt lat="31.04103799504494" lon="121.52894608571944">
        <ele>5.843782837502658</ele>
        <time>1970-01-01T00:03:36Z</time>
      </trkpt>
      <trkpt lat="31.041044052865928" lon="121.52897807173912">
        <ele>5.843599042855203</ele>
        <time>1970-01-01T00:03:37Z</time>
      </trkpt>
      <trkpt lat="31.041048982944158" lon="121.52900971397229">
        <ele>5.843940523453057</ele>
        <time>1970-01-01T00:03:38Z</time>
      </trkpt>
      <trkpt lat="31.041052998539662" lon="121.52904146393263">
        <ele>5.844783278182149</ele>
        <time>1970-01-01T00:03:39Z</time>
      </trkpt>
      <trkpt lat="31.04105621445615" lon="121.52907268746281">
        <ele>5.846087144687772</ele>
        <time>1970-01-01T00:03:40Z</time>
      </trkpt>
      <trkpt lat="31.0410588480499" lon="121.52910375340734">
        <ele>5.847829010337591</ele>
        <time>1970-01-01T00:03:41Z</time>
      </trkpt>
      <trkpt lat="31.041060718581953" lon="121.52913561366223">
        <ele>5.850018901750445</ele>
        <time>1970-01-01T00:03:42Z</time>
      </trkpt>
      <trkpt lat="31.041061654506148" lon="121.5291680326963">
        <ele>5.852692250162363</ele>
        <time>1970-01-01T00:03:43Z</time>
      </trkpt>
      <trkpt lat="31.041061810424893" lon="121.52920142486043">
        <ele>5.855931811034679</ele>
        <time>1970-01-01T00:03:44Z</time>
      </trkpt>
      <trkpt lat="31.04106092937021" lon="121.52923574451486">
        <ele>5.859927197918296</ele>
        <time>1970-01-01T00:03:45Z</time>
      </trkpt>
      <trkpt lat="31.041058792015463" lon="121.52927066210755">
        <ele>5.86496096663177</ele>
        <time>1970-01-01T00:03:46Z</time>
      </trkpt>
      <trkpt lat="31.041055959938376" lon="121.52930591118943">
        <ele>5.871266364119947</ele>
        <time>1970-01-01T00:03:47Z</time>
      </trkpt>
      <trkpt lat="31.041052878565573" lon="121.52934002291707">
        <ele>5.87892219889909</ele>
        <time>1970-01-01T00:03:48Z</time>
      </trkpt>
      <trkpt lat="31.041049563279124" lon="121.52937360788256">
        <ele>5.887890595942736</ele>
        <time>1970-01-01T00:03:49Z</time>
      </trkpt>
      <trkpt lat="31.041046168893264" lon="121.52940733457825">
        <ele>5.898103687912226</ele>
        <time>1970-01-01T00:03:50Z</time>
      </trkpt>
      <trkpt lat="31.041043176877075" lon="121.52944043474382">
        <ele>5.909336279146373</ele>
        <time>1970-01-01T00:03:51Z</time>
      </trkpt>
      <trkpt lat="31.04104102796688" lon="121.52947282064818">
        <ele>5.921235324814916</ele>
        <time>1970-01-01T00:03:52Z</time>
      </trkpt>
      <trkpt lat="31.04103955807312" lon="121.52950471743515">
        <ele>5.933438246138394</ele>
        <time>1970-01-01T00:03:53Z</time>
      </trkpt>
      <trkpt lat="31.041038775045408" lon="121.5295370524176">
        <ele>5.94566650968045</ele>
        <time>1970-01-01T00:03:54Z</time>
      </trkpt>
      <trkpt lat="31.04103866081682" lon="121.52957010852894">
        <ele>5.957719675265253</ele>
        <time>1970-01-01T00:03:55Z</time>
      </trkpt>
      <trkpt lat="31.041039066564814" lon="121.52960278156748">
        <ele>5.969362213276327</ele>
        <time>1970-01-01T00:03:56Z</time>
      </trkpt>
      <trkpt lat="31.04104022404509" lon="121.52963406701141">
        <ele>5.980419504456222</ele>
        <time>1970-01-01T00:03:57Z</time>
      </trkpt>
      <trkpt lat="31.041042300299537" lon="121.52966392945157">
        <ele>5.990800187923014</ele>
        <time>1970-01-01T00:03:58Z</time>
      </trkpt>
      <trkpt lat="31.04104499362336" lon="121.52969351509569">
        <ele>6.000477294437587</ele>
        <time>1970-01-01T00:03:59Z</time>
      </trkpt>
      <trkpt lat="31.041047963875567" lon="121.5297231149666">
        <ele>6.009435346350074</ele>
        <time>1970-01-01T00:04:00Z</time>
      </trkpt>
      <trkpt lat="31.041051460591856" lon="121.52975164195952">
        <ele>6.017692790366709</ele>
        <time>1970-01-01T00:04:01Z</time>
      </trkpt>
      <trkpt lat="31.04105597348545" lon="121.52977911144083">
        <ele>6.025371363386512</ele>
        <time>1970-01-01T00:04:02Z</time>
      </trkpt>
      <trkpt lat="31.041062109600908" lon="121.52980527354508">
        <ele>6.032689894549549</ele>
        <time>1970-01-01T00:04:03Z</time>
      </trkpt>
      <trkpt lat="31.04107071339019" lon="121.52982905389128">
        <ele>6.039899250492454</ele>
        <time>1970-01-01T00:04:04Z</time>
      </trkpt>
      <trkpt lat="31.041082283307336" lon="121.52985015809243">
        <ele>6.047211960889399</ele>
        <time>1970-01-01T00:04:05Z</time>
      </trkpt>
      <trkpt lat="31.041096576395404" lon="121.5298683745875">
        <ele>6.0549233462661505</ele>
        <time>1970-01-01T00:04:06Z</time>
        <extensions>
          <gpxtpx:TrackPointExtension>
            <gpxtpx:hr>155</gpxtpx:hr>
          </gpxtpx:TrackPointExtension>
        </extensions>
      </trkpt>
      <trkpt lat="31.041113079333414" lon="121.52988408176371">
        <ele>6.063334723934531</ele>
        <time>1970-01-01T00:04:07Z</time>
        <extensions>
          <gpxtpx:TrackPointExtension>
            <gpxtpx:hr>155</gpxtpx:hr>
          </gpxtpx:TrackPointExtension>
        </extensions>
      </trkpt>
      <trkpt lat="31.041132185794115" lon="121.52989826361566">
        <ele>6.072675942443311</ele>
        <time>1970-01-01T00:04:08Z</time>
        <extensions>
          <gpxtpx:TrackPointExtension>
            <gpxtpx:hr>155</gpxtpx:hr>
          </gpxtpx:TrackPointExtension>
        </extensions>
      </trkpt>
      <trkpt lat="31.04115375474314" lon="121.52991087257278">
        <ele>6.082883303985</ele>
        <time>1970-01-01T00:04:09Z</time>
        <extensions>
          <gpxtpx:TrackPointExtension>
            <gpxtpx:hr>155</gpxtpx:hr>
          </gpxtpx:TrackPointExtension>
        </extensions>
      </trkpt>
      <trkpt lat="31.041176362621833" lon="121.52992168888174">
        <ele>6.09372432436794</ele>
        <time>1970-01-01T00:04:10Z</time>
        <extensions>
          <gpxtpx:TrackPointExtension>
            <gpxtpx:hr>155</gpxtpx:hr>
          </gpxtpx:TrackPointExtension>
        </extensions>
      </trkpt>
      <trkpt lat="31.041198542827097" lon="121.52993107048836">
        <ele>6.104982034303248</ele>
        <time>1970-01-01T00:04:11Z</time>
        <extensions>
          <gpxtpx:TrackPointExtension>
            <gpxtpx:hr>155</gpxtpx:hr>
          </gpxtpx:TrackPointExtension>
        </extensions>
      </trkpt>
      <trkpt lat="31.04121964634818" lon="121.52993915155054">
        <ele>6.116511254571378</ele>
        <time>1970-01-01T00:04:12Z</time>
        <extensions>
          <gpxtpx:TrackPointExtension>
            <gpxtpx:hr>155</gpxtpx:hr>
          </gpxtpx:TrackPointExtension>
        </extensions>
      </trkpt>
      <trkpt lat="31.0412404199472" lon="121.52994535816502">
        <ele>6.128193567506969</ele>
        <time>1970-01-01T00:04:13Z</time>
        <extensions>
          <gpxtpx:TrackPointExtension>
            <gpxtpx:hr>155</gpxtpx:hr>
          </gpxtpx:TrackPointExtension>
        </extensions>
      </trkpt>
      <trkpt lat="31.041262735934446" lon="121.52994897161659">
        <ele>6.139887945726514</ele>
        <time>1970-01-01T00:04:14Z</time>
        <extensions>
          <gpxtpx:TrackPointExtension>
            <gpxtpx:hr>155</gpxtpx:hr>
          </gpxtpx:TrackPointExtension>
        </extensions>
      </trkpt>
      <trkpt lat="31.041287095337797" lon="121.52994909981064">
        <ele>6.151499129831791</ele>
        <time>1970-01-01T00:04:15Z</time>
        <extensions>
          <gpxtpx:TrackPointExtension>
            <gpxtpx:hr>155</gpxtpx:hr>
          </gpxtpx:TrackPointExtension>
        </extensions>
      </trkpt>
      <trkpt lat="31.04131360698155" lon="121.52994550495426">
        <ele>6.1629221411421895</ele>
        <time>1970-01-01T00:04:16Z</time>
        <extensions>
          <gpxtpx:TrackPointExtension>
            <gpxtpx:hr>155</gpxtpx:hr>
          </gpxtpx:TrackPointExtension>
        </extensions>
      </trkpt>
      <trkpt lat="31.0413410585982" lon="121.52993891549852">
        <ele>6.174014840275049</ele>
        <time>1970-01-01T00:04:17Z</time>
        <extensions>
          <gpxtpx:TrackPointExtension>
            <gpxtpx:hr>155</gpxtpx:hr>
          </gpxtpx:TrackPointExtension>
        </extensions>
      </trkpt>
      <trkpt lat="31.041368146142545" lon="121.52992989551075">
        <ele>6.1846027402207255</ele>
        <time>1970-01-01T00:04:18Z</time>
        <extensions>
          <gpxtpx:TrackPointExtension>
            <gpxtpx:hr>155</gpxtpx:hr>
          </gpxtpx:TrackPointExtension>
        </extensions>
      </trkpt>
      <trkpt lat="31.0413950354045" lon="121.52991874401165">
        <ele>6.194544746540487</ele>
        <time>1970-01-01T00:04:19Z</time>
        <extensions>
          <gpxtpx:TrackPointExtension>
            <gpxtpx:hr>155</gpxtpx:hr>
          </gpxtpx:TrackPointExtension>
        </extensions>
      </trkpt>
      <trkpt lat="31.041420811110303" lon="121.52990645097043">
        <ele>6.203800888732076</ele>
        <time>1970-01-01T00:04:20Z</time>
        <extensions>
          <gpxtpx:TrackPointExtension>
            <gpxtpx:hr>155</gpxtpx:hr>
          </gpxtpx:TrackPointExtension>
        </extensions>
      </trkpt>
      <trkpt lat="31.041444963623363" lon="121.52989415963108">
        <ele>6.212308407761157</ele>
        <time>1970-01-01T00:04:21Z</time>
        <extensions>
          <gpxtpx:TrackPointExtension>
            <gpxtpx:hr>155</gpxtpx:hr>
          </gpxtpx:TrackPointExtension>
        </extensions>
      </trkpt>
      <trkpt lat="31.041468444461472" lon="121.52988365894119">
        <ele>6.220061655156314</ele>
        <time>1970-01-01T00:04:22Z</time>
        <extensions>
          <gpxtpx:TrackPointExtension>
            <gpxtpx:hr>155</gpxtpx:hr>
          </gpxtpx:TrackPointExtension>
        </extensions>
      </trkpt>
      <trkpt lat="31.041491922541145" lon="121.52987641083574">
        <ele>6.227127387188375</ele>
        <time>1970-01-01T00:04:23Z</time>
        <extensions>
          <gpxtpx:TrackPointExtension>
            <gpxtpx:hr>155</gpxtpx:hr>
          </gpxtpx:TrackPointExtension>
        </extensions>
      </trkpt>
      <trkpt lat="31.041515866155418" lon="121.529871426121">
        <ele>6.233656014315784</ele>
        <time>1970-01-01T00:04:24Z</time>
        <extensions>
          <gpxtpx:TrackPointExtension>
            <gpxtpx:hr>155</gpxtpx:hr>
          </gpxtpx:TrackPointExtension>
        </extensions>
      </trkpt>
      <trkpt lat="31.04154030905655" lon="121.52986748454227">
        <ele>6.239764171652496</ele>
        <time>1970-01-01T00:04:25Z</time>
        <extensions>
          <gpxtpx:TrackPointExtension>
            <gpxtpx:hr>155</gpxtpx:hr>
          </gpxtpx:TrackPointExtension>
        </extensions>
      </trkpt>
      <trkpt lat="31.04156498271256" lon="121.5298641465709">
        <ele>6.245454822666943</ele>
        <time>1970-01-01T00:04:26Z</time>
      </trkpt>
      <trkpt lat="31.04158970185255" lon="121.52986115560687">
        <ele>6.2505344757810235</ele>
        <time>1970-01-01T00:04:27Z</time>
      </trkpt>
      <trkpt lat="31.041614857892558" lon="121.52985852355613">
        <ele>6.254805910401046</ele>
        <time>1970-01-01T00:04:28Z</time>
      </trkpt>
      <trkpt lat="31.041641732528927" lon="121.52985563704345">
        <ele>6.257996771484613</ele>
        <time>1970-01-01T00:04:29Z</time>
      </trkpt>
      <trkpt lat="31.041669778002603" lon="121.529852443972">
        <ele>6.2597440127283335</ele>
        <time>1970-01-01T00:04:30Z</time>
      </trkpt>
      <trkpt lat="31.041696758966346" lon="121.5298491309917">
        <ele>6.259716800414026</ele>
        <time>1970-01-01T00:04:31Z</time>
      </trkpt>
      <trkpt lat="31.041721456944654" lon="121.529844745746">
        <ele>6.257808160968125</ele>
        <time>1970-01-01T00:04:32Z</time>
      </trkpt>
      <trkpt lat="31.041743578318783" lon="121.52983806149616">
        <ele>6.254080057144165</ele>
        <time>1970-01-01T00:04:33Z</time>
      </trkpt>
      <trkpt lat="31.041762517457038" lon="121.5298296958307">
        <ele>6.248590188100934</ele>
        <time>1970-01-01T00:04:34Z</time>
      </trkpt>
      <trkpt lat="31.041779738727513" lon="121.529820701096">
        <ele>6.241509621031582</ele>
        <time>1970-01-01T00:04:35Z</time>
      </trkpt>
      <trkpt lat="31.041798701634036" lon="121.52981104103266">
        <ele>6.233060848899186</ele>
        <time>1970-01-01T00:04:36Z</time>
      </trkpt>
      <trkpt lat="31.041820553716" lon="121.52980098249779">
        <ele>6.223516589030623</ele>
        <time>1970-01-01T00:04:37Z</time>
      </trkpt>
      <trkpt lat="31.041844601706472" lon="121.5297903206243">
        <ele>6.213188377209008</ele>
        <time>1970-01-01T00:04:38Z</time>
      </trkpt>
      <trkpt lat="31.041869304282944" lon="121.5297786451244">
        <ele>6.2024763356894255</ele>
        <time>1970-01-01T00:04:39Z</time>
      </trkpt>
      <trkpt lat="31.041892094030032" lon="121.52976641452837">
        <ele>6.191967922262847</ele>
        <time>1970-01-01T00:04:40Z</time>
      </trkpt>
      <trkpt lat="31.041912593830265" lon="121.52975425547488">
        <ele>6.1825792752206326</ele>
        <time>1970-01-01T00:04:41Z</time>
      </trkpt>
      <trkpt lat="31.041932617095682" lon="121.52974205974805">
        <ele>6.175159607082605</ele>
        <time>1970-01-01T00:04:42Z</time>
      </trkpt>
      <trkpt lat="31.041953431683634" lon="121.52972913125915">
        <ele>6.17026621196419</ele>
        <time>1970-01-01T00:04:43Z</time>
      </trkpt>
      <trkpt lat="31.041975427290396" lon="121.5297154513452">
        <ele>6.167707471176982</ele>
        <time>1970-01-01T00:04:44Z</time>
      </trkpt>
      <trkpt lat="31.041997987899055" lon="121.52970175823788">
        <ele>6.167200553230941</ele>
        <time>1970-01-01T00:04:45Z</time>
      </trkpt>
      <trkpt lat="31.042021121995568" lon="121.5296880305675">
        <ele>6.168436492793262</ele>
        <time>1970-01-01T00:04:46Z</time>
      </trkpt>
      <trkpt lat="31.042044615540714" lon="121.52967466978424">
        <ele>6.171115797013044</ele>
        <time>1970-01-01T00:04:47Z</time>
      </trkpt>
      <trkpt lat="31.042067823935227" lon="121.52966188941758">
        <ele>6.174853659234941</ele>
        <time>1970-01-01T00:04:48Z</time>
      </trkpt>
      <trkpt lat="31.04209154350888" lon="121.52964916822737">
        <ele>6.1794615322723985</ele>
        <time>1970-01-01T00:04:49Z</time>
      </trkpt>
      <trkpt lat="31.042116418655226" lon="121.52963648472632">
        <ele>6.184696938842535</ele>
        <time>1970-01-01T00:04:50Z</time>
      </trkpt>
      <trkpt lat="31.042142088204304" lon="121.52962348459809">
        <ele>6.190204815939069</ele>
        <time>1970-01-01T00:04:51Z</time>
      </trkpt>
      <trkpt lat="31.042167742519137" lon="121.52961058283962">
        <ele>6.195524876005948</ele>
        <time>1970-01-01T00:04:52Z</time>
      </trkpt>
      <trkpt lat="31.042193352221172" lon="121.52959832892499">
        <ele>6.200277525931597</ele>
        <time>1970-01-01T00:04:53Z</time>
      </trkpt>
      <trkpt lat="31.042219464772838" lon="121.52958700530334">
        <ele>6.204154918901622</ele>
        <time>1970-01-01T00:04:54Z</time>
      </trkpt>
      <trkpt lat="31.042244827013437" lon="121.52957745387982">
        <ele>6.207048709504306</ele>
        <time>1970-01-01T00:04:55Z</time>
      </trkpt>
      <trkpt lat="31.04226821761361" lon="121.52956966518838">
        <ele>6.209082217887044</ele>
        <time>1970-01-01T00:04:56Z</time>
      </trkpt>
      <trkpt lat="31.042289575473593" lon="121.52956285652085">
        <ele>6.210650309920311</ele>
        <time>1970-01-01T00:04:57Z</time>
      </trkpt>
      <trkpt lat="31.042308513162713" lon="121.5295566558853">
        <ele>6.21212263032794</ele>
        <time>1970-01-01T00:04:58Z</time>
      </trkpt>
      <trkpt lat="31.042325223075864" lon="121.52955057555297">
        <ele>6.213875979185104</ele>
        <time>1970-01-01T00:04:59Z</time>
      </trkpt>
      <trkpt lat="31.042339981723117" lon="121.52954352334079">
        <ele>6.2162346839904785</ele>
        <time>1970-01-01T00:05:00Z</time>
      </trkpt>
      <trkpt lat="31.042352321329933" lon="121.52953501503917">
        <ele>6.219439636915922</ele>
        <time>1970-01-01T00:05:01Z</time>
        <extensions>
          <gpxtpx:TrackPointExtension>
            <gpxtpx:hr>149</gpxtpx:hr>
          </gpxtpx:TrackPointExtension>
        </extensions>
      </trkpt>
      <trkpt lat="31.0423628801121" lon="121.52952507439444">
        <ele>6.223570382222533</ele>
        <time>1970-01-01T00:05:02Z</time>
        <extensions>
          <gpxtpx:TrackPointExtension>
            <gpxtpx:hr>149</gpxtpx:hr>
          </gpxtpx:TrackPointExtension>
        </extensions>
      </trkpt>
      <trkpt lat="31.042372226822614" lon="121.52951403899812">
        <ele>6.22872219979763</ele>
        <time>1970-01-01T00:05:03Z</time>
        <extensions>
          <gpxtpx:TrackPointExtension>
            <gpxtpx:hr>149</gpxtpx:hr>
          </gpxtpx:TrackPointExtension>
        </extensions>
      </trkpt>
      <trkpt lat="31.042380227679843" lon="121.52950176987476">
        <ele>6.235035327263176</ele>
        <time>1970-01-01T00:05:04Z</time>
        <extensions>
          <gpxtpx:TrackPointExtension>
            <gpxtpx:hr>149</gpxtpx:hr>
          </gpxtpx:TrackPointExtension>
        </extensions>
      </trkpt>
      <trkpt lat="31.04238633760838" lon="121.52948877750084">
        <ele>6.242670166306198</ele>
        <time>1970-01-01T00:05:05Z</time>
        <extensions>
          <gpxtpx:TrackPointExtension>
            <gpxtpx:hr>149</gpxtpx:hr>
          </gpxtpx:TrackPointExtension>
        </extensions>
      </trkpt>
      <trkpt lat="31.04239075964842" lon="121.52947516519203">
        <ele>6.251748372800648</ele>
        <time>1970-01-01T00:05:06Z</time>
        <extensions>
          <gpxtpx:TrackPointExtension>
            <gpxtpx:hr>149</gpxtpx:hr>
          </gpxtpx:TrackPointExtension>
        </extensions>
      </trkpt>
      <trkpt lat="31.042393402613786" lon="121.529461284301">
        <ele>6.262207503430545</ele>
        <time>1970-01-01T00:05:07Z</time>
        <extensions>
          <gpxtpx:TrackPointExtension>
            <gpxtpx:hr>149</gpxtpx:hr>
          </gpxtpx:TrackPointExtension>
        </extensions>
      </trkpt>
      <trkpt lat="31.042394407025657" lon="121.52944707226985">
        <ele>6.27389744669199</ele>
        <time>1970-01-01T00:05:08Z</time>
        <extensions>
          <gpxtpx:TrackPointExtension>
            <gpxtpx:hr>149</gpxtpx:hr>
          </gpxtpx:TrackPointExtension>
        </extensions>
      </trkpt>
      <trkpt lat="31.042394869051304" lon="121.5294320051764">
        <ele>6.286547007970512</ele>
        <time>1970-01-01T00:05:09Z</time>
        <extensions>
          <gpxtpx:TrackPointExtension>
            <gpxtpx:hr>149</gpxtpx:hr>
          </gpxtpx:TrackPointExtension>
        </extensions>
      </trkpt>
      <trkpt lat="31.042394038944074" lon="121.52941653402101">
        <ele>6.299793065525591</ele>
        <time>1970-01-01T00:05:10Z</time>
        <extensions>
          <gpxtpx:TrackPointExtension>
            <gpxtpx:hr>149</gpxtpx:hr>
          </gpxtpx:TrackPointExtension>
        </extensions>
      </trkpt>
      <trkpt lat="31.042391265277583" lon="121.52940153523132">
        <ele>6.313248665072024</ele>
        <time>1970-01-01T00:05:11Z</time>
        <extensions>
          <gpxtpx:TrackPointExtension>
            <gpxtpx:hr>149</gpxtpx:hr>
          </gpxtpx:TrackPointExtension>
        </extensions>
      </trkpt>
      <trkpt lat="31.042387731966343" lon="121.52938778290749">
        <ele>6.326444399543107</ele>
        <time>1970-01-01T00:05:12Z</time>
        <extensions>
          <gpxtpx:TrackPointExtension>
            <gpxtpx:hr>149</gpxtpx:hr>
          </gpxtpx:TrackPointExtension>
        </extensions>
      </trkpt>
      <trkpt lat="31.042384335458216" lon="121.52937718957196">
        <ele>6.338950413279235</ele>
        <time>1970-01-01T00:05:13Z</time>
        <extensions>
          <gpxtpx:TrackPointExtension>
            <gpxtpx:hr>149</gpxtpx:hr>
          </gpxtpx:TrackPointExtension>
        </extensions>
      </trkpt>
      <trkpt lat="31.042381647340836" lon="121.52936906062848">
        <ele>6.350360171869397</ele>
        <time>1970-01-01T00:05:14Z</time>
        <extensions>
          <gpxtpx:TrackPointExtension>
            <gpxtpx:hr>146</gpxtpx:hr>
          </gpxtpx:TrackPointExtension>
        </extensions>
      </trkpt>
      <trkpt lat="31.042379410246085" lon="121.52936108730017">
        <ele>6.360280439257622</ele>
        <time>1970-01-01T00:05:15Z</time>
        <extensions>
          <gpxtpx:TrackPointExtension>
            <gpxtpx:hr>146</gpxtpx:hr>
          </gpxtpx:TrackPointExtension>
        </extensions>
      </trkpt>
      <trkpt lat="31.042377589175604" lon="121.52935373680656">
        <ele>6.368364015594125</ele>
        <time>1970-01-01T00:05:16Z</time>
        <extensions>
          <gpxtpx:TrackPointExtension>
            <gpxtpx:hr>146</gpxtpx:hr>
          </gpxtpx:TrackPointExtension>
        </extensions>
      </trkpt>
      <trkpt lat="31.042376896838544" lon="121.52934749145068">
        <ele>6.37420851085335</ele>
        <time>1970-01-01T00:05:17Z</time>
        <extensions>
          <gpxtpx:TrackPointExtension>
            <gpxtpx:hr>146</gpxtpx:hr>
          </gpxtpx:TrackPointExtension>
        </extensions>
      </trkpt>
      <trkpt lat="31.042377585562456" lon="121.52934159563588">
        <ele>6.377471659332514</ele>
        <time>1970-01-01T00:05:18Z</time>
        <extensions>
          <gpxtpx:TrackPointExtension>
            <gpxtpx:hr>146</gpxtpx:hr>
          </gpxtpx:TrackPointExtension>
        </extensions>
      </trkpt>
      <trkpt lat="31.04237938117305" lon="121.52933455151006">
        <ele>6.377878258936107</ele>
        <time>1970-01-01T00:05:19Z</time>
        <extensions>
          <gpxtpx:TrackPointExtension>
            <gpxtpx:hr>139</gpxtpx:hr>
          </gpxtpx:TrackPointExtension>
        </extensions>
      </trkpt>
      <trkpt lat="31.04238178747193" lon="121.52932565414334">
        <ele>6.375207899138331</ele>
        <time>1970-01-01T00:05:20Z</time>
        <extensions>
          <gpxtpx:TrackPointExtension>
            <gpxtpx:hr>139</gpxtpx:hr>
          </gpxtpx:TrackPointExtension>
        </extensions>
      </trkpt>
      <trkpt lat="31.042384067088953" lon="121.52931535864722">
        <ele>6.369310589507222</ele>
        <time>1970-01-01T00:05:21Z</time>
        <extensions>
          <gpxtpx:TrackPointExtension>
            <gpxtpx:hr>139</gpxtpx:hr>
          </gpxtpx:TrackPointExtension>
        </extensions>
      </trkpt>
      <trkpt lat="31.042385823474916" lon="121.52930438296099">
        <ele>6.360258829779923</ele>
        <time>1970-01-01T00:05:22Z</time>
        <extensions>
          <gpxtpx:TrackPointExtension>
            <gpxtpx:hr>139</gpxtpx:hr>
          </gpxtpx:TrackPointExtension>
        </extensions>
      </trkpt>
      <trkpt lat="31.042387152588216" lon="121.52929224242756">
        <ele>6.348231534473598</ele>
        <time>1970-01-01T00:05:23Z</time>
        <extensions>
          <gpxtpx:TrackPointExtension>
            <gpxtpx:hr>139</gpxtpx:hr>
          </gpxtpx:TrackPointExtension>
        </extensions>
      </trkpt>
      <trkpt lat="31.042387537510642" lon="121.52927795536888">
        <ele>6.333455663174391</ele>
        <time>1970-01-01T00:05:24Z</time>
        <extensions>
          <gpxtpx:TrackPointExtension>
            <gpxtpx:hr>137</gpxtpx:hr>
          </gpxtpx:TrackPointExtension>
        </extensions>
      </trkpt>
      <trkpt lat="31.04238680887958" lon="121.52926150084919">
        <ele>6.3161721881479025</ele>
        <time>1970-01-01T00:05:25Z</time>
        <extensions>
          <gpxtpx:TrackPointExtension>
            <gpxtpx:hr>137</gpxtpx:hr>
          </gpxtpx:TrackPointExtension>
        </extensions>
      </trkpt>
      <trkpt lat="31.042385260045023" lon="121.52924480469945">
        <ele>6.296674567274749</ele>
        <time>1970-01-01T00:05:26Z</time>
        <extensions>
          <gpxtpx:TrackPointExtension>
            <gpxtpx:hr>137</gpxtpx:hr>
          </gpxtpx:TrackPointExtension>
        </extensions>
      </trkpt>
      <trkpt lat="31.042384136306705" lon="121.5292283444378">
        <ele>6.275513203814626</ele>
        <time>1970-01-01T00:05:27Z</time>
        <extensions>
          <gpxtpx:TrackPointExtension>
            <gpxtpx:hr>137</gpxtpx:hr>
          </gpxtpx:TrackPointExtension>
        </extensions>
      </trkpt>
      <trkpt lat="31.042384124027976" lon="121.52921185770295">
        <ele>6.253381219692528</ele>
        <time>1970-01-01T00:05:28Z</time>
        <extensions>
          <gpxtpx:TrackPointExtension>
            <gpxtpx:hr>137</gpxtpx:hr>
          </gpxtpx:TrackPointExtension>
        </extensions>
      </trkpt>
      <trkpt lat="31.042384265907014" lon="121.52919534198078">
        <ele>6.230993680655956</ele>
        <time>1970-01-01T00:05:29Z</time>
        <extensions>
          <gpxtpx:TrackPointExtension>
            <gpxtpx:hr>137</gpxtpx:hr>
          </gpxtpx:TrackPointExtension>
        </extensions>
      </trkpt>
      <trkpt lat="31.04238338198053" lon="121.52917855156372">
        <ele>6.209118698723614</ele>
        <time>1970-01-01T00:05:30Z</time>
        <extensions>
          <gpxtpx:TrackPointExtension>
            <gpxtpx:hr>132</gpxtpx:hr>
          </gpxtpx:TrackPointExtension>
        </extensions>
      </trkpt>
      <trkpt lat="31.042381293392978" lon="121.52916250744427">
        <ele>6.1884889444336295</ele>
        <time>1970-01-01T00:05:31Z</time>
        <extensions>
          <gpxtpx:TrackPointExtension>
            <gpxtpx:hr>132</gpxtpx:hr>
          </gpxtpx:TrackPointExtension>
        </extensions>
      </trkpt>
      <trkpt lat="31.04237831070603" lon="121.52914439509087">
        <ele>6.169717564247549</ele>
        <time>1970-01-01T00:05:32Z</time>
        <extensions>
          <gpxtpx:TrackPointExtension>
            <gpxtpx:hr>132</gpxtpx:hr>
          </gpxtpx:TrackPointExtension>
        </extensions>
      </trkpt>
      <trkpt lat="31.04237544846904" lon="121.52912658528254">
        <ele>6.15328239556402</ele>
        <time>1970-01-01T00:05:33Z</time>
        <extensions>
          <gpxtpx:TrackPointExtension>
            <gpxtpx:hr>132</gpxtpx:hr>
          </gpxtpx:TrackPointExtension>
        </extensions>
      </trkpt>
      <trkpt lat="31.04237294871981" lon="121.52910730674017">
        <ele>6.139563479460776</ele>
        <time>1970-01-01T00:05:34Z</time>
        <extensions>
          <gpxtpx:TrackPointExtension>
            <gpxtpx:hr>132</gpxtpx:hr>
          </gpxtpx:TrackPointExtension>
        </extensions>
      </trkpt>
      <trkpt lat="31.042370968326384" lon="121.52908683299783">
        <ele>6.1285631926730275</ele>
        <time>1970-01-01T00:05:35Z</time>
        <extensions>
          <gpxtpx:TrackPointExtension>
            <gpxtpx:hr>130</gpxtpx:hr>
          </gpxtpx:TrackPointExtension>
        </extensions>
      </trkpt>
      <trkpt lat="31.042369206807916" lon="121.52906381254427">
        <ele>6.12019454408437</ele>
        <time>1970-01-01T00:05:36Z</time>
        <extensions>
          <gpxtpx:TrackPointExtension>
            <gpxtpx:hr>130</gpxtpx:hr>
          </gpxtpx:TrackPointExtension>
        </extensions>
      </trkpt>
      <trkpt lat="31.042367997351374" lon="121.52903946181385">
        <ele>6.114247192628682</ele>
        <time>1970-01-01T00:05:37Z</time>
        <extensions>
          <gpxtpx:TrackPointExtension>
            <gpxtpx:hr>130</gpxtpx:hr>
          </gpxtpx:TrackPointExtension>
        </extensions>
      </trkpt>
      <trkpt lat="31.042367644207445" lon="121.52901573864463">
        <ele>6.1103690369054675</ele>
        <time>1970-01-01T00:05:38Z</time>
        <extensions>
          <gpxtpx:TrackPointExtension>
            <gpxtpx:hr>130</gpxtpx:hr>
          </gpxtpx:TrackPointExtension>
        </extensions>
      </trkpt>
      <trkpt lat="31.04236723812251" lon="121.52899087731936">
        <ele>6.108076310716569</ele>
        <time>1970-01-01T00:05:39Z</time>
        <extensions>
          <gpxtpx:TrackPointExtension>
            <gpxtpx:hr>130</gpxtpx:hr>
          </gpxtpx:TrackPointExtension>
        </extensions>
      </trkpt>
      <trkpt lat="31.042366764446662" lon="121.5289653014442">
        <ele>6.106701218523085</ele>
        <time>1970-01-01T00:05:40Z</time>
        <extensions>
          <gpxtpx:TrackPointExtension>
            <gpxtpx:hr>130</gpxtpx:hr>
          </gpxtpx:TrackPointExtension>
        </extensions>
      </trkpt>
      <trkpt lat="31.042366415991143" lon="121.52894072876865">
        <ele>6.105523630045354</ele>
        <time>1970-01-01T00:05:41Z</time>
        <extensions>
          <gpxtpx:TrackPointExtension>
            <gpxtpx:hr>130</gpxtpx:hr>
          </gpxtpx:TrackPointExtension>
        </extensions>
      </trkpt>
      <trkpt lat="31.04236637398777" lon="121.52891674257556">
        <ele>6.103940944187343</ele>
        <time>1970-01-01T00:05:42Z</time>
        <extensions>
          <gpxtpx:TrackPointExtension>
            <gpxtpx:hr>130</gpxtpx:hr>
          </gpxtpx:TrackPointExtension>
        </extensions>
      </trkpt>
      <trkpt lat="31.04236638073764" lon="121.52889283417684">
        <ele>6.1016174936667085</ele>
        <time>1970-01-01T00:05:43Z</time>
        <extensions>
          <gpxtpx:TrackPointExtension>
            <gpxtpx:hr>130</gpxtpx:hr>
          </gpxtpx:TrackPointExtension>
        </extensions>
      </trkpt>
      <trkpt lat="31.042366743297954" lon="121.52886862849655">
        <ele>6.098304250277579</ele>
        <time>1970-01-01T00:05:44Z</time>
        <extensions>
          <gpxtpx:TrackPointExtension>
            <gpxtpx:hr>130</gpxtpx:hr>
          </gpxtpx:TrackPointExtension>
        </extensions>
      </trkpt>
      <trkpt lat="31.04236793847024" lon="121.52884244075666">
        <ele>6.093899546191096</ele>
        <time>1970-01-01T00:05:45Z</time>
        <extensions>
          <gpxtpx:TrackPointExtension>
            <gpxtpx:hr>131</gpxtpx:hr>
          </gpxtpx:TrackPointExtension>
        </extensions>
      </trkpt>
      <trkpt lat="31.04236907632243" lon="121.52881809819596">
        <ele>6.088457899168134</ele>
        <time>1970-01-01T00:05:46Z</time>
        <extensions>
          <gpxtpx:TrackPointExtension>
            <gpxtpx:hr>131</gpxtpx:hr>
          </gpxtpx:TrackPointExtension>
        </extensions>
      </trkpt>
      <trkpt lat="31.042370053351423" lon="121.52879473714766">
        <ele>6.08223592210561</ele>
        <time>1970-01-01T00:05:47Z</time>
        <extensions>
          <gpxtpx:TrackPointExtension>
            <gpxtpx:hr>131</gpxtpx:hr>
          </gpxtpx:TrackPointExtension>
        </extensions>
      </trkpt>
      <trkpt lat="31.04237082029328" lon="121.52877033386866">
        <ele>6.075794909149408</ele>
        <time>1970-01-01T00:05:48Z</time>
        <extensions>
          <gpxtpx:TrackPointExtension>
            <gpxtpx:hr>131</gpxtpx:hr>
          </gpxtpx:TrackPointExtension>
        </extensions>
      </trkpt>
      <trkpt lat="31.042371062833425" lon="121.52874603322444">
        <ele>6.069753747433424</ele>
        <time>1970-01-01T00:05:49Z</time>
        <extensions>
          <gpxtpx:TrackPointExtension>
            <gpxtpx:hr>131</gpxtpx:hr>
          </gpxtpx:TrackPointExtension>
        </extensions>
      </trkpt>
      <trkpt lat="31.042370580829854" lon="121.52872206846378">
        <ele>6.064510184340179</ele>
        <time>1970-01-01T00:05:50Z</time>
        <extensions>
          <gpxtpx:TrackPointExtension>
            <gpxtpx:hr>131</gpxtpx:hr>
          </gpxtpx:TrackPointExtension>
        </extensions>
      </trkpt>
      <trkpt lat="31.04236905644206" lon="121.52869780150934">
        <ele>6.060369190759957</ele>
        <time>1970-01-01T00:05:51Z</time>
        <extensions>
          <gpxtpx:TrackPointExtension>
            <gpxtpx:hr>131</gpxtpx:hr>
          </gpxtpx:TrackPointExtension>
        </extensions>
      </trkpt>
      <trkpt lat="31.042366071006455" lon="121.52866850135764">
        <ele>6.057625413872302</ele>
        <time>1970-01-01T00:05:52Z</time>
        <extensions>
          <gpxtpx:TrackPointExtension>
            <gpxtpx:hr>133</gpxtpx:hr>
          </gpxtpx:TrackPointExtension>
        </extensions>
      </trkpt>
      <trkpt lat="31.04236253293622" lon="121.52863905366485">
        <ele>6.056629948318005</ele>
        <time>1970-01-01T00:05:53Z</time>
        <extensions>
          <gpxtpx:TrackPointExtension>
            <gpxtpx:hr>133</gpxtpx:hr>
          </gpxtpx:TrackPointExtension>
        </extensions>
      </trkpt>
      <trkpt lat="31.042358821322914" lon="121.52861492072063">
        <ele>6.057593344710767</ele>
        <time>1970-01-01T00:05:54Z</time>
        <extensions>
          <gpxtpx:TrackPointExtension>
            <gpxtpx:hr>133</gpxtpx:hr>
          </gpxtpx:TrackPointExtension>
        </extensions>
      </trkpt>
      <trkpt lat="31.042355053783606" lon="121.52859191680152">
        <ele>6.060494706965983</ele>
        <time>1970-01-01T00:05:55Z</time>
        <extensions>
          <gpxtpx:TrackPointExtension>
            <gpxtpx:hr>133</gpxtpx:hr>
          </gpxtpx:TrackPointExtension>
        </extensions>
      </trkpt>
      <trkpt lat="31.04235171799394" lon="121.52856829646161">
        <ele>6.065136390738189</ele>
        <time>1970-01-01T00:05:56Z</time>
        <extensions>
          <gpxtpx:TrackPointExtension>
            <gpxtpx:hr>133</gpxtpx:hr>
          </gpxtpx:TrackPointExtension>
        </extensions>
      </trkpt>
      <trkpt lat="31.042348219256567" lon="121.52853609807228">
        <ele>6.071240174584091</ele>
        <time>1970-01-01T00:05:57Z</time>
        <extensions>
          <gpxtpx:TrackPointExtension>
            <gpxtpx:hr>133</gpxtpx:hr>
          </gpxtpx:TrackPointExtension>
        </extensions>
      </trkpt>
      <trkpt lat="31.04234471050973" lon="121.5284935687122">
        <ele>6.078693957999349</ele>
        <time>1970-01-01T00:05:58Z</time>
        <extensions>
          <gpxtpx:TrackPointExtension>
            <gpxtpx:hr>133</gpxtpx:hr>
          </gpxtpx:TrackPointExtension>
        </extensions>
      </trkpt>
      <trkpt lat="31.04234200878514" lon="121.5284486583744">
        <ele>6.087314031086862</ele>
        <time>1970-01-01T00:05:59Z</time>
        <extensions>
          <gpxtpx:TrackPointExtension>
            <gpxtpx:hr>135</gpxtpx:hr>
          </gpxtpx:TrackPointExtension>
        </extensions>
      </trkpt>
      <trkpt lat="31.042340085174093" lon="121.52840370432911">
        <ele>6.0967193534597754</ele>
        <time>1970-01-01T00:06:00Z</time>
        <extensions>
          <gpxtpx:TrackPointExtension>
            <gpxtpx:hr>135</gpxtpx:hr>
          </gpxtpx:TrackPointExtension>
        </extensions>
      </trkpt>
      <trkpt lat="31.0423392875127" lon="121.52835875378968">
        <ele>6.10639448557049</ele>
        <time>1970-01-01T00:06:01Z</time>
        <extensions>
          <gpxtpx:TrackPointExtension>
            <gpxtpx:hr>135</gpxtpx:hr>
          </gpxtpx:TrackPointExtension>
        </extensions>
      </trkpt>
      <trkpt lat="31.042340423977617" lon="121.52831385521607">
        <ele>6.115909351967275</ele>
        <time>1970-01-01T00:06:02Z</time>
        <extensions>
          <gpxtpx:TrackPointExtension>
            <gpxtpx:hr>135</gpxtpx:hr>
          </gpxtpx:TrackPointExtension>
        </extensions>
      </trkpt>
      <trkpt lat="31.042343735223763" lon="121.52826824147512">
        <ele>6.124951686710119</ele>
        <time>1970-01-01T00:06:03Z</time>
        <extensions>
          <gpxtpx:TrackPointExtension>
            <gpxtpx:hr>135</gpxtpx:hr>
          </gpxtpx:TrackPointExtension>
        </extensions>
      </trkpt>
      <trkpt lat="31.042348542426264" lon="121.5282229969884">
        <ele>6.133231484331191</ele>
        <time>1970-01-01T00:06:04Z</time>
        <extensions>
          <gpxtpx:TrackPointExtension>
            <gpxtpx:hr>135</gpxtpx:hr>
          </gpxtpx:TrackPointExtension>
        </extensions>
      </trkpt>
      <trkpt lat="31.042353794677553" lon="121.52817894478005">
        <ele>6.140621814876795</ele>
        <time>1970-01-01T00:06:05Z</time>
        <extensions>
          <gpxtpx:TrackPointExtension>
            <gpxtpx:hr>137</gpxtpx:hr>
          </gpxtpx:TrackPointExtension>
        </extensions>
      </trkpt>
      <trkpt lat="31.04235909744384" lon="121.52813518865393">
        <ele>6.147238037548959</ele>
        <time>1970-01-01T00:06:06Z</time>
        <extensions>
          <gpxtpx:TrackPointExtension>
            <gpxtpx:hr>137</gpxtpx:hr>
          </gpxtpx:TrackPointExtension>
        </extensions>
      </trkpt>
      <trkpt lat="31.042364311353044" lon="121.52809294121506">
        <ele>6.153218279592693</ele>
        <time>1970-01-01T00:06:07Z</time>
        <extensions>
          <gpxtpx:TrackPointExtension>
            <gpxtpx:hr>137</gpxtpx:hr>
          </gpxtpx:TrackPointExtension>
        </extensions>
      </trkpt>
      <trkpt lat="31.042369350744753" lon="121.52805402536936">
        <ele>6.158505047671497</ele>
        <time>1970-01-01T00:06:08Z</time>
        <extensions>
          <gpxtpx:TrackPointExtension>
            <gpxtpx:hr>137</gpxtpx:hr>
          </gpxtpx:TrackPointExtension>
        </extensions>
      </trkpt>
      <trkpt lat="31.042373959457912" lon="121.52801841970063">
        <ele>6.1630265060812235</ele>
        <time>1970-01-01T00:06:09Z</time>
        <extensions>
          <gpxtpx:TrackPointExtension>
            <gpxtpx:hr>137</gpxtpx:hr>
          </gpxtpx:TrackPointExtension>
        </extensions>
      </trkpt>
      <trkpt lat="31.042378013187616" lon="121.52798636846649">
        <ele>6.1666945377364755</ele>
        <time>1970-01-01T00:06:10Z</time>
        <extensions>
          <gpxtpx:TrackPointExtension>
            <gpxtpx:hr>137</gpxtpx:hr>
          </gpxtpx:TrackPointExtension>
        </extensions>
      </trkpt>
      <trkpt lat="31.042382337554724" lon="121.52795752122394">
        <ele>6.169348226860166</ele>
        <time>1970-01-01T00:06:11Z</time>
        <extensions>
          <gpxtpx:TrackPointExtension>
            <gpxtpx:hr>137</gpxtpx:hr>
          </gpxtpx:TrackPointExtension>
        </extensions>
      </trkpt>
      <trkpt lat="31.042386664174664" lon="121.5279318105943">
        <ele>6.1709198309108615</ele>
        <time>1970-01-01T00:06:12Z</time>
        <extensions>
          <gpxtpx:TrackPointExtension>
            <gpxtpx:hr>140</gpxtpx:hr>
          </gpxtpx:TrackPointExtension>
        </extensions>
      </trkpt>
      <trkpt lat="31.04238946943611" lon="121.52790988341106">
        <ele>6.171583428047597</ele>
        <time>1970-01-01T00:06:13Z</time>
        <extensions>
          <gpxtpx:TrackPointExtension>
            <gpxtpx:hr>140</gpxtpx:hr>
          </gpxtpx:TrackPointExtension>
        </extensions>
      </trkpt>
      <trkpt lat="31.042390885759644" lon="121.52789117878191">
        <ele>6.1715541407465935</ele>
        <time>1970-01-01T00:06:14Z</time>
        <extensions>
          <gpxtpx:TrackPointExtension>
            <gpxtpx:hr>140</gpxtpx:hr>
          </gpxtpx:TrackPointExtension>
        </extensions>
      </trkpt>
      <trkpt lat="31.042391807968208" lon="121.52787497886476">
        <ele>6.17098639626056</ele>
        <time>1970-01-01T00:06:15Z</time>
        <extensions>
          <gpxtpx:TrackPointExtension>
            <gpxtpx:hr>140</gpxtpx:hr>
          </gpxtpx:TrackPointExtension>
        </extensions>
      </trkpt>
      <trkpt lat="31.042392655879812" lon="121.52786043809563">
        <ele>6.169960710220039</ele>
        <time>1970-01-01T00:06:16Z</time>
        <extensions>
          <gpxtpx:TrackPointExtension>
            <gpxtpx:hr>140</gpxtpx:hr>
          </gpxtpx:TrackPointExtension>
        </extensions>
      </trkpt>
      <trkpt lat="31.042393596069193" lon="121.52784632733479">
        <ele>6.1684926468878984</ele>
        <time>1970-01-01T00:06:17Z</time>
        <extensions>
          <gpxtpx:TrackPointExtension>
            <gpxtpx:hr>140</gpxtpx:hr>
          </gpxtpx:TrackPointExtension>
        </extensions>
      </trkpt>
      <trkpt lat="31.042395225702556" lon="121.52783250747127">
        <ele>6.166580189019442</ele>
        <time>1970-01-01T00:06:18Z</time>
        <extensions>
          <gpxtpx:TrackPointExtension>
            <gpxtpx:hr>137</gpxtpx:hr>
          </gpxtpx:TrackPointExtension>
        </extensions>
      </trkpt>
      <trkpt lat="31.04239761045724" lon="121.52781899620399">
        <ele>6.164263339713216</ele>
        <time>1970-01-01T00:06:19Z</time>
        <extensions>
          <gpxtpx:TrackPointExtension>
            <gpxtpx:hr>137</gpxtpx:hr>
          </gpxtpx:TrackPointExtension>
        </extensions>
      </trkpt>
      <trkpt lat="31.042399975914314" lon="121.52780523160271">
        <ele>6.16164431348443</ele>
        <time>1970-01-01T00:06:20Z</time>
        <extensions>
          <gpxtpx:TrackPointExtension>
            <gpxtpx:hr>137</gpxtpx:hr>
          </gpxtpx:TrackPointExtension>
        </extensions>
      </trkpt>
      <trkpt lat="31.042401412624983" lon="121.5277912484009">
        <ele>6.158837215043604</ele>
        <time>1970-01-01T00:06:21Z</time>
        <extensions>
          <gpxtpx:TrackPointExtension>
            <gpxtpx:hr>137</gpxtpx:hr>
          </gpxtpx:TrackPointExtension>
        </extensions>
      </trkpt>
      <trkpt lat="31.042401540126104" lon="121.52777656892353">
        <ele>6.156003757379949</ele>
        <time>1970-01-01T00:06:22Z</time>
        <extensions>
          <gpxtpx:TrackPointExtension>
            <gpxtpx:hr>135</gpxtpx:hr>
          </gpxtpx:TrackPointExtension>
        </extensions>
      </trkpt>
      <trkpt lat="31.04240030938703" lon="121.5277611473903">
        <ele>6.153321357443929</ele>
        <time>1970-01-01T00:06:23Z</time>
        <extensions>
          <gpxtpx:TrackPointExtension>
            <gpxtpx:hr>135</gpxtpx:hr>
          </gpxtpx:TrackPointExtension>
        </extensions>
      </trkpt>
      <trkpt lat="31.04239852047262" lon="121.52774651415709">
        <ele>6.1509310537949204</ele>
        <time>1970-01-01T00:06:24Z</time>
        <extensions>
          <gpxtpx:TrackPointExtension>
            <gpxtpx:hr>135</gpxtpx:hr>
          </gpxtpx:TrackPointExtension>
        </extensions>
      </trkpt>
      <trkpt lat="31.042396469680646" lon="121.52773296734759">
        <ele>6.1489065028727055</ele>
        <time>1970-01-01T00:06:25Z</time>
        <extensions>
          <gpxtpx:TrackPointExtension>
            <gpxtpx:hr>135</gpxtpx:hr>
          </gpxtpx:TrackPointExtension>
        </extensions>
      </trkpt>
      <trkpt lat="31.042394038650627" lon="121.52772006599965">
        <ele>6.147288297303021</ele>
        <time>1970-01-01T00:06:26Z</time>
        <extensions>
          <gpxtpx:TrackPointExtension>
            <gpxtpx:hr>131</gpxtpx:hr>
          </gpxtpx:TrackPointExtension>
        </extensions>
      </trkpt>
      <trkpt lat="31.042391451877908" lon="121.52770763323221">
        <ele>6.146077116951346</ele>
        <time>1970-01-01T00:06:27Z</time>
        <extensions>
          <gpxtpx:TrackPointExtension>
            <gpxtpx:hr>131</gpxtpx:hr>
          </gpxtpx:TrackPointExtension>
        </extensions>
      </trkpt>
      <trkpt lat="31.042388816010373" lon="121.52769532268684">
        <ele>6.145269307307899</ele>
        <time>1970-01-01T00:06:28Z</time>
        <extensions>
          <gpxtpx:TrackPointExtension>
            <gpxtpx:hr>131</gpxtpx:hr>
          </gpxtpx:TrackPointExtension>
        </extensions>
      </trkpt>
      <trkpt lat="31.04238641052382" lon="121.52768304239942">
        <ele>6.1448742197826505</ele>
        <time>1970-01-01T00:06:29Z</time>
        <extensions>
          <gpxtpx:TrackPointExtension>
            <gpxtpx:hr>131</gpxtpx:hr>
          </gpxtpx:TrackPointExtension>
        </extensions>
      </trkpt>
      <trkpt lat="31.042383918746122" lon="121.52767064771078">
        <ele>6.144902500323951</ele>
        <time>1970-01-01T00:06:30Z</time>
        <extensions>
          <gpxtpx:TrackPointExtension>
            <gpxtpx:hr>131</gpxtpx:hr>
          </gpxtpx:TrackPointExtension>
        </extensions>
      </trkpt>
      <trkpt lat="31.042380959702935" lon="121.52765796939804">
        <ele>6.145427999086678</ele>
        <time>1970-01-01T00:06:31Z</time>
        <extensions>
          <gpxtpx:TrackPointExtension>
            <gpxtpx:hr>131</gpxtpx:hr>
          </gpxtpx:TrackPointExtension>
        </extensions>
      </trkpt>
      <trkpt lat="31.042377728874854" lon="121.52764504275387">
        <ele>6.146542648784816</ele>
        <time>1970-01-01T00:06:32Z</time>
        <extensions>
          <gpxtpx:TrackPointExtension>
            <gpxtpx:hr>126</gpxtpx:hr>
          </gpxtpx:TrackPointExtension>
        </extensions>
      </trkpt>
      <trkpt lat="31.042374514569005" lon="121.52763172473841">
        <ele>6.1481622671708465</ele>
        <time>1970-01-01T00:06:33Z</time>
        <extensions>
          <gpxtpx:TrackPointExtension>
            <gpxtpx:hr>126</gpxtpx:hr>
          </gpxtpx:TrackPointExtension>
        </extensions>
      </trkpt>
      <trkpt lat="31.04237178995359" lon="121.52761849939449">
        <ele>6.149861415848136</ele>
        <time>1970-01-01T00:06:34Z</time>
        <extensions>
          <gpxtpx:TrackPointExtension>
            <gpxtpx:hr>126</gpxtpx:hr>
          </gpxtpx:TrackPointExtension>
        </extensions>
      </trkpt>
      <trkpt lat="31.042369442077693" lon="121.52760547630946">
        <ele>6.151224972680211</ele>
        <time>1970-01-01T00:06:35Z</time>
        <extensions>
          <gpxtpx:TrackPointExtension>
            <gpxtpx:hr>126</gpxtpx:hr>
          </gpxtpx:TrackPointExtension>
        </extensions>
      </trkpt>
      <trkpt lat="31.042366946510104" lon="121.52759191986836">
        <ele>6.152109335176647</ele>
        <time>1970-01-01T00:06:36Z</time>
        <extensions>
          <gpxtpx:TrackPointExtension>
            <gpxtpx:hr>126</gpxtpx:hr>
          </gpxtpx:TrackPointExtension>
        </extensions>
      </trkpt>
      <trkpt lat="31.04236419163777" lon="121.52757768572243">
        <ele>6.152486881241202</ele>
        <time>1970-01-01T00:06:37Z</time>
        <extensions>
          <gpxtpx:TrackPointExtension>
            <gpxtpx:hr>126</gpxtpx:hr>
          </gpxtpx:TrackPointExtension>
        </extensions>
      </trkpt>
      <trkpt lat="31.042360981252628" lon="121.52756288819847">
        <ele>6.152393498457968</ele>
        <time>1970-01-01T00:06:38Z</time>
        <extensions>
          <gpxtpx:TrackPointExtension>
            <gpxtpx:hr>126</gpxtpx:hr>
          </gpxtpx:TrackPointExtension>
        </extensions>
      </trkpt>
      <trkpt lat="31.042357756828647" lon="121.52754754020866">
        <ele>6.15267170779407</ele>
        <time>1970-01-01T00:06:39Z</time>
        <extensions>
          <gpxtpx:TrackPointExtension>
            <gpxtpx:hr>126</gpxtpx:hr>
          </gpxtpx:TrackPointExtension>
        </extensions>
      </trkpt>
      <trkpt lat="31.042354639008774" lon="121.52753140557195">
        <ele>6.154119834303856</ele>
        <time>1970-01-01T00:06:40Z</time>
        <extensions>
          <gpxtpx:TrackPointExtension>
            <gpxtpx:hr>125</gpxtpx:hr>
          </gpxtpx:TrackPointExtension>
        </extensions>
      </trkpt>
      <trkpt lat="31.04235177050445" lon="121.52751421303438">
        <ele>6.156818879768252</ele>
        <time>1970-01-01T00:06:41Z</time>
        <extensions>
          <gpxtpx:TrackPointExtension>
            <gpxtpx:hr>125</gpxtpx:hr>
          </gpxtpx:TrackPointExtension>
        </extensions>
      </trkpt>
      <trkpt lat="31.042349299058742" lon="121.52749599633947">
        <ele>6.160343822091818</ele>
        <time>1970-01-01T00:06:42Z</time>
        <extensions>
          <gpxtpx:TrackPointExtension>
            <gpxtpx:hr>125</gpxtpx:hr>
          </gpxtpx:TrackPointExtension>
        </extensions>
      </trkpt>
      <trkpt lat="31.04234717991874" lon="121.52747800592371">
        <ele>6.164388908073306</ele>
        <time>1970-01-01T00:06:43Z</time>
        <extensions>
          <gpxtpx:TrackPointExtension>
            <gpxtpx:hr>125</gpxtpx:hr>
          </gpxtpx:TrackPointExtension>
        </extensions>
      </trkpt>
      <trkpt lat="31.042344491185975" lon="121.52745962200846">
        <ele>6.168544141575694</ele>
        <time>1970-01-01T00:06:44Z</time>
        <extensions>
          <gpxtpx:TrackPointExtension>
            <gpxtpx:hr>125</gpxtpx:hr>
          </gpxtpx:TrackPointExtension>
        </extensions>
      </trkpt>
      <trkpt lat="31.042340988588066" lon="121.5274406290441">
        <ele>6.1724635092541575</ele>
        <time>1970-01-01T00:06:45Z</time>
        <extensions>
          <gpxtpx:TrackPointExtension>
            <gpxtpx:hr>124</gpxtpx:hr>
          </gpxtpx:TrackPointExtension>
        </extensions>
      </trkpt>
      <trkpt lat="31.04233596374694" lon="121.52742097701876">
        <ele>6.17588051315397</ele>
        <time>1970-01-01T00:06:46Z</time>
        <extensions>
          <gpxtpx:TrackPointExtension>
            <gpxtpx:hr>124</gpxtpx:hr>
          </gpxtpx:TrackPointExtension>
        </extensions>
      </trkpt>
      <trkpt lat="31.04233025092191" lon="121.52740127442071">
        <ele>6.178518516011536</ele>
        <time>1970-01-01T00:06:47Z</time>
        <extensions>
          <gpxtpx:TrackPointExtension>
            <gpxtpx:hr>124</gpxtpx:hr>
          </gpxtpx:TrackPointExtension>
        </extensions>
      </trkpt>
      <trkpt lat="31.0423245210594" lon="121.5273830532571">
        <ele>6.179871145635843</ele>
        <time>1970-01-01T00:06:48Z</time>
        <extensions>
          <gpxtpx:TrackPointExtension>
            <gpxtpx:hr>124</gpxtpx:hr>
          </gpxtpx:TrackPointExtension>
        </extensions>
      </trkpt>
      <trkpt lat="31.04231804668204" lon="121.52736513133524">
        <ele>6.179627739824355</ele>
        <time>1970-01-01T00:06:49Z</time>
        <extensions>
          <gpxtpx:TrackPointExtension>
            <gpxtpx:hr>124</gpxtpx:hr>
          </gpxtpx:TrackPointExtension>
        </extensions>
      </trkpt>
      <trkpt lat="31.0423103650793" lon="121.52734776420182">
        <ele>6.1773547092452645</ele>
        <time>1970-01-01T00:06:50Z</time>
        <extensions>
          <gpxtpx:TrackPointExtension>
            <gpxtpx:hr>128</gpxtpx:hr>
          </gpxtpx:TrackPointExtension>
        </extensions>
      </trkpt>
      <trkpt lat="31.042301309849538" lon="121.52733139211124">
        <ele>6.172575110569596</ele>
        <time>1970-01-01T00:06:51Z</time>
        <extensions>
          <gpxtpx:TrackPointExtension>
            <gpxtpx:hr>128</gpxtpx:hr>
          </gpxtpx:TrackPointExtension>
        </extensions>
      </trkpt>
      <trkpt lat="31.042290096446003" lon="121.52731556794105">
        <ele>6.164907766506076</ele>
        <time>1970-01-01T00:06:52Z</time>
        <extensions>
          <gpxtpx:TrackPointExtension>
            <gpxtpx:hr>128</gpxtpx:hr>
          </gpxtpx:TrackPointExtension>
        </extensions>
      </trkpt>
      <trkpt lat="31.04227605008451" lon="121.5273018033098">
        <ele>6.154354347847402</ele>
        <time>1970-01-01T00:06:53Z</time>
        <extensions>
          <gpxtpx:TrackPointExtension>
            <gpxtpx:hr>128</gpxtpx:hr>
          </gpxtpx:TrackPointExtension>
        </extensions>
      </trkpt>
      <trkpt lat="31.04225814883864" lon="121.52729163680289">
        <ele>6.141269396059215</ele>
        <time>1970-01-01T00:06:54Z</time>
        <extensions>
          <gpxtpx:TrackPointExtension>
            <gpxtpx:hr>128</gpxtpx:hr>
          </gpxtpx:TrackPointExtension>
        </extensions>
      </trkpt>
      <trkpt lat="31.04223572617466" lon="121.5272847585955">
        <ele>6.126228457316756</ele>
        <time>1970-01-01T00:06:55Z</time>
        <extensions>
          <gpxtpx:TrackPointExtension>
            <gpxtpx:hr>128</gpxtpx:hr>
          </gpxtpx:TrackPointExtension>
        </extensions>
      </trkpt>
      <trkpt lat="31.04220990161533" lon="121.52728213788704">
        <ele>6.109888744540513</ele>
        <time>1970-01-01T00:06:56Z</time>
        <extensions>
          <gpxtpx:TrackPointExtension>
            <gpxtpx:hr>128</gpxtpx:hr>
          </gpxtpx:TrackPointExtension>
        </extensions>
      </trkpt>
      <trkpt lat="31.04218253705934" lon="121.52728337534073">
        <ele>6.092846772633493</ele>
        <time>1970-01-01T00:06:57Z</time>
        <extensions>
          <gpxtpx:TrackPointExtension>
            <gpxtpx:hr>135</gpxtpx:hr>
          </gpxtpx:TrackPointExtension>
        </extensions>
      </trkpt>
      <trkpt lat="31.042156463001632" lon="121.52728490851447">
        <ele>6.075586009770632</ele>
        <time>1970-01-01T00:06:58Z</time>
        <extensions>
          <gpxtpx:TrackPointExtension>
            <gpxtpx:hr>135</gpxtpx:hr>
          </gpxtpx:TrackPointExtension>
        </extensions>
      </trkpt>
      <trkpt lat="31.042133261162142" lon="121.52728412591453">
        <ele>6.058691196143627</ele>
        <time>1970-01-01T00:06:59Z</time>
        <extensions>
          <gpxtpx:TrackPointExtension>
            <gpxtpx:hr>135</gpxtpx:hr>
          </gpxtpx:TrackPointExtension>
        </extensions>
      </trkpt>
      <trkpt lat="31.042112477123265" lon="121.5272792993179">
        <ele>6.042667035013437</ele>
        <time>1970-01-01T00:07:00Z</time>
        <extensions>
          <gpxtpx:TrackPointExtension>
            <gpxtpx:hr>135</gpxtpx:hr>
          </gpxtpx:TrackPointExtension>
        </extensions>
      </trkpt>
      <trkpt lat="31.0420937893566" lon="121.52726866300277">
        <ele>6.027828712016344</ele>
        <time>1970-01-01T00:07:01Z</time>
        <extensions>
          <gpxtpx:TrackPointExtension>
            <gpxtpx:hr>135</gpxtpx:hr>
          </gpxtpx:TrackPointExtension>
        </extensions>
      </trkpt>
      <trkpt lat="31.042077077076897" lon="121.52725119103384">
        <ele>6.014128099195659</ele>
        <time>1970-01-01T00:07:02Z</time>
        <extensions>
          <gpxtpx:TrackPointExtension>
            <gpxtpx:hr>135</gpxtpx:hr>
          </gpxtpx:TrackPointExtension>
        </extensions>
      </trkpt>
      <trkpt lat="31.042062266665507" lon="121.52722623225827">
        <ele>6.0015303967520595</ele>
        <time>1970-01-01T00:07:03Z</time>
        <extensions>
          <gpxtpx:TrackPointExtension>
            <gpxtpx:hr>136</gpxtpx:hr>
          </gpxtpx:TrackPointExtension>
        </extensions>
      </trkpt>
      <trkpt lat="31.04204956640091" lon="121.52719539910312">
        <ele>5.9898506458848715</ele>
        <time>1970-01-01T00:07:04Z</time>
        <extensions>
          <gpxtpx:TrackPointExtension>
            <gpxtpx:hr>136</gpxtpx:hr>
          </gpxtpx:TrackPointExtension>
        </extensions>
      </trkpt>
      <trkpt lat="31.042038129607942" lon="121.52716146612448">
        <ele>5.978799918666482</ele>
        <time>1970-01-01T00:07:05Z</time>
        <extensions>
          <gpxtpx:TrackPointExtension>
            <gpxtpx:hr>136</gpxtpx:hr>
          </gpxtpx:TrackPointExtension>
        </extensions>
      </trkpt>
      <trkpt lat="31.042026538887374" lon="121.52712666444648">
        <ele>5.968070623464882</ele>
        <time>1970-01-01T00:07:06Z</time>
        <extensions>
          <gpxtpx:TrackPointExtension>
            <gpxtpx:hr>136</gpxtpx:hr>
          </gpxtpx:TrackPointExtension>
        </extensions>
      </trkpt>
      <trkpt lat="31.042013928362177" lon="121.52709193755798">
        <ele>5.957600800320506</ele>
        <time>1970-01-01T00:07:07Z</time>
        <extensions>
          <gpxtpx:TrackPointExtension>
            <gpxtpx:hr>136</gpxtpx:hr>
          </gpxtpx:TrackPointExtension>
        </extensions>
      </trkpt>
      <trkpt lat="31.042000056667028" lon="121.52705661316149">
        <ele>5.94757676590234</ele>
        <time>1970-01-01T00:07:08Z</time>
        <extensions>
          <gpxtpx:TrackPointExtension>
            <gpxtpx:hr>136</gpxtpx:hr>
          </gpxtpx:TrackPointExtension>
        </extensions>
      </trkpt>
      <trkpt lat="31.041986452106087" lon="121.52702081982146">
        <ele>5.938104259781539</ele>
        <time>1970-01-01T00:07:09Z</time>
        <extensions>
          <gpxtpx:TrackPointExtension>
            <gpxtpx:hr>136</gpxtpx:hr>
          </gpxtpx:TrackPointExtension>
        </extensions>
      </trkpt>
      <trkpt lat="31.041973257940427" lon="121.52698617562707">
        <ele>5.92917446885258</ele>
        <time>1970-01-01T00:07:10Z</time>
        <extensions>
          <gpxtpx:TrackPointExtension>
            <gpxtpx:hr>136</gpxtpx:hr>
          </gpxtpx:TrackPointExtension>
        </extensions>
      </trkpt>
      <trkpt lat="31.04195940365859" lon="121.52695314840989">
        <ele>5.920532864518464</ele>
        <time>1970-01-01T00:07:11Z</time>
        <extensions>
          <gpxtpx:TrackPointExtension>
            <gpxtpx:hr>140</gpxtpx:hr>
          </gpxtpx:TrackPointExtension>
        </extensions>
      </trkpt>
      <trkpt lat="31.041944204078693" lon="121.52692238686386">
        <ele>5.912000813521445</ele>
        <time>1970-01-01T00:07:12Z</time>
        <extensions>
          <gpxtpx:TrackPointExtension>
            <gpxtpx:hr>140</gpxtpx:hr>
          </gpxtpx:TrackPointExtension>
        </extensions>
      </trkpt>
      <trkpt lat="31.041926478229122" lon="121.52689559302871">
        <ele>5.903513426892459</ele>
        <time>1970-01-01T00:07:13Z</time>
        <extensions>
          <gpxtpx:TrackPointExtension>
            <gpxtpx:hr>140</gpxtpx:hr>
          </gpxtpx:TrackPointExtension>
        </extensions>
      </trkpt>
      <trkpt lat="31.041905673847086" lon="121.52687422339133">
        <ele>5.895072135142982</ele>
        <time>1970-01-01T00:07:14Z</time>
        <extensions>
          <gpxtpx:TrackPointExtension>
            <gpxtpx:hr>140</gpxtpx:hr>
          </gpxtpx:TrackPointExtension>
        </extensions>
      </trkpt>
      <trkpt lat="31.04188219675992" lon="121.52685937673165">
        <ele>5.886747552081943</ele>
        <time>1970-01-01T00:07:15Z</time>
        <extensions>
          <gpxtpx:TrackPointExtension>
            <gpxtpx:hr>140</gpxtpx:hr>
          </gpxtpx:TrackPointExtension>
        </extensions>
      </trkpt>
      <trkpt lat="31.041856123986438" lon="121.52685129435126">
        <ele>5.8786443108692765</ele>
        <time>1970-01-01T00:07:16Z</time>
        <extensions>
          <gpxtpx:TrackPointExtension>
            <gpxtpx:hr>140</gpxtpx:hr>
          </gpxtpx:TrackPointExtension>
        </extensions>
      </trkpt>
      <trkpt lat="31.041828731598816" lon="121.52684951689902">
        <ele>5.870878423564136</ele>
        <time>1970-01-01T00:07:17Z</time>
        <extensions>
          <gpxtpx:TrackPointExtension>
            <gpxtpx:hr>142</gpxtpx:hr>
          </gpxtpx:TrackPointExtension>
        </extensions>
      </trkpt>
      <trkpt lat="31.041800208082627" lon="121.52685253616087">
        <ele>5.86354080401361</ele>
        <time>1970-01-01T00:07:18Z</time>
        <extensions>
          <gpxtpx:TrackPointExtension>
            <gpxtpx:hr>142</gpxtpx:hr>
          </gpxtpx:TrackPointExtension>
        </extensions>
      </trkpt>
      <trkpt lat="31.041770990090324" lon="121.52685863645083">
        <ele>5.856590888462961</ele>
        <time>1970-01-01T00:07:19Z</time>
        <extensions>
          <gpxtpx:TrackPointExtension>
            <gpxtpx:hr>142</gpxtpx:hr>
          </gpxtpx:TrackPointExtension>
        </extensions>
      </trkpt>
      <trkpt lat="31.041743029042664" lon="121.52686601425663">
        <ele>5.849930074065924</ele>
        <time>1970-01-01T00:07:20Z</time>
        <extensions>
          <gpxtpx:TrackPointExtension>
            <gpxtpx:hr>142</gpxtpx:hr>
          </gpxtpx:TrackPointExtension>
        </extensions>
      </trkpt>
      <trkpt lat="31.041716119015884" lon="121.52687374341417">
        <ele>5.843544059433043</ele>
        <time>1970-01-01T00:07:21Z</time>
        <extensions>
          <gpxtpx:TrackPointExtension>
            <gpxtpx:hr>142</gpxtpx:hr>
          </gpxtpx:TrackPointExtension>
        </extensions>
      </trkpt>
      <trkpt lat="31.041690303623625" lon="121.52688057186114">
        <ele>5.837463482283056</ele>
        <time>1970-01-01T00:07:22Z</time>
        <extensions>
          <gpxtpx:TrackPointExtension>
            <gpxtpx:hr>142</gpxtpx:hr>
          </gpxtpx:TrackPointExtension>
        </extensions>
      </trkpt>
      <trkpt lat="31.041665931327252" lon="121.5268851473956">
        <ele>5.831779263913631</ele>
        <time>1970-01-01T00:07:23Z</time>
        <extensions>
          <gpxtpx:TrackPointExtension>
            <gpxtpx:hr>143</gpxtpx:hr>
          </gpxtpx:TrackPointExtension>
        </extensions>
      </trkpt>
      <trkpt lat="31.041641455296805" lon="121.52688799403714">
        <ele>5.826647478155792</ele>
        <time>1970-01-01T00:07:24Z</time>
        <extensions>
          <gpxtpx:TrackPointExtension>
            <gpxtpx:hr>143</gpxtpx:hr>
          </gpxtpx:TrackPointExtension>
        </extensions>
      </trkpt>
      <trkpt lat="31.041616755105004" lon="121.52689008700287">
        <ele>5.822267344221473</ele>
        <time>1970-01-01T00:07:25Z</time>
        <extensions>
          <gpxtpx:TrackPointExtension>
            <gpxtpx:hr>143</gpxtpx:hr>
          </gpxtpx:TrackPointExtension>
        </extensions>
      </trkpt>
      <trkpt lat="31.041591534681146" lon="121.52689228856133">
        <ele>5.818858825601637</ele>
        <time>1970-01-01T00:07:26Z</time>
        <extensions>
          <gpxtpx:TrackPointExtension>
            <gpxtpx:hr>143</gpxtpx:hr>
          </gpxtpx:TrackPointExtension>
        </extensions>
      </trkpt>
      <trkpt lat="31.04156427211108" lon="121.52689464636268">
        <ele>5.816393409855664</ele>
        <time>1970-01-01T00:07:27Z</time>
        <extensions>
          <gpxtpx:TrackPointExtension>
            <gpxtpx:hr>144</gpxtpx:hr>
          </gpxtpx:TrackPointExtension>
        </extensions>
      </trkpt>
      <trkpt lat="31.041536014441714" lon="121.52689666730953">
        <ele>5.814600737765431</ele>
        <time>1970-01-01T00:07:28Z</time>
        <extensions>
          <gpxtpx:TrackPointExtension>
            <gpxtpx:hr>144</gpxtpx:hr>
          </gpxtpx:TrackPointExtension>
        </extensions>
      </trkpt>
      <trkpt lat="31.041508243201008" lon="121.52689906583377">
        <ele>5.813164654187858</ele>
        <time>1970-01-01T00:07:29Z</time>
        <extensions>
          <gpxtpx:TrackPointExtension>
            <gpxtpx:hr>144</gpxtpx:hr>
          </gpxtpx:TrackPointExtension>
        </extensions>
      </trkpt>
      <trkpt lat="31.041481674038057" lon="121.52690261678792">
        <ele>5.8117536855861545</ele>
        <time>1970-01-01T00:07:30Z</time>
        <extensions>
          <gpxtpx:TrackPointExtension>
            <gpxtpx:hr>144</gpxtpx:hr>
          </gpxtpx:TrackPointExtension>
        </extensions>
      </trkpt>
      <trkpt lat="31.04145655057082" lon="121.5269071971562">
        <ele>5.810118726454675</ele>
        <time>1970-01-01T00:07:31Z</time>
        <extensions>
          <gpxtpx:TrackPointExtension>
            <gpxtpx:hr>144</gpxtpx:hr>
          </gpxtpx:TrackPointExtension>
        </extensions>
      </trkpt>
      <trkpt lat="31.0414317632713" lon="121.52691298026737">
        <ele>5.807949014008045</ele>
        <time>1970-01-01T00:07:32Z</time>
        <extensions>
          <gpxtpx:TrackPointExtension>
            <gpxtpx:hr>144</gpxtpx:hr>
          </gpxtpx:TrackPointExtension>
        </extensions>
      </trkpt>
      <trkpt lat="31.041407279874075" lon="121.5269191161041">
        <ele>5.804955651983619</ele>
        <time>1970-01-01T00:07:33Z</time>
        <extensions>
          <gpxtpx:TrackPointExtension>
            <gpxtpx:hr>144</gpxtpx:hr>
          </gpxtpx:TrackPointExtension>
        </extensions>
      </trkpt>
      <trkpt lat="31.0413821283712" lon="121.5269248637558">
        <ele>5.80092001426965</ele>
        <time>1970-01-01T00:07:34Z</time>
        <extensions>
          <gpxtpx:TrackPointExtension>
            <gpxtpx:hr>144</gpxtpx:hr>
          </gpxtpx:TrackPointExtension>
        </extensions>
      </trkpt>
      <trkpt lat="31.041355534097086" lon="121.52693009857764">
        <ele>5.795653617940843</ele>
        <time>1970-01-01T00:07:35Z</time>
        <extensions>
          <gpxtpx:TrackPointExtension>
            <gpxtpx:hr>144</gpxtpx:hr>
          </gpxtpx:TrackPointExtension>
        </extensions>
      </trkpt>
      <trkpt lat="31.0413283596649" lon="121.52693459222121">
        <ele>5.78921724576503</ele>
        <time>1970-01-01T00:07:36Z</time>
        <extensions>
          <gpxtpx:TrackPointExtension>
            <gpxtpx:hr>144</gpxtpx:hr>
          </gpxtpx:TrackPointExtension>
        </extensions>
      </trkpt>
      <trkpt lat="31.041300413584725" lon="121.52693874093272">
        <ele>5.781805662438273</ele>
        <time>1970-01-01T00:07:37Z</time>
        <extensions>
          <gpxtpx:TrackPointExtension>
            <gpxtpx:hr>144</gpxtpx:hr>
          </gpxtpx:TrackPointExtension>
        </extensions>
      </trkpt>
      <trkpt lat="31.041272100513034" lon="121.52694224707665">
        <ele>5.773744531907141</ele>
        <time>1970-01-01T00:07:38Z</time>
        <extensions>
          <gpxtpx:TrackPointExtension>
            <gpxtpx:hr>144</gpxtpx:hr>
          </gpxtpx:TrackPointExtension>
        </extensions>
      </trkpt>
      <trkpt lat="31.041244543986302" lon="121.52694470701934">
        <ele>5.765458619222045</ele>
        <time>1970-01-01T00:07:39Z</time>
        <extensions>
          <gpxtpx:TrackPointExtension>
            <gpxtpx:hr>144</gpxtpx:hr>
          </gpxtpx:TrackPointExtension>
        </extensions>
      </trkpt>
      <trkpt lat="31.04121755067067" lon="121.52694636556096">
        <ele>5.757451754063368</ele>
        <time>1970-01-01T00:07:40Z</time>
        <extensions>
          <gpxtpx:TrackPointExtension>
            <gpxtpx:hr>144</gpxtpx:hr>
          </gpxtpx:TrackPointExtension>
        </extensions>
      </trkpt>
      <trkpt lat="31.04119099564575" lon="121.52694786733325">
        <ele>5.7499255975708365</ele>
        <time>1970-01-01T00:07:41Z</time>
        <extensions>
          <gpxtpx:TrackPointExtension>
            <gpxtpx:hr>144</gpxtpx:hr>
          </gpxtpx:TrackPointExtension>
        </extensions>
      </trkpt>
      <trkpt lat="31.04116391128172" lon="121.5269497755853">
        <ele>5.742935063317418</ele>
        <time>1970-01-01T00:07:42Z</time>
        <extensions>
          <gpxtpx:TrackPointExtension>
            <gpxtpx:hr>144</gpxtpx:hr>
          </gpxtpx:TrackPointExtension>
        </extensions>
      </trkpt>
      <trkpt lat="31.041136567195746" lon="121.52695245934675">
        <ele>5.736471411772072</ele>
        <time>1970-01-01T00:07:43Z</time>
        <extensions>
          <gpxtpx:TrackPointExtension>
            <gpxtpx:hr>144</gpxtpx:hr>
          </gpxtpx:TrackPointExtension>
        </extensions>
      </trkpt>
      <trkpt lat="31.041110598643822" lon="121.526956062141">
        <ele>5.730476553551853</ele>
        <time>1970-01-01T00:07:44Z</time>
        <extensions>
          <gpxtpx:TrackPointExtension>
            <gpxtpx:hr>144</gpxtpx:hr>
          </gpxtpx:TrackPointExtension>
        </extensions>
      </trkpt>
      <trkpt lat="31.041086257398923" lon="121.52696057298057">
        <ele>5.724772241897881</ele>
        <time>1970-01-01T00:07:45Z</time>
        <extensions>
          <gpxtpx:TrackPointExtension>
            <gpxtpx:hr>144</gpxtpx:hr>
          </gpxtpx:TrackPointExtension>
        </extensions>
      </trkpt>
      <trkpt lat="31.041063187242006" lon="121.52696538482833">
        <ele>5.719272142276168</ele>
        <time>1970-01-01T00:07:46Z</time>
        <extensions>
          <gpxtpx:TrackPointExtension>
            <gpxtpx:hr>144</gpxtpx:hr>
          </gpxtpx:TrackPointExtension>
        </extensions>
      </trkpt>
      <trkpt lat="31.041040626985207" lon="121.52697034608036">
        <ele>5.713902183808386</ele>
        <time>1970-01-01T00:07:47Z</time>
        <extensions>
          <gpxtpx:TrackPointExtension>
            <gpxtpx:hr>145</gpxtpx:hr>
          </gpxtpx:TrackPointExtension>
        </extensions>
      </trkpt>
      <trkpt lat="31.041017692876128" lon="121.52697556124089">
        <ele>5.7085272101685405</ele>
        <time>1970-01-01T00:07:48Z</time>
        <extensions>
          <gpxtpx:TrackPointExtension>
            <gpxtpx:hr>145</gpxtpx:hr>
          </gpxtpx:TrackPointExtension>
        </extensions>
      </trkpt>
      <trkpt lat="31.0409949704615" lon="121.52698176133897">
        <ele>5.703042407520115</ele>
        <time>1970-01-01T00:07:49Z</time>
        <extensions>
          <gpxtpx:TrackPointExtension>
            <gpxtpx:hr>145</gpxtpx:hr>
          </gpxtpx:TrackPointExtension>
        </extensions>
      </trkpt>
      <trkpt lat="31.040973612413595" lon="121.52699039007469">
        <ele>5.697411010041833</ele>
        <time>1970-01-01T00:07:50Z</time>
        <extensions>
          <gpxtpx:TrackPointExtension>
            <gpxtpx:hr>145</gpxtpx:hr>
          </gpxtpx:TrackPointExtension>
        </extensions>
      </trkpt>
      <trkpt lat="31.040954318241113" lon="121.52700124833393">
        <ele>5.6917096469551325</ele>
        <time>1970-01-01T00:07:51Z</time>
        <extensions>
          <gpxtpx:TrackPointExtension>
            <gpxtpx:hr>145</gpxtpx:hr>
          </gpxtpx:TrackPointExtension>
        </extensions>
      </trkpt>
      <trkpt lat="31.040937044684775" lon="121.52701406366916">
        <ele>5.685886268503964</ele>
        <time>1970-01-01T00:07:52Z</time>
        <extensions>
          <gpxtpx:TrackPointExtension>
            <gpxtpx:hr>145</gpxtpx:hr>
          </gpxtpx:TrackPointExtension>
        </extensions>
      </trkpt>
      <trkpt lat="31.040922349062743" lon="121.52702995028581">
        <ele>5.679814547300339</ele>
        <time>1970-01-01T00:07:53Z</time>
        <extensions>
          <gpxtpx:TrackPointExtension>
            <gpxtpx:hr>145</gpxtpx:hr>
          </gpxtpx:TrackPointExtension>
        </extensions>
      </trkpt>
      <trkpt lat="31.040911691956175" lon="121.52704946418687">
        <ele>5.673433761112392</ele>
        <time>1970-01-01T00:07:54Z</time>
        <extensions>
          <gpxtpx:TrackPointExtension>
            <gpxtpx:hr>144</gpxtpx:hr>
          </gpxtpx:TrackPointExtension>
        </extensions>
      </trkpt>
      <trkpt lat="31.040906343599524" lon="121.52707259183246">
        <ele>5.66676611173898</ele>
        <time>1970-01-01T00:07:55Z</time>
        <extensions>
          <gpxtpx:TrackPointExtension>
            <gpxtpx:hr>144</gpxtpx:hr>
          </gpxtpx:TrackPointExtension>
        </extensions>
      </trkpt>
      <trkpt lat="31.040906538678865" lon="121.52709874677886">
        <ele>5.659931409172714</ele>
        <time>1970-01-01T00:07:56Z</time>
        <extensions>
          <gpxtpx:TrackPointExtension>
            <gpxtpx:hr>144</gpxtpx:hr>
          </gpxtpx:TrackPointExtension>
        </extensions>
      </trkpt>
      <trkpt lat="31.040910670898903" lon="121.5271267704211">
        <ele>5.6529326140880585</ele>
        <time>1970-01-01T00:07:57Z</time>
        <extensions>
          <gpxtpx:TrackPointExtension>
            <gpxtpx:hr>143</gpxtpx:hr>
          </gpxtpx:TrackPointExtension>
        </extensions>
      </trkpt>
      <trkpt lat="31.04091730880514" lon="121.52715665643453">
        <ele>5.6459798300638795</ele>
        <time>1970-01-01T00:07:58Z</time>
        <extensions>
          <gpxtpx:TrackPointExtension>
            <gpxtpx:hr>143</gpxtpx:hr>
          </gpxtpx:TrackPointExtension>
        </extensions>
      </trkpt>
      <trkpt lat="31.040924679574125" lon="121.52718815815511">
        <ele>5.639465662650764</ele>
        <time>1970-01-01T00:07:59Z</time>
        <extensions>
          <gpxtpx:TrackPointExtension>
            <gpxtpx:hr>143</gpxtpx:hr>
          </gpxtpx:TrackPointExtension>
        </extensions>
      </trkpt>
      <trkpt lat="31.04093157284074" lon="121.52721994396757">
        <ele>5.6337491469457746</ele>
        <time>1970-01-01T00:08:00Z</time>
        <extensions>
          <gpxtpx:TrackPointExtension>
            <gpxtpx:hr>143</gpxtpx:hr>
          </gpxtpx:TrackPointExtension>
        </extensions>
      </trkpt>
      <trkpt lat="31.040937797851647" lon="121.5272500599724">
        <ele>5.6290010111406446</ele>
        <time>1970-01-01T00:08:01Z</time>
        <extensions>
          <gpxtpx:TrackPointExtension>
            <gpxtpx:hr>143</gpxtpx:hr>
          </gpxtpx:TrackPointExtension>
        </extensions>
      </trkpt>
      <trkpt lat="31.040942831878617" lon="121.52727741006697">
        <ele>5.625493040308356</ele>
        <time>1970-01-01T00:08:02Z</time>
        <extensions>
          <gpxtpx:TrackPointExtension>
            <gpxtpx:hr>143</gpxtpx:hr>
          </gpxtpx:TrackPointExtension>
        </extensions>
      </trkpt>
      <trkpt lat="31.040946990990104" lon="121.52730365384195">
        <ele>5.623580084182322</ele>
        <time>1970-01-01T00:08:03Z</time>
        <extensions>
          <gpxtpx:TrackPointExtension>
            <gpxtpx:hr>143</gpxtpx:hr>
          </gpxtpx:TrackPointExtension>
        </extensions>
      </trkpt>
      <trkpt lat="31.04095057639592" lon="121.527330606279">
        <ele>5.623667010106146</ele>
        <time>1970-01-01T00:08:04Z</time>
        <extensions>
          <gpxtpx:TrackPointExtension>
            <gpxtpx:hr>143</gpxtpx:hr>
          </gpxtpx:TrackPointExtension>
        </extensions>
      </trkpt>
      <trkpt lat="31.04095290765428" lon="121.52735788943346">
        <ele>5.626181996427476</ele>
        <time>1970-01-01T00:08:05Z</time>
        <extensions>
          <gpxtpx:TrackPointExtension>
            <gpxtpx:hr>143</gpxtpx:hr>
          </gpxtpx:TrackPointExtension>
        </extensions>
      </trkpt>
      <trkpt lat="31.04095419489245" lon="121.52738542084566">
        <ele>5.631405641324818</ele>
        <time>1970-01-01T00:08:06Z</time>
        <extensions>
          <gpxtpx:TrackPointExtension>
            <gpxtpx:hr>143</gpxtpx:hr>
          </gpxtpx:TrackPointExtension>
        </extensions>
      </trkpt>
      <trkpt lat="31.040954713642307" lon="121.52741181784316">
        <ele>5.639472777955234</ele>
        <time>1970-01-01T00:08:07Z</time>
        <extensions>
          <gpxtpx:TrackPointExtension>
            <gpxtpx:hr>143</gpxtpx:hr>
          </gpxtpx:TrackPointExtension>
        </extensions>
      </trkpt>
      <trkpt lat="31.040954821378705" lon="121.52743534642728">
        <ele>5.650239755399525</ele>
        <time>1970-01-01T00:08:08Z</time>
        <extensions>
          <gpxtpx:TrackPointExtension>
            <gpxtpx:hr>143</gpxtpx:hr>
          </gpxtpx:TrackPointExtension>
        </extensions>
      </trkpt>
      <trkpt lat="31.04095565907954" lon="121.52745565482327">
        <ele>5.663183672353625</ele>
        <time>1970-01-01T00:08:09Z</time>
        <extensions>
          <gpxtpx:TrackPointExtension>
            <gpxtpx:hr>143</gpxtpx:hr>
          </gpxtpx:TrackPointExtension>
        </extensions>
      </trkpt>
      <trkpt lat="31.040957466450728" lon="121.52747333822889">
        <ele>5.677615154534578</ele>
        <time>1970-01-01T00:08:10Z</time>
        <extensions>
          <gpxtpx:TrackPointExtension>
            <gpxtpx:hr>142</gpxtpx:hr>
          </gpxtpx:TrackPointExtension>
        </extensions>
      </trkpt>
      <trkpt lat="31.040959124420635" lon="121.52749064516209">
        <ele>5.69273769762367</ele>
        <time>1970-01-01T00:08:11Z</time>
        <extensions>
          <gpxtpx:TrackPointExtension>
            <gpxtpx:hr>142</gpxtpx:hr>
          </gpxtpx:TrackPointExtension>
        </extensions>
      </trkpt>
      <trkpt lat="31.040959718828965" lon="121.5275101605927">
        <ele>5.707743521779776</ele>
        <time>1970-01-01T00:08:12Z</time>
        <extensions>
          <gpxtpx:TrackPointExtension>
            <gpxtpx:hr>142</gpxtpx:hr>
          </gpxtpx:TrackPointExtension>
        </extensions>
      </trkpt>
      <trkpt lat="31.040958921709553" lon="121.52753285921996">
        <ele>5.721987063065171</ele>
        <time>1970-01-01T00:08:13Z</time>
        <extensions>
          <gpxtpx:TrackPointExtension>
            <gpxtpx:hr>142</gpxtpx:hr>
          </gpxtpx:TrackPointExtension>
        </extensions>
      </trkpt>
      <trkpt lat="31.040957023418287" lon="121.52755837837063">
        <ele>5.735280295833945</ele>
        <time>1970-01-01T00:08:14Z</time>
        <extensions>
          <gpxtpx:TrackPointExtension>
            <gpxtpx:hr>142</gpxtpx:hr>
          </gpxtpx:TrackPointExtension>
        </extensions>
      </trkpt>
      <trkpt lat="31.04095502869618" lon="121.52758436052433">
        <ele>5.747508806176484</ele>
        <time>1970-01-01T00:08:15Z</time>
        <extensions>
          <gpxtpx:TrackPointExtension>
            <gpxtpx:hr>142</gpxtpx:hr>
          </gpxtpx:TrackPointExtension>
        </extensions>
      </trkpt>
      <trkpt lat="31.040953648355764" lon="121.5276085545049">
        <ele>5.758640407584608</ele>
        <time>1970-01-01T00:08:16Z</time>
        <extensions>
          <gpxtpx:TrackPointExtension>
            <gpxtpx:hr>142</gpxtpx:hr>
          </gpxtpx:TrackPointExtension>
        </extensions>
      </trkpt>
      <trkpt lat="31.040952566643394" lon="121.52763090624373">
        <ele>5.768762136809528</ele>
        <time>1970-01-01T00:08:17Z</time>
        <extensions>
          <gpxtpx:TrackPointExtension>
            <gpxtpx:hr>142</gpxtpx:hr>
          </gpxtpx:TrackPointExtension>
        </extensions>
      </trkpt>
      <trkpt lat="31.04095129806402" lon="121.52765163202412">
        <ele>5.778107914142311</ele>
        <time>1970-01-01T00:08:18Z</time>
        <extensions>
          <gpxtpx:TrackPointExtension>
            <gpxtpx:hr>142</gpxtpx:hr>
          </gpxtpx:TrackPointExtension>
        </extensions>
      </trkpt>
      <trkpt lat="31.04094924478573" lon="121.52767212143935">
        <ele>5.786971409805119</ele>
        <time>1970-01-01T00:08:19Z</time>
        <extensions>
          <gpxtpx:TrackPointExtension>
            <gpxtpx:hr>142</gpxtpx:hr>
          </gpxtpx:TrackPointExtension>
        </extensions>
      </trkpt>
      <trkpt lat="31.040946029909293" lon="121.52769338449365">
        <ele>5.795711962506175</ele>
        <time>1970-01-01T00:08:20Z</time>
        <extensions>
          <gpxtpx:TrackPointExtension>
            <gpxtpx:hr>141</gpxtpx:hr>
          </gpxtpx:TrackPointExtension>
        </extensions>
      </trkpt>
      <trkpt lat="31.040942636154202" lon="121.52771510774801">
        <ele>5.8047531470656395</ele>
        <time>1970-01-01T00:08:21Z</time>
        <extensions>
          <gpxtpx:TrackPointExtension>
            <gpxtpx:hr>141</gpxtpx:hr>
          </gpxtpx:TrackPointExtension>
        </extensions>
      </trkpt>
      <trkpt lat="31.040939872592816" lon="121.52773778758035">
        <ele>5.814443958923221</ele>
        <time>1970-01-01T00:08:22Z</time>
        <extensions>
          <gpxtpx:TrackPointExtension>
            <gpxtpx:hr>141</gpxtpx:hr>
          </gpxtpx:TrackPointExtension>
        </extensions>
      </trkpt>
      <trkpt lat="31.040937697296254" lon="121.52776255910088">
        <ele>5.824962433427572</ele>
        <time>1970-01-01T00:08:23Z</time>
        <extensions>
          <gpxtpx:TrackPointExtension>
            <gpxtpx:hr>141</gpxtpx:hr>
          </gpxtpx:TrackPointExtension>
        </extensions>
      </trkpt>
      <trkpt lat="31.04093591108138" lon="121.52778929961985">
        <ele>5.836345324292779</ele>
        <time>1970-01-01T00:08:24Z</time>
        <extensions>
          <gpxtpx:TrackPointExtension>
            <gpxtpx:hr>141</gpxtpx:hr>
          </gpxtpx:TrackPointExtension>
        </extensions>
      </trkpt>
      <trkpt lat="31.040934166545334" lon="121.52781699674546">
        <ele>5.848458111286163</ele>
        <time>1970-01-01T00:08:25Z</time>
        <extensions>
          <gpxtpx:TrackPointExtension>
            <gpxtpx:hr>141</gpxtpx:hr>
          </gpxtpx:TrackPointExtension>
        </extensions>
      </trkpt>
      <trkpt lat="31.04093219237451" lon="121.52784473520788">
        <ele>5.861034190282226</ele>
        <time>1970-01-01T00:08:26Z</time>
        <extensions>
          <gpxtpx:TrackPointExtension>
            <gpxtpx:hr>141</gpxtpx:hr>
          </gpxtpx:TrackPointExtension>
        </extensions>
      </trkpt>
      <trkpt lat="31.04093043761436" lon="121.52787357557258">
        <ele>5.8737252075225115</ele>
        <time>1970-01-01T00:08:27Z</time>
        <extensions>
          <gpxtpx:TrackPointExtension>
            <gpxtpx:hr>141</gpxtpx:hr>
          </gpxtpx:TrackPointExtension>
        </extensions>
      </trkpt>
      <trkpt lat="31.040929358095795" lon="121.52790434046338">
        <ele>5.88616625405848</ele>
        <time>1970-01-01T00:08:28Z</time>
        <extensions>
          <gpxtpx:TrackPointExtension>
            <gpxtpx:hr>141</gpxtpx:hr>
          </gpxtpx:TrackPointExtension>
        </extensions>
      </trkpt>
      <trkpt lat="31.04092893127725" lon="121.52793640685086">
        <ele>5.898062424734235</ele>
        <time>1970-01-01T00:08:29Z</time>
        <extensions>
          <gpxtpx:TrackPointExtension>
            <gpxtpx:hr>141</gpxtpx:hr>
          </gpxtpx:TrackPointExtension>
        </extensions>
      </trkpt>
      <trkpt lat="31.04092917917744" lon="121.52796913597928">
        <ele>5.909163566306233</ele>
        <time>1970-01-01T00:08:30Z</time>
        <extensions>
          <gpxtpx:TrackPointExtension>
            <gpxtpx:hr>141</gpxtpx:hr>
          </gpxtpx:TrackPointExtension>
        </extensions>
      </trkpt>
      <trkpt lat="31.04093004810274" lon="121.52800122178407">
        <ele>5.919300588779151</ele>
        <time>1970-01-01T00:08:31Z</time>
        <extensions>
          <gpxtpx:TrackPointExtension>
            <gpxtpx:hr>141</gpxtpx:hr>
          </gpxtpx:TrackPointExtension>
        </extensions>
      </trkpt>
      <trkpt lat="31.04093154458857" lon="121.52803263338082">
        <ele>5.9285238441079855</ele>
        <time>1970-01-01T00:08:32Z</time>
        <extensions>
          <gpxtpx:TrackPointExtension>
            <gpxtpx:hr>141</gpxtpx:hr>
          </gpxtpx:TrackPointExtension>
        </extensions>
      </trkpt>
      <trkpt lat="31.040934093966097" lon="121.52806505564777">
        <ele>5.9369643442332745</ele>
        <time>1970-01-01T00:08:33Z</time>
        <extensions>
          <gpxtpx:TrackPointExtension>
            <gpxtpx:hr>141</gpxtpx:hr>
          </gpxtpx:TrackPointExtension>
        </extensions>
      </trkpt>
      <trkpt lat="31.04093768073001" lon="121.52809822243529">
        <ele>5.944834664463997</ele>
        <time>1970-01-01T00:08:34Z</time>
        <extensions>
          <gpxtpx:TrackPointExtension>
            <gpxtpx:hr>142</gpxtpx:hr>
          </gpxtpx:TrackPointExtension>
        </extensions>
      </trkpt>
      <trkpt lat="31.040942208147726" lon="121.52813106754083">
        <ele>5.952332930639386</ele>
        <time>1970-01-01T00:08:35Z</time>
        <extensions>
          <gpxtpx:TrackPointExtension>
            <gpxtpx:hr>142</gpxtpx:hr>
          </gpxtpx:TrackPointExtension>
        </extensions>
      </trkpt>
      <trkpt lat="31.040947440707946" lon="121.52816259285044">
        <ele>5.959697348065674</ele>
        <time>1970-01-01T00:08:36Z</time>
        <extensions>
          <gpxtpx:TrackPointExtension>
            <gpxtpx:hr>142</gpxtpx:hr>
          </gpxtpx:TrackPointExtension>
        </extensions>
      </trkpt>
      <trkpt lat="31.040953281150927" lon="121.52819312822949">
        <ele>5.967176231555641</ele>
        <time>1970-01-01T00:08:37Z</time>
        <extensions>
          <gpxtpx:TrackPointExtension>
            <gpxtpx:hr>142</gpxtpx:hr>
          </gpxtpx:TrackPointExtension>
        </extensions>
      </trkpt>
      <trkpt lat="31.04095961488675" lon="121.52822424122006">
        <ele>5.974895604886115</ele>
        <time>1970-01-01T00:08:38Z</time>
        <extensions>
          <gpxtpx:TrackPointExtension>
            <gpxtpx:hr>142</gpxtpx:hr>
          </gpxtpx:TrackPointExtension>
        </extensions>
      </trkpt>
      <trkpt lat="31.040965799014455" lon="121.52825587697247">
        <ele>5.982938691973686</ele>
        <time>1970-01-01T00:08:39Z</time>
        <extensions>
          <gpxtpx:TrackPointExtension>
            <gpxtpx:hr>142</gpxtpx:hr>
          </gpxtpx:TrackPointExtension>
        </extensions>
      </trkpt>
      <trkpt lat="31.040970915683953" lon="121.52828804718229">
        <ele>5.991335044614971</ele>
        <time>1970-01-01T00:08:40Z</time>
        <extensions>
          <gpxtpx:TrackPointExtension>
            <gpxtpx:hr>142</gpxtpx:hr>
          </gpxtpx:TrackPointExtension>
        </extensions>
      </trkpt>
      <trkpt lat="31.040974055507956" lon="121.5283202180167">
        <ele>6.000374939292669</ele>
        <time>1970-01-01T00:08:41Z</time>
        <extensions>
          <gpxtpx:TrackPointExtension>
            <gpxtpx:hr>142</gpxtpx:hr>
          </gpxtpx:TrackPointExtension>
        </extensions>
      </trkpt>
      <trkpt lat="31.040974762462213" lon="121.52835118945517">
        <ele>6.010425163432956</ele>
        <time>1970-01-01T00:08:42Z</time>
        <extensions>
          <gpxtpx:TrackPointExtension>
            <gpxtpx:hr>142</gpxtpx:hr>
          </gpxtpx:TrackPointExtension>
        </extensions>
      </trkpt>
      <trkpt lat="31.040973688824817" lon="121.52838144291793">
        <ele>6.021782577969134</ele>
        <time>1970-01-01T00:08:43Z</time>
        <extensions>
          <gpxtpx:TrackPointExtension>
            <gpxtpx:hr>142</gpxtpx:hr>
          </gpxtpx:TrackPointExtension>
        </extensions>
      </trkpt>
      <trkpt lat="31.04097133345934" lon="121.52841191171578">
        <ele>6.034473657608032</ele>
        <time>1970-01-01T00:08:44Z</time>
        <extensions>
          <gpxtpx:TrackPointExtension>
            <gpxtpx:hr>143</gpxtpx:hr>
          </gpxtpx:TrackPointExtension>
        </extensions>
      </trkpt>
      <trkpt lat="31.04096873151958" lon="121.52844320580775">
        <ele>6.048218861222267</ele>
        <time>1970-01-01T00:08:45Z</time>
        <extensions>
          <gpxtpx:TrackPointExtension>
            <gpxtpx:hr>143</gpxtpx:hr>
          </gpxtpx:TrackPointExtension>
        </extensions>
      </trkpt>
      <trkpt lat="31.040967306444834" lon="121.5284757485788">
        <ele>6.062772502191365</ele>
        <time>1970-01-01T00:08:46Z</time>
        <extensions>
          <gpxtpx:TrackPointExtension>
            <gpxtpx:hr>143</gpxtpx:hr>
          </gpxtpx:TrackPointExtension>
        </extensions>
      </trkpt>
      <trkpt lat="31.040967686084656" lon="121.52850893921975">
        <ele>6.0778844226151705</ele>
        <time>1970-01-01T00:08:47Z</time>
        <extensions>
          <gpxtpx:TrackPointExtension>
            <gpxtpx:hr>142</gpxtpx:hr>
          </gpxtpx:TrackPointExtension>
        </extensions>
      </trkpt>
      <trkpt lat="31.04097017118393" lon="121.5285427220217">
        <ele>6.093285769224167</ele>
        <time>1970-01-01T00:08:48Z</time>
        <extensions>
          <gpxtpx:TrackPointExtension>
            <gpxtpx:hr>142</gpxtpx:hr>
          </gpxtpx:TrackPointExtension>
        </extensions>
      </trkpt>
      <trkpt lat="31.040974497567642" lon="121.52857694144812">
        <ele>6.108709269203246</ele>
        <time>1970-01-01T00:08:49Z</time>
        <extensions>
          <gpxtpx:TrackPointExtension>
            <gpxtpx:hr>142</gpxtpx:hr>
          </gpxtpx:TrackPointExtension>
        </extensions>
      </trkpt>
      <trkpt lat="31.040979674950268" lon="121.52861080664216">
        <ele>6.123943340964615</ele>
        <time>1970-01-01T00:08:50Z</time>
        <extensions>
          <gpxtpx:TrackPointExtension>
            <gpxtpx:hr>142</gpxtpx:hr>
          </gpxtpx:TrackPointExtension>
        </extensions>
      </trkpt>
      <trkpt lat="31.040984924272678" lon="121.52864377692889">
        <ele>6.13894419837743</ele>
        <time>1970-01-01T00:08:51Z</time>
        <extensions>
          <gpxtpx:TrackPointExtension>
            <gpxtpx:hr>142</gpxtpx:hr>
          </gpxtpx:TrackPointExtension>
        </extensions>
      </trkpt>
      <trkpt lat="31.04099027222794" lon="121.52867575820302">
        <ele>6.1535627245903015</ele>
        <time>1970-01-01T00:08:52Z</time>
        <extensions>
          <gpxtpx:TrackPointExtension>
            <gpxtpx:hr>142</gpxtpx:hr>
          </gpxtpx:TrackPointExtension>
        </extensions>
      </trkpt>
      <trkpt lat="31.040996521465473" lon="121.52870729894431">
        <ele>6.167584054172039</ele>
        <time>1970-01-01T00:08:53Z</time>
        <extensions>
          <gpxtpx:TrackPointExtension>
            <gpxtpx:hr>142</gpxtpx:hr>
          </gpxtpx:TrackPointExtension>
        </extensions>
      </trkpt>
      <trkpt lat="31.041003880830043" lon="121.52873877998945">
        <ele>6.180646231397986</ele>
        <time>1970-01-01T00:08:54Z</time>
        <extensions>
          <gpxtpx:TrackPointExtension>
            <gpxtpx:hr>142</gpxtpx:hr>
          </gpxtpx:TrackPointExtension>
        </extensions>
      </trkpt>
      <trkpt lat="31.04101202943912" lon="121.52877040702764">
        <ele>6.192525697872043</ele>
        <time>1970-01-01T00:08:55Z</time>
        <extensions>
          <gpxtpx:TrackPointExtension>
            <gpxtpx:hr>142</gpxtpx:hr>
          </gpxtpx:TrackPointExtension>
        </extensions>
      </trkpt>
      <trkpt lat="31.041020845084226" lon="121.5288027761739">
        <ele>6.203156967647374</ele>
        <time>1970-01-01T00:08:56Z</time>
        <extensions>
          <gpxtpx:TrackPointExtension>
            <gpxtpx:hr>143</gpxtpx:hr>
          </gpxtpx:TrackPointExtension>
        </extensions>
      </trkpt>
      <trkpt lat="31.041029230416928" lon="121.52883518927952">
        <ele>6.212672553025186</ele>
        <time>1970-01-01T00:08:57Z</time>
        <extensions>
          <gpxtpx:TrackPointExtension>
            <gpxtpx:hr>143</gpxtpx:hr>
          </gpxtpx:TrackPointExtension>
        </extensions>
      </trkpt>
      <trkpt lat="31.041036643275824" lon="121.52886679056382">
        <ele>6.221287811174989</ele>
        <time>1970-01-01T00:08:58Z</time>
        <extensions>
          <gpxtpx:TrackPointExtension>
            <gpxtpx:hr>143</gpxtpx:hr>
          </gpxtpx:TrackPointExtension>
        </extensions>
      </trkpt>
      <trkpt lat="31.041043545499306" lon="121.52889779066572">
        <ele>6.229253947734833</ele>
        <time>1970-01-01T00:08:59Z</time>
        <extensions>
          <gpxtpx:TrackPointExtension>
            <gpxtpx:hr>143</gpxtpx:hr>
          </gpxtpx:TrackPointExtension>
        </extensions>
      </trkpt>
      <trkpt lat="31.041050008930938" lon="121.52892861722077">
        <ele>6.236669847741723</ele>
        <time>1970-01-01T00:09:00Z</time>
        <extensions>
          <gpxtpx:TrackPointExtension>
            <gpxtpx:hr>144</gpxtpx:hr>
          </gpxtpx:TrackPointExtension>
        </extensions>
      </trkpt>
      <trkpt lat="31.0410560180556" lon="121.52896061608807">
        <ele>6.243534435518086</ele>
        <time>1970-01-01T00:09:01Z</time>
        <extensions>
          <gpxtpx:TrackPointExtension>
            <gpxtpx:hr>144</gpxtpx:hr>
          </gpxtpx:TrackPointExtension>
        </extensions>
      </trkpt>
      <trkpt lat="31.041060839766995" lon="121.5289938298062">
        <ele>6.249769161455333</ele>
        <time>1970-01-01T00:09:02Z</time>
        <extensions>
          <gpxtpx:TrackPointExtension>
            <gpxtpx:hr>144</gpxtpx:hr>
          </gpxtpx:TrackPointExtension>
        </extensions>
      </trkpt>
      <trkpt lat="31.04106365165741" lon="121.52902729132552">
        <ele>6.255183947272599</ele>
        <time>1970-01-01T00:09:03Z</time>
        <extensions>
          <gpxtpx:TrackPointExtension>
            <gpxtpx:hr>144</gpxtpx:hr>
          </gpxtpx:TrackPointExtension>
        </extensions>
      </trkpt>
      <trkpt lat="31.041064378323856" lon="121.52906125506775">
        <ele>6.259534079581499</ele>
        <time>1970-01-01T00:09:04Z</time>
        <extensions>
          <gpxtpx:TrackPointExtension>
            <gpxtpx:hr>144</gpxtpx:hr>
          </gpxtpx:TrackPointExtension>
        </extensions>
      </trkpt>
      <trkpt lat="31.04106360397229" lon="121.52909545101107">
        <ele>6.262592768296599</ele>
        <time>1970-01-01T00:09:05Z</time>
        <extensions>
          <gpxtpx:TrackPointExtension>
            <gpxtpx:hr>145</gpxtpx:hr>
          </gpxtpx:TrackPointExtension>
        </extensions>
      </trkpt>
      <trkpt lat="31.04106251036041" lon="121.52912931790608">
        <ele>6.264146963134408</ele>
        <time>1970-01-01T00:09:06Z</time>
        <extensions>
          <gpxtpx:TrackPointExtension>
            <gpxtpx:hr>145</gpxtpx:hr>
          </gpxtpx:TrackPointExtension>
        </extensions>
      </trkpt>
      <trkpt lat="31.04106193650207" lon="121.52916314732623">
        <ele>6.263986763544381</ele>
        <time>1970-01-01T00:09:07Z</time>
        <extensions>
          <gpxtpx:TrackPointExtension>
            <gpxtpx:hr>145</gpxtpx:hr>
          </gpxtpx:TrackPointExtension>
        </extensions>
      </trkpt>
      <trkpt lat="31.04106192098075" lon="121.52919691647995">
        <ele>6.261910857632756</ele>
        <time>1970-01-01T00:09:08Z</time>
        <extensions>
          <gpxtpx:TrackPointExtension>
            <gpxtpx:hr>145</gpxtpx:hr>
          </gpxtpx:TrackPointExtension>
        </extensions>
      </trkpt>
      <trkpt lat="31.041062107963636" lon="121.52923110192948">
        <ele>6.25774300750345</ele>
        <time>1970-01-01T00:09:09Z</time>
        <extensions>
          <gpxtpx:TrackPointExtension>
            <gpxtpx:hr>145</gpxtpx:hr>
          </gpxtpx:TrackPointExtension>
        </extensions>
      </trkpt>
      <trkpt lat="31.041061668724222" lon="121.52926547163652">
        <ele>6.251362963579595</ele>
        <time>1970-01-01T00:09:10Z</time>
        <extensions>
          <gpxtpx:TrackPointExtension>
            <gpxtpx:hr>146</gpxtpx:hr>
          </gpxtpx:TrackPointExtension>
        </extensions>
      </trkpt>
      <trkpt lat="31.04106075576381" lon="121.52929956824363">
        <ele>6.2427172577008605</ele>
        <time>1970-01-01T00:09:11Z</time>
        <extensions>
          <gpxtpx:TrackPointExtension>
            <gpxtpx:hr>146</gpxtpx:hr>
          </gpxtpx:TrackPointExtension>
        </extensions>
      </trkpt>
      <trkpt lat="31.041060451102485" lon="121.52933371226977">
        <ele>6.231824782676995</ele>
        <time>1970-01-01T00:09:12Z</time>
        <extensions>
          <gpxtpx:TrackPointExtension>
            <gpxtpx:hr>146</gpxtpx:hr>
          </gpxtpx:TrackPointExtension>
        </extensions>
      </trkpt>
      <trkpt lat="31.041060958617745" lon="121.52936698306718">
        <ele>6.218785066157579</ele>
        <time>1970-01-01T00:09:13Z</time>
        <extensions>
          <gpxtpx:TrackPointExtension>
            <gpxtpx:hr>146</gpxtpx:hr>
          </gpxtpx:TrackPointExtension>
        </extensions>
      </trkpt>
      <trkpt lat="31.041061375067375" lon="121.52939893294464">
        <ele>6.203755061142147</ele>
        <time>1970-01-01T00:09:14Z</time>
        <extensions>
          <gpxtpx:TrackPointExtension>
            <gpxtpx:hr>146</gpxtpx:hr>
          </gpxtpx:TrackPointExtension>
        </extensions>
      </trkpt>
      <trkpt lat="31.04106148469399" lon="121.52942985921943">
        <ele>6.18686656281352</ele>
        <time>1970-01-01T00:09:15Z</time>
        <extensions>
          <gpxtpx:TrackPointExtension>
            <gpxtpx:hr>148</gpxtpx:hr>
          </gpxtpx:TrackPointExtension>
        </extensions>
      </trkpt>
      <trkpt lat="31.041061853863123" lon="121.52945897942413">
        <ele>6.16813687235117</ele>
        <time>1970-01-01T00:09:16Z</time>
        <extensions>
          <gpxtpx:TrackPointExtension>
            <gpxtpx:hr>148</gpxtpx:hr>
          </gpxtpx:TrackPointExtension>
        </extensions>
      </trkpt>
      <trkpt lat="31.041063274696658" lon="121.52948701390345">
        <ele>6.1476030657067895</ele>
        <time>1970-01-01T00:09:17Z</time>
        <extensions>
          <gpxtpx:TrackPointExtension>
            <gpxtpx:hr>148</gpxtpx:hr>
          </gpxtpx:TrackPointExtension>
        </extensions>
      </trkpt>
      <trkpt lat="31.04106625372822" lon="121.52951538512126">
        <ele>6.125346110202372</ele>
        <time>1970-01-01T00:09:18Z</time>
        <extensions>
          <gpxtpx:TrackPointExtension>
            <gpxtpx:hr>148</gpxtpx:hr>
          </gpxtpx:TrackPointExtension>
        </extensions>
      </trkpt>
      <trkpt lat="31.041070644114797" lon="121.5295442649872">
        <ele>6.101443854160607</ele>
        <time>1970-01-01T00:09:19Z</time>
        <extensions>
          <gpxtpx:TrackPointExtension>
            <gpxtpx:hr>148</gpxtpx:hr>
          </gpxtpx:TrackPointExtension>
        </extensions>
      </trkpt>
      <trkpt lat="31.041075243455758" lon="121.52957351397856">
        <ele>6.07595323305577</ele>
        <time>1970-01-01T00:09:20Z</time>
        <extensions>
          <gpxtpx:TrackPointExtension>
            <gpxtpx:hr>148</gpxtpx:hr>
          </gpxtpx:TrackPointExtension>
        </extensions>
      </trkpt>
      <trkpt lat="31.041079264859103" lon="121.52960120445805">
        <ele>6.049251384101808</ele>
        <time>1970-01-01T00:09:21Z</time>
        <extensions>
          <gpxtpx:TrackPointExtension>
            <gpxtpx:hr>148</gpxtpx:hr>
          </gpxtpx:TrackPointExtension>
        </extensions>
      </trkpt>
      <trkpt lat="31.041083154379898" lon="121.52962707864309">
        <ele>6.02173531986773</ele>
        <time>1970-01-01T00:09:22Z</time>
        <extensions>
          <gpxtpx:TrackPointExtension>
            <gpxtpx:hr>148</gpxtpx:hr>
          </gpxtpx:TrackPointExtension>
        </extensions>
      </trkpt>
      <trkpt lat="31.04108691280604" lon="121.5296519606111">
        <ele>5.9937941413372755</ele>
        <time>1970-01-01T00:09:23Z</time>
        <extensions>
          <gpxtpx:TrackPointExtension>
            <gpxtpx:hr>148</gpxtpx:hr>
          </gpxtpx:TrackPointExtension>
        </extensions>
      </trkpt>
      <trkpt lat="31.041090105861514" lon="121.52967465785659">
        <ele>5.965828236192465</ele>
        <time>1970-01-01T00:09:24Z</time>
        <extensions>
          <gpxtpx:TrackPointExtension>
            <gpxtpx:hr>148</gpxtpx:hr>
          </gpxtpx:TrackPointExtension>
        </extensions>
      </trkpt>
      <trkpt lat="31.041092644551124" lon="121.5296944392166">
        <ele>5.938266570679843</ele>
        <time>1970-01-01T00:09:25Z</time>
        <extensions>
          <gpxtpx:TrackPointExtension>
            <gpxtpx:hr>148</gpxtpx:hr>
          </gpxtpx:TrackPointExtension>
        </extensions>
      </trkpt>
      <trkpt lat="31.041095098687062" lon="121.52971205876175">
        <ele>5.91157993581146</ele>
        <time>1970-01-01T00:09:26Z</time>
        <extensions>
          <gpxtpx:TrackPointExtension>
            <gpxtpx:hr>148</gpxtpx:hr>
          </gpxtpx:TrackPointExtension>
        </extensions>
      </trkpt>
      <trkpt lat="31.041097610240797" lon="121.52972964806719">
        <ele>5.88621823862195</ele>
        <time>1970-01-01T00:09:27Z</time>
        <extensions>
          <gpxtpx:TrackPointExtension>
            <gpxtpx:hr>147</gpxtpx:hr>
          </gpxtpx:TrackPointExtension>
        </extensions>
      </trkpt>
      <trkpt lat="31.041100390633197" lon="121.52974769284754">
        <ele>5.862578748725355</ele>
        <time>1970-01-01T00:09:28Z</time>
        <extensions>
          <gpxtpx:TrackPointExtension>
            <gpxtpx:hr>147</gpxtpx:hr>
          </gpxtpx:TrackPointExtension>
        </extensions>
      </trkpt>
      <trkpt lat="31.04110394532655" lon="121.52976501733491">
        <ele>5.841014901176095</ele>
        <time>1970-01-01T00:09:29Z</time>
        <extensions>
          <gpxtpx:TrackPointExtension>
            <gpxtpx:hr>147</gpxtpx:hr>
          </gpxtpx:TrackPointExtension>
        </extensions>
      </trkpt>
      <trkpt lat="31.041108650342018" lon="121.52978204805302">
        <ele>5.821841294877231</ele>
        <time>1970-01-01T00:09:30Z</time>
        <extensions>
          <gpxtpx:TrackPointExtension>
            <gpxtpx:hr>147</gpxtpx:hr>
          </gpxtpx:TrackPointExtension>
        </extensions>
      </trkpt>
      <trkpt lat="31.04111450754263" lon="121.52980032189238">
        <ele>5.805297730490565</ele>
        <time>1970-01-01T00:09:31Z</time>
        <extensions>
          <gpxtpx:TrackPointExtension>
            <gpxtpx:hr>147</gpxtpx:hr>
          </gpxtpx:TrackPointExtension>
        </extensions>
      </trkpt>
      <trkpt lat="31.04112177466694" lon="121.5298212446904">
        <ele>5.791458815336227</ele>
        <time>1970-01-01T00:09:32Z</time>
        <extensions>
          <gpxtpx:TrackPointExtension>
            <gpxtpx:hr>147</gpxtpx:hr>
          </gpxtpx:TrackPointExtension>
        </extensions>
      </trkpt>
      <trkpt lat="31.04113130986131" lon="121.52984461488185">
        <ele>5.780213489197195</ele>
        <time>1970-01-01T00:09:33Z</time>
        <extensions>
          <gpxtpx:TrackPointExtension>
            <gpxtpx:hr>147</gpxtpx:hr>
          </gpxtpx:TrackPointExtension>
        </extensions>
      </trkpt>
      <trkpt lat="31.041143382674328" lon="121.52986765506802">
        <ele>5.7712424620985985</ele>
        <time>1970-01-01T00:09:34Z</time>
        <extensions>
          <gpxtpx:TrackPointExtension>
            <gpxtpx:hr>147</gpxtpx:hr>
          </gpxtpx:TrackPointExtension>
        </extensions>
      </trkpt>
      <trkpt lat="31.04115769604603" lon="121.52988831516923">
        <ele>5.764176921918988</ele>
        <time>1970-01-01T00:09:35Z</time>
        <extensions>
          <gpxtpx:TrackPointExtension>
            <gpxtpx:hr>146</gpxtpx:hr>
          </gpxtpx:TrackPointExtension>
        </extensions>
      </trkpt>
      <trkpt lat="31.041173418231605" lon="121.52990634137437">
        <ele>5.758627931587398</ele>
        <time>1970-01-01T00:09:36Z</time>
        <extensions>
          <gpxtpx:TrackPointExtension>
            <gpxtpx:hr>146</gpxtpx:hr>
          </gpxtpx:TrackPointExtension>
        </extensions>
      </trkpt>
      <trkpt lat="31.041189451677266" lon="121.52992194655073">
        <ele>5.754257757216692</ele>
        <time>1970-01-01T00:09:37Z</time>
        <extensions>
          <gpxtpx:TrackPointExtension>
            <gpxtpx:hr>146</gpxtpx:hr>
          </gpxtpx:TrackPointExtension>
        </extensions>
      </trkpt>
      <trkpt lat="31.04120571578415" lon="121.52993536791729">
        <ele>5.750753754749894</ele>
        <time>1970-01-01T00:09:38Z</time>
        <extensions>
          <gpxtpx:TrackPointExtension>
            <gpxtpx:hr>146</gpxtpx:hr>
          </gpxtpx:TrackPointExtension>
        </extensions>
      </trkpt>
      <trkpt lat="31.041222170907663" lon="121.52994629797789">
        <ele>5.747838469222188</ele>
        <time>1970-01-01T00:09:39Z</time>
        <extensions>
          <gpxtpx:TrackPointExtension>
            <gpxtpx:hr>146</gpxtpx:hr>
          </gpxtpx:TrackPointExtension>
        </extensions>
      </trkpt>
      <trkpt lat="31.04123837970313" lon="121.52995436812803">
        <ele>5.7454004706814885</ele>
        <time>1970-01-01T00:09:40Z</time>
        <extensions>
          <gpxtpx:TrackPointExtension>
            <gpxtpx:hr>146</gpxtpx:hr>
          </gpxtpx:TrackPointExtension>
        </extensions>
      </trkpt>
      <trkpt lat="31.04125522384847" lon="121.52995856520641">
        <ele>5.743353797122836</ele>
        <time>1970-01-01T00:09:41Z</time>
        <extensions>
          <gpxtpx:TrackPointExtension>
            <gpxtpx:hr>146</gpxtpx:hr>
          </gpxtpx:TrackPointExtension>
        </extensions>
      </trkpt>
      <trkpt lat="31.041274276650082" lon="121.52995759496548">
        <ele>5.74163612164557</ele>
        <time>1970-01-01T00:09:42Z</time>
        <extensions>
          <gpxtpx:TrackPointExtension>
            <gpxtpx:hr>146</gpxtpx:hr>
          </gpxtpx:TrackPointExtension>
        </extensions>
      </trkpt>
      <trkpt lat="31.04129681497519" lon="121.52995171900379">
        <ele>5.740441625006497</ele>
        <time>1970-01-01T00:09:43Z</time>
        <extensions>
          <gpxtpx:TrackPointExtension>
            <gpxtpx:hr>146</gpxtpx:hr>
          </gpxtpx:TrackPointExtension>
        </extensions>
      </trkpt>
      <trkpt lat="31.04132320969485" lon="121.52994170548158">
        <ele>5.740115797147155</ele>
        <time>1970-01-01T00:09:44Z</time>
        <extensions>
          <gpxtpx:TrackPointExtension>
            <gpxtpx:hr>146</gpxtpx:hr>
          </gpxtpx:TrackPointExtension>
        </extensions>
      </trkpt>
      <trkpt lat="31.041352344277772" lon="121.5299284776471">
        <ele>5.741060133092105</ele>
        <time>1970-01-01T00:09:45Z</time>
        <extensions>
          <gpxtpx:TrackPointExtension>
            <gpxtpx:hr>146</gpxtpx:hr>
          </gpxtpx:TrackPointExtension>
        </extensions>
      </trkpt>
      <trkpt lat="31.041382694914855" lon="121.52991280310987">
        <ele>5.743647816590965</ele>
        <time>1970-01-01T00:09:46Z</time>
        <extensions>
          <gpxtpx:TrackPointExtension>
            <gpxtpx:hr>146</gpxtpx:hr>
          </gpxtpx:TrackPointExtension>
        </extensions>
      </trkpt>
      <trkpt lat="31.041412867619293" lon="121.5298957481143">
        <ele>5.748203549534082</ele>
        <time>1970-01-01T00:09:47Z</time>
        <extensions>
          <gpxtpx:TrackPointExtension>
            <gpxtpx:hr>146</gpxtpx:hr>
          </gpxtpx:TrackPointExtension>
        </extensions>
      </trkpt>
      <trkpt lat="31.041441380583713" lon="121.52987969868244">
        <ele>5.7550462475046515</ele>
        <time>1970-01-01T00:09:48Z</time>
        <extensions>
          <gpxtpx:TrackPointExtension>
            <gpxtpx:hr>146</gpxtpx:hr>
          </gpxtpx:TrackPointExtension>
        </extensions>
      </trkpt>
      <trkpt lat="31.04146746957133" lon="121.52986624130119">
        <ele>5.764375017955899</ele>
        <time>1970-01-01T00:09:49Z</time>
        <extensions>
          <gpxtpx:TrackPointExtension>
            <gpxtpx:hr>146</gpxtpx:hr>
          </gpxtpx:TrackPointExtension>
        </extensions>
      </trkpt>
      <trkpt lat="31.041492178818782" lon="121.52985526825356">
        <ele>5.776181579567492</ele>
        <time>1970-01-01T00:09:50Z</time>
        <extensions>
          <gpxtpx:TrackPointExtension>
            <gpxtpx:hr>146</gpxtpx:hr>
          </gpxtpx:TrackPointExtension>
        </extensions>
      </trkpt>
      <trkpt lat="31.04151737116839" lon="121.52984656493838">
        <ele>5.79037073533982</ele>
        <time>1970-01-01T00:09:51Z</time>
        <extensions>
          <gpxtpx:TrackPointExtension>
            <gpxtpx:hr>146</gpxtpx:hr>
          </gpxtpx:TrackPointExtension>
        </extensions>
      </trkpt>
      <trkpt lat="31.041545052704784" lon="121.52983921318261">
        <ele>5.806769012473524</ele>
        <time>1970-01-01T00:09:52Z</time>
        <extensions>
          <gpxtpx:TrackPointExtension>
            <gpxtpx:hr>146</gpxtpx:hr>
          </gpxtpx:TrackPointExtension>
        </extensions>
      </trkpt>
      <trkpt lat="31.041575658665263" lon="121.52983293405616">
        <ele>5.825175670906901</ele>
        <time>1970-01-01T00:09:53Z</time>
        <extensions>
          <gpxtpx:TrackPointExtension>
            <gpxtpx:hr>146</gpxtpx:hr>
          </gpxtpx:TrackPointExtension>
        </extensions>
      </trkpt>
      <trkpt lat="31.041607163642027" lon="121.52982847892665">
        <ele>5.845262412913144</ele>
        <time>1970-01-01T00:09:54Z</time>
        <extensions>
          <gpxtpx:TrackPointExtension>
            <gpxtpx:hr>146</gpxtpx:hr>
          </gpxtpx:TrackPointExtension>
        </extensions>
      </trkpt>
      <trkpt lat="31.04163844154486" lon="121.52982568252006">
        <ele>5.866592957638204</ele>
        <time>1970-01-01T00:09:55Z</time>
        <extensions>
          <gpxtpx:TrackPointExtension>
            <gpxtpx:hr>147</gpxtpx:hr>
          </gpxtpx:TrackPointExtension>
        </extensions>
      </trkpt>
      <trkpt lat="31.04166972434831" lon="121.52982399767939">
        <ele>5.88858038559556</ele>
        <time>1970-01-01T00:09:56Z</time>
        <extensions>
          <gpxtpx:TrackPointExtension>
            <gpxtpx:hr>147</gpxtpx:hr>
          </gpxtpx:TrackPointExtension>
        </extensions>
      </trkpt>
      <trkpt lat="31.04170087575463" lon="121.52982221482898">
        <ele>5.910673592239618</ele>
        <time>1970-01-01T00:09:57Z</time>
        <extensions>
          <gpxtpx:TrackPointExtension>
            <gpxtpx:hr>147</gpxtpx:hr>
          </gpxtpx:TrackPointExtension>
        </extensions>
      </trkpt>
      <trkpt lat="31.04173185896976" lon="121.52981856292799">
        <ele>5.932389116846025</ele>
        <time>1970-01-01T00:09:58Z</time>
        <extensions>
          <gpxtpx:TrackPointExtension>
            <gpxtpx:hr>147</gpxtpx:hr>
          </gpxtpx:TrackPointExtension>
        </extensions>
      </trkpt>
      <trkpt lat="31.04176250619317" lon="121.52981256028232">
        <ele>5.949633305892348</ele>
        <time>1970-01-01T00:09:59Z</time>
        <extensions>
          <gpxtpx:TrackPointExtension>
            <gpxtpx:hr>147</gpxtpx:hr>
          </gpxtpx:TrackPointExtension>
        </extensions>
      </trkpt>
      <trkpt lat="31.04179229530178" lon="121.52980399208654">
        <ele>5.96322494931519</ele>
        <time>1970-01-01T00:10:00Z</time>
        <extensions>
          <gpxtpx:TrackPointExtension>
            <gpxtpx:hr>148</gpxtpx:hr>
          </gpxtpx:TrackPointExtension>
        </extensions>
      </trkpt>
      <trkpt lat="31.04182161290664" lon="121.52979228663094">
        <ele>5.97499340120703</ele>
        <time>1970-01-01T00:10:01Z</time>
        <extensions>
          <gpxtpx:TrackPointExtension>
            <gpxtpx:hr>148</gpxtpx:hr>
          </gpxtpx:TrackPointExtension>
        </extensions>
      </trkpt>
      <trkpt lat="31.04185048561943" lon="121.5297782812184">
        <ele>5.98691506870091</ele>
        <time>1970-01-01T00:10:02Z</time>
        <extensions>
          <gpxtpx:TrackPointExtension>
            <gpxtpx:hr>148</gpxtpx:hr>
          </gpxtpx:TrackPointExtension>
        </extensions>
      </trkpt>
      <trkpt lat="31.041878765551857" lon="121.52976294212456">
        <ele>5.993653823621571</ele>
        <time>1970-01-01T00:10:03Z</time>
        <extensions>
          <gpxtpx:TrackPointExtension>
            <gpxtpx:hr>148</gpxtpx:hr>
          </gpxtpx:TrackPointExtension>
        </extensions>
      </trkpt>
      <trkpt lat="31.04190583719549" lon="121.52974620611619">
        <ele>5.98786879889667</ele>
        <time>1970-01-01T00:10:04Z</time>
        <extensions>
          <gpxtpx:TrackPointExtension>
            <gpxtpx:hr>148</gpxtpx:hr>
          </gpxtpx:TrackPointExtension>
        </extensions>
      </trkpt>
      <trkpt lat="31.04193077465654" lon="121.52972859232888">
        <ele>5.9711939021945</ele>
        <time>1970-01-01T00:10:05Z</time>
        <extensions>
          <gpxtpx:TrackPointExtension>
            <gpxtpx:hr>148</gpxtpx:hr>
          </gpxtpx:TrackPointExtension>
        </extensions>
      </trkpt>
      <trkpt lat="31.041953956020244" lon="121.52971092512782">
        <ele>5.946561676450074</ele>
        <time>1970-01-01T00:10:06Z</time>
        <extensions>
          <gpxtpx:TrackPointExtension>
            <gpxtpx:hr>148</gpxtpx:hr>
          </gpxtpx:TrackPointExtension>
        </extensions>
      </trkpt>
      <trkpt lat="31.041976753274" lon="121.5296936766699">
        <ele>5.930976277217269</ele>
        <time>1970-01-01T00:10:07Z</time>
        <extensions>
          <gpxtpx:TrackPointExtension>
            <gpxtpx:hr>149</gpxtpx:hr>
          </gpxtpx:TrackPointExtension>
        </extensions>
      </trkpt>
      <trkpt lat="31.041999991879813" lon="121.52967718921371">
        <ele>5.891327001154423</ele>
        <time>1970-01-01T00:10:08Z</time>
        <extensions>
          <gpxtpx:TrackPointExtension>
            <gpxtpx:hr>149</gpxtpx:hr>
          </gpxtpx:TrackPointExtension>
        </extensions>
      </trkpt>
      <trkpt lat="31.04202395424409" lon="121.52966189820016">
        <ele>5.8618135917931795</ele>
        <time>1970-01-01T00:10:09Z</time>
        <extensions>
          <gpxtpx:TrackPointExtension>
            <gpxtpx:hr>149</gpxtpx:hr>
          </gpxtpx:TrackPointExtension>
        </extensions>
      </trkpt>
      <trkpt lat="31.0420481590941" lon="121.52964875567257">
        <ele>5.832165475003421</ele>
        <time>1970-01-01T00:10:10Z</time>
        <extensions>
          <gpxtpx:TrackPointExtension>
            <gpxtpx:hr>149</gpxtpx:hr>
          </gpxtpx:TrackPointExtension>
        </extensions>
      </trkpt>
      <trkpt lat="31.042072378308752" lon="121.52963739437429">
        <ele>5.7849327540025115</ele>
        <time>1970-01-01T00:10:11Z</time>
        <extensions>
          <gpxtpx:TrackPointExtension>
            <gpxtpx:hr>149</gpxtpx:hr>
          </gpxtpx:TrackPointExtension>
        </extensions>
      </trkpt>
      <trkpt lat="31.04209743478015" lon="121.5296265895361">
        <ele>5.729630614630878</ele>
        <time>1970-01-01T00:10:12Z</time>
        <extensions>
          <gpxtpx:TrackPointExtension>
            <gpxtpx:hr>149</gpxtpx:hr>
          </gpxtpx:TrackPointExtension>
        </extensions>
      </trkpt>
      <trkpt lat="31.042123276298973" lon="121.52961662368033">
        <ele>5.684451340697706</ele>
        <time>1970-01-01T00:10:13Z</time>
        <extensions>
          <gpxtpx:TrackPointExtension>
            <gpxtpx:hr>149</gpxtpx:hr>
          </gpxtpx:TrackPointExtension>
        </extensions>
      </trkpt>
      <trkpt lat="31.042148756016147" lon="121.52960820941165">
        <ele>5.652024959214032</ele>
        <time>1970-01-01T00:10:14Z</time>
        <extensions>
          <gpxtpx:TrackPointExtension>
            <gpxtpx:hr>149</gpxtpx:hr>
          </gpxtpx:TrackPointExtension>
        </extensions>
      </trkpt>
      <trkpt lat="31.042172990998434" lon="121.52960111928772">
        <ele>5.62147799320519</ele>
        <time>1970-01-01T00:10:15Z</time>
        <extensions>
          <gpxtpx:TrackPointExtension>
            <gpxtpx:hr>149</gpxtpx:hr>
          </gpxtpx:TrackPointExtension>
        </extensions>
      </trkpt>
      <trkpt lat="31.042195582126183" lon="121.5295954890088">
        <ele>5.574355133809149</ele>
        <time>1970-01-01T00:10:16Z</time>
        <extensions>
          <gpxtpx:TrackPointExtension>
            <gpxtpx:hr>149</gpxtpx:hr>
          </gpxtpx:TrackPointExtension>
        </extensions>
      </trkpt>
      <trkpt lat="31.04221683123009" lon="121.529591351191">
        <ele>5.5460676634684205</ele>
        <time>1970-01-01T00:10:17Z</time>
        <extensions>
          <gpxtpx:TrackPointExtension>
            <gpxtpx:hr>149</gpxtpx:hr>
          </gpxtpx:TrackPointExtension>
        </extensions>
      </trkpt>
      <trkpt lat="31.04223619356722" lon="121.52958752046467">
        <ele>5.518721587955952</ele>
        <time>1970-01-01T00:10:18Z</time>
        <extensions>
          <gpxtpx:TrackPointExtension>
            <gpxtpx:hr>149</gpxtpx:hr>
          </gpxtpx:TrackPointExtension>
        </extensions>
      </trkpt>
      <trkpt lat="31.0422523729824" lon="121.52958283388247">
        <ele>5.474211833439767</ele>
        <time>1970-01-01T00:10:19Z</time>
        <extensions>
          <gpxtpx:TrackPointExtension>
            <gpxtpx:hr>149</gpxtpx:hr>
          </gpxtpx:TrackPointExtension>
        </extensions>
      </trkpt>
      <trkpt lat="31.042266050227592" lon="121.52957773005197">
        <ele>5.408962334506214</ele>
        <time>1970-01-01T00:10:20Z</time>
        <extensions>
          <gpxtpx:TrackPointExtension>
            <gpxtpx:hr>149</gpxtpx:hr>
          </gpxtpx:TrackPointExtension>
        </extensions>
      </trkpt>
      <trkpt lat="31.04227945905245" lon="121.52957303809285">
        <ele>5.360123971477151</ele>
        <time>1970-01-01T00:10:21Z</time>
        <extensions>
          <gpxtpx:TrackPointExtension>
            <gpxtpx:hr>147</gpxtpx:hr>
          </gpxtpx:TrackPointExtension>
        </extensions>
      </trkpt>
      <trkpt lat="31.042294311336075" lon="121.52956999065198">
        <ele>5.303464601747692</ele>
        <time>1970-01-01T00:10:22Z</time>
        <extensions>
          <gpxtpx:TrackPointExtension>
            <gpxtpx:hr>147</gpxtpx:hr>
          </gpxtpx:TrackPointExtension>
        </extensions>
      </trkpt>
      <trkpt lat="31.042309972533076" lon="121.52956936702198">
        <ele>5.276983940973878</ele>
        <time>1970-01-01T00:10:23Z</time>
        <extensions>
          <gpxtpx:TrackPointExtension>
            <gpxtpx:hr>147</gpxtpx:hr>
          </gpxtpx:TrackPointExtension>
        </extensions>
      </trkpt>
      <trkpt lat="31.042324879207566" lon="121.52957006900644">
        <ele>5.2686908999457955</ele>
        <time>1970-01-01T00:10:24Z</time>
        <extensions>
          <gpxtpx:TrackPointExtension>
            <gpxtpx:hr>147</gpxtpx:hr>
          </gpxtpx:TrackPointExtension>
        </extensions>
      </trkpt>
      <trkpt lat="31.042338951313422" lon="121.52957037051391">
        <ele>5.101201540790498</ele>
        <time>1970-01-01T00:10:25Z</time>
        <extensions>
          <gpxtpx:TrackPointExtension>
            <gpxtpx:hr>147</gpxtpx:hr>
          </gpxtpx:TrackPointExtension>
        </extensions>
      </trkpt>
      <trkpt lat="31.042351239557657" lon="121.52956830966518">
        <ele>4.917631310410798</ele>
        <time>1970-01-01T00:10:26Z</time>
        <extensions>
          <gpxtpx:TrackPointExtension>
            <gpxtpx:hr>146</gpxtpx:hr>
          </gpxtpx:TrackPointExtension>
        </extensions>
      </trkpt>
      <trkpt lat="31.04236144923573" lon="121.52956312785571">
        <ele>4.71712470240891</ele>
        <time>1970-01-01T00:10:27Z</time>
        <extensions>
          <gpxtpx:TrackPointExtension>
            <gpxtpx:hr>146</gpxtpx:hr>
          </gpxtpx:TrackPointExtension>
        </extensions>
      </trkpt>
      <trkpt lat="31.042370014174896" lon="121.5295551223026">
        <ele>4.499190759845078</ele>
        <time>1970-01-01T00:10:28Z</time>
        <extensions>
          <gpxtpx:TrackPointExtension>
            <gpxtpx:hr>146</gpxtpx:hr>
          </gpxtpx:TrackPointExtension>
        </extensions>
      </trkpt>
      <trkpt lat="31.04237738346342" lon="121.52954445989944">
        <ele>4.263858340680599</ele>
        <time>1970-01-01T00:10:29Z</time>
        <extensions>
          <gpxtpx:TrackPointExtension>
            <gpxtpx:hr>146</gpxtpx:hr>
          </gpxtpx:TrackPointExtension>
        </extensions>
      </trkpt>
      <trkpt lat="31.04238371584741" lon="121.5295320369844">
        <ele>4.011747509241104</ele>
        <time>1970-01-01T00:10:30Z</time>
        <extensions>
          <gpxtpx:TrackPointExtension>
            <gpxtpx:hr>146</gpxtpx:hr>
          </gpxtpx:TrackPointExtension>
        </extensions>
      </trkpt>
      <trkpt lat="31.042389400837955" lon="121.52951870817279">
        <ele>3.7440128047019243</ele>
        <time>1970-01-01T00:10:31Z</time>
        <extensions>
          <gpxtpx:TrackPointExtension>
            <gpxtpx:hr>146</gpxtpx:hr>
          </gpxtpx:TrackPointExtension>
        </extensions>
      </trkpt>
      <trkpt lat="31.042395166434268" lon="121.52950568632893">
        <ele>3.4623674703761935</ele>
        <time>1970-01-01T00:10:32Z</time>
        <extensions>
          <gpxtpx:TrackPointExtension>
            <gpxtpx:hr>146</gpxtpx:hr>
          </gpxtpx:TrackPointExtension>
        </extensions>
      </trkpt>
      <trkpt lat="31.0424002990334" lon="121.52949343547655">
        <ele>3.169267020188272</ele>
        <time>1970-01-01T00:10:33Z</time>
        <extensions>
          <gpxtpx:TrackPointExtension>
            <gpxtpx:hr>146</gpxtpx:hr>
          </gpxtpx:TrackPointExtension>
        </extensions>
      </trkpt>
      <trkpt lat="31.042404012499777" lon="121.52948119770659">
        <ele>2.868203987367451</ele>
        <time>1970-01-01T00:10:34Z</time>
        <extensions>
          <gpxtpx:TrackPointExtension>
            <gpxtpx:hr>146</gpxtpx:hr>
          </gpxtpx:TrackPointExtension>
        </extensions>
      </trkpt>
    </trkseg>
  </trk>
</gpx>