<?xml version="1.0" encoding="UTF-8"?>
<gpx xmlns="http://www.topografix.com/GPX/1/1" xmlns:gpxtpx="http://www.garmin.com/xmlschemas/TrackPointExtension/v1" xmlns:xsi="http://www.w3.org/2001/XMLSchema-instance" xsi:schemaLocation="http://www.topografix.com/GPX/1/1 http://www.topografix.com/GPX/1/1/gpx.xsd" version="1.1" creator="gpx.py -- https://github.com/tkrajina/gpxpy">
  <trk>
    <name>gpx from keep</name>
    <type>Run</type>
    <trkseg>
      <trkpt lat="31.044652378246266" lon="121.53265094798324">
        <ele>7.573237227275968</ele>
        <time>7579-03-21T20:59:10Z</time>
      </trkpt>
      <trkpt lat="31.044663704013843" lon="121.53264262004325">
        <ele>7.333581157959998</ele>
        <time>1970-01-01T00:00:00Z</time>
        <extensions>
          <gpxtpx:TrackPointExtension>
            <gpxtpx:hr>103</gpxtpx:hr>
          </gpxtpx:TrackPointExtension>
        </extensions>
      </trkpt>
      <trkpt lat="31.04467736569205" lon="121.53263331869591">
        <ele>7.1321541937068105</ele>
        <time>1970-01-01T00:00:01Z</time>
        <extensions>
          <gpxtpx:TrackPointExtension>
            <gpxtpx:hr>103</gpxtpx:hr>
          </gpxtpx:TrackPointExtension>
        </extensions>
      </trkpt>
      <trkpt lat="31.044693949097287" lon="121.5326225671765">
        <ele>6.965663272887468</ele>
        <time>1970-01-01T00:00:02Z</time>
        <extensions>
          <gpxtpx:TrackPointExtension>
            <gpxtpx:hr>103</gpxtpx:hr>
          </gpxtpx:TrackPointExtension>
        </extensions>
      </trkpt>
      <trkpt lat="31.044712932604615" lon="121.53261064050378">
        <ele>6.830516383051872</ele>
        <time>1970-01-01T00:00:04Z</time>
        <extensions>
          <gpxtpx:TrackPointExtension>
            <gpxtpx:hr>103</gpxtpx:hr>
          </gpxtpx:TrackPointExtension>
        </extensions>
      </trkpt>
      <trkpt lat="31.04473316251964" lon="121.53259861183186">
        <ele>6.7229375299066305</ele>
        <time>1970-01-01T00:00:05Z</time>
        <extensions>
          <gpxtpx:TrackPointExtension>
            <gpxtpx:hr>103</gpxtpx:hr>
          </gpxtpx:TrackPointExtension>
        </extensions>
      </trkpt>
      <trkpt lat="31.044753914049483" lon="121.53258685832564">
        <ele>6.638294353149831</ele>
        <time>1970-01-01T00:00:06Z</time>
        <extensions>
          <gpxtpx:TrackPointExtension>
            <gpxtpx:hr>105</gpxtpx:hr>
          </gpxtpx:TrackPointExtension>
        </extensions>
      </trkpt>
      <trkpt lat="31.04477564832721" lon="121.53257498311102">
        <ele>6.571997053921223</ele>
        <time>1970-01-01T00:00:07Z</time>
        <extensions>
          <gpxtpx:TrackPointExtension>
            <gpxtpx:hr>105</gpxtpx:hr>
          </gpxtpx:TrackPointExtension>
        </extensions>
      </trkpt>
      <trkpt lat="31.0447983029338" lon="121.53256245304958">
        <ele>6.521507143974304</ele>
        <time>1970-01-01T00:00:08Z</time>
        <extensions>
          <gpxtpx:TrackPointExtension>
            <gpxtpx:hr>105</gpxtpx:hr>
          </gpxtpx:TrackPointExtension>
        </extensions>
      </trkpt>
      <trkpt lat="31.044821137128388" lon="121.5325491732234">
        <ele>6.484437362290919</ele>
        <time>1970-01-01T00:00:09Z</time>
        <extensions>
          <gpxtpx:TrackPointExtension>
            <gpxtpx:hr>105</gpxtpx:hr>
          </gpxtpx:TrackPointExtension>
        </extensions>
      </trkpt>
      <trkpt lat="31.044844027245077" lon="121.53253498531949">
        <ele>6.458991955034435</ele>
        <time>1970-01-01T00:00:10Z</time>
        <extensions>
          <gpxtpx:TrackPointExtension>
            <gpxtpx:hr>105</gpxtpx:hr>
          </gpxtpx:TrackPointExtension>
        </extensions>
      </trkpt>
      <trkpt lat="31.044867038449215" lon="121.53251982915576">
        <ele>6.44391449727118</ele>
        <time>1970-01-01T00:00:11Z</time>
        <extensions>
          <gpxtpx:TrackPointExtension>
            <gpxtpx:hr>107</gpxtpx:hr>
          </gpxtpx:TrackPointExtension>
        </extensions>
      </trkpt>
      <trkpt lat="31.044889555116995" lon="121.53250387535383">
        <ele>6.437787023372948</ele>
        <time>1970-01-01T00:00:12Z</time>
        <extensions>
          <gpxtpx:TrackPointExtension>
            <gpxtpx:hr>107</gpxtpx:hr>
          </gpxtpx:TrackPointExtension>
        </extensions>
      </trkpt>
      <trkpt lat="31.044911433189647" lon="121.53248752206946">
        <ele>6.4394512409344316</ele>
        <time>1970-01-01T00:00:13Z</time>
        <extensions>
          <gpxtpx:TrackPointExtension>
            <gpxtpx:hr>107</gpxtpx:hr>
          </gpxtpx:TrackPointExtension>
        </extensions>
      </trkpt>
      <trkpt lat="31.044933023792193" lon="121.53247133142051">
        <ele>6.4483883725479245</ele>
        <time>1970-01-01T00:00:14Z</time>
        <extensions>
          <gpxtpx:TrackPointExtension>
            <gpxtpx:hr>107</gpxtpx:hr>
          </gpxtpx:TrackPointExtension>
        </extensions>
      </trkpt>
      <trkpt lat="31.04495465853222" lon="121.53245532166261">
        <ele>6.4644992258399725</ele>
        <time>1970-01-01T00:00:15Z</time>
        <extensions>
          <gpxtpx:TrackPointExtension>
            <gpxtpx:hr>107</gpxtpx:hr>
          </gpxtpx:TrackPointExtension>
        </extensions>
      </trkpt>
      <trkpt lat="31.04497579722739" lon="121.53243912141481">
        <ele>6.487654003314674</ele>
        <time>1970-01-01T00:00:16Z</time>
        <extensions>
          <gpxtpx:TrackPointExtension>
            <gpxtpx:hr>110</gpxtpx:hr>
          </gpxtpx:TrackPointExtension>
        </extensions>
      </trkpt>
      <trkpt lat="31.04499644605174" lon="121.53242231583543">
        <ele>6.516893357038498</ele>
        <time>1970-01-01T00:00:17Z</time>
        <extensions>
          <gpxtpx:TrackPointExtension>
            <gpxtpx:hr>110</gpxtpx:hr>
          </gpxtpx:TrackPointExtension>
        </extensions>
      </trkpt>
      <trkpt lat="31.045016841764365" lon="121.53240524355496">
        <ele>6.551018455997109</ele>
        <time>1970-01-01T00:00:18Z</time>
        <extensions>
          <gpxtpx:TrackPointExtension>
            <gpxtpx:hr>110</gpxtpx:hr>
          </gpxtpx:TrackPointExtension>
        </extensions>
      </trkpt>
      <trkpt lat="31.045036606843077" lon="121.53238750691763">
        <ele>6.588446355424821</ele>
        <time>1970-01-01T00:00:19Z</time>
        <extensions>
          <gpxtpx:TrackPointExtension>
            <gpxtpx:hr>110</gpxtpx:hr>
          </gpxtpx:TrackPointExtension>
        </extensions>
      </trkpt>
      <trkpt lat="31.045055144791846" lon="121.53236813715742">
        <ele>6.627251213416457</ele>
        <time>1970-01-01T00:00:20Z</time>
        <extensions>
          <gpxtpx:TrackPointExtension>
            <gpxtpx:hr>110</gpxtpx:hr>
          </gpxtpx:TrackPointExtension>
        </extensions>
      </trkpt>
      <trkpt lat="31.045071796149056" lon="121.53234674741591">
        <ele>6.665553441271186</ele>
        <time>1970-01-01T00:00:21Z</time>
        <extensions>
          <gpxtpx:TrackPointExtension>
            <gpxtpx:hr>113</gpxtpx:hr>
          </gpxtpx:TrackPointExtension>
        </extensions>
      </trkpt>
      <trkpt lat="31.04508566234338" lon="121.53232310245461">
        <ele>6.7018909230828285</ele>
        <time>1970-01-01T00:00:22Z</time>
        <extensions>
          <gpxtpx:TrackPointExtension>
            <gpxtpx:hr>113</gpxtpx:hr>
          </gpxtpx:TrackPointExtension>
        </extensions>
      </trkpt>
      <trkpt lat="31.045097078362396" lon="121.53229767852984">
        <ele>6.735047367401421</ele>
        <time>1970-01-01T00:00:23Z</time>
        <extensions>
          <gpxtpx:TrackPointExtension>
            <gpxtpx:hr>113</gpxtpx:hr>
          </gpxtpx:TrackPointExtension>
        </extensions>
      </trkpt>
      <trkpt lat="31.04510139014039" lon="121.53227202739733">
        <ele>6.763886806555092</ele>
        <time>1970-01-01T00:00:24Z</time>
        <extensions>
          <gpxtpx:TrackPointExtension>
            <gpxtpx:hr>113</gpxtpx:hr>
          </gpxtpx:TrackPointExtension>
        </extensions>
      </trkpt>
      <trkpt lat="31.04510903142704" lon="121.53224615143507">
        <ele>6.787194105796516</ele>
        <time>1970-01-01T00:00:25Z</time>
        <extensions>
          <gpxtpx:TrackPointExtension>
            <gpxtpx:hr>113</gpxtpx:hr>
          </gpxtpx:TrackPointExtension>
        </extensions>
      </trkpt>
      <trkpt lat="31.045115287355156" lon="121.53221924632098">
        <ele>6.803923456929624</ele>
        <time>1970-01-01T00:00:26Z</time>
        <extensions>
          <gpxtpx:TrackPointExtension>
            <gpxtpx:hr>113</gpxtpx:hr>
          </gpxtpx:TrackPointExtension>
        </extensions>
      </trkpt>
      <trkpt lat="31.04511882531252" lon="121.53219136627187">
        <ele>6.8135422663763165</ele>
        <time>1970-01-01T00:00:27Z</time>
        <extensions>
          <gpxtpx:TrackPointExtension>
            <gpxtpx:hr>113</gpxtpx:hr>
          </gpxtpx:TrackPointExtension>
        </extensions>
      </trkpt>
      <trkpt lat="31.04512065026633" lon="121.53216279356562">
        <ele>6.815902202390134</ele>
        <time>1970-01-01T00:00:28Z</time>
        <extensions>
          <gpxtpx:TrackPointExtension>
            <gpxtpx:hr>117</gpxtpx:hr>
          </gpxtpx:TrackPointExtension>
        </extensions>
      </trkpt>
      <trkpt lat="31.045121096746705" lon="121.53213361288536">
        <ele>6.811262323521078</ele>
        <time>1970-01-01T00:00:29Z</time>
        <extensions>
          <gpxtpx:TrackPointExtension>
            <gpxtpx:hr>117</gpxtpx:hr>
          </gpxtpx:TrackPointExtension>
        </extensions>
      </trkpt>
      <trkpt lat="31.045120078762277" lon="121.5321043290844">
        <ele>6.800445758737624</ele>
        <time>1970-01-01T00:00:30Z</time>
        <extensions>
          <gpxtpx:TrackPointExtension>
            <gpxtpx:hr>117</gpxtpx:hr>
          </gpxtpx:TrackPointExtension>
        </extensions>
      </trkpt>
      <trkpt lat="31.045116485113592" lon="121.53207529200121">
        <ele>6.784487873315811</ele>
        <time>1970-01-01T00:00:31Z</time>
        <extensions>
          <gpxtpx:TrackPointExtension>
            <gpxtpx:hr>117</gpxtpx:hr>
          </gpxtpx:TrackPointExtension>
        </extensions>
      </trkpt>
      <trkpt lat="31.04510912387164" lon="121.53204695410156">
        <ele>6.764544109813869</ele>
        <time>1970-01-01T00:00:32Z</time>
        <extensions>
          <gpxtpx:TrackPointExtension>
            <gpxtpx:hr>117</gpxtpx:hr>
          </gpxtpx:TrackPointExtension>
        </extensions>
      </trkpt>
      <trkpt lat="31.04509772076341" lon="121.5320199016775">
        <ele>6.74180871527642</ele>
        <time>1970-01-01T00:00:33Z</time>
        <extensions>
          <gpxtpx:TrackPointExtension>
            <gpxtpx:hr>117</gpxtpx:hr>
          </gpxtpx:TrackPointExtension>
        </extensions>
      </trkpt>
      <trkpt lat="31.0450795988657" lon="121.53199616859004">
        <ele>6.717457405291498</ele>
        <time>1970-01-01T00:00:34Z</time>
        <extensions>
          <gpxtpx:TrackPointExtension>
            <gpxtpx:hr>123</gpxtpx:hr>
          </gpxtpx:TrackPointExtension>
        </extensions>
      </trkpt>
      <trkpt lat="31.045055410662442" lon="121.5319765848872">
        <ele>6.692497073672712</ele>
        <time>1970-01-01T00:00:35Z</time>
        <extensions>
          <gpxtpx:TrackPointExtension>
            <gpxtpx:hr>123</gpxtpx:hr>
          </gpxtpx:TrackPointExtension>
        </extensions>
      </trkpt>
      <trkpt lat="31.045029288794712" lon="121.53196009450456">
        <ele>6.667899131774902</ele>
        <time>1970-01-01T00:00:36Z</time>
        <extensions>
          <gpxtpx:TrackPointExtension>
            <gpxtpx:hr>123</gpxtpx:hr>
          </gpxtpx:TrackPointExtension>
        </extensions>
      </trkpt>
      <trkpt lat="31.045002801609535" lon="121.531946393691">
        <ele>6.644306927919388</ele>
        <time>1970-01-01T00:00:37Z</time>
        <extensions>
          <gpxtpx:TrackPointExtension>
            <gpxtpx:hr>123</gpxtpx:hr>
          </gpxtpx:TrackPointExtension>
        </extensions>
      </trkpt>
      <trkpt lat="31.044976562325193" lon="121.53193490362015">
        <ele>6.622028415091336</ele>
        <time>1970-01-01T00:00:38Z</time>
        <extensions>
          <gpxtpx:TrackPointExtension>
            <gpxtpx:hr>123</gpxtpx:hr>
          </gpxtpx:TrackPointExtension>
        </extensions>
      </trkpt>
      <trkpt lat="31.04495084672281" lon="121.53192543186572">
        <ele>6.601145009510219</ele>
        <time>1970-01-01T00:00:39Z</time>
        <extensions>
          <gpxtpx:TrackPointExtension>
            <gpxtpx:hr>125</gpxtpx:hr>
          </gpxtpx:TrackPointExtension>
        </extensions>
      </trkpt>
      <trkpt lat="31.04492551850673" lon="121.53191806500745">
        <ele>6.58168426156044</ele>
        <time>1970-01-01T00:00:40Z</time>
        <extensions>
          <gpxtpx:TrackPointExtension>
            <gpxtpx:hr>125</gpxtpx:hr>
          </gpxtpx:TrackPointExtension>
        </extensions>
      </trkpt>
      <trkpt lat="31.044900017327787" lon="121.53191297512033">
        <ele>6.563431621529162</ele>
        <time>1970-01-01T00:00:41Z</time>
        <extensions>
          <gpxtpx:TrackPointExtension>
            <gpxtpx:hr>125</gpxtpx:hr>
          </gpxtpx:TrackPointExtension>
        </extensions>
      </trkpt>
      <trkpt lat="31.04487407423008" lon="121.53191106109863">
        <ele>6.5459673553705215</ele>
        <time>1970-01-01T00:00:42Z</time>
        <extensions>
          <gpxtpx:TrackPointExtension>
            <gpxtpx:hr>125</gpxtpx:hr>
          </gpxtpx:TrackPointExtension>
        </extensions>
      </trkpt>
      <trkpt lat="31.04484789069059" lon="121.53191281872613">
        <ele>6.528744294308126</ele>
        <time>1970-01-01T00:00:43Z</time>
        <extensions>
          <gpxtpx:TrackPointExtension>
            <gpxtpx:hr>127</gpxtpx:hr>
          </gpxtpx:TrackPointExtension>
        </extensions>
      </trkpt>
      <trkpt lat="31.04482180687873" lon="121.53191772573904">
        <ele>6.511200804263353</ele>
        <time>1970-01-01T00:00:44Z</time>
        <extensions>
          <gpxtpx:TrackPointExtension>
            <gpxtpx:hr>127</gpxtpx:hr>
          </gpxtpx:TrackPointExtension>
        </extensions>
      </trkpt>
      <trkpt lat="31.044795702791305" lon="121.5319254467359">
        <ele>6.49317123927176</ele>
        <time>1970-01-01T00:00:45Z</time>
        <extensions>
          <gpxtpx:TrackPointExtension>
            <gpxtpx:hr>127</gpxtpx:hr>
          </gpxtpx:TrackPointExtension>
        </extensions>
      </trkpt>
      <trkpt lat="31.044769996770807" lon="121.53193593841615">
        <ele>6.474600924178958</ele>
        <time>1970-01-01T00:00:46Z</time>
        <extensions>
          <gpxtpx:TrackPointExtension>
            <gpxtpx:hr>127</gpxtpx:hr>
          </gpxtpx:TrackPointExtension>
        </extensions>
      </trkpt>
      <trkpt lat="31.044745331831077" lon="121.53194924830217">
        <ele>6.455585862509906</ele>
        <time>1970-01-01T00:00:47Z</time>
        <extensions>
          <gpxtpx:TrackPointExtension>
            <gpxtpx:hr>134</gpxtpx:hr>
          </gpxtpx:TrackPointExtension>
        </extensions>
      </trkpt>
      <trkpt lat="31.044721910441442" lon="121.5319648901243">
        <ele>6.436395650729537</ele>
        <time>1970-01-01T00:00:48Z</time>
        <extensions>
          <gpxtpx:TrackPointExtension>
            <gpxtpx:hr>134</gpxtpx:hr>
          </gpxtpx:TrackPointExtension>
        </extensions>
      </trkpt>
      <trkpt lat="31.044699700886532" lon="121.53198150237624">
        <ele>6.417425241321325</ele>
        <time>1970-01-01T00:00:49Z</time>
        <extensions>
          <gpxtpx:TrackPointExtension>
            <gpxtpx:hr>134</gpxtpx:hr>
          </gpxtpx:TrackPointExtension>
        </extensions>
      </trkpt>
      <trkpt lat="31.04467796267484" lon="121.53199808249566">
        <ele>6.399326462298632</ele>
        <time>1970-01-01T00:00:50Z</time>
        <extensions>
          <gpxtpx:TrackPointExtension>
            <gpxtpx:hr>134</gpxtpx:hr>
          </gpxtpx:TrackPointExtension>
        </extensions>
      </trkpt>
      <trkpt lat="31.044656545891154" lon="121.53201332171541">
        <ele>6.38281106762588</ele>
        <time>1970-01-01T00:00:51Z</time>
        <extensions>
          <gpxtpx:TrackPointExtension>
            <gpxtpx:hr>134</gpxtpx:hr>
          </gpxtpx:TrackPointExtension>
        </extensions>
      </trkpt>
      <trkpt lat="31.044635569121482" lon="121.53202711983495">
        <ele>6.368518621660769</ele>
        <time>1970-01-01T00:00:52Z</time>
        <extensions>
          <gpxtpx:TrackPointExtension>
            <gpxtpx:hr>136</gpxtpx:hr>
          </gpxtpx:TrackPointExtension>
        </extensions>
      </trkpt>
      <trkpt lat="31.044614070863382" lon="121.53204073020642">
        <ele>6.356881918385625</ele>
        <time>1970-01-01T00:00:53Z</time>
        <extensions>
          <gpxtpx:TrackPointExtension>
            <gpxtpx:hr>136</gpxtpx:hr>
          </gpxtpx:TrackPointExtension>
        </extensions>
      </trkpt>
      <trkpt lat="31.044591828921938" lon="121.53205411622339">
        <ele>6.348277964629233</ele>
        <time>1970-01-01T00:00:54Z</time>
        <extensions>
          <gpxtpx:TrackPointExtension>
            <gpxtpx:hr>136</gpxtpx:hr>
          </gpxtpx:TrackPointExtension>
        </extensions>
      </trkpt>
      <trkpt lat="31.0445688857648" lon="121.5320673546002">
        <ele>6.3429135689511895</ele>
        <time>1970-01-01T00:00:55Z</time>
        <extensions>
          <gpxtpx:TrackPointExtension>
            <gpxtpx:hr>136</gpxtpx:hr>
          </gpxtpx:TrackPointExtension>
        </extensions>
      </trkpt>
      <trkpt lat="31.044545212375166" lon="121.53208052720608">
        <ele>6.340818356722593</ele>
        <time>1970-01-01T00:00:56Z</time>
        <extensions>
          <gpxtpx:TrackPointExtension>
            <gpxtpx:hr>137</gpxtpx:hr>
          </gpxtpx:TrackPointExtension>
        </extensions>
      </trkpt>
      <trkpt lat="31.04452139396863" lon="121.53209374071885">
        <ele>6.341871052980423</ele>
        <time>1970-01-01T00:00:57Z</time>
        <extensions>
          <gpxtpx:TrackPointExtension>
            <gpxtpx:hr>137</gpxtpx:hr>
          </gpxtpx:TrackPointExtension>
        </extensions>
      </trkpt>
      <trkpt lat="31.044497539538067" lon="121.53210725370755">
        <ele>6.345809635706246</ele>
        <time>1970-01-01T00:00:58Z</time>
        <extensions>
          <gpxtpx:TrackPointExtension>
            <gpxtpx:hr>137</gpxtpx:hr>
          </gpxtpx:TrackPointExtension>
        </extensions>
      </trkpt>
      <trkpt lat="31.04447411997134" lon="121.5321212918016">
        <ele>6.352264211513102</ele>
        <time>1970-01-01T00:00:59Z</time>
        <extensions>
          <gpxtpx:TrackPointExtension>
            <gpxtpx:hr>137</gpxtpx:hr>
          </gpxtpx:TrackPointExtension>
        </extensions>
      </trkpt>
      <trkpt lat="31.04445128426992" lon="121.53213606310952">
        <ele>6.360757882706821</ele>
        <time>1970-01-01T00:01:00Z</time>
        <extensions>
          <gpxtpx:TrackPointExtension>
            <gpxtpx:hr>137</gpxtpx:hr>
          </gpxtpx:TrackPointExtension>
        </extensions>
      </trkpt>
      <trkpt lat="31.04442864047395" lon="121.53215115872288">
        <ele>6.370733192190528</ele>
        <time>1970-01-01T00:01:01Z</time>
        <extensions>
          <gpxtpx:TrackPointExtension>
            <gpxtpx:hr>138</gpxtpx:hr>
          </gpxtpx:TrackPointExtension>
        </extensions>
      </trkpt>
      <trkpt lat="31.04440641039286" lon="121.53216605186734">
        <ele>6.381605423055589</ele>
        <time>1970-01-01T00:01:02Z</time>
        <extensions>
          <gpxtpx:TrackPointExtension>
            <gpxtpx:hr>138</gpxtpx:hr>
          </gpxtpx:TrackPointExtension>
        </extensions>
      </trkpt>
      <trkpt lat="31.044383461265515" lon="121.53218034448872">
        <ele>6.392663301900029</ele>
        <time>1970-01-01T00:01:03Z</time>
        <extensions>
          <gpxtpx:TrackPointExtension>
            <gpxtpx:hr>138</gpxtpx:hr>
          </gpxtpx:TrackPointExtension>
        </extensions>
      </trkpt>
      <trkpt lat="31.044359505143667" lon="121.53219399956993">
        <ele>6.403288329951465</ele>
        <time>1970-01-01T00:01:04Z</time>
        <extensions>
          <gpxtpx:TrackPointExtension>
            <gpxtpx:hr>138</gpxtpx:hr>
          </gpxtpx:TrackPointExtension>
        </extensions>
      </trkpt>
      <trkpt lat="31.04433620717062" lon="121.5322078446119">
        <ele>6.412894203327596</ele>
        <time>1970-01-01T00:01:05Z</time>
        <extensions>
          <gpxtpx:TrackPointExtension>
            <gpxtpx:hr>138</gpxtpx:hr>
          </gpxtpx:TrackPointExtension>
        </extensions>
      </trkpt>
      <trkpt lat="31.044313503176685" lon="121.53222272797366">
        <ele>6.420922965742648</ele>
        <time>1970-01-01T00:01:06Z</time>
        <extensions>
          <gpxtpx:TrackPointExtension>
            <gpxtpx:hr>138</gpxtpx:hr>
          </gpxtpx:TrackPointExtension>
        </extensions>
      </trkpt>
      <trkpt lat="31.044291071144727" lon="121.5322386709105">
        <ele>6.426907894201577</ele>
        <time>1970-01-01T00:01:07Z</time>
        <extensions>
          <gpxtpx:TrackPointExtension>
            <gpxtpx:hr>141</gpxtpx:hr>
          </gpxtpx:TrackPointExtension>
        </extensions>
      </trkpt>
      <trkpt lat="31.044268907585245" lon="121.53225628321208">
        <ele>6.430569170974195</ele>
        <time>1970-01-01T00:01:08Z</time>
        <extensions>
          <gpxtpx:TrackPointExtension>
            <gpxtpx:hr>141</gpxtpx:hr>
          </gpxtpx:TrackPointExtension>
        </extensions>
      </trkpt>
      <trkpt lat="31.04424716035252" lon="121.53227682683949">
        <ele>6.431697949767113</ele>
        <time>1970-01-01T00:01:09Z</time>
        <extensions>
          <gpxtpx:TrackPointExtension>
            <gpxtpx:hr>141</gpxtpx:hr>
          </gpxtpx:TrackPointExtension>
        </extensions>
      </trkpt>
      <trkpt lat="31.044227654040544" lon="121.53230024541213">
        <ele>6.430269772186875</ele>
        <time>1970-01-01T00:01:10Z</time>
        <extensions>
          <gpxtpx:TrackPointExtension>
            <gpxtpx:hr>141</gpxtpx:hr>
          </gpxtpx:TrackPointExtension>
        </extensions>
      </trkpt>
      <trkpt lat="31.04421104228173" lon="121.53232549394305">
        <ele>6.426522912457585</ele>
        <time>1970-01-01T00:01:11Z</time>
        <extensions>
          <gpxtpx:TrackPointExtension>
            <gpxtpx:hr>141</gpxtpx:hr>
          </gpxtpx:TrackPointExtension>
        </extensions>
      </trkpt>
      <trkpt lat="31.044197195029003" lon="121.53235134807551">
        <ele>6.4207580061629415</ele>
        <time>1970-01-01T00:01:12Z</time>
        <extensions>
          <gpxtpx:TrackPointExtension>
            <gpxtpx:hr>141</gpxtpx:hr>
          </gpxtpx:TrackPointExtension>
        </extensions>
      </trkpt>
      <trkpt lat="31.044186076732228" lon="121.53237822928767">
        <ele>6.413497224450111</ele>
        <time>1970-01-01T00:01:13Z</time>
        <extensions>
          <gpxtpx:TrackPointExtension>
            <gpxtpx:hr>141</gpxtpx:hr>
          </gpxtpx:TrackPointExtension>
        </extensions>
      </trkpt>
      <trkpt lat="31.044177507362317" lon="121.53240711127344">
        <ele>6.405378204770386</ele>
        <time>1970-01-01T00:01:14Z</time>
        <extensions>
          <gpxtpx:TrackPointExtension>
            <gpxtpx:hr>138</gpxtpx:hr>
          </gpxtpx:TrackPointExtension>
        </extensions>
      </trkpt>
      <trkpt lat="31.04417206417778" lon="121.53243713116562">
        <ele>6.397054762579501</ele>
        <time>1970-01-01T00:01:15Z</time>
        <extensions>
          <gpxtpx:TrackPointExtension>
            <gpxtpx:hr>138</gpxtpx:hr>
          </gpxtpx:TrackPointExtension>
        </extensions>
      </trkpt>
      <trkpt lat="31.044170211489774" lon="121.53246726829772">
        <ele>6.389071203768253</ele>
        <time>1970-01-01T00:01:16Z</time>
        <extensions>
          <gpxtpx:TrackPointExtension>
            <gpxtpx:hr>138</gpxtpx:hr>
          </gpxtpx:TrackPointExtension>
        </extensions>
      </trkpt>
      <trkpt lat="31.04417160197336" lon="121.5324968827736">
        <ele>6.381998721510172</ele>
        <time>1970-01-01T00:01:17Z</time>
        <extensions>
          <gpxtpx:TrackPointExtension>
            <gpxtpx:hr>138</gpxtpx:hr>
          </gpxtpx:TrackPointExtension>
        </extensions>
      </trkpt>
      <trkpt lat="31.044175637424473" lon="121.53252555265638">
        <ele>6.376509726978838</ele>
        <time>1970-01-01T00:01:18Z</time>
        <extensions>
          <gpxtpx:TrackPointExtension>
            <gpxtpx:hr>138</gpxtpx:hr>
          </gpxtpx:TrackPointExtension>
        </extensions>
      </trkpt>
      <trkpt lat="31.044181734021667" lon="121.53255324143694">
        <ele>6.373226281255484</ele>
        <time>1970-01-01T00:01:19Z</time>
        <extensions>
          <gpxtpx:TrackPointExtension>
            <gpxtpx:hr>140</gpxtpx:hr>
          </gpxtpx:TrackPointExtension>
        </extensions>
      </trkpt>
      <trkpt lat="31.044189525250886" lon="121.53257989344434">
        <ele>6.372594512067735</ele>
        <time>1970-01-01T00:01:20Z</time>
        <extensions>
          <gpxtpx:TrackPointExtension>
            <gpxtpx:hr>140</gpxtpx:hr>
          </gpxtpx:TrackPointExtension>
        </extensions>
      </trkpt>
      <trkpt lat="31.044199469896302" lon="121.53260562961214">
        <ele>6.374733007512987</ele>
        <time>1970-01-01T00:01:21Z</time>
        <extensions>
          <gpxtpx:TrackPointExtension>
            <gpxtpx:hr>140</gpxtpx:hr>
          </gpxtpx:TrackPointExtension>
        </extensions>
      </trkpt>
      <trkpt lat="31.044211969812686" lon="121.53262957740951">
        <ele>6.3795940121635795</ele>
        <time>1970-01-01T00:01:22Z</time>
        <extensions>
          <gpxtpx:TrackPointExtension>
            <gpxtpx:hr>140</gpxtpx:hr>
          </gpxtpx:TrackPointExtension>
        </extensions>
      </trkpt>
      <trkpt lat="31.04422675832943" lon="121.5326508780983">
        <ele>6.387152966111898</ele>
        <time>1970-01-01T00:01:23Z</time>
        <extensions>
          <gpxtpx:TrackPointExtension>
            <gpxtpx:hr>140</gpxtpx:hr>
          </gpxtpx:TrackPointExtension>
        </extensions>
      </trkpt>
      <trkpt lat="31.04424359067494" lon="121.53267010565082">
        <ele>6.397364493459463</ele>
        <time>1970-01-01T00:01:24Z</time>
        <extensions>
          <gpxtpx:TrackPointExtension>
            <gpxtpx:hr>138</gpxtpx:hr>
          </gpxtpx:TrackPointExtension>
        </extensions>
      </trkpt>
      <trkpt lat="31.044262274861183" lon="121.53268739161906">
        <ele>6.410102209076285</ele>
        <time>1970-01-01T00:01:25Z</time>
        <extensions>
          <gpxtpx:TrackPointExtension>
            <gpxtpx:hr>138</gpxtpx:hr>
          </gpxtpx:TrackPointExtension>
        </extensions>
      </trkpt>
      <trkpt lat="31.044282812862065" lon="121.53270300671696">
        <ele>6.425100263208151</ele>
        <time>1970-01-01T00:01:26Z</time>
        <extensions>
          <gpxtpx:TrackPointExtension>
            <gpxtpx:hr>138</gpxtpx:hr>
          </gpxtpx:TrackPointExtension>
        </extensions>
      </trkpt>
      <trkpt lat="31.044304841010394" lon="121.53271712500113">
        <ele>6.442122358828783</ele>
        <time>1970-01-01T00:01:27Z</time>
        <extensions>
          <gpxtpx:TrackPointExtension>
            <gpxtpx:hr>139</gpxtpx:hr>
          </gpxtpx:TrackPointExtension>
        </extensions>
      </trkpt>
      <trkpt lat="31.044327957620883" lon="121.53272900919661">
        <ele>6.460879565216601</ele>
        <time>1970-01-01T00:01:28Z</time>
        <extensions>
          <gpxtpx:TrackPointExtension>
            <gpxtpx:hr>139</gpxtpx:hr>
          </gpxtpx:TrackPointExtension>
        </extensions>
      </trkpt>
      <trkpt lat="31.044352351078143" lon="121.53273770446766">
        <ele>6.481027745641768</ele>
        <time>1970-01-01T00:01:29Z</time>
        <extensions>
          <gpxtpx:TrackPointExtension>
            <gpxtpx:hr>139</gpxtpx:hr>
          </gpxtpx:TrackPointExtension>
        </extensions>
      </trkpt>
      <trkpt lat="31.04437755987028" lon="121.53274268831147">
        <ele>6.502234047278762</ele>
        <time>1970-01-01T00:01:30Z</time>
        <extensions>
          <gpxtpx:TrackPointExtension>
            <gpxtpx:hr>139</gpxtpx:hr>
          </gpxtpx:TrackPointExtension>
        </extensions>
      </trkpt>
      <trkpt lat="31.044403642797985" lon="121.53274469643877">
        <ele>6.524112689308822</ele>
        <time>1970-01-01T00:01:31Z</time>
        <extensions>
          <gpxtpx:TrackPointExtension>
            <gpxtpx:hr>139</gpxtpx:hr>
          </gpxtpx:TrackPointExtension>
        </extensions>
      </trkpt>
      <trkpt lat="31.04443035704161" lon="121.53274521315832">
        <ele>6.546308618970215</ele>
        <time>1970-01-01T00:01:32Z</time>
        <extensions>
          <gpxtpx:TrackPointExtension>
            <gpxtpx:hr>139</gpxtpx:hr>
          </gpxtpx:TrackPointExtension>
        </extensions>
      </trkpt>
      <trkpt lat="31.044456303328165" lon="121.53274476142326">
        <ele>6.56838365457952</ele>
        <time>1970-01-01T00:01:33Z</time>
        <extensions>
          <gpxtpx:TrackPointExtension>
            <gpxtpx:hr>139</gpxtpx:hr>
          </gpxtpx:TrackPointExtension>
        </extensions>
      </trkpt>
      <trkpt lat="31.044481318824197" lon="121.53274246393646">
        <ele>6.589768533594906</ele>
        <time>1970-01-01T00:01:34Z</time>
        <extensions>
          <gpxtpx:TrackPointExtension>
            <gpxtpx:hr>139</gpxtpx:hr>
          </gpxtpx:TrackPointExtension>
        </extensions>
      </trkpt>
      <trkpt lat="31.04450575121604" lon="121.53273761846249">
        <ele>6.609886148944497</ele>
        <time>1970-01-01T00:01:35Z</time>
        <extensions>
          <gpxtpx:TrackPointExtension>
            <gpxtpx:hr>139</gpxtpx:hr>
          </gpxtpx:TrackPointExtension>
        </extensions>
      </trkpt>
      <trkpt lat="31.04452957243491" lon="121.53273037370495">
        <ele>6.627815518528223</ele>
        <time>1970-01-01T00:01:36Z</time>
        <extensions>
          <gpxtpx:TrackPointExtension>
            <gpxtpx:hr>139</gpxtpx:hr>
          </gpxtpx:TrackPointExtension>
        </extensions>
      </trkpt>
      <trkpt lat="31.04455288021675" lon="121.53272113519914">
        <ele>6.642663256265223</ele>
        <time>1970-01-01T00:01:37Z</time>
        <extensions>
          <gpxtpx:TrackPointExtension>
            <gpxtpx:hr>139</gpxtpx:hr>
          </gpxtpx:TrackPointExtension>
        </extensions>
      </trkpt>
      <trkpt lat="31.04457487660165" lon="121.53271047294491">
        <ele>6.653737592510879</ele>
        <time>1970-01-01T00:01:38Z</time>
        <extensions>
          <gpxtpx:TrackPointExtension>
            <gpxtpx:hr>139</gpxtpx:hr>
          </gpxtpx:TrackPointExtension>
        </extensions>
      </trkpt>
      <trkpt lat="31.0445957961638" lon="121.5326984897728">
        <ele>6.660677885636687</ele>
        <time>1970-01-01T00:01:39Z</time>
        <extensions>
          <gpxtpx:TrackPointExtension>
            <gpxtpx:hr>139</gpxtpx:hr>
          </gpxtpx:TrackPointExtension>
        </extensions>
      </trkpt>
      <trkpt lat="31.044617140144513" lon="121.53268521069394">
        <ele>6.663206457160413</ele>
        <time>1970-01-01T00:01:40Z</time>
        <extensions>
          <gpxtpx:TrackPointExtension>
            <gpxtpx:hr>139</gpxtpx:hr>
          </gpxtpx:TrackPointExtension>
        </extensions>
      </trkpt>
      <trkpt lat="31.044638953415433" lon="121.53267096979573">
        <ele>6.661512257531285</ele>
        <time>1970-01-01T00:01:41Z</time>
        <extensions>
          <gpxtpx:TrackPointExtension>
            <gpxtpx:hr>139</gpxtpx:hr>
          </gpxtpx:TrackPointExtension>
        </extensions>
      </trkpt>
      <trkpt lat="31.044660945034696" lon="121.53265620849723">
        <ele>6.6559828063473105</ele>
        <time>1970-01-01T00:01:42Z</time>
        <extensions>
          <gpxtpx:TrackPointExtension>
            <gpxtpx:hr>141</gpxtpx:hr>
          </gpxtpx:TrackPointExtension>
        </extensions>
      </trkpt>
      <trkpt lat="31.044682901884826" lon="121.53264163939845">
        <ele>6.647064887918532</ele>
        <time>1970-01-01T00:01:43Z</time>
        <extensions>
          <gpxtpx:TrackPointExtension>
            <gpxtpx:hr>141</gpxtpx:hr>
          </gpxtpx:TrackPointExtension>
        </extensions>
      </trkpt>
      <trkpt lat="31.04470431875335" lon="121.53262670837228">
        <ele>6.635126096196473</ele>
        <time>1970-01-01T00:01:44Z</time>
        <extensions>
          <gpxtpx:TrackPointExtension>
            <gpxtpx:hr>141</gpxtpx:hr>
          </gpxtpx:TrackPointExtension>
        </extensions>
      </trkpt>
      <trkpt lat="31.0447247919325" lon="121.53261104134981">
        <ele>6.620700681582093</ele>
        <time>1970-01-01T00:01:45Z</time>
        <extensions>
          <gpxtpx:TrackPointExtension>
            <gpxtpx:hr>141</gpxtpx:hr>
          </gpxtpx:TrackPointExtension>
        </extensions>
      </trkpt>
      <trkpt lat="31.044744437979727" lon="121.53259594353567">
        <ele>6.604589623399079</ele>
        <time>1970-01-01T00:01:46Z</time>
        <extensions>
          <gpxtpx:TrackPointExtension>
            <gpxtpx:hr>141</gpxtpx:hr>
          </gpxtpx:TrackPointExtension>
        </extensions>
      </trkpt>
      <trkpt lat="31.04476464213654" lon="121.53258169579044">
        <ele>6.587766823358834</ele>
        <time>1970-01-01T00:01:47Z</time>
        <extensions>
          <gpxtpx:TrackPointExtension>
            <gpxtpx:hr>140</gpxtpx:hr>
          </gpxtpx:TrackPointExtension>
        </extensions>
      </trkpt>
      <trkpt lat="31.044786378575743" lon="121.5325674993507">
        <ele>6.5712129808962345</ele>
        <time>1970-01-01T00:01:48Z</time>
        <extensions>
          <gpxtpx:TrackPointExtension>
            <gpxtpx:hr>140</gpxtpx:hr>
          </gpxtpx:TrackPointExtension>
        </extensions>
      </trkpt>
      <trkpt lat="31.044809095885135" lon="121.53255315006102">
        <ele>6.555886447429657</ele>
        <time>1970-01-01T00:01:49Z</time>
        <extensions>
          <gpxtpx:TrackPointExtension>
            <gpxtpx:hr>140</gpxtpx:hr>
          </gpxtpx:TrackPointExtension>
        </extensions>
      </trkpt>
      <trkpt lat="31.0448317775583" lon="121.53253872413889">
        <ele>6.542588404379785</ele>
        <time>1970-01-01T00:01:50Z</time>
        <extensions>
          <gpxtpx:TrackPointExtension>
            <gpxtpx:hr>140</gpxtpx:hr>
          </gpxtpx:TrackPointExtension>
        </extensions>
      </trkpt>
      <trkpt lat="31.04485344446903" lon="121.53252497782704">
        <ele>6.53163852635771</ele>
        <time>1970-01-01T00:01:51Z</time>
        <extensions>
          <gpxtpx:TrackPointExtension>
            <gpxtpx:hr>140</gpxtpx:hr>
          </gpxtpx:TrackPointExtension>
        </extensions>
      </trkpt>
      <trkpt lat="31.044874383033978" lon="121.53251218774423">
        <ele>6.522031958214939</ele>
        <time>1970-01-01T00:01:52Z</time>
        <extensions>
          <gpxtpx:TrackPointExtension>
            <gpxtpx:hr>140</gpxtpx:hr>
          </gpxtpx:TrackPointExtension>
        </extensions>
      </trkpt>
      <trkpt lat="31.04489526331723" lon="121.53249904944147">
        <ele>6.512655613943934</ele>
        <time>1970-01-01T00:01:53Z</time>
        <extensions>
          <gpxtpx:TrackPointExtension>
            <gpxtpx:hr>140</gpxtpx:hr>
          </gpxtpx:TrackPointExtension>
        </extensions>
      </trkpt>
      <trkpt lat="31.04491556304087" lon="121.53248460768026">
        <ele>6.503064570948482</ele>
        <time>1970-01-01T00:01:54Z</time>
        <extensions>
          <gpxtpx:TrackPointExtension>
            <gpxtpx:hr>140</gpxtpx:hr>
          </gpxtpx:TrackPointExtension>
        </extensions>
      </trkpt>
      <trkpt lat="31.044935670890307" lon="121.53246894558687">
        <ele>6.493140549398959</ele>
        <time>1970-01-01T00:01:55Z</time>
        <extensions>
          <gpxtpx:TrackPointExtension>
            <gpxtpx:hr>140</gpxtpx:hr>
          </gpxtpx:TrackPointExtension>
        </extensions>
      </trkpt>
      <trkpt lat="31.044956593664075" lon="121.53245297626533">
        <ele>6.482786322943866</ele>
        <time>1970-01-01T00:01:56Z</time>
        <extensions>
          <gpxtpx:TrackPointExtension>
            <gpxtpx:hr>140</gpxtpx:hr>
          </gpxtpx:TrackPointExtension>
        </extensions>
      </trkpt>
      <trkpt lat="31.044977895968835" lon="121.53243670545345">
        <ele>6.472818063572049</ele>
        <time>1970-01-01T00:01:57Z</time>
        <extensions>
          <gpxtpx:TrackPointExtension>
            <gpxtpx:hr>140</gpxtpx:hr>
          </gpxtpx:TrackPointExtension>
        </extensions>
      </trkpt>
      <trkpt lat="31.044999276995433" lon="121.53242022592143">
        <ele>6.463996184058487</ele>
        <time>1970-01-01T00:01:58Z</time>
        <extensions>
          <gpxtpx:TrackPointExtension>
            <gpxtpx:hr>141</gpxtpx:hr>
          </gpxtpx:TrackPointExtension>
        </extensions>
      </trkpt>
      <trkpt lat="31.04502130682505" lon="121.53240456498338">
        <ele>6.456599272787571</ele>
        <time>1970-01-01T00:01:59Z</time>
        <extensions>
          <gpxtpx:TrackPointExtension>
            <gpxtpx:hr>141</gpxtpx:hr>
          </gpxtpx:TrackPointExtension>
        </extensions>
      </trkpt>
      <trkpt lat="31.04504377454601" lon="121.53238897630636">
        <ele>6.450614796020091</ele>
        <time>1970-01-01T00:02:00Z</time>
        <extensions>
          <gpxtpx:TrackPointExtension>
            <gpxtpx:hr>141</gpxtpx:hr>
          </gpxtpx:TrackPointExtension>
        </extensions>
      </trkpt>
      <trkpt lat="31.045064991880118" lon="121.53237187484353">
        <ele>6.446274888701737</ele>
        <time>1970-01-01T00:02:01Z</time>
        <extensions>
          <gpxtpx:TrackPointExtension>
            <gpxtpx:hr>141</gpxtpx:hr>
          </gpxtpx:TrackPointExtension>
        </extensions>
      </trkpt>
      <trkpt lat="31.045083222377738" lon="121.53235252659145">
        <ele>6.444418334402144</ele>
        <time>1970-01-01T00:02:01Z</time>
        <extensions>
          <gpxtpx:TrackPointExtension>
            <gpxtpx:hr>141</gpxtpx:hr>
          </gpxtpx:TrackPointExtension>
        </extensions>
      </trkpt>
      <trkpt lat="31.04509833789234" lon="121.53233205882952">
        <ele>6.446092107333243</ele>
        <time>1970-01-01T00:02:02Z</time>
        <extensions>
          <gpxtpx:TrackPointExtension>
            <gpxtpx:hr>141</gpxtpx:hr>
          </gpxtpx:TrackPointExtension>
        </extensions>
      </trkpt>
      <trkpt lat="31.045110511910572" lon="121.53231069127948">
        <ele>6.452066448517144</ele>
        <time>1970-01-01T00:02:03Z</time>
        <extensions>
          <gpxtpx:TrackPointExtension>
            <gpxtpx:hr>141</gpxtpx:hr>
          </gpxtpx:TrackPointExtension>
        </extensions>
      </trkpt>
      <trkpt lat="31.045119822815586" lon="121.53228712953002">
        <ele>6.462513156235218</ele>
        <time>1970-01-01T00:02:04Z</time>
        <extensions>
          <gpxtpx:TrackPointExtension>
            <gpxtpx:hr>141</gpxtpx:hr>
          </gpxtpx:TrackPointExtension>
        </extensions>
      </trkpt>
      <trkpt lat="31.04512665654955" lon="121.53226174098707">
        <ele>6.47720536403358</ele>
        <time>1970-01-01T00:02:05Z</time>
        <extensions>
          <gpxtpx:TrackPointExtension>
            <gpxtpx:hr>141</gpxtpx:hr>
          </gpxtpx:TrackPointExtension>
        </extensions>
      </trkpt>
      <trkpt lat="31.045130489128972" lon="121.53223455463323">
        <ele>6.494769004173577</ele>
        <time>1970-01-01T00:02:06Z</time>
        <extensions>
          <gpxtpx:TrackPointExtension>
            <gpxtpx:hr>141</gpxtpx:hr>
          </gpxtpx:TrackPointExtension>
        </extensions>
      </trkpt>
      <trkpt lat="31.045131158840228" lon="121.53220557139849">
        <ele>6.5134043013677</ele>
        <time>1970-01-01T00:02:07Z</time>
        <extensions>
          <gpxtpx:TrackPointExtension>
            <gpxtpx:hr>142</gpxtpx:hr>
          </gpxtpx:TrackPointExtension>
        </extensions>
      </trkpt>
      <trkpt lat="31.045129092941934" lon="121.53217628119421">
        <ele>6.531359837390482</ele>
        <time>1970-01-01T00:02:08Z</time>
        <extensions>
          <gpxtpx:TrackPointExtension>
            <gpxtpx:hr>142</gpxtpx:hr>
          </gpxtpx:TrackPointExtension>
        </extensions>
      </trkpt>
      <trkpt lat="31.045124520929512" lon="121.53214674769943">
        <ele>6.547345396131277</ele>
        <time>1970-01-01T00:02:09Z</time>
        <extensions>
          <gpxtpx:TrackPointExtension>
            <gpxtpx:hr>142</gpxtpx:hr>
          </gpxtpx:TrackPointExtension>
        </extensions>
      </trkpt>
      <trkpt lat="31.045118026546245" lon="121.53211719949496">
        <ele>6.560181509703398</ele>
        <time>1970-01-01T00:02:10Z</time>
        <extensions>
          <gpxtpx:TrackPointExtension>
            <gpxtpx:hr>142</gpxtpx:hr>
          </gpxtpx:TrackPointExtension>
        </extensions>
      </trkpt>
      <trkpt lat="31.045109822436288" lon="121.53208818120224">
        <ele>6.568802257999778</ele>
        <time>1970-01-01T00:02:11Z</time>
        <extensions>
          <gpxtpx:TrackPointExtension>
            <gpxtpx:hr>141</gpxtpx:hr>
          </gpxtpx:TrackPointExtension>
        </extensions>
      </trkpt>
      <trkpt lat="31.045099099204986" lon="121.5320596781378">
        <ele>6.572300104424357</ele>
        <time>1970-01-01T00:02:12Z</time>
        <extensions>
          <gpxtpx:TrackPointExtension>
            <gpxtpx:hr>141</gpxtpx:hr>
          </gpxtpx:TrackPointExtension>
        </extensions>
      </trkpt>
      <trkpt lat="31.04508575554815" lon="121.53203256558447">
        <ele>6.570099484175444</ele>
        <time>1970-01-01T00:02:13Z</time>
        <extensions>
          <gpxtpx:TrackPointExtension>
            <gpxtpx:hr>141</gpxtpx:hr>
          </gpxtpx:TrackPointExtension>
        </extensions>
      </trkpt>
      <trkpt lat="31.04507020143282" lon="121.53200694980487">
        <ele>6.562235321849585</ele>
        <time>1970-01-01T00:02:14Z</time>
        <extensions>
          <gpxtpx:TrackPointExtension>
            <gpxtpx:hr>141</gpxtpx:hr>
          </gpxtpx:TrackPointExtension>
        </extensions>
      </trkpt>
      <trkpt lat="31.04505295346393" lon="121.53198324534945">
        <ele>6.549104157835245</ele>
        <time>1970-01-01T00:02:15Z</time>
        <extensions>
          <gpxtpx:TrackPointExtension>
            <gpxtpx:hr>141</gpxtpx:hr>
          </gpxtpx:TrackPointExtension>
        </extensions>
      </trkpt>
      <trkpt lat="31.04503474693736" lon="121.5319617353066">
        <ele>6.531741933897138</ele>
        <time>1970-01-01T00:02:16Z</time>
        <extensions>
          <gpxtpx:TrackPointExtension>
            <gpxtpx:hr>141</gpxtpx:hr>
          </gpxtpx:TrackPointExtension>
        </extensions>
      </trkpt>
      <trkpt lat="31.045015626383883" lon="121.53194200312379">
        <ele>6.511603283695877</ele>
        <time>1970-01-01T00:02:17Z</time>
        <extensions>
          <gpxtpx:TrackPointExtension>
            <gpxtpx:hr>141</gpxtpx:hr>
          </gpxtpx:TrackPointExtension>
        </extensions>
      </trkpt>
      <trkpt lat="31.044995444834" lon="121.53192436753002">
        <ele>6.490311699919403</ele>
        <time>1970-01-01T00:02:18Z</time>
        <extensions>
          <gpxtpx:TrackPointExtension>
            <gpxtpx:hr>142</gpxtpx:hr>
          </gpxtpx:TrackPointExtension>
        </extensions>
      </trkpt>
      <trkpt lat="31.04497388034806" lon="121.53190978067721">
        <ele>6.469066208228469</ele>
        <time>1970-01-01T00:02:19Z</time>
        <extensions>
          <gpxtpx:TrackPointExtension>
            <gpxtpx:hr>142</gpxtpx:hr>
          </gpxtpx:TrackPointExtension>
        </extensions>
      </trkpt>
      <trkpt lat="31.044951016907916" lon="121.53189888757794">
        <ele>6.448662808164954</ele>
        <time>1970-01-01T00:02:20Z</time>
        <extensions>
          <gpxtpx:TrackPointExtension>
            <gpxtpx:hr>142</gpxtpx:hr>
          </gpxtpx:TrackPointExtension>
        </extensions>
      </trkpt>
      <trkpt lat="31.044927291946134" lon="121.5318921318002">
        <ele>6.429742630571127</ele>
        <time>1970-01-01T00:02:21Z</time>
        <extensions>
          <gpxtpx:TrackPointExtension>
            <gpxtpx:hr>142</gpxtpx:hr>
          </gpxtpx:TrackPointExtension>
        </extensions>
      </trkpt>
      <trkpt lat="31.04490238034848" lon="121.53188997068688">
        <ele>6.412979589775205</ele>
        <time>1970-01-01T00:02:22Z</time>
        <extensions>
          <gpxtpx:TrackPointExtension>
            <gpxtpx:hr>142</gpxtpx:hr>
          </gpxtpx:TrackPointExtension>
        </extensions>
      </trkpt>
      <trkpt lat="31.044876434788524" lon="121.53189110439506">
        <ele>6.398929025046527</ele>
        <time>1970-01-01T00:02:23Z</time>
        <extensions>
          <gpxtpx:TrackPointExtension>
            <gpxtpx:hr>142</gpxtpx:hr>
          </gpxtpx:TrackPointExtension>
        </extensions>
      </trkpt>
      <trkpt lat="31.04484935515968" lon="121.5318951235842">
        <ele>6.387912225909531</ele>
        <time>1970-01-01T00:02:24Z</time>
        <extensions>
          <gpxtpx:TrackPointExtension>
            <gpxtpx:hr>142</gpxtpx:hr>
          </gpxtpx:TrackPointExtension>
        </extensions>
      </trkpt>
      <trkpt lat="31.04482153196105" lon="121.53190256422685">
        <ele>6.38024731259793</ele>
        <time>1970-01-01T00:02:25Z</time>
        <extensions>
          <gpxtpx:TrackPointExtension>
            <gpxtpx:hr>142</gpxtpx:hr>
          </gpxtpx:TrackPointExtension>
        </extensions>
      </trkpt>
      <trkpt lat="31.0447945781224" lon="121.531912288367">
        <ele>6.3759985426440835</ele>
        <time>1970-01-01T00:02:26Z</time>
        <extensions>
          <gpxtpx:TrackPointExtension>
            <gpxtpx:hr>142</gpxtpx:hr>
          </gpxtpx:TrackPointExtension>
        </extensions>
      </trkpt>
      <trkpt lat="31.044769598993433" lon="121.53192329972035">
        <ele>6.374909887090325</ele>
        <time>1970-01-01T00:02:27Z</time>
        <extensions>
          <gpxtpx:TrackPointExtension>
            <gpxtpx:hr>142</gpxtpx:hr>
          </gpxtpx:TrackPointExtension>
        </extensions>
      </trkpt>
      <trkpt lat="31.04474652287226" lon="121.53193540529581">
        <ele>6.376537578180432</ele>
        <time>1970-01-01T00:02:28Z</time>
        <extensions>
          <gpxtpx:TrackPointExtension>
            <gpxtpx:hr>142</gpxtpx:hr>
          </gpxtpx:TrackPointExtension>
        </extensions>
      </trkpt>
      <trkpt lat="31.044723360786026" lon="121.53194884604486">
        <ele>6.380481915548444</ele>
        <time>1970-01-01T00:02:29Z</time>
        <extensions>
          <gpxtpx:TrackPointExtension>
            <gpxtpx:hr>142</gpxtpx:hr>
          </gpxtpx:TrackPointExtension>
        </extensions>
      </trkpt>
      <trkpt lat="31.044698734761862" lon="121.5319626968643">
        <ele>6.3864428186789155</ele>
        <time>1970-01-01T00:02:30Z</time>
        <extensions>
          <gpxtpx:TrackPointExtension>
            <gpxtpx:hr>142</gpxtpx:hr>
          </gpxtpx:TrackPointExtension>
        </extensions>
      </trkpt>
      <trkpt lat="31.04467342724018" lon="121.53197604684276">
        <ele>6.394254684448242</ele>
        <time>1970-01-01T00:02:31Z</time>
        <extensions>
          <gpxtpx:TrackPointExtension>
            <gpxtpx:hr>142</gpxtpx:hr>
          </gpxtpx:TrackPointExtension>
        </extensions>
      </trkpt>
      <trkpt lat="31.044649177880466" lon="121.53198931131308">
        <ele>6.403888501226902</ele>
        <time>1970-01-01T00:02:32Z</time>
        <extensions>
          <gpxtpx:TrackPointExtension>
            <gpxtpx:hr>143</gpxtpx:hr>
          </gpxtpx:TrackPointExtension>
        </extensions>
      </trkpt>
      <trkpt lat="31.04462698276756" lon="121.53200240122403">
        <ele>6.41537990514189</ele>
        <time>1970-01-01T00:02:33Z</time>
        <extensions>
          <gpxtpx:TrackPointExtension>
            <gpxtpx:hr>143</gpxtpx:hr>
          </gpxtpx:TrackPointExtension>
        </extensions>
      </trkpt>
      <trkpt lat="31.044605555230838" lon="121.53201476664512">
        <ele>6.428693481720984</ele>
        <time>1970-01-01T00:02:34Z</time>
        <extensions>
          <gpxtpx:TrackPointExtension>
            <gpxtpx:hr>143</gpxtpx:hr>
          </gpxtpx:TrackPointExtension>
        </extensions>
      </trkpt>
      <trkpt lat="31.044584863696937" lon="121.53202649944666">
        <ele>6.443696046248078</ele>
        <time>1970-01-01T00:02:35Z</time>
        <extensions>
          <gpxtpx:TrackPointExtension>
            <gpxtpx:hr>143</gpxtpx:hr>
          </gpxtpx:TrackPointExtension>
        </extensions>
      </trkpt>
      <trkpt lat="31.044566012790913" lon="121.53203922554889">
        <ele>6.4601878840476274</ele>
        <time>1970-01-01T00:02:36Z</time>
        <extensions>
          <gpxtpx:TrackPointExtension>
            <gpxtpx:hr>143</gpxtpx:hr>
          </gpxtpx:TrackPointExtension>
        </extensions>
      </trkpt>
      <trkpt lat="31.044548705362192" lon="121.53205356164794">
        <ele>6.477939474396408</ele>
        <time>1970-01-01T00:02:37Z</time>
        <extensions>
          <gpxtpx:TrackPointExtension>
            <gpxtpx:hr>143</gpxtpx:hr>
          </gpxtpx:TrackPointExtension>
        </extensions>
      </trkpt>
      <trkpt lat="31.044531603537514" lon="121.53206980877279">
        <ele>6.496735887601972</ele>
        <time>1970-01-01T00:02:38Z</time>
        <extensions>
          <gpxtpx:TrackPointExtension>
            <gpxtpx:hr>143</gpxtpx:hr>
          </gpxtpx:TrackPointExtension>
        </extensions>
      </trkpt>
      <trkpt lat="31.044513347533027" lon="121.53208858724051">
        <ele>6.51642254833132</ele>
        <time>1970-01-01T00:02:39Z</time>
        <extensions>
          <gpxtpx:TrackPointExtension>
            <gpxtpx:hr>143</gpxtpx:hr>
          </gpxtpx:TrackPointExtension>
        </extensions>
      </trkpt>
      <trkpt lat="31.044493089264932" lon="121.53210791516081">
        <ele>6.536493370309472</ele>
        <time>1970-01-01T00:02:40Z</time>
        <extensions>
          <gpxtpx:TrackPointExtension>
            <gpxtpx:hr>143</gpxtpx:hr>
          </gpxtpx:TrackPointExtension>
        </extensions>
      </trkpt>
      <trkpt lat="31.044470491929488" lon="121.53212571184741">
        <ele>6.556403091177344</ele>
        <time>1970-01-01T00:02:41Z</time>
        <extensions>
          <gpxtpx:TrackPointExtension>
            <gpxtpx:hr>142</gpxtpx:hr>
          </gpxtpx:TrackPointExtension>
        </extensions>
      </trkpt>
      <trkpt lat="31.044446911722893" lon="121.53214241358384">
        <ele>6.575820401310921</ele>
        <time>1970-01-01T00:02:42Z</time>
        <extensions>
          <gpxtpx:TrackPointExtension>
            <gpxtpx:hr>142</gpxtpx:hr>
          </gpxtpx:TrackPointExtension>
        </extensions>
      </trkpt>
      <trkpt lat="31.04442404664372" lon="121.53215917882194">
        <ele>6.594964653253555</ele>
        <time>1970-01-01T00:02:43Z</time>
        <extensions>
          <gpxtpx:TrackPointExtension>
            <gpxtpx:hr>142</gpxtpx:hr>
          </gpxtpx:TrackPointExtension>
        </extensions>
      </trkpt>
      <trkpt lat="31.04440183961853" lon="121.53217598980655">
        <ele>6.613997279666364</ele>
        <time>1970-01-01T00:02:44Z</time>
        <extensions>
          <gpxtpx:TrackPointExtension>
            <gpxtpx:hr>142</gpxtpx:hr>
          </gpxtpx:TrackPointExtension>
        </extensions>
      </trkpt>
      <trkpt lat="31.044379577944714" lon="121.53219256644729">
        <ele>6.6332854107022285</ele>
        <time>1970-01-01T00:02:45Z</time>
        <extensions>
          <gpxtpx:TrackPointExtension>
            <gpxtpx:hr>142</gpxtpx:hr>
          </gpxtpx:TrackPointExtension>
        </extensions>
      </trkpt>
      <trkpt lat="31.044357171021943" lon="121.5322084768786">
        <ele>6.653292766772211</ele>
        <time>1970-01-01T00:02:46Z</time>
        <extensions>
          <gpxtpx:TrackPointExtension>
            <gpxtpx:hr>142</gpxtpx:hr>
          </gpxtpx:TrackPointExtension>
        </extensions>
      </trkpt>
      <trkpt lat="31.044334621238843" lon="121.53222380984391">
        <ele>6.674149831756949</ele>
        <time>1970-01-01T00:02:47Z</time>
        <extensions>
          <gpxtpx:TrackPointExtension>
            <gpxtpx:hr>142</gpxtpx:hr>
          </gpxtpx:TrackPointExtension>
        </extensions>
      </trkpt>
      <trkpt lat="31.04431251672567" lon="121.53223937581915">
        <ele>6.6941313575953245</ele>
        <time>1970-01-01T00:02:48Z</time>
        <extensions>
          <gpxtpx:TrackPointExtension>
            <gpxtpx:hr>141</gpxtpx:hr>
          </gpxtpx:TrackPointExtension>
        </extensions>
      </trkpt>
      <trkpt lat="31.044291196383416" lon="121.53225610341072">
        <ele>6.7117075165733695</ele>
        <time>1970-01-01T00:02:49Z</time>
        <extensions>
          <gpxtpx:TrackPointExtension>
            <gpxtpx:hr>141</gpxtpx:hr>
          </gpxtpx:TrackPointExtension>
        </extensions>
      </trkpt>
      <trkpt lat="31.044270510252723" lon="121.53227429825684">
        <ele>6.725011860020459</ele>
        <time>1970-01-01T00:02:50Z</time>
        <extensions>
          <gpxtpx:TrackPointExtension>
            <gpxtpx:hr>141</gpxtpx:hr>
          </gpxtpx:TrackPointExtension>
        </extensions>
      </trkpt>
      <trkpt lat="31.044251626655928" lon="121.53229425545902">
        <ele>6.7319843685254455</ele>
        <time>1970-01-01T00:02:51Z</time>
        <extensions>
          <gpxtpx:TrackPointExtension>
            <gpxtpx:hr>141</gpxtpx:hr>
          </gpxtpx:TrackPointExtension>
        </extensions>
      </trkpt>
      <trkpt lat="31.04423633596789" lon="121.53231731088903">
        <ele>6.730675555765629</ele>
        <time>1970-01-01T00:02:52Z</time>
        <extensions>
          <gpxtpx:TrackPointExtension>
            <gpxtpx:hr>141</gpxtpx:hr>
          </gpxtpx:TrackPointExtension>
        </extensions>
      </trkpt>
      <trkpt lat="31.0442239628958" lon="121.5323426151683">
        <ele>6.721146274358034</ele>
        <time>1970-01-01T00:02:53Z</time>
        <extensions>
          <gpxtpx:TrackPointExtension>
            <gpxtpx:hr>141</gpxtpx:hr>
          </gpxtpx:TrackPointExtension>
        </extensions>
      </trkpt>
      <trkpt lat="31.044212255910015" lon="121.5323685533562">
        <ele>6.703159338794649</ele>
        <time>1970-01-01T00:02:54Z</time>
        <extensions>
          <gpxtpx:TrackPointExtension>
            <gpxtpx:hr>141</gpxtpx:hr>
          </gpxtpx:TrackPointExtension>
        </extensions>
      </trkpt>
      <trkpt lat="31.04420074237659" lon="121.5323944100836">
        <ele>6.676238219253719</ele>
        <time>1970-01-01T00:02:55Z</time>
        <extensions>
          <gpxtpx:TrackPointExtension>
            <gpxtpx:hr>141</gpxtpx:hr>
          </gpxtpx:TrackPointExtension>
        </extensions>
      </trkpt>
      <trkpt lat="31.044190268314882" lon="121.53242053880764">
        <ele>6.639886708930135</ele>
        <time>1970-01-01T00:02:56Z</time>
        <extensions>
          <gpxtpx:TrackPointExtension>
            <gpxtpx:hr>141</gpxtpx:hr>
          </gpxtpx:TrackPointExtension>
        </extensions>
      </trkpt>
      <trkpt lat="31.044181634162864" lon="121.53244780787946">
        <ele>6.594028774648905</ele>
        <time>1970-01-01T00:02:57Z</time>
        <extensions>
          <gpxtpx:TrackPointExtension>
            <gpxtpx:hr>141</gpxtpx:hr>
          </gpxtpx:TrackPointExtension>
        </extensions>
      </trkpt>
      <trkpt lat="31.04417597519521" lon="121.53247576956606">
        <ele>6.539441369473934</ele>
        <time>1970-01-01T00:02:58Z</time>
        <extensions>
          <gpxtpx:TrackPointExtension>
            <gpxtpx:hr>141</gpxtpx:hr>
          </gpxtpx:TrackPointExtension>
        </extensions>
      </trkpt>
      <trkpt lat="31.04417404986027" lon="121.53250327051403">
        <ele>6.477709310129285</ele>
        <time>1970-01-01T00:02:59Z</time>
        <extensions>
          <gpxtpx:TrackPointExtension>
            <gpxtpx:hr>141</gpxtpx:hr>
          </gpxtpx:TrackPointExtension>
        </extensions>
      </trkpt>
      <trkpt lat="31.04417546172914" lon="121.53252945344632">
        <ele>6.411661483347416</ele>
        <time>1970-01-01T00:03:00Z</time>
        <extensions>
          <gpxtpx:TrackPointExtension>
            <gpxtpx:hr>141</gpxtpx:hr>
          </gpxtpx:TrackPointExtension>
        </extensions>
      </trkpt>
      <trkpt lat="31.04417995187754" lon="121.53255554348392">
        <ele>6.345269842073321</ele>
        <time>1970-01-01T00:03:01Z</time>
        <extensions>
          <gpxtpx:TrackPointExtension>
            <gpxtpx:hr>141</gpxtpx:hr>
          </gpxtpx:TrackPointExtension>
        </extensions>
      </trkpt>
      <trkpt lat="31.044187933105306" lon="121.5325815682022">
        <ele>6.2824618415907025</ele>
        <time>1970-01-01T00:03:02Z</time>
        <extensions>
          <gpxtpx:TrackPointExtension>
            <gpxtpx:hr>145</gpxtpx:hr>
          </gpxtpx:TrackPointExtension>
        </extensions>
      </trkpt>
      <trkpt lat="31.044199631145297" lon="121.53260613321598">
        <ele>6.2264040149748325</ele>
        <time>1970-01-01T00:03:03Z</time>
        <extensions>
          <gpxtpx:TrackPointExtension>
            <gpxtpx:hr>145</gpxtpx:hr>
          </gpxtpx:TrackPointExtension>
        </extensions>
      </trkpt>
      <trkpt lat="31.044214208946443" lon="121.53262972058374">
        <ele>6.179571446031332</ele>
        <time>1970-01-01T00:03:05Z</time>
        <extensions>
          <gpxtpx:TrackPointExtension>
            <gpxtpx:hr>145</gpxtpx:hr>
          </gpxtpx:TrackPointExtension>
        </extensions>
      </trkpt>
      <trkpt lat="31.044230602566962" lon="121.53265287848367">
        <ele>6.143779344856739</ele>
        <time>1970-01-01T00:03:06Z</time>
        <extensions>
          <gpxtpx:TrackPointExtension>
            <gpxtpx:hr>145</gpxtpx:hr>
          </gpxtpx:TrackPointExtension>
        </extensions>
      </trkpt>
      <trkpt lat="31.044248843319956" lon="121.53267521589135">
        <ele>6.120283318683505</ele>
        <time>1970-01-01T00:03:07Z</time>
        <extensions>
          <gpxtpx:TrackPointExtension>
            <gpxtpx:hr>145</gpxtpx:hr>
          </gpxtpx:TrackPointExtension>
        </extensions>
      </trkpt>
      <trkpt lat="31.044269172280874" lon="121.5326955154674">
        <ele>6.109956079162657</ele>
        <time>1970-01-01T00:03:08Z</time>
        <extensions>
          <gpxtpx:TrackPointExtension>
            <gpxtpx:hr>145</gpxtpx:hr>
          </gpxtpx:TrackPointExtension>
        </extensions>
      </trkpt>
      <trkpt lat="31.044291053181855" lon="121.53271265484054">
        <ele>6.112661113962531</ele>
        <time>1970-01-01T00:03:09Z</time>
        <extensions>
          <gpxtpx:TrackPointExtension>
            <gpxtpx:hr>145</gpxtpx:hr>
          </gpxtpx:TrackPointExtension>
        </extensions>
      </trkpt>
      <trkpt lat="31.044314143895104" lon="121.53272679933139">
        <ele>6.127688275650144</ele>
        <time>1970-01-01T00:03:10Z</time>
        <extensions>
          <gpxtpx:TrackPointExtension>
            <gpxtpx:hr>145</gpxtpx:hr>
          </gpxtpx:TrackPointExtension>
        </extensions>
      </trkpt>
      <trkpt lat="31.044337795811174" lon="121.53273827843772">
        <ele>6.153805145993829</ele>
        <time>1970-01-01T00:03:11Z</time>
        <extensions>
          <gpxtpx:TrackPointExtension>
            <gpxtpx:hr>145</gpxtpx:hr>
          </gpxtpx:TrackPointExtension>
        </extensions>
      </trkpt>
      <trkpt lat="31.044362062141932" lon="121.53274691167138">
        <ele>6.189076147042215</ele>
        <time>1970-01-01T00:03:12Z</time>
        <extensions>
          <gpxtpx:TrackPointExtension>
            <gpxtpx:hr>147</gpxtpx:hr>
          </gpxtpx:TrackPointExtension>
        </extensions>
      </trkpt>
      <trkpt lat="31.04438740866491" lon="121.53275246610042">
        <ele>6.231135476380587</ele>
        <time>1970-01-01T00:03:13Z</time>
        <extensions>
          <gpxtpx:TrackPointExtension>
            <gpxtpx:hr>147</gpxtpx:hr>
          </gpxtpx:TrackPointExtension>
        </extensions>
      </trkpt>
      <trkpt lat="31.044413081636698" lon="121.53275521416752">
        <ele>6.277207399718463</ele>
        <time>1970-01-01T00:03:14Z</time>
        <extensions>
          <gpxtpx:TrackPointExtension>
            <gpxtpx:hr>147</gpxtpx:hr>
          </gpxtpx:TrackPointExtension>
        </extensions>
      </trkpt>
      <trkpt lat="31.04443892287758" lon="121.53275508768938">
        <ele>6.324425373226404</ele>
        <time>1970-01-01T00:03:15Z</time>
        <extensions>
          <gpxtpx:TrackPointExtension>
            <gpxtpx:hr>147</gpxtpx:hr>
          </gpxtpx:TrackPointExtension>
        </extensions>
      </trkpt>
      <trkpt lat="31.0444651875159" lon="121.53275196802066">
        <ele>6.370042175985873</ele>
        <time>1970-01-01T00:03:16Z</time>
        <extensions>
          <gpxtpx:TrackPointExtension>
            <gpxtpx:hr>147</gpxtpx:hr>
          </gpxtpx:TrackPointExtension>
        </extensions>
      </trkpt>
      <trkpt lat="31.044491264616052" lon="121.53274592748116">
        <ele>6.41140157263726</ele>
        <time>1970-01-01T00:03:17Z</time>
        <extensions>
          <gpxtpx:TrackPointExtension>
            <gpxtpx:hr>147</gpxtpx:hr>
          </gpxtpx:TrackPointExtension>
        </extensions>
      </trkpt>
      <trkpt lat="31.044517326859612" lon="121.5327370264406">
        <ele>6.446207219734788</ele>
        <time>1970-01-01T00:03:18Z</time>
        <extensions>
          <gpxtpx:TrackPointExtension>
            <gpxtpx:hr>147</gpxtpx:hr>
          </gpxtpx:TrackPointExtension>
        </extensions>
      </trkpt>
      <trkpt lat="31.044543175124055" lon="121.53272605378177">
        <ele>6.473211577162147</ele>
        <time>1970-01-01T00:03:19Z</time>
        <extensions>
          <gpxtpx:TrackPointExtension>
            <gpxtpx:hr>147</gpxtpx:hr>
          </gpxtpx:TrackPointExtension>
        </extensions>
      </trkpt>
      <trkpt lat="31.044567846936648" lon="121.53271309900805">
        <ele>6.492093181237578</ele>
        <time>1970-01-01T00:03:20Z</time>
        <extensions>
          <gpxtpx:TrackPointExtension>
            <gpxtpx:hr>147</gpxtpx:hr>
          </gpxtpx:TrackPointExtension>
        </extensions>
      </trkpt>
      <trkpt lat="31.044591442271873" lon="121.5326983586756">
        <ele>6.503015113063157</ele>
        <time>1970-01-01T00:03:21Z</time>
        <extensions>
          <gpxtpx:TrackPointExtension>
            <gpxtpx:hr>147</gpxtpx:hr>
          </gpxtpx:TrackPointExtension>
        </extensions>
      </trkpt>
      <trkpt lat="31.044614781306734" lon="121.5326828906187">
        <ele>6.506674477830529</ele>
        <time>1970-01-01T00:03:22Z</time>
        <extensions>
          <gpxtpx:TrackPointExtension>
            <gpxtpx:hr>147</gpxtpx:hr>
          </gpxtpx:TrackPointExtension>
        </extensions>
      </trkpt>
      <trkpt lat="31.04463868202627" lon="121.53266708365592">
        <ele>6.5041560381650925</ele>
        <time>1970-01-01T00:03:23Z</time>
        <extensions>
          <gpxtpx:TrackPointExtension>
            <gpxtpx:hr>147</gpxtpx:hr>
          </gpxtpx:TrackPointExtension>
        </extensions>
      </trkpt>
      <trkpt lat="31.044662518639836" lon="121.53265159298145">
        <ele>6.4967347495257854</ele>
        <time>1970-01-01T00:03:24Z</time>
        <extensions>
          <gpxtpx:TrackPointExtension>
            <gpxtpx:hr>146</gpxtpx:hr>
          </gpxtpx:TrackPointExtension>
        </extensions>
      </trkpt>
      <trkpt lat="31.044685750345543" lon="121.53263664761195">
        <ele>6.485788252204657</ele>
        <time>1970-01-01T00:03:25Z</time>
        <extensions>
          <gpxtpx:TrackPointExtension>
            <gpxtpx:hr>146</gpxtpx:hr>
          </gpxtpx:TrackPointExtension>
        </extensions>
      </trkpt>
      <trkpt lat="31.04470915719081" lon="121.53262200176817">
        <ele>6.472840882837772</ele>
        <time>1970-01-01T00:03:26Z</time>
        <extensions>
          <gpxtpx:TrackPointExtension>
            <gpxtpx:hr>146</gpxtpx:hr>
          </gpxtpx:TrackPointExtension>
        </extensions>
      </trkpt>
      <trkpt lat="31.044732705501588" lon="121.53260754622933">
        <ele>6.458842060528696</ele>
        <time>1970-01-01T00:03:27Z</time>
        <extensions>
          <gpxtpx:TrackPointExtension>
            <gpxtpx:hr>146</gpxtpx:hr>
          </gpxtpx:TrackPointExtension>
        </extensions>
      </trkpt>
      <trkpt lat="31.044755941570642" lon="121.53259263733257">
        <ele>6.444616010412574</ele>
        <time>1970-01-01T00:03:28Z</time>
        <extensions>
          <gpxtpx:TrackPointExtension>
            <gpxtpx:hr>146</gpxtpx:hr>
          </gpxtpx:TrackPointExtension>
        </extensions>
      </trkpt>
      <trkpt lat="31.04477846732049" lon="121.53257774081776">
        <ele>6.430900669656694</ele>
        <time>1970-01-01T00:03:29Z</time>
        <extensions>
          <gpxtpx:TrackPointExtension>
            <gpxtpx:hr>147</gpxtpx:hr>
          </gpxtpx:TrackPointExtension>
        </extensions>
      </trkpt>
      <trkpt lat="31.044800346923598" lon="121.53256318603778">
        <ele>6.418323294259608</ele>
        <time>1970-01-01T00:03:30Z</time>
        <extensions>
          <gpxtpx:TrackPointExtension>
            <gpxtpx:hr>147</gpxtpx:hr>
          </gpxtpx:TrackPointExtension>
        </extensions>
      </trkpt>
      <trkpt lat="31.044822378919505" lon="121.53254881434906">
        <ele>6.407072383910418</ele>
        <time>1970-01-01T00:03:31Z</time>
        <extensions>
          <gpxtpx:TrackPointExtension>
            <gpxtpx:hr>147</gpxtpx:hr>
          </gpxtpx:TrackPointExtension>
        </extensions>
      </trkpt>
      <trkpt lat="31.04484464885229" lon="121.53253447616375">
        <ele>6.397177432663739</ele>
        <time>1970-01-01T00:03:32Z</time>
        <extensions>
          <gpxtpx:TrackPointExtension>
            <gpxtpx:hr>147</gpxtpx:hr>
          </gpxtpx:TrackPointExtension>
        </extensions>
      </trkpt>
      <trkpt lat="31.044866690859294" lon="121.53251970134134">
        <ele>6.388482048176229</ele>
        <time>1970-01-01T00:03:33Z</time>
        <extensions>
          <gpxtpx:TrackPointExtension>
            <gpxtpx:hr>147</gpxtpx:hr>
          </gpxtpx:TrackPointExtension>
        </extensions>
      </trkpt>
      <trkpt lat="31.044888076380268" lon="121.5325043856262">
        <ele>6.380737430416048</ele>
        <time>1970-01-01T00:03:34Z</time>
        <extensions>
          <gpxtpx:TrackPointExtension>
            <gpxtpx:hr>147</gpxtpx:hr>
          </gpxtpx:TrackPointExtension>
        </extensions>
      </trkpt>
      <trkpt lat="31.044908806518237" lon="121.53248784673603">
        <ele>6.373714257031679</ele>
        <time>1970-01-01T00:03:35Z</time>
        <extensions>
          <gpxtpx:TrackPointExtension>
            <gpxtpx:hr>147</gpxtpx:hr>
          </gpxtpx:TrackPointExtension>
        </extensions>
      </trkpt>
      <trkpt lat="31.044928987602734" lon="121.53247034990915">
        <ele>6.367309714667499</ele>
        <time>1970-01-01T00:03:36Z</time>
        <extensions>
          <gpxtpx:TrackPointExtension>
            <gpxtpx:hr>147</gpxtpx:hr>
          </gpxtpx:TrackPointExtension>
        </extensions>
      </trkpt>
      <trkpt lat="31.04494879428772" lon="121.5324529116687">
        <ele>6.361695239320397</ele>
        <time>1970-01-01T00:03:37Z</time>
        <extensions>
          <gpxtpx:TrackPointExtension>
            <gpxtpx:hr>147</gpxtpx:hr>
          </gpxtpx:TrackPointExtension>
        </extensions>
      </trkpt>
      <trkpt lat="31.044968974659962" lon="121.53243584319719">
        <ele>6.357260398566723</ele>
        <time>1970-01-01T00:03:38Z</time>
        <extensions>
          <gpxtpx:TrackPointExtension>
            <gpxtpx:hr>147</gpxtpx:hr>
          </gpxtpx:TrackPointExtension>
        </extensions>
      </trkpt>
      <trkpt lat="31.044989752179887" lon="121.53241999769203">
        <ele>6.354472648352385</ele>
        <time>1970-01-01T00:03:39Z</time>
        <extensions>
          <gpxtpx:TrackPointExtension>
            <gpxtpx:hr>147</gpxtpx:hr>
          </gpxtpx:TrackPointExtension>
        </extensions>
      </trkpt>
      <trkpt lat="31.045010849966875" lon="121.53240527614328">
        <ele>6.3536662654951215</ele>
        <time>1970-01-01T00:03:40Z</time>
        <extensions>
          <gpxtpx:TrackPointExtension>
            <gpxtpx:hr>147</gpxtpx:hr>
          </gpxtpx:TrackPointExtension>
        </extensions>
      </trkpt>
      <trkpt lat="31.0450316129367" lon="121.53239041116487">
        <ele>6.355087552219629</ele>
        <time>1970-01-01T00:03:41Z</time>
        <extensions>
          <gpxtpx:TrackPointExtension>
            <gpxtpx:hr>147</gpxtpx:hr>
          </gpxtpx:TrackPointExtension>
        </extensions>
      </trkpt>
      <trkpt lat="31.045051237833214" lon="121.53237449762446">
        <ele>6.35874839220196</ele>
        <time>1970-01-01T00:03:42Z</time>
        <extensions>
          <gpxtpx:TrackPointExtension>
            <gpxtpx:hr>147</gpxtpx:hr>
          </gpxtpx:TrackPointExtension>
        </extensions>
      </trkpt>
      <trkpt lat="31.045069483780335" lon="121.53235644433026">
        <ele>6.364475812762976</ele>
        <time>1970-01-01T00:03:43Z</time>
        <extensions>
          <gpxtpx:TrackPointExtension>
            <gpxtpx:hr>147</gpxtpx:hr>
          </gpxtpx:TrackPointExtension>
        </extensions>
      </trkpt>
      <trkpt lat="31.045086118120192" lon="121.5323365594737">
        <ele>6.371967017650604</ele>
        <time>1970-01-01T00:03:44Z</time>
        <extensions>
          <gpxtpx:TrackPointExtension>
            <gpxtpx:hr>147</gpxtpx:hr>
          </gpxtpx:TrackPointExtension>
        </extensions>
      </trkpt>
      <trkpt lat="31.045101122556076" lon="121.53231456675903">
        <ele>6.3805653639137745</ele>
        <time>1970-01-01T00:03:45Z</time>
        <extensions>
          <gpxtpx:TrackPointExtension>
            <gpxtpx:hr>147</gpxtpx:hr>
          </gpxtpx:TrackPointExtension>
        </extensions>
      </trkpt>
      <trkpt lat="31.04511408345484" lon="121.53229017550862">
        <ele>6.389573291875422</ele>
        <time>1970-01-01T00:03:46Z</time>
        <extensions>
          <gpxtpx:TrackPointExtension>
            <gpxtpx:hr>148</gpxtpx:hr>
          </gpxtpx:TrackPointExtension>
        </extensions>
      </trkpt>
      <trkpt lat="31.045124095793806" lon="121.53226471208522">
        <ele>6.398472550325096</ele>
        <time>1970-01-01T00:03:47Z</time>
        <extensions>
          <gpxtpx:TrackPointExtension>
            <gpxtpx:hr>148</gpxtpx:hr>
          </gpxtpx:TrackPointExtension>
        </extensions>
      </trkpt>
      <trkpt lat="31.045130709627887" lon="121.53223878243166">
        <ele>6.406903076916933</ele>
        <time>1970-01-01T00:03:48Z</time>
        <extensions>
          <gpxtpx:TrackPointExtension>
            <gpxtpx:hr>148</gpxtpx:hr>
          </gpxtpx:TrackPointExtension>
        </extensions>
      </trkpt>
      <trkpt lat="31.04513450624342" lon="121.53221202724436">
        <ele>6.414503592066467</ele>
        <time>1970-01-01T00:03:49Z</time>
        <extensions>
          <gpxtpx:TrackPointExtension>
            <gpxtpx:hr>148</gpxtpx:hr>
          </gpxtpx:TrackPointExtension>
        </extensions>
      </trkpt>
      <trkpt lat="31.045135401019028" lon="121.53218340710794">
        <ele>6.42075047083199</ele>
        <time>1970-01-01T00:03:50Z</time>
        <extensions>
          <gpxtpx:TrackPointExtension>
            <gpxtpx:hr>148</gpxtpx:hr>
          </gpxtpx:TrackPointExtension>
        </extensions>
      </trkpt>
      <trkpt lat="31.04513309528029" lon="121.53215288516573">
        <ele>6.425230695866048</ele>
        <time>1970-01-01T00:03:51Z</time>
        <extensions>
          <gpxtpx:TrackPointExtension>
            <gpxtpx:hr>147</gpxtpx:hr>
          </gpxtpx:TrackPointExtension>
        </extensions>
      </trkpt>
      <trkpt lat="31.04512763469738" lon="121.53212289436775">
        <ele>6.427622684277594</ele>
        <time>1970-01-01T00:03:52Z</time>
        <extensions>
          <gpxtpx:TrackPointExtension>
            <gpxtpx:hr>147</gpxtpx:hr>
          </gpxtpx:TrackPointExtension>
        </extensions>
      </trkpt>
      <trkpt lat="31.04511872015813" lon="121.53209409182055">
        <ele>6.427701313048601</ele>
        <time>1970-01-01T00:03:53Z</time>
        <extensions>
          <gpxtpx:TrackPointExtension>
            <gpxtpx:hr>147</gpxtpx:hr>
          </gpxtpx:TrackPointExtension>
        </extensions>
      </trkpt>
      <trkpt lat="31.045107121382102" lon="121.53206605739648">
        <ele>6.425381841138005</ele>
        <time>1970-01-01T00:03:54Z</time>
        <extensions>
          <gpxtpx:TrackPointExtension>
            <gpxtpx:hr>147</gpxtpx:hr>
          </gpxtpx:TrackPointExtension>
        </extensions>
      </trkpt>
      <trkpt lat="31.045093622320035" lon="121.53203901358961">
        <ele>6.420661434531212</ele>
        <time>1970-01-01T00:03:55Z</time>
        <extensions>
          <gpxtpx:TrackPointExtension>
            <gpxtpx:hr>147</gpxtpx:hr>
          </gpxtpx:TrackPointExtension>
        </extensions>
      </trkpt>
      <trkpt lat="31.045078725541725" lon="121.5320126824647">
        <ele>6.413625955581665</ele>
        <time>1970-01-01T00:03:56Z</time>
        <extensions>
          <gpxtpx:TrackPointExtension>
            <gpxtpx:hr>147</gpxtpx:hr>
          </gpxtpx:TrackPointExtension>
        </extensions>
      </trkpt>
      <trkpt lat="31.045062679927618" lon="121.53198734410674">
        <ele>6.404304364696145</ele>
        <time>1970-01-01T00:03:57Z</time>
        <extensions>
          <gpxtpx:TrackPointExtension>
            <gpxtpx:hr>147</gpxtpx:hr>
          </gpxtpx:TrackPointExtension>
        </extensions>
      </trkpt>
      <trkpt lat="31.045044477206083" lon="121.53196466420937">
        <ele>6.392530363984406</ele>
        <time>1970-01-01T00:03:58Z</time>
        <extensions>
          <gpxtpx:TrackPointExtension>
            <gpxtpx:hr>146</gpxtpx:hr>
          </gpxtpx:TrackPointExtension>
        </extensions>
      </trkpt>
      <trkpt lat="31.045023515865033" lon="121.53194642482268">
        <ele>6.37809276022017</ele>
        <time>1970-01-01T00:03:59Z</time>
        <extensions>
          <gpxtpx:TrackPointExtension>
            <gpxtpx:hr>146</gpxtpx:hr>
          </gpxtpx:TrackPointExtension>
        </extensions>
      </trkpt>
      <trkpt lat="31.04500062528461" lon="121.53193330845997">
        <ele>6.360930455848575</ele>
        <time>1970-01-01T00:04:00Z</time>
        <extensions>
          <gpxtpx:TrackPointExtension>
            <gpxtpx:hr>146</gpxtpx:hr>
          </gpxtpx:TrackPointExtension>
        </extensions>
      </trkpt>
      <trkpt lat="31.044976888543157" lon="121.53192458546555">
        <ele>6.341039825230837</ele>
        <time>1970-01-01T00:04:01Z</time>
        <extensions>
          <gpxtpx:TrackPointExtension>
            <gpxtpx:hr>146</gpxtpx:hr>
          </gpxtpx:TrackPointExtension>
        </extensions>
      </trkpt>
      <trkpt lat="31.044952678840392" lon="121.53191810329095">
        <ele>6.31850974354893</ele>
        <time>1970-01-01T00:04:02Z</time>
        <extensions>
          <gpxtpx:TrackPointExtension>
            <gpxtpx:hr>146</gpxtpx:hr>
          </gpxtpx:TrackPointExtension>
        </extensions>
      </trkpt>
      <trkpt lat="31.04492756433257" lon="121.53191313558987">
        <ele>6.293649381026626</ele>
        <time>1970-01-01T00:04:03Z</time>
        <extensions>
          <gpxtpx:TrackPointExtension>
            <gpxtpx:hr>146</gpxtpx:hr>
          </gpxtpx:TrackPointExtension>
        </extensions>
      </trkpt>
      <trkpt lat="31.044902199070204" lon="121.53191022104129">
        <ele>6.266806450672448</ele>
        <time>1970-01-01T00:04:04Z</time>
        <extensions>
          <gpxtpx:TrackPointExtension>
            <gpxtpx:hr>146</gpxtpx:hr>
          </gpxtpx:TrackPointExtension>
        </extensions>
      </trkpt>
      <trkpt lat="31.044877242099705" lon="121.53191005979433">
        <ele>6.238428686745465</ele>
        <time>1970-01-01T00:04:05Z</time>
        <extensions>
          <gpxtpx:TrackPointExtension>
            <gpxtpx:hr>146</gpxtpx:hr>
          </gpxtpx:TrackPointExtension>
        </extensions>
      </trkpt>
      <trkpt lat="31.044852374539442" lon="121.53191282830757">
        <ele>6.209038277156651</ele>
        <time>1970-01-01T00:04:06Z</time>
        <extensions>
          <gpxtpx:TrackPointExtension>
            <gpxtpx:hr>146</gpxtpx:hr>
          </gpxtpx:TrackPointExtension>
        </extensions>
      </trkpt>
      <trkpt lat="31.044827165102802" lon="121.53191773268036">
        <ele>6.1792428540065885</ele>
        <time>1970-01-01T00:04:07Z</time>
        <extensions>
          <gpxtpx:TrackPointExtension>
            <gpxtpx:hr>146</gpxtpx:hr>
          </gpxtpx:TrackPointExtension>
        </extensions>
      </trkpt>
      <trkpt lat="31.044801440092307" lon="121.53192449452413">
        <ele>6.149882917292416</ele>
        <time>1970-01-01T00:04:08Z</time>
        <extensions>
          <gpxtpx:TrackPointExtension>
            <gpxtpx:hr>147</gpxtpx:hr>
          </gpxtpx:TrackPointExtension>
        </extensions>
      </trkpt>
      <trkpt lat="31.044775695099712" lon="121.53193253650103">
        <ele>6.1218119179829955</ele>
        <time>1970-01-01T00:04:09Z</time>
        <extensions>
          <gpxtpx:TrackPointExtension>
            <gpxtpx:hr>147</gpxtpx:hr>
          </gpxtpx:TrackPointExtension>
        </extensions>
      </trkpt>
      <trkpt lat="31.044750356329853" lon="121.53194106549422">
        <ele>6.095706928521395</ele>
        <time>1970-01-01T00:04:10Z</time>
        <extensions>
          <gpxtpx:TrackPointExtension>
            <gpxtpx:hr>147</gpxtpx:hr>
          </gpxtpx:TrackPointExtension>
        </extensions>
      </trkpt>
      <trkpt lat="31.044725464150176" lon="121.5319500355315">
        <ele>6.072063299827278</ele>
        <time>1970-01-01T00:04:11Z</time>
        <extensions>
          <gpxtpx:TrackPointExtension>
            <gpxtpx:hr>147</gpxtpx:hr>
          </gpxtpx:TrackPointExtension>
        </extensions>
      </trkpt>
      <trkpt lat="31.044700857539475" lon="121.5319603782881">
        <ele>6.051259559579194</ele>
        <time>1970-01-01T00:04:12Z</time>
        <extensions>
          <gpxtpx:TrackPointExtension>
            <gpxtpx:hr>147</gpxtpx:hr>
          </gpxtpx:TrackPointExtension>
        </extensions>
      </trkpt>
      <trkpt lat="31.044675892693938" lon="121.53197269196905">
        <ele>6.033656044863164</ele>
        <time>1970-01-01T00:04:13Z</time>
        <extensions>
          <gpxtpx:TrackPointExtension>
            <gpxtpx:hr>147</gpxtpx:hr>
          </gpxtpx:TrackPointExtension>
        </extensions>
      </trkpt>
      <trkpt lat="31.04465069585447" lon="121.53198594043579">
        <ele>6.019445235840976</ele>
        <time>1970-01-01T00:04:14Z</time>
        <extensions>
          <gpxtpx:TrackPointExtension>
            <gpxtpx:hr>147</gpxtpx:hr>
          </gpxtpx:TrackPointExtension>
        </extensions>
      </trkpt>
      <trkpt lat="31.04462573832345" lon="121.53199953507848">
        <ele>6.008584467694163</ele>
        <time>1970-01-01T00:04:15Z</time>
        <extensions>
          <gpxtpx:TrackPointExtension>
            <gpxtpx:hr>150</gpxtpx:hr>
          </gpxtpx:TrackPointExtension>
        </extensions>
      </trkpt>
      <trkpt lat="31.04460157795406" lon="121.53201270448707">
        <ele>6.000819678418338</ele>
        <time>1970-01-01T00:04:16Z</time>
        <extensions>
          <gpxtpx:TrackPointExtension>
            <gpxtpx:hr>150</gpxtpx:hr>
          </gpxtpx:TrackPointExtension>
        </extensions>
      </trkpt>
      <trkpt lat="31.044578474628175" lon="121.53202511299762">
        <ele>5.995794669725001</ele>
        <time>1970-01-01T00:04:17Z</time>
        <extensions>
          <gpxtpx:TrackPointExtension>
            <gpxtpx:hr>150</gpxtpx:hr>
          </gpxtpx:TrackPointExtension>
        </extensions>
      </trkpt>
      <trkpt lat="31.044555915234675" lon="121.53203768153502">
        <ele>5.993457401171327</ele>
        <time>1970-01-01T00:04:18Z</time>
        <extensions>
          <gpxtpx:TrackPointExtension>
            <gpxtpx:hr>150</gpxtpx:hr>
          </gpxtpx:TrackPointExtension>
        </extensions>
      </trkpt>
      <trkpt lat="31.044533864135406" lon="121.53205048338141">
        <ele>5.993694894015789</ele>
        <time>1970-01-01T00:04:19Z</time>
        <extensions>
          <gpxtpx:TrackPointExtension>
            <gpxtpx:hr>150</gpxtpx:hr>
          </gpxtpx:TrackPointExtension>
        </extensions>
      </trkpt>
      <trkpt lat="31.044511843390268" lon="121.53206409972142">
        <ele>5.9962469739839435</ele>
        <time>1970-01-01T00:04:20Z</time>
        <extensions>
          <gpxtpx:TrackPointExtension>
            <gpxtpx:hr>151</gpxtpx:hr>
          </gpxtpx:TrackPointExtension>
        </extensions>
      </trkpt>
      <trkpt lat="31.044489257888973" lon="121.53207885322517">
        <ele>6.000692336820066</ele>
        <time>1970-01-01T00:04:21Z</time>
        <extensions>
          <gpxtpx:TrackPointExtension>
            <gpxtpx:hr>151</gpxtpx:hr>
          </gpxtpx:TrackPointExtension>
        </extensions>
      </trkpt>
      <trkpt lat="31.0444666052767" lon="121.53209381364046">
        <ele>6.006680209189653</ele>
        <time>1970-01-01T00:04:22Z</time>
        <extensions>
          <gpxtpx:TrackPointExtension>
            <gpxtpx:hr>151</gpxtpx:hr>
          </gpxtpx:TrackPointExtension>
        </extensions>
      </trkpt>
      <trkpt lat="31.04444411062667" lon="121.53210853669688">
        <ele>6.013694851659238</ele>
        <time>1970-01-01T00:04:23Z</time>
        <extensions>
          <gpxtpx:TrackPointExtension>
            <gpxtpx:hr>151</gpxtpx:hr>
          </gpxtpx:TrackPointExtension>
        </extensions>
      </trkpt>
      <trkpt lat="31.044421974899457" lon="121.53212262929682">
        <ele>6.021221222355962</ele>
        <time>1970-01-01T00:04:24Z</time>
        <extensions>
          <gpxtpx:TrackPointExtension>
            <gpxtpx:hr>151</gpxtpx:hr>
          </gpxtpx:TrackPointExtension>
        </extensions>
      </trkpt>
      <trkpt lat="31.044400163294103" lon="121.53213659183004">
        <ele>6.028830217197537</ele>
        <time>1970-01-01T00:04:25Z</time>
        <extensions>
          <gpxtpx:TrackPointExtension>
            <gpxtpx:hr>151</gpxtpx:hr>
          </gpxtpx:TrackPointExtension>
        </extensions>
      </trkpt>
      <trkpt lat="31.044378614582595" lon="121.53215114473201">
        <ele>6.036254122853279</ele>
        <time>1970-01-01T00:04:26Z</time>
        <extensions>
          <gpxtpx:TrackPointExtension>
            <gpxtpx:hr>150</gpxtpx:hr>
          </gpxtpx:TrackPointExtension>
        </extensions>
      </trkpt>
      <trkpt lat="31.044357489162703" lon="121.53216582287092">
        <ele>6.043228059075773</ele>
        <time>1970-01-01T00:04:27Z</time>
        <extensions>
          <gpxtpx:TrackPointExtension>
            <gpxtpx:hr>150</gpxtpx:hr>
          </gpxtpx:TrackPointExtension>
        </extensions>
      </trkpt>
      <trkpt lat="31.044335975106872" lon="121.5321801629183">
        <ele>6.049653400667012</ele>
        <time>1970-01-01T00:04:28Z</time>
        <extensions>
          <gpxtpx:TrackPointExtension>
            <gpxtpx:hr>150</gpxtpx:hr>
          </gpxtpx:TrackPointExtension>
        </extensions>
      </trkpt>
      <trkpt lat="31.044313517195846" lon="121.5321940977969">
        <ele>6.055449670180678</ele>
        <time>1970-01-01T00:04:29Z</time>
        <extensions>
          <gpxtpx:TrackPointExtension>
            <gpxtpx:hr>150</gpxtpx:hr>
          </gpxtpx:TrackPointExtension>
        </extensions>
      </trkpt>
      <trkpt lat="31.044290575364077" lon="121.53220911434481">
        <ele>6.060670210979879</ele>
        <time>1970-01-01T00:04:30Z</time>
        <extensions>
          <gpxtpx:TrackPointExtension>
            <gpxtpx:hr>150</gpxtpx:hr>
          </gpxtpx:TrackPointExtension>
        </extensions>
      </trkpt>
      <trkpt lat="31.044268496826433" lon="121.53222701933166">
        <ele>6.065943541936576</ele>
        <time>1970-01-01T00:04:31Z</time>
        <extensions>
          <gpxtpx:TrackPointExtension>
            <gpxtpx:hr>148</gpxtpx:hr>
          </gpxtpx:TrackPointExtension>
        </extensions>
      </trkpt>
      <trkpt lat="31.044248493139786" lon="121.53224802637193">
        <ele>6.072000881657004</ele>
        <time>1970-01-01T00:04:32Z</time>
        <extensions>
          <gpxtpx:TrackPointExtension>
            <gpxtpx:hr>148</gpxtpx:hr>
          </gpxtpx:TrackPointExtension>
        </extensions>
      </trkpt>
      <trkpt lat="31.04423013665562" lon="121.53227158978618">
        <ele>6.079609297215939</ele>
        <time>1970-01-01T00:04:33Z</time>
        <extensions>
          <gpxtpx:TrackPointExtension>
            <gpxtpx:hr>148</gpxtpx:hr>
          </gpxtpx:TrackPointExtension>
        </extensions>
      </trkpt>
      <trkpt lat="31.0442128149708" lon="121.53229662700124">
        <ele>6.089603034779429</ele>
        <time>1970-01-01T00:04:34Z</time>
        <extensions>
          <gpxtpx:TrackPointExtension>
            <gpxtpx:hr>148</gpxtpx:hr>
          </gpxtpx:TrackPointExtension>
        </extensions>
      </trkpt>
      <trkpt lat="31.044196939033334" lon="121.532322680427">
        <ele>6.102781509980559</ele>
        <time>1970-01-01T00:04:35Z</time>
        <extensions>
          <gpxtpx:TrackPointExtension>
            <gpxtpx:hr>148</gpxtpx:hr>
          </gpxtpx:TrackPointExtension>
        </extensions>
      </trkpt>
      <trkpt lat="31.044183520059047" lon="121.53235000785861">
        <ele>6.119066487066448</ele>
        <time>1970-01-01T00:04:36Z</time>
        <extensions>
          <gpxtpx:TrackPointExtension>
            <gpxtpx:hr>148</gpxtpx:hr>
          </gpxtpx:TrackPointExtension>
        </extensions>
      </trkpt>
      <trkpt lat="31.04417369267924" lon="121.5323784622975">
        <ele>6.13833009917289</ele>
        <time>1970-01-01T00:04:37Z</time>
        <extensions>
          <gpxtpx:TrackPointExtension>
            <gpxtpx:hr>148</gpxtpx:hr>
          </gpxtpx:TrackPointExtension>
        </extensions>
      </trkpt>
      <trkpt lat="31.044167678165525" lon="121.53240824022744">
        <ele>6.1602883180603385</ele>
        <time>1970-01-01T00:04:38Z</time>
        <extensions>
          <gpxtpx:TrackPointExtension>
            <gpxtpx:hr>148</gpxtpx:hr>
          </gpxtpx:TrackPointExtension>
        </extensions>
      </trkpt>
      <trkpt lat="31.044165503604635" lon="121.53243906657885">
        <ele>6.184444537386298</ele>
        <time>1970-01-01T00:04:39Z</time>
        <extensions>
          <gpxtpx:TrackPointExtension>
            <gpxtpx:hr>148</gpxtpx:hr>
          </gpxtpx:TrackPointExtension>
        </extensions>
      </trkpt>
      <trkpt lat="31.044166813399976" lon="121.53247011788541">
        <ele>6.210048149339855</ele>
        <time>1970-01-01T00:04:40Z</time>
        <extensions>
          <gpxtpx:TrackPointExtension>
            <gpxtpx:hr>148</gpxtpx:hr>
          </gpxtpx:TrackPointExtension>
        </extensions>
      </trkpt>
      <trkpt lat="31.044170672297277" lon="121.53250091506791">
        <ele>6.236205038614571</ele>
        <time>1970-01-01T00:04:41Z</time>
        <extensions>
          <gpxtpx:TrackPointExtension>
            <gpxtpx:hr>148</gpxtpx:hr>
          </gpxtpx:TrackPointExtension>
        </extensions>
      </trkpt>
      <trkpt lat="31.044177244715783" lon="121.53253055153606">
        <ele>6.261800982058048</ele>
        <time>1970-01-01T00:04:42Z</time>
        <extensions>
          <gpxtpx:TrackPointExtension>
            <gpxtpx:hr>148</gpxtpx:hr>
          </gpxtpx:TrackPointExtension>
        </extensions>
      </trkpt>
      <trkpt lat="31.044186495176774" lon="121.53255827262059">
        <ele>6.285586173646152</ele>
        <time>1970-01-01T00:04:43Z</time>
        <extensions>
          <gpxtpx:TrackPointExtension>
            <gpxtpx:hr>148</gpxtpx:hr>
          </gpxtpx:TrackPointExtension>
        </extensions>
      </trkpt>
      <trkpt lat="31.044197645482612" lon="121.53258446033026">
        <ele>6.30632074829191</ele>
        <time>1970-01-01T00:04:44Z</time>
        <extensions>
          <gpxtpx:TrackPointExtension>
            <gpxtpx:hr>148</gpxtpx:hr>
          </gpxtpx:TrackPointExtension>
        </extensions>
      </trkpt>
      <trkpt lat="31.04421080333104" lon="121.53261012228309">
        <ele>6.322969011031091</ele>
        <time>1970-01-01T00:04:45Z</time>
        <extensions>
          <gpxtpx:TrackPointExtension>
            <gpxtpx:hr>148</gpxtpx:hr>
          </gpxtpx:TrackPointExtension>
        </extensions>
      </trkpt>
      <trkpt lat="31.044226276650686" lon="121.53263487513362">
        <ele>6.335327978245914</ele>
        <time>1970-01-01T00:04:46Z</time>
        <extensions>
          <gpxtpx:TrackPointExtension>
            <gpxtpx:hr>148</gpxtpx:hr>
          </gpxtpx:TrackPointExtension>
        </extensions>
      </trkpt>
      <trkpt lat="31.04424418999314" lon="121.53265731010282">
        <ele>6.343601483851671</ele>
        <time>1970-01-01T00:04:47Z</time>
        <extensions>
          <gpxtpx:TrackPointExtension>
            <gpxtpx:hr>148</gpxtpx:hr>
          </gpxtpx:TrackPointExtension>
        </extensions>
      </trkpt>
      <trkpt lat="31.044264235308038" lon="121.53267702401077">
        <ele>6.348339742049575</ele>
        <time>1970-01-01T00:04:48Z</time>
        <extensions>
          <gpxtpx:TrackPointExtension>
            <gpxtpx:hr>148</gpxtpx:hr>
          </gpxtpx:TrackPointExtension>
        </extensions>
      </trkpt>
      <trkpt lat="31.044285756640043" lon="121.5326940570726">
        <ele>6.350356489419937</ele>
        <time>1970-01-01T00:04:49Z</time>
        <extensions>
          <gpxtpx:TrackPointExtension>
            <gpxtpx:hr>148</gpxtpx:hr>
          </gpxtpx:TrackPointExtension>
        </extensions>
      </trkpt>
      <trkpt lat="31.044308278782434" lon="121.5327080841297">
        <ele>6.350605002604425</ele>
        <time>1970-01-01T00:04:50Z</time>
        <extensions>
          <gpxtpx:TrackPointExtension>
            <gpxtpx:hr>148</gpxtpx:hr>
          </gpxtpx:TrackPointExtension>
        </extensions>
      </trkpt>
      <trkpt lat="31.044330624278864" lon="121.53271962325947">
        <ele>6.3500517550855875</ele>
        <time>1970-01-01T00:04:51Z</time>
        <extensions>
          <gpxtpx:TrackPointExtension>
            <gpxtpx:hr>148</gpxtpx:hr>
          </gpxtpx:TrackPointExtension>
        </extensions>
      </trkpt>
      <trkpt lat="31.044353099157014" lon="121.53272995321844">
        <ele>6.349657672457397</ele>
        <time>1970-01-01T00:04:52Z</time>
        <extensions>
          <gpxtpx:TrackPointExtension>
            <gpxtpx:hr>148</gpxtpx:hr>
          </gpxtpx:TrackPointExtension>
        </extensions>
      </trkpt>
      <trkpt lat="31.044376827972016" lon="121.53273960518779">
        <ele>6.350274589844048</ele>
        <time>1970-01-01T00:04:53Z</time>
        <extensions>
          <gpxtpx:TrackPointExtension>
            <gpxtpx:hr>148</gpxtpx:hr>
          </gpxtpx:TrackPointExtension>
        </extensions>
      </trkpt>
      <trkpt lat="31.044401173974094" lon="121.53274798379849">
        <ele>6.352475672960281</ele>
        <time>1970-01-01T00:04:54Z</time>
        <extensions>
          <gpxtpx:TrackPointExtension>
            <gpxtpx:hr>147</gpxtpx:hr>
          </gpxtpx:TrackPointExtension>
        </extensions>
      </trkpt>
      <trkpt lat="31.044425832870264" lon="121.53275363609285">
        <ele>6.356713085435331</ele>
        <time>1970-01-01T00:04:55Z</time>
        <extensions>
          <gpxtpx:TrackPointExtension>
            <gpxtpx:hr>147</gpxtpx:hr>
          </gpxtpx:TrackPointExtension>
        </extensions>
      </trkpt>
      <trkpt lat="31.044451051673217" lon="121.53275557240747">
        <ele>6.3629641914740205</ele>
        <time>1970-01-01T00:04:56Z</time>
        <extensions>
          <gpxtpx:TrackPointExtension>
            <gpxtpx:hr>147</gpxtpx:hr>
          </gpxtpx:TrackPointExtension>
        </extensions>
      </trkpt>
      <trkpt lat="31.044476603129254" lon="121.53275350984839">
        <ele>6.370858170092106</ele>
        <time>1970-01-01T00:04:57Z</time>
        <extensions>
          <gpxtpx:TrackPointExtension>
            <gpxtpx:hr>148</gpxtpx:hr>
          </gpxtpx:TrackPointExtension>
        </extensions>
      </trkpt>
      <trkpt lat="31.04450184960046" lon="121.53274788621879">
        <ele>6.379797192290425</ele>
        <time>1970-01-01T00:04:58Z</time>
        <extensions>
          <gpxtpx:TrackPointExtension>
            <gpxtpx:hr>148</gpxtpx:hr>
          </gpxtpx:TrackPointExtension>
        </extensions>
      </trkpt>
      <trkpt lat="31.044526381028525" lon="121.53273959389206">
        <ele>6.389006410725415</ele>
        <time>1970-01-01T00:04:59Z</time>
        <extensions>
          <gpxtpx:TrackPointExtension>
            <gpxtpx:hr>148</gpxtpx:hr>
          </gpxtpx:TrackPointExtension>
        </extensions>
      </trkpt>
      <trkpt lat="31.044550324852768" lon="121.53272842565191">
        <ele>6.397601327858865</ele>
        <time>1970-01-01T00:05:00Z</time>
        <extensions>
          <gpxtpx:TrackPointExtension>
            <gpxtpx:hr>148</gpxtpx:hr>
          </gpxtpx:TrackPointExtension>
        </extensions>
      </trkpt>
      <trkpt lat="31.04457341485442" lon="121.53271453605207">
        <ele>6.405000357888639</ele>
        <time>1970-01-01T00:05:01Z</time>
        <extensions>
          <gpxtpx:TrackPointExtension>
            <gpxtpx:hr>148</gpxtpx:hr>
          </gpxtpx:TrackPointExtension>
        </extensions>
      </trkpt>
      <trkpt lat="31.044594913394803" lon="121.53269954965431">
        <ele>6.410850807093084</ele>
        <time>1970-01-01T00:05:02Z</time>
        <extensions>
          <gpxtpx:TrackPointExtension>
            <gpxtpx:hr>151</gpxtpx:hr>
          </gpxtpx:TrackPointExtension>
        </extensions>
      </trkpt>
      <trkpt lat="31.044615484755084" lon="121.53268480367721">
        <ele>6.41489711496979</ele>
        <time>1970-01-01T00:05:03Z</time>
        <extensions>
          <gpxtpx:TrackPointExtension>
            <gpxtpx:hr>151</gpxtpx:hr>
          </gpxtpx:TrackPointExtension>
        </extensions>
      </trkpt>
      <trkpt lat="31.04463661970712" lon="121.53267124045348">
        <ele>6.41724709700793</ele>
        <time>1970-01-01T00:05:04Z</time>
        <extensions>
          <gpxtpx:TrackPointExtension>
            <gpxtpx:hr>151</gpxtpx:hr>
          </gpxtpx:TrackPointExtension>
        </extensions>
      </trkpt>
      <trkpt lat="31.044658744441804" lon="121.5326581656523">
        <ele>6.418200829997659</ele>
        <time>1970-01-01T00:05:05Z</time>
        <extensions>
          <gpxtpx:TrackPointExtension>
            <gpxtpx:hr>151</gpxtpx:hr>
          </gpxtpx:TrackPointExtension>
        </extensions>
      </trkpt>
      <trkpt lat="31.044681992302436" lon="121.53264414551761">
        <ele>6.418341475538909</ele>
        <time>1970-01-01T00:05:06Z</time>
        <extensions>
          <gpxtpx:TrackPointExtension>
            <gpxtpx:hr>151</gpxtpx:hr>
          </gpxtpx:TrackPointExtension>
        </extensions>
      </trkpt>
      <trkpt lat="31.04470573443968" lon="121.53262887279062">
        <ele>6.418517244048417</ele>
        <time>1970-01-01T00:05:07Z</time>
        <extensions>
          <gpxtpx:TrackPointExtension>
            <gpxtpx:hr>151</gpxtpx:hr>
          </gpxtpx:TrackPointExtension>
        </extensions>
      </trkpt>
      <trkpt lat="31.044728845567313" lon="121.5326119216063">
        <ele>6.4197289030998945</ele>
        <time>1970-01-01T00:05:08Z</time>
        <extensions>
          <gpxtpx:TrackPointExtension>
            <gpxtpx:hr>150</gpxtpx:hr>
          </gpxtpx:TrackPointExtension>
        </extensions>
      </trkpt>
      <trkpt lat="31.044750871447462" lon="121.53259433711965">
        <ele>6.42297100648284</ele>
        <time>1970-01-01T00:05:09Z</time>
        <extensions>
          <gpxtpx:TrackPointExtension>
            <gpxtpx:hr>150</gpxtpx:hr>
          </gpxtpx:TrackPointExtension>
        </extensions>
      </trkpt>
      <trkpt lat="31.044772159485856" lon="121.53257733735609">
        <ele>6.429210512898862</ele>
        <time>1970-01-01T00:05:10Z</time>
        <extensions>
          <gpxtpx:TrackPointExtension>
            <gpxtpx:hr>150</gpxtpx:hr>
          </gpxtpx:TrackPointExtension>
        </extensions>
      </trkpt>
      <trkpt lat="31.044793827519264" lon="121.53256155252687">
        <ele>6.439249659888446</ele>
        <time>1970-01-01T00:05:11Z</time>
        <extensions>
          <gpxtpx:TrackPointExtension>
            <gpxtpx:hr>150</gpxtpx:hr>
          </gpxtpx:TrackPointExtension>
        </extensions>
      </trkpt>
      <trkpt lat="31.044817012777507" lon="121.53254678085852">
        <ele>6.453626150265336</ele>
        <time>1970-01-01T00:05:12Z</time>
        <extensions>
          <gpxtpx:TrackPointExtension>
            <gpxtpx:hr>152</gpxtpx:hr>
          </gpxtpx:TrackPointExtension>
        </extensions>
      </trkpt>
      <trkpt lat="31.044842111295946" lon="121.5325319183577">
        <ele>6.4726234301924706</ele>
        <time>1970-01-01T00:05:13Z</time>
        <extensions>
          <gpxtpx:TrackPointExtension>
            <gpxtpx:hr>152</gpxtpx:hr>
          </gpxtpx:TrackPointExtension>
        </extensions>
      </trkpt>
      <trkpt lat="31.04486804800636" lon="121.53251734299727">
        <ele>6.4957674434408545</ele>
        <time>1970-01-01T00:05:14Z</time>
        <extensions>
          <gpxtpx:TrackPointExtension>
            <gpxtpx:hr>152</gpxtpx:hr>
          </gpxtpx:TrackPointExtension>
        </extensions>
      </trkpt>
      <trkpt lat="31.044893565487836" lon="121.53250340255487">
        <ele>6.522312528453767</ele>
        <time>1970-01-01T00:05:15Z</time>
        <extensions>
          <gpxtpx:TrackPointExtension>
            <gpxtpx:hr>152</gpxtpx:hr>
          </gpxtpx:TrackPointExtension>
        </extensions>
      </trkpt>
      <trkpt lat="31.044918789926008" lon="121.53248959430438">
        <ele>6.5511739468201995</ele>
        <time>1970-01-01T00:05:16Z</time>
        <extensions>
          <gpxtpx:TrackPointExtension>
            <gpxtpx:hr>152</gpxtpx:hr>
          </gpxtpx:TrackPointExtension>
        </extensions>
      </trkpt>
      <trkpt lat="31.044944765920427" lon="121.53247607593983">
        <ele>6.5807930482551455</ele>
        <time>1970-01-01T00:05:17Z</time>
        <extensions>
          <gpxtpx:TrackPointExtension>
            <gpxtpx:hr>152</gpxtpx:hr>
          </gpxtpx:TrackPointExtension>
        </extensions>
      </trkpt>
      <trkpt lat="31.044970453873137" lon="121.53246269438043">
        <ele>6.609550885856152</ele>
        <time>1970-01-01T00:05:18Z</time>
        <extensions>
          <gpxtpx:TrackPointExtension>
            <gpxtpx:hr>152</gpxtpx:hr>
          </gpxtpx:TrackPointExtension>
        </extensions>
      </trkpt>
      <trkpt lat="31.04499440914686" lon="121.53244930865559">
        <ele>6.635979847051203</ele>
        <time>1970-01-01T00:05:19Z</time>
        <extensions>
          <gpxtpx:TrackPointExtension>
            <gpxtpx:hr>152</gpxtpx:hr>
          </gpxtpx:TrackPointExtension>
        </extensions>
      </trkpt>
      <trkpt lat="31.045016152181763" lon="121.53243588407642">
        <ele>6.658695080317557</ele>
        <time>1970-01-01T00:05:20Z</time>
        <extensions>
          <gpxtpx:TrackPointExtension>
            <gpxtpx:hr>152</gpxtpx:hr>
          </gpxtpx:TrackPointExtension>
        </extensions>
      </trkpt>
      <trkpt lat="31.045035130932526" lon="121.53242279515008">
        <ele>6.676493363454938</ele>
        <time>1970-01-01T00:05:21Z</time>
        <extensions>
          <gpxtpx:TrackPointExtension>
            <gpxtpx:hr>152</gpxtpx:hr>
          </gpxtpx:TrackPointExtension>
        </extensions>
      </trkpt>
      <trkpt lat="31.04505321498548" lon="121.53240934176146">
        <ele>6.688634575344622</ele>
        <time>1970-01-01T00:05:22Z</time>
        <extensions>
          <gpxtpx:TrackPointExtension>
            <gpxtpx:hr>152</gpxtpx:hr>
          </gpxtpx:TrackPointExtension>
        </extensions>
      </trkpt>
      <trkpt lat="31.045072055346612" lon="121.53239292216671">
        <ele>6.694588270969689</ele>
        <time>1970-01-01T00:05:23Z</time>
        <extensions>
          <gpxtpx:TrackPointExtension>
            <gpxtpx:hr>152</gpxtpx:hr>
          </gpxtpx:TrackPointExtension>
        </extensions>
      </trkpt>
      <trkpt lat="31.045090394689723" lon="121.53237243689941">
        <ele>6.694221442565322</ele>
        <time>1970-01-01T00:05:24Z</time>
        <extensions>
          <gpxtpx:TrackPointExtension>
            <gpxtpx:hr>152</gpxtpx:hr>
          </gpxtpx:TrackPointExtension>
        </extensions>
      </trkpt>
      <trkpt lat="31.045107149626464" lon="121.53234902096521">
        <ele>6.68780304864049</ele>
        <time>1970-01-01T00:05:25Z</time>
        <extensions>
          <gpxtpx:TrackPointExtension>
            <gpxtpx:hr>152</gpxtpx:hr>
          </gpxtpx:TrackPointExtension>
        </extensions>
      </trkpt>
      <trkpt lat="31.045122103815842" lon="121.53232418951097">
        <ele>6.6759544955566525</ele>
        <time>1970-01-01T00:05:26Z</time>
        <extensions>
          <gpxtpx:TrackPointExtension>
            <gpxtpx:hr>152</gpxtpx:hr>
          </gpxtpx:TrackPointExtension>
        </extensions>
      </trkpt>
      <trkpt lat="31.045135251186142" lon="121.53229805800376">
        <ele>6.659582572989166</ele>
        <time>1970-01-01T00:05:27Z</time>
        <extensions>
          <gpxtpx:TrackPointExtension>
            <gpxtpx:hr>152</gpxtpx:hr>
          </gpxtpx:TrackPointExtension>
        </extensions>
      </trkpt>
      <trkpt lat="31.04514542418934" lon="121.53227075501148">
        <ele>6.63982908334583</ele>
        <time>1970-01-01T00:05:28Z</time>
        <extensions>
          <gpxtpx:TrackPointExtension>
            <gpxtpx:hr>152</gpxtpx:hr>
          </gpxtpx:TrackPointExtension>
        </extensions>
      </trkpt>
      <trkpt lat="31.045151423575128" lon="121.53224137702675">
        <ele>6.617976556532085</ele>
        <time>1970-01-01T00:05:29Z</time>
        <extensions>
          <gpxtpx:TrackPointExtension>
            <gpxtpx:hr>152</gpxtpx:hr>
          </gpxtpx:TrackPointExtension>
        </extensions>
      </trkpt>
      <trkpt lat="31.045152753725873" lon="121.53220986532034">
        <ele>6.595302262343466</ele>
        <time>1970-01-01T00:05:30Z</time>
        <extensions>
          <gpxtpx:TrackPointExtension>
            <gpxtpx:hr>152</gpxtpx:hr>
          </gpxtpx:TrackPointExtension>
        </extensions>
      </trkpt>
      <trkpt lat="31.04514946225262" lon="121.53217731878415">
        <ele>6.5729526514187455</ele>
        <time>1970-01-01T00:05:31Z</time>
        <extensions>
          <gpxtpx:TrackPointExtension>
            <gpxtpx:hr>152</gpxtpx:hr>
          </gpxtpx:TrackPointExtension>
        </extensions>
      </trkpt>
      <trkpt lat="31.045142324881418" lon="121.53214351076774">
        <ele>6.551979910582304</ele>
        <time>1970-01-01T00:05:32Z</time>
        <extensions>
          <gpxtpx:TrackPointExtension>
            <gpxtpx:hr>152</gpxtpx:hr>
          </gpxtpx:TrackPointExtension>
        </extensions>
      </trkpt>
      <trkpt lat="31.04513181387201" lon="121.53211012433025">
        <ele>6.533188773319125</ele>
        <time>1970-01-01T00:05:33Z</time>
        <extensions>
          <gpxtpx:TrackPointExtension>
            <gpxtpx:hr>152</gpxtpx:hr>
          </gpxtpx:TrackPointExtension>
        </extensions>
      </trkpt>
      <trkpt lat="31.045118809473067" lon="121.5320790413456">
        <ele>6.517070949077606</ele>
        <time>1970-01-01T00:05:34Z</time>
        <extensions>
          <gpxtpx:TrackPointExtension>
            <gpxtpx:hr>152</gpxtpx:hr>
          </gpxtpx:TrackPointExtension>
        </extensions>
      </trkpt>
      <trkpt lat="31.04510418541205" lon="121.53205030740841">
        <ele>6.503831062465906</ele>
        <time>1970-01-01T00:05:35Z</time>
        <extensions>
          <gpxtpx:TrackPointExtension>
            <gpxtpx:hr>152</gpxtpx:hr>
          </gpxtpx:TrackPointExtension>
        </extensions>
      </trkpt>
      <trkpt lat="31.04508787573926" lon="121.53202382779997">
        <ele>6.493513925932348</ele>
        <time>1970-01-01T00:05:36Z</time>
        <extensions>
          <gpxtpx:TrackPointExtension>
            <gpxtpx:hr>152</gpxtpx:hr>
          </gpxtpx:TrackPointExtension>
        </extensions>
      </trkpt>
      <trkpt lat="31.045069298039625" lon="121.53199947235267">
        <ele>6.485954103991389</ele>
        <time>1970-01-01T00:05:37Z</time>
        <extensions>
          <gpxtpx:TrackPointExtension>
            <gpxtpx:hr>152</gpxtpx:hr>
          </gpxtpx:TrackPointExtension>
        </extensions>
      </trkpt>
      <trkpt lat="31.045048910305812" lon="121.53197794813833">
        <ele>6.480891420505941</ele>
        <time>1970-01-01T00:05:38Z</time>
        <extensions>
          <gpxtpx:TrackPointExtension>
            <gpxtpx:hr>152</gpxtpx:hr>
          </gpxtpx:TrackPointExtension>
        </extensions>
      </trkpt>
      <trkpt lat="31.045027220134095" lon="121.53195955460197">
        <ele>6.47786798980087</ele>
        <time>1970-01-01T00:05:39Z</time>
        <extensions>
          <gpxtpx:TrackPointExtension>
            <gpxtpx:hr>152</gpxtpx:hr>
          </gpxtpx:TrackPointExtension>
        </extensions>
      </trkpt>
      <trkpt lat="31.045004485329194" lon="121.53194367589052">
        <ele>6.476165627129376</ele>
        <time>1970-01-01T00:05:40Z</time>
        <extensions>
          <gpxtpx:TrackPointExtension>
            <gpxtpx:hr>152</gpxtpx:hr>
          </gpxtpx:TrackPointExtension>
        </extensions>
      </trkpt>
      <trkpt lat="31.044980880791808" lon="121.53193032328416">
        <ele>6.475029748864472</ele>
        <time>1970-01-01T00:05:41Z</time>
        <extensions>
          <gpxtpx:TrackPointExtension>
            <gpxtpx:hr>152</gpxtpx:hr>
          </gpxtpx:TrackPointExtension>
        </extensions>
      </trkpt>
      <trkpt lat="31.044956193167188" lon="121.53192023607171">
        <ele>6.47398947738111</ele>
        <time>1970-01-01T00:05:42Z</time>
        <extensions>
          <gpxtpx:TrackPointExtension>
            <gpxtpx:hr>152</gpxtpx:hr>
          </gpxtpx:TrackPointExtension>
        </extensions>
      </trkpt>
      <trkpt lat="31.04493147970288" lon="121.53191380042969">
        <ele>6.472612546756864</ele>
        <time>1970-01-01T00:05:43Z</time>
        <extensions>
          <gpxtpx:TrackPointExtension>
            <gpxtpx:hr>152</gpxtpx:hr>
          </gpxtpx:TrackPointExtension>
        </extensions>
      </trkpt>
      <trkpt lat="31.044907073650418" lon="121.53191096689889">
        <ele>6.47055162768811</ele>
        <time>1970-01-01T00:05:44Z</time>
        <extensions>
          <gpxtpx:TrackPointExtension>
            <gpxtpx:hr>152</gpxtpx:hr>
          </gpxtpx:TrackPointExtension>
        </extensions>
      </trkpt>
      <trkpt lat="31.044882183509902" lon="121.53191198372191">
        <ele>6.467681239359081</ele>
        <time>1970-01-01T00:05:45Z</time>
        <extensions>
          <gpxtpx:TrackPointExtension>
            <gpxtpx:hr>152</gpxtpx:hr>
          </gpxtpx:TrackPointExtension>
        </extensions>
      </trkpt>
      <trkpt lat="31.044856199191923" lon="121.53191642809622">
        <ele>6.463978017680347</ele>
        <time>1970-01-01T00:05:46Z</time>
        <extensions>
          <gpxtpx:TrackPointExtension>
            <gpxtpx:hr>152</gpxtpx:hr>
          </gpxtpx:TrackPointExtension>
        </extensions>
      </trkpt>
      <trkpt lat="31.04482862730599" lon="121.53192383507476">
        <ele>6.459685987792909</ele>
        <time>1970-01-01T00:05:47Z</time>
        <extensions>
          <gpxtpx:TrackPointExtension>
            <gpxtpx:hr>152</gpxtpx:hr>
          </gpxtpx:TrackPointExtension>
        </extensions>
      </trkpt>
      <trkpt lat="31.04480115057381" lon="121.53193381417522">
        <ele>6.455228049308062</ele>
        <time>1970-01-01T00:05:48Z</time>
        <extensions>
          <gpxtpx:TrackPointExtension>
            <gpxtpx:hr>152</gpxtpx:hr>
          </gpxtpx:TrackPointExtension>
        </extensions>
      </trkpt>
      <trkpt lat="31.04477549262275" lon="121.53194586153535">
        <ele>6.451197921298444</ele>
        <time>1970-01-01T00:05:49Z</time>
        <extensions>
          <gpxtpx:TrackPointExtension>
            <gpxtpx:hr>152</gpxtpx:hr>
          </gpxtpx:TrackPointExtension>
        </extensions>
      </trkpt>
      <trkpt lat="31.04475142533615" lon="121.53195908057744">
        <ele>6.448493937961757</ele>
        <time>1970-01-01T00:05:50Z</time>
        <extensions>
          <gpxtpx:TrackPointExtension>
            <gpxtpx:hr>152</gpxtpx:hr>
          </gpxtpx:TrackPointExtension>
        </extensions>
      </trkpt>
      <trkpt lat="31.04472788632443" lon="121.53197267298566">
        <ele>6.4480693666264415</ele>
        <time>1970-01-01T00:05:51Z</time>
        <extensions>
          <gpxtpx:TrackPointExtension>
            <gpxtpx:hr>152</gpxtpx:hr>
          </gpxtpx:TrackPointExtension>
        </extensions>
      </trkpt>
      <trkpt lat="31.044703934509247" lon="121.53198671736092">
        <ele>6.450521552935243</ele>
        <time>1970-01-01T00:05:52Z</time>
        <extensions>
          <gpxtpx:TrackPointExtension>
            <gpxtpx:hr>152</gpxtpx:hr>
          </gpxtpx:TrackPointExtension>
        </extensions>
      </trkpt>
      <trkpt lat="31.044680389991296" lon="121.53200067206187">
        <ele>6.456160637550056</ele>
        <time>1970-01-01T00:05:53Z</time>
        <extensions>
          <gpxtpx:TrackPointExtension>
            <gpxtpx:hr>152</gpxtpx:hr>
          </gpxtpx:TrackPointExtension>
        </extensions>
      </trkpt>
      <trkpt lat="31.044658225725456" lon="121.53201451422305">
        <ele>6.465142904780805</ele>
        <time>1970-01-01T00:05:54Z</time>
        <extensions>
          <gpxtpx:TrackPointExtension>
            <gpxtpx:hr>152</gpxtpx:hr>
          </gpxtpx:TrackPointExtension>
        </extensions>
      </trkpt>
      <trkpt lat="31.044637132666676" lon="121.5320287827255">
        <ele>6.477317756973207</ele>
        <time>1970-01-01T00:05:55Z</time>
        <extensions>
          <gpxtpx:TrackPointExtension>
            <gpxtpx:hr>152</gpxtpx:hr>
          </gpxtpx:TrackPointExtension>
        </extensions>
      </trkpt>
      <trkpt lat="31.04461583884151" lon="121.53204387549476">
        <ele>6.4923577811568975</ele>
        <time>1970-01-01T00:05:56Z</time>
        <extensions>
          <gpxtpx:TrackPointExtension>
            <gpxtpx:hr>152</gpxtpx:hr>
          </gpxtpx:TrackPointExtension>
        </extensions>
      </trkpt>
      <trkpt lat="31.044593762553202" lon="121.53206029360828">
        <ele>6.509661671705544</ele>
        <time>1970-01-01T00:05:57Z</time>
        <extensions>
          <gpxtpx:TrackPointExtension>
            <gpxtpx:hr>152</gpxtpx:hr>
          </gpxtpx:TrackPointExtension>
        </extensions>
      </trkpt>
      <trkpt lat="31.04457091506369" lon="121.53207669607113">
        <ele>6.528387892059982</ele>
        <time>1970-01-01T00:05:58Z</time>
        <extensions>
          <gpxtpx:TrackPointExtension>
            <gpxtpx:hr>152</gpxtpx:hr>
          </gpxtpx:TrackPointExtension>
        </extensions>
      </trkpt>
      <trkpt lat="31.04454731513485" lon="121.53209219731099">
        <ele>6.547570497728884</ele>
        <time>1970-01-01T00:05:59Z</time>
        <extensions>
          <gpxtpx:TrackPointExtension>
            <gpxtpx:hr>152</gpxtpx:hr>
          </gpxtpx:TrackPointExtension>
        </extensions>
      </trkpt>
      <trkpt lat="31.044523208013942" lon="121.53210651703736">
        <ele>6.566256113350391</ele>
        <time>1970-01-01T00:06:00Z</time>
        <extensions>
          <gpxtpx:TrackPointExtension>
            <gpxtpx:hr>153</gpxtpx:hr>
          </gpxtpx:TrackPointExtension>
        </extensions>
      </trkpt>
      <trkpt lat="31.044498584925247" lon="121.5321192677838">
        <ele>6.583476036787033</ele>
        <time>1970-01-01T00:06:01Z</time>
        <extensions>
          <gpxtpx:TrackPointExtension>
            <gpxtpx:hr>153</gpxtpx:hr>
          </gpxtpx:TrackPointExtension>
        </extensions>
      </trkpt>
      <trkpt lat="31.04447331812915" lon="121.53213148281867">
        <ele>6.598407835699618</ele>
        <time>1970-01-01T00:06:02Z</time>
        <extensions>
          <gpxtpx:TrackPointExtension>
            <gpxtpx:hr>153</gpxtpx:hr>
          </gpxtpx:TrackPointExtension>
        </extensions>
      </trkpt>
      <trkpt lat="31.04444801104984" lon="121.53214334727843">
        <ele>6.610484233126044</ele>
        <time>1970-01-01T00:06:03Z</time>
        <extensions>
          <gpxtpx:TrackPointExtension>
            <gpxtpx:hr>154</gpxtpx:hr>
          </gpxtpx:TrackPointExtension>
        </extensions>
      </trkpt>
      <trkpt lat="31.04442322871711" lon="121.53215507346341">
        <ele>6.6193600641563535</ele>
        <time>1970-01-01T00:06:04Z</time>
        <extensions>
          <gpxtpx:TrackPointExtension>
            <gpxtpx:hr>154</gpxtpx:hr>
          </gpxtpx:TrackPointExtension>
        </extensions>
      </trkpt>
      <trkpt lat="31.044399032647842" lon="121.53216761182739">
        <ele>6.62498776987195</ele>
        <time>1970-01-01T00:06:05Z</time>
        <extensions>
          <gpxtpx:TrackPointExtension>
            <gpxtpx:hr>154</gpxtpx:hr>
          </gpxtpx:TrackPointExtension>
        </extensions>
      </trkpt>
      <trkpt lat="31.0443749906035" lon="121.5321805375457">
        <ele>6.627527988515794</ele>
        <time>1970-01-01T00:06:06Z</time>
        <extensions>
          <gpxtpx:TrackPointExtension>
            <gpxtpx:hr>154</gpxtpx:hr>
          </gpxtpx:TrackPointExtension>
        </extensions>
      </trkpt>
      <trkpt lat="31.04435039308497" lon="121.53219269047645">
        <ele>6.627376100979745</ele>
        <time>1970-01-01T00:06:07Z</time>
        <extensions>
          <gpxtpx:TrackPointExtension>
            <gpxtpx:hr>155</gpxtpx:hr>
          </gpxtpx:TrackPointExtension>
        </extensions>
      </trkpt>
      <trkpt lat="31.04432617484828" lon="121.53220396336776">
        <ele>6.62518425565213</ele>
        <time>1970-01-01T00:06:08Z</time>
        <extensions>
          <gpxtpx:TrackPointExtension>
            <gpxtpx:hr>155</gpxtpx:hr>
          </gpxtpx:TrackPointExtension>
        </extensions>
      </trkpt>
      <trkpt lat="31.044303896322045" lon="121.53221583710179">
        <ele>6.621688270010054</ele>
        <time>1970-01-01T00:06:09Z</time>
        <extensions>
          <gpxtpx:TrackPointExtension>
            <gpxtpx:hr>155</gpxtpx:hr>
          </gpxtpx:TrackPointExtension>
        </extensions>
      </trkpt>
      <trkpt lat="31.04428398094001" lon="121.5322300491104">
        <ele>6.617484224028885</ele>
        <time>1970-01-01T00:06:10Z</time>
        <extensions>
          <gpxtpx:TrackPointExtension>
            <gpxtpx:hr>155</gpxtpx:hr>
          </gpxtpx:TrackPointExtension>
        </extensions>
      </trkpt>
      <trkpt lat="31.044266073442884" lon="121.5322471199199">
        <ele>6.613109818659723</ele>
        <time>1970-01-01T00:06:11Z</time>
        <extensions>
          <gpxtpx:TrackPointExtension>
            <gpxtpx:hr>155</gpxtpx:hr>
          </gpxtpx:TrackPointExtension>
        </extensions>
      </trkpt>
      <trkpt lat="31.044249086354682" lon="121.53226703074203">
        <ele>6.60895521286875</ele>
        <time>1970-01-01T00:06:12Z</time>
        <extensions>
          <gpxtpx:TrackPointExtension>
            <gpxtpx:hr>155</gpxtpx:hr>
          </gpxtpx:TrackPointExtension>
        </extensions>
      </trkpt>
      <trkpt lat="31.044232781894223" lon="121.5322891058184">
        <ele>6.605041353031993</ele>
        <time>1970-01-01T00:06:13Z</time>
        <extensions>
          <gpxtpx:TrackPointExtension>
            <gpxtpx:hr>155</gpxtpx:hr>
          </gpxtpx:TrackPointExtension>
        </extensions>
      </trkpt>
      <trkpt lat="31.04421815947331" lon="121.53231273462612">
        <ele>6.601294782012701</ele>
        <time>1970-01-01T00:06:14Z</time>
        <extensions>
          <gpxtpx:TrackPointExtension>
            <gpxtpx:hr>155</gpxtpx:hr>
          </gpxtpx:TrackPointExtension>
        </extensions>
      </trkpt>
      <trkpt lat="31.044205946552538" lon="121.53233842477923">
        <ele>6.5974841471761465</ele>
        <time>1970-01-01T00:06:15Z</time>
        <extensions>
          <gpxtpx:TrackPointExtension>
            <gpxtpx:hr>155</gpxtpx:hr>
          </gpxtpx:TrackPointExtension>
        </extensions>
      </trkpt>
      <trkpt lat="31.044196504915057" lon="121.53236528712942">
        <ele>6.5932445311918855</ele>
        <time>1970-01-01T00:06:16Z</time>
        <extensions>
          <gpxtpx:TrackPointExtension>
            <gpxtpx:hr>155</gpxtpx:hr>
          </gpxtpx:TrackPointExtension>
        </extensions>
      </trkpt>
      <trkpt lat="31.04418993615887" lon="121.53239230891963">
        <ele>6.588162505067885</ele>
        <time>1970-01-01T00:06:17Z</time>
        <extensions>
          <gpxtpx:TrackPointExtension>
            <gpxtpx:hr>156</gpxtpx:hr>
          </gpxtpx:TrackPointExtension>
        </extensions>
      </trkpt>
      <trkpt lat="31.044186285945564" lon="121.53241962412366">
        <ele>6.582113456912339</ele>
        <time>1970-01-01T00:06:18Z</time>
        <extensions>
          <gpxtpx:TrackPointExtension>
            <gpxtpx:hr>156</gpxtpx:hr>
          </gpxtpx:TrackPointExtension>
        </extensions>
      </trkpt>
      <trkpt lat="31.044185597391355" lon="121.53244780477436">
        <ele>6.574904696084559</ele>
        <time>1970-01-01T00:06:19Z</time>
        <extensions>
          <gpxtpx:TrackPointExtension>
            <gpxtpx:hr>156</gpxtpx:hr>
          </gpxtpx:TrackPointExtension>
        </extensions>
      </trkpt>
      <trkpt lat="31.044187479579293" lon="121.53247708783968">
        <ele>6.566235336475074</ele>
        <time>1970-01-01T00:06:20Z</time>
        <extensions>
          <gpxtpx:TrackPointExtension>
            <gpxtpx:hr>156</gpxtpx:hr>
          </gpxtpx:TrackPointExtension>
        </extensions>
      </trkpt>
      <trkpt lat="31.044191310999686" lon="121.53250617925893">
        <ele>6.555813851766288</ele>
        <time>1970-01-01T00:06:21Z</time>
        <extensions>
          <gpxtpx:TrackPointExtension>
            <gpxtpx:hr>156</gpxtpx:hr>
          </gpxtpx:TrackPointExtension>
        </extensions>
      </trkpt>
      <trkpt lat="31.044197043950543" lon="121.53253401790599">
        <ele>6.543496171012521</ele>
        <time>1970-01-01T00:06:22Z</time>
        <extensions>
          <gpxtpx:TrackPointExtension>
            <gpxtpx:hr>157</gpxtpx:hr>
          </gpxtpx:TrackPointExtension>
        </extensions>
      </trkpt>
      <trkpt lat="31.04420527798028" lon="121.53256081776185">
        <ele>6.52934917807579</ele>
        <time>1970-01-01T00:06:23Z</time>
        <extensions>
          <gpxtpx:TrackPointExtension>
            <gpxtpx:hr>157</gpxtpx:hr>
          </gpxtpx:TrackPointExtension>
        </extensions>
      </trkpt>
      <trkpt lat="31.04421639618358" lon="121.532586878223">
        <ele>6.513594806194305</ele>
        <time>1970-01-01T00:06:24Z</time>
        <extensions>
          <gpxtpx:TrackPointExtension>
            <gpxtpx:hr>157</gpxtpx:hr>
          </gpxtpx:TrackPointExtension>
        </extensions>
      </trkpt>
      <trkpt lat="31.044230115271567" lon="121.53261269947208">
        <ele>6.49658636469394</ele>
        <time>1970-01-01T00:06:25Z</time>
        <extensions>
          <gpxtpx:TrackPointExtension>
            <gpxtpx:hr>157</gpxtpx:hr>
          </gpxtpx:TrackPointExtension>
        </extensions>
      </trkpt>
      <trkpt lat="31.044246054435327" lon="121.53263767348376">
        <ele>6.478743971325457</ele>
        <time>1970-01-01T00:06:26Z</time>
        <extensions>
          <gpxtpx:TrackPointExtension>
            <gpxtpx:hr>157</gpxtpx:hr>
          </gpxtpx:TrackPointExtension>
        </extensions>
      </trkpt>
      <trkpt lat="31.044264244397375" lon="121.53266028988332">
        <ele>6.46046919003129</ele>
        <time>1970-01-01T00:06:27Z</time>
        <extensions>
          <gpxtpx:TrackPointExtension>
            <gpxtpx:hr>157</gpxtpx:hr>
          </gpxtpx:TrackPointExtension>
        </extensions>
      </trkpt>
      <trkpt lat="31.04428446146289" lon="121.5326801955043">
        <ele>6.44214485026896</ele>
        <time>1970-01-01T00:06:28Z</time>
        <extensions>
          <gpxtpx:TrackPointExtension>
            <gpxtpx:hr>157</gpxtpx:hr>
          </gpxtpx:TrackPointExtension>
        </extensions>
      </trkpt>
      <trkpt lat="31.044305615245847" lon="121.53269744129621">
        <ele>6.424044193699956</ele>
        <time>1970-01-01T00:06:29Z</time>
        <extensions>
          <gpxtpx:TrackPointExtension>
            <gpxtpx:hr>157</gpxtpx:hr>
          </gpxtpx:TrackPointExtension>
        </extensions>
      </trkpt>
      <trkpt lat="31.044327168768884" lon="121.53271145918505">
        <ele>6.40649270825088</ele>
        <time>1970-01-01T00:06:30Z</time>
        <extensions>
          <gpxtpx:TrackPointExtension>
            <gpxtpx:hr>157</gpxtpx:hr>
          </gpxtpx:TrackPointExtension>
        </extensions>
      </trkpt>
      <trkpt lat="31.044349920997902" lon="121.53272292815272">
        <ele>6.38997776247561</ele>
        <time>1970-01-01T00:06:31Z</time>
        <extensions>
          <gpxtpx:TrackPointExtension>
            <gpxtpx:hr>157</gpxtpx:hr>
          </gpxtpx:TrackPointExtension>
        </extensions>
      </trkpt>
      <trkpt lat="31.044374283382847" lon="121.53273262297019">
        <ele>6.374965102411807</ele>
        <time>1970-01-01T00:06:32Z</time>
        <extensions>
          <gpxtpx:TrackPointExtension>
            <gpxtpx:hr>157</gpxtpx:hr>
          </gpxtpx:TrackPointExtension>
        </extensions>
      </trkpt>
      <trkpt lat="31.04439956377312" lon="121.53273970765272">
        <ele>6.361970321275294</ele>
        <time>1970-01-01T00:06:33Z</time>
        <extensions>
          <gpxtpx:TrackPointExtension>
            <gpxtpx:hr>157</gpxtpx:hr>
          </gpxtpx:TrackPointExtension>
        </extensions>
      </trkpt>
      <trkpt lat="31.0444247575833" lon="121.5327435266367">
        <ele>6.351494164206088</ele>
        <time>1970-01-01T00:06:34Z</time>
        <extensions>
          <gpxtpx:TrackPointExtension>
            <gpxtpx:hr>157</gpxtpx:hr>
          </gpxtpx:TrackPointExtension>
        </extensions>
      </trkpt>
      <trkpt lat="31.04444952512183" lon="121.53274386988741">
        <ele>6.343977247364819</ele>
        <time>1970-01-01T00:06:35Z</time>
        <extensions>
          <gpxtpx:TrackPointExtension>
            <gpxtpx:hr>157</gpxtpx:hr>
          </gpxtpx:TrackPointExtension>
        </extensions>
      </trkpt>
      <trkpt lat="31.044473920765775" lon="121.53274132541031">
        <ele>6.339752520434558</ele>
        <time>1970-01-01T00:06:36Z</time>
        <extensions>
          <gpxtpx:TrackPointExtension>
            <gpxtpx:hr>157</gpxtpx:hr>
          </gpxtpx:TrackPointExtension>
        </extensions>
      </trkpt>
      <trkpt lat="31.04449808390252" lon="121.53273675459246">
        <ele>6.339104173704982</ele>
        <time>1970-01-01T00:06:37Z</time>
        <extensions>
          <gpxtpx:TrackPointExtension>
            <gpxtpx:hr>157</gpxtpx:hr>
          </gpxtpx:TrackPointExtension>
        </extensions>
      </trkpt>
      <trkpt lat="31.04452190952995" lon="121.5327300202461">
        <ele>6.341920379549265</ele>
        <time>1970-01-01T00:06:38Z</time>
        <extensions>
          <gpxtpx:TrackPointExtension>
            <gpxtpx:hr>157</gpxtpx:hr>
          </gpxtpx:TrackPointExtension>
        </extensions>
      </trkpt>
      <trkpt lat="31.044544651045772" lon="121.53272120298855">
        <ele>6.347904565744102</ele>
        <time>1970-01-01T00:06:39Z</time>
        <extensions>
          <gpxtpx:TrackPointExtension>
            <gpxtpx:hr>157</gpxtpx:hr>
          </gpxtpx:TrackPointExtension>
        </extensions>
      </trkpt>
      <trkpt lat="31.0445663043473" lon="121.53270957421988">
        <ele>6.356597951613367</ele>
        <time>1970-01-01T00:06:40Z</time>
        <extensions>
          <gpxtpx:TrackPointExtension>
            <gpxtpx:hr>157</gpxtpx:hr>
          </gpxtpx:TrackPointExtension>
        </extensions>
      </trkpt>
      <trkpt lat="31.044587761806696" lon="121.53269463389114">
        <ele>6.3672083001583815</ele>
        <time>1970-01-01T00:06:41Z</time>
        <extensions>
          <gpxtpx:TrackPointExtension>
            <gpxtpx:hr>157</gpxtpx:hr>
          </gpxtpx:TrackPointExtension>
        </extensions>
      </trkpt>
      <trkpt lat="31.044609985095196" lon="121.53267834078699">
        <ele>6.378817691467702</ele>
        <time>1970-01-01T00:06:42Z</time>
        <extensions>
          <gpxtpx:TrackPointExtension>
            <gpxtpx:hr>157</gpxtpx:hr>
          </gpxtpx:TrackPointExtension>
        </extensions>
      </trkpt>
      <trkpt lat="31.044632848257585" lon="121.5326625731482">
        <ele>6.390697557479143</ele>
        <time>1970-01-01T00:06:43Z</time>
        <extensions>
          <gpxtpx:TrackPointExtension>
            <gpxtpx:hr>158</gpxtpx:hr>
          </gpxtpx:TrackPointExtension>
        </extensions>
      </trkpt>
      <trkpt lat="31.04465609102603" lon="121.532647954675">
        <ele>6.402208153158426</ele>
        <time>1970-01-01T00:06:44Z</time>
        <extensions>
          <gpxtpx:TrackPointExtension>
            <gpxtpx:hr>158</gpxtpx:hr>
          </gpxtpx:TrackPointExtension>
        </extensions>
      </trkpt>
      <trkpt lat="31.04467946597463" lon="121.53263443089783">
        <ele>6.412709968164563</ele>
        <time>1970-01-01T00:06:45Z</time>
        <extensions>
          <gpxtpx:TrackPointExtension>
            <gpxtpx:hr>158</gpxtpx:hr>
          </gpxtpx:TrackPointExtension>
        </extensions>
      </trkpt>
      <trkpt lat="31.044702585797157" lon="121.53262095373019">
        <ele>6.421633687801659</ele>
        <time>1970-01-01T00:06:46Z</time>
        <extensions>
          <gpxtpx:TrackPointExtension>
            <gpxtpx:hr>158</gpxtpx:hr>
          </gpxtpx:TrackPointExtension>
        </extensions>
      </trkpt>
      <trkpt lat="31.04472552125259" lon="121.53260716066286">
        <ele>6.428552941419184</ele>
        <time>1970-01-01T00:06:47Z</time>
        <extensions>
          <gpxtpx:TrackPointExtension>
            <gpxtpx:hr>158</gpxtpx:hr>
          </gpxtpx:TrackPointExtension>
        </extensions>
      </trkpt>
      <trkpt lat="31.04474888709243" lon="121.53259363020065">
        <ele>6.433227286674082</ele>
        <time>1970-01-01T00:06:48Z</time>
        <extensions>
          <gpxtpx:TrackPointExtension>
            <gpxtpx:hr>158</gpxtpx:hr>
          </gpxtpx:TrackPointExtension>
        </extensions>
      </trkpt>
      <trkpt lat="31.04477237323516" lon="121.53258081134771">
        <ele>6.435639822855592</ele>
        <time>1970-01-01T00:06:49Z</time>
        <extensions>
          <gpxtpx:TrackPointExtension>
            <gpxtpx:hr>158</gpxtpx:hr>
          </gpxtpx:TrackPointExtension>
        </extensions>
      </trkpt>
      <trkpt lat="31.04479514274757" lon="121.53256836944627">
        <ele>6.43599545955658</ele>
        <time>1970-01-01T00:06:50Z</time>
        <extensions>
          <gpxtpx:TrackPointExtension>
            <gpxtpx:hr>158</gpxtpx:hr>
          </gpxtpx:TrackPointExtension>
        </extensions>
      </trkpt>
      <trkpt lat="31.044817867009666" lon="121.53255551894549">
        <ele>6.434722687117755</ele>
        <time>1970-01-01T00:06:51Z</time>
        <extensions>
          <gpxtpx:TrackPointExtension>
            <gpxtpx:hr>158</gpxtpx:hr>
          </gpxtpx:TrackPointExtension>
        </extensions>
      </trkpt>
      <trkpt lat="31.044840697047817" lon="121.5325422657702">
        <ele>6.432351194322109</ele>
        <time>1970-01-01T00:06:52Z</time>
        <extensions>
          <gpxtpx:TrackPointExtension>
            <gpxtpx:hr>158</gpxtpx:hr>
          </gpxtpx:TrackPointExtension>
        </extensions>
      </trkpt>
      <trkpt lat="31.0448635780773" lon="121.53252798541597">
        <ele>6.429451980628073</ele>
        <time>1970-01-01T00:06:53Z</time>
        <extensions>
          <gpxtpx:TrackPointExtension>
            <gpxtpx:hr>158</gpxtpx:hr>
          </gpxtpx:TrackPointExtension>
        </extensions>
      </trkpt>
      <trkpt lat="31.04488670261918" lon="121.53251166541243">
        <ele>6.426556414924562</ele>
        <time>1970-01-01T00:06:54Z</time>
        <extensions>
          <gpxtpx:TrackPointExtension>
            <gpxtpx:hr>158</gpxtpx:hr>
          </gpxtpx:TrackPointExtension>
        </extensions>
      </trkpt>
      <trkpt lat="31.044909791111607" lon="121.53249435217083">
        <ele>6.42408472020179</ele>
        <time>1970-01-01T00:06:55Z</time>
        <extensions>
          <gpxtpx:TrackPointExtension>
            <gpxtpx:hr>158</gpxtpx:hr>
          </gpxtpx:TrackPointExtension>
        </extensions>
      </trkpt>
      <trkpt lat="31.04493213903705" lon="121.53247761349337">
        <ele>6.422189404256642</ele>
        <time>1970-01-01T00:06:56Z</time>
        <extensions>
          <gpxtpx:TrackPointExtension>
            <gpxtpx:hr>159</gpxtpx:hr>
          </gpxtpx:TrackPointExtension>
        </extensions>
      </trkpt>
      <trkpt lat="31.044953963853068" lon="121.53246256339892">
        <ele>6.4209378976374865</ele>
        <time>1970-01-01T00:06:57Z</time>
        <extensions>
          <gpxtpx:TrackPointExtension>
            <gpxtpx:hr>159</gpxtpx:hr>
          </gpxtpx:TrackPointExtension>
        </extensions>
      </trkpt>
      <trkpt lat="31.044976206196864" lon="121.53244898287178">
        <ele>6.420199824497104</ele>
        <time>1970-01-01T00:06:58Z</time>
        <extensions>
          <gpxtpx:TrackPointExtension>
            <gpxtpx:hr>159</gpxtpx:hr>
          </gpxtpx:TrackPointExtension>
        </extensions>
      </trkpt>
      <trkpt lat="31.044998255690146" lon="121.53243515545218">
        <ele>6.419554207473993</ele>
        <time>1970-01-01T00:06:59Z</time>
        <extensions>
          <gpxtpx:TrackPointExtension>
            <gpxtpx:hr>159</gpxtpx:hr>
          </gpxtpx:TrackPointExtension>
        </extensions>
      </trkpt>
      <trkpt lat="31.045019186723835" lon="121.53242054157663">
        <ele>6.418548218905926</ele>
        <time>1970-01-01T00:07:00Z</time>
        <extensions>
          <gpxtpx:TrackPointExtension>
            <gpxtpx:hr>159</gpxtpx:hr>
          </gpxtpx:TrackPointExtension>
        </extensions>
      </trkpt>
      <trkpt lat="31.04503905957376" lon="121.5324042910485">
        <ele>6.41706661041826</ele>
        <time>1970-01-01T00:07:01Z</time>
        <extensions>
          <gpxtpx:TrackPointExtension>
            <gpxtpx:hr>159</gpxtpx:hr>
          </gpxtpx:TrackPointExtension>
        </extensions>
      </trkpt>
      <trkpt lat="31.045057726589988" lon="121.53238581670952">
        <ele>6.415021296590567</ele>
        <time>1970-01-01T00:07:02Z</time>
        <extensions>
          <gpxtpx:TrackPointExtension>
            <gpxtpx:hr>159</gpxtpx:hr>
          </gpxtpx:TrackPointExtension>
        </extensions>
      </trkpt>
      <trkpt lat="31.04507491764181" lon="121.53236548220468">
        <ele>6.412273468449712</ele>
        <time>1970-01-01T00:07:03Z</time>
        <extensions>
          <gpxtpx:TrackPointExtension>
            <gpxtpx:hr>158</gpxtpx:hr>
          </gpxtpx:TrackPointExtension>
        </extensions>
      </trkpt>
      <trkpt lat="31.045090425528457" lon="121.53234335279815">
        <ele>6.408627507276833</ele>
        <time>1970-01-01T00:07:04Z</time>
        <extensions>
          <gpxtpx:TrackPointExtension>
            <gpxtpx:hr>158</gpxtpx:hr>
          </gpxtpx:TrackPointExtension>
        </extensions>
      </trkpt>
      <trkpt lat="31.04510405710259" lon="121.53232028525082">
        <ele>6.403921145014465</ele>
        <time>1970-01-01T00:07:05Z</time>
        <extensions>
          <gpxtpx:TrackPointExtension>
            <gpxtpx:hr>158</gpxtpx:hr>
          </gpxtpx:TrackPointExtension>
        </extensions>
      </trkpt>
      <trkpt lat="31.045115643920532" lon="121.53229679316831">
        <ele>6.398017101921141</ele>
        <time>1970-01-01T00:07:06Z</time>
        <extensions>
          <gpxtpx:TrackPointExtension>
            <gpxtpx:hr>158</gpxtpx:hr>
          </gpxtpx:TrackPointExtension>
        </extensions>
      </trkpt>
      <trkpt lat="31.045124495525496" lon="121.53227249105325">
        <ele>6.390870556235313</ele>
        <time>1970-01-01T00:07:07Z</time>
        <extensions>
          <gpxtpx:TrackPointExtension>
            <gpxtpx:hr>158</gpxtpx:hr>
          </gpxtpx:TrackPointExtension>
        </extensions>
      </trkpt>
      <trkpt lat="31.04512993661522" lon="121.53224666758399">
        <ele>6.382558515295386</ele>
        <time>1970-01-01T00:07:08Z</time>
        <extensions>
          <gpxtpx:TrackPointExtension>
            <gpxtpx:hr>158</gpxtpx:hr>
          </gpxtpx:TrackPointExtension>
        </extensions>
      </trkpt>
      <trkpt lat="31.04513213326687" lon="121.53221899795724">
        <ele>6.373262697830796</ele>
        <time>1970-01-01T00:07:09Z</time>
        <extensions>
          <gpxtpx:TrackPointExtension>
            <gpxtpx:hr>158</gpxtpx:hr>
          </gpxtpx:TrackPointExtension>
        </extensions>
      </trkpt>
      <trkpt lat="31.045131396800087" lon="121.5321901483709">
        <ele>6.363241104409099</ele>
        <time>1970-01-01T00:07:10Z</time>
        <extensions>
          <gpxtpx:TrackPointExtension>
            <gpxtpx:hr>158</gpxtpx:hr>
          </gpxtpx:TrackPointExtension>
        </extensions>
      </trkpt>
      <trkpt lat="31.04512782799034" lon="121.53216056052723">
        <ele>6.352775001898408</ele>
        <time>1970-01-01T00:07:11Z</time>
        <extensions>
          <gpxtpx:TrackPointExtension>
            <gpxtpx:hr>158</gpxtpx:hr>
          </gpxtpx:TrackPointExtension>
        </extensions>
      </trkpt>
      <trkpt lat="31.04512137913075" lon="121.5321305448151">
        <ele>6.342083898372948</ele>
        <time>1970-01-01T00:07:12Z</time>
        <extensions>
          <gpxtpx:TrackPointExtension>
            <gpxtpx:hr>159</gpxtpx:hr>
          </gpxtpx:TrackPointExtension>
        </extensions>
      </trkpt>
      <trkpt lat="31.04511208185807" lon="121.5321015115765">
        <ele>6.331267414614558</ele>
        <time>1970-01-01T00:07:13Z</time>
        <extensions>
          <gpxtpx:TrackPointExtension>
            <gpxtpx:hr>159</gpxtpx:hr>
          </gpxtpx:TrackPointExtension>
        </extensions>
      </trkpt>
      <trkpt lat="31.045099734273357" lon="121.53207377380309">
        <ele>6.319927481003106</ele>
        <time>1970-01-01T00:07:14Z</time>
        <extensions>
          <gpxtpx:TrackPointExtension>
            <gpxtpx:hr>159</gpxtpx:hr>
          </gpxtpx:TrackPointExtension>
        </extensions>
      </trkpt>
      <trkpt lat="31.04508448375291" lon="121.53204798594447">
        <ele>6.307661738246679</ele>
        <time>1970-01-01T00:07:15Z</time>
        <extensions>
          <gpxtpx:TrackPointExtension>
            <gpxtpx:hr>159</gpxtpx:hr>
          </gpxtpx:TrackPointExtension>
        </extensions>
      </trkpt>
      <trkpt lat="31.045066757439095" lon="121.53202470260176">
        <ele>6.294202122837305</ele>
        <time>1970-01-01T00:07:16Z</time>
        <extensions>
          <gpxtpx:TrackPointExtension>
            <gpxtpx:hr>159</gpxtpx:hr>
          </gpxtpx:TrackPointExtension>
        </extensions>
      </trkpt>
      <trkpt lat="31.045046383573514" lon="121.5320037784338">
        <ele>6.2794109508395195</ele>
        <time>1970-01-01T00:07:17Z</time>
        <extensions>
          <gpxtpx:TrackPointExtension>
            <gpxtpx:hr>159</gpxtpx:hr>
          </gpxtpx:TrackPointExtension>
        </extensions>
      </trkpt>
      <trkpt lat="31.04502390389845" lon="121.53198557156772">
        <ele>6.26314820535481</ele>
        <time>1970-01-01T00:07:18Z</time>
        <extensions>
          <gpxtpx:TrackPointExtension>
            <gpxtpx:hr>159</gpxtpx:hr>
          </gpxtpx:TrackPointExtension>
        </extensions>
      </trkpt>
      <trkpt lat="31.045000151944638" lon="121.53196968163095">
        <ele>6.245365560986102</ele>
        <time>1970-01-01T00:07:19Z</time>
        <extensions>
          <gpxtpx:TrackPointExtension>
            <gpxtpx:hr>159</gpxtpx:hr>
          </gpxtpx:TrackPointExtension>
        </extensions>
      </trkpt>
      <trkpt lat="31.04497559631352" lon="121.53195607000762">
        <ele>6.226033354178071</ele>
        <time>1970-01-01T00:07:20Z</time>
        <extensions>
          <gpxtpx:TrackPointExtension>
            <gpxtpx:hr>159</gpxtpx:hr>
          </gpxtpx:TrackPointExtension>
        </extensions>
      </trkpt>
      <trkpt lat="31.04495070126687" lon="121.53194493933036">
        <ele>6.2051162254065275</ele>
        <time>1970-01-01T00:07:21Z</time>
        <extensions>
          <gpxtpx:TrackPointExtension>
            <gpxtpx:hr>160</gpxtpx:hr>
          </gpxtpx:TrackPointExtension>
        </extensions>
      </trkpt>
      <trkpt lat="31.044924935493174" lon="121.53193642819144">
        <ele>6.182576506398618</ele>
        <time>1970-01-01T00:07:22Z</time>
        <extensions>
          <gpxtpx:TrackPointExtension>
            <gpxtpx:hr>160</gpxtpx:hr>
          </gpxtpx:TrackPointExtension>
        </extensions>
      </trkpt>
      <trkpt lat="31.04489888834842" lon="121.53193153395854">
        <ele>6.158452259376645</ele>
        <time>1970-01-01T00:07:23Z</time>
        <extensions>
          <gpxtpx:TrackPointExtension>
            <gpxtpx:hr>160</gpxtpx:hr>
          </gpxtpx:TrackPointExtension>
        </extensions>
      </trkpt>
      <trkpt lat="31.044873226023952" lon="121.5319311211591">
        <ele>6.13307579793036</ele>
        <time>1970-01-01T00:07:24Z</time>
        <extensions>
          <gpxtpx:TrackPointExtension>
            <gpxtpx:hr>160</gpxtpx:hr>
          </gpxtpx:TrackPointExtension>
        </extensions>
      </trkpt>
      <trkpt lat="31.044848221705337" lon="121.53193531458422">
        <ele>6.106907818466425</ele>
        <time>1970-01-01T00:07:25Z</time>
        <extensions>
          <gpxtpx:TrackPointExtension>
            <gpxtpx:hr>160</gpxtpx:hr>
          </gpxtpx:TrackPointExtension>
        </extensions>
      </trkpt>
      <trkpt lat="31.044823653436904" lon="121.53194300223905">
        <ele>6.080524606630206</ele>
        <time>1970-01-01T00:07:26Z</time>
        <extensions>
          <gpxtpx:TrackPointExtension>
            <gpxtpx:hr>160</gpxtpx:hr>
          </gpxtpx:TrackPointExtension>
        </extensions>
      </trkpt>
      <trkpt lat="31.04479844225299" lon="121.53195279367807">
        <ele>6.054614952765405</ele>
        <time>1970-01-01T00:07:27Z</time>
        <extensions>
          <gpxtpx:TrackPointExtension>
            <gpxtpx:hr>160</gpxtpx:hr>
          </gpxtpx:TrackPointExtension>
        </extensions>
      </trkpt>
      <trkpt lat="31.044772484122866" lon="121.53196325614245">
        <ele>6.029799805954099</ele>
        <time>1970-01-01T00:07:28Z</time>
        <extensions>
          <gpxtpx:TrackPointExtension>
            <gpxtpx:hr>160</gpxtpx:hr>
          </gpxtpx:TrackPointExtension>
        </extensions>
      </trkpt>
      <trkpt lat="31.04474543418473" lon="121.53197328635162">
        <ele>6.006581275723875</ele>
        <time>1970-01-01T00:07:29Z</time>
        <extensions>
          <gpxtpx:TrackPointExtension>
            <gpxtpx:hr>160</gpxtpx:hr>
          </gpxtpx:TrackPointExtension>
        </extensions>
      </trkpt>
      <trkpt lat="31.044717031747677" lon="121.53198346363317">
        <ele>5.985381707549095</ele>
        <time>1970-01-01T00:07:30Z</time>
        <extensions>
          <gpxtpx:TrackPointExtension>
            <gpxtpx:hr>160</gpxtpx:hr>
          </gpxtpx:TrackPointExtension>
        </extensions>
      </trkpt>
      <trkpt lat="31.04468863496961" lon="121.53199454988801">
        <ele>5.966542785055935</ele>
        <time>1970-01-01T00:07:31Z</time>
        <extensions>
          <gpxtpx:TrackPointExtension>
            <gpxtpx:hr>160</gpxtpx:hr>
          </gpxtpx:TrackPointExtension>
        </extensions>
      </trkpt>
      <trkpt lat="31.044661113773543" lon="121.53200736931707">
        <ele>5.950276806019247</ele>
        <time>1970-01-01T00:07:32Z</time>
        <extensions>
          <gpxtpx:TrackPointExtension>
            <gpxtpx:hr>161</gpxtpx:hr>
          </gpxtpx:TrackPointExtension>
        </extensions>
      </trkpt>
      <trkpt lat="31.044634823147632" lon="121.53202142795251">
        <ele>5.936738032847643</ele>
        <time>1970-01-01T00:07:33Z</time>
        <extensions>
          <gpxtpx:TrackPointExtension>
            <gpxtpx:hr>161</gpxtpx:hr>
          </gpxtpx:TrackPointExtension>
        </extensions>
      </trkpt>
      <trkpt lat="31.044609081719962" lon="121.53203662333303">
        <ele>5.92601419147104</ele>
        <time>1970-01-01T00:07:34Z</time>
        <extensions>
          <gpxtpx:TrackPointExtension>
            <gpxtpx:hr>161</gpxtpx:hr>
          </gpxtpx:TrackPointExtension>
        </extensions>
      </trkpt>
      <trkpt lat="31.04458348313786" lon="121.5320523093029">
        <ele>5.918088914826512</ele>
        <time>1970-01-01T00:07:35Z</time>
        <extensions>
          <gpxtpx:TrackPointExtension>
            <gpxtpx:hr>161</gpxtpx:hr>
          </gpxtpx:TrackPointExtension>
        </extensions>
      </trkpt>
      <trkpt lat="31.044558636111855" lon="121.53206771762713">
        <ele>5.912818530574441</ele>
        <time>1970-01-01T00:07:36Z</time>
        <extensions>
          <gpxtpx:TrackPointExtension>
            <gpxtpx:hr>161</gpxtpx:hr>
          </gpxtpx:TrackPointExtension>
        </extensions>
      </trkpt>
      <trkpt lat="31.044534622117293" lon="121.53208401406447">
        <ele>5.909889522008598</ele>
        <time>1970-01-01T00:07:37Z</time>
        <extensions>
          <gpxtpx:TrackPointExtension>
            <gpxtpx:hr>161</gpxtpx:hr>
          </gpxtpx:TrackPointExtension>
        </extensions>
      </trkpt>
      <trkpt lat="31.04451078283808" lon="121.5321006450159">
        <ele>5.9089099345728755</ele>
        <time>1970-01-01T00:07:38Z</time>
        <extensions>
          <gpxtpx:TrackPointExtension>
            <gpxtpx:hr>161</gpxtpx:hr>
          </gpxtpx:TrackPointExtension>
        </extensions>
      </trkpt>
      <trkpt lat="31.044487430840586" lon="121.53211646600643">
        <ele>5.909424923360348</ele>
        <time>1970-01-01T00:07:39Z</time>
        <extensions>
          <gpxtpx:TrackPointExtension>
            <gpxtpx:hr>161</gpxtpx:hr>
          </gpxtpx:TrackPointExtension>
        </extensions>
      </trkpt>
      <trkpt lat="31.044465085759615" lon="121.5321318792951">
        <ele>5.9109653467312455</ele>
        <time>1970-01-01T00:07:40Z</time>
        <extensions>
          <gpxtpx:TrackPointExtension>
            <gpxtpx:hr>161</gpxtpx:hr>
          </gpxtpx:TrackPointExtension>
        </extensions>
      </trkpt>
      <trkpt lat="31.044443128103108" lon="121.53214822307568">
        <ele>5.913098296150565</ele>
        <time>1970-01-01T00:07:41Z</time>
        <extensions>
          <gpxtpx:TrackPointExtension>
            <gpxtpx:hr>161</gpxtpx:hr>
          </gpxtpx:TrackPointExtension>
        </extensions>
      </trkpt>
      <trkpt lat="31.04442059968761" lon="121.53216593221649">
        <ele>5.9156603859737515</ele>
        <time>1970-01-01T00:07:42Z</time>
        <extensions>
          <gpxtpx:TrackPointExtension>
            <gpxtpx:hr>161</gpxtpx:hr>
          </gpxtpx:TrackPointExtension>
        </extensions>
      </trkpt>
      <trkpt lat="31.044396690564717" lon="121.53218423428699">
        <ele>5.918534976430237</ele>
        <time>1970-01-01T00:07:43Z</time>
        <extensions>
          <gpxtpx:TrackPointExtension>
            <gpxtpx:hr>161</gpxtpx:hr>
          </gpxtpx:TrackPointExtension>
        </extensions>
      </trkpt>
      <trkpt lat="31.044371661913218" lon="121.53220273582788">
        <ele>5.921211926266551</ele>
        <time>1970-01-01T00:07:44Z</time>
        <extensions>
          <gpxtpx:TrackPointExtension>
            <gpxtpx:hr>161</gpxtpx:hr>
          </gpxtpx:TrackPointExtension>
        </extensions>
      </trkpt>
      <trkpt lat="31.044346889639055" lon="121.53222115275845">
        <ele>5.9227596540004015</ele>
        <time>1970-01-01T00:07:45Z</time>
        <extensions>
          <gpxtpx:TrackPointExtension>
            <gpxtpx:hr>161</gpxtpx:hr>
          </gpxtpx:TrackPointExtension>
        </extensions>
      </trkpt>
      <trkpt lat="31.044323276573937" lon="121.53223944350138">
        <ele>5.922322003170848</ele>
        <time>1970-01-01T00:07:46Z</time>
        <extensions>
          <gpxtpx:TrackPointExtension>
            <gpxtpx:hr>161</gpxtpx:hr>
          </gpxtpx:TrackPointExtension>
        </extensions>
      </trkpt>
      <trkpt lat="31.044301291933294" lon="121.53225800956376">
        <ele>5.920106956735253</ele>
        <time>1970-01-01T00:07:47Z</time>
        <extensions>
          <gpxtpx:TrackPointExtension>
            <gpxtpx:hr>161</gpxtpx:hr>
          </gpxtpx:TrackPointExtension>
        </extensions>
      </trkpt>
      <trkpt lat="31.04428095839039" lon="121.5322773412834">
        <ele>5.916385310702026</ele>
        <time>1970-01-01T00:07:48Z</time>
        <extensions>
          <gpxtpx:TrackPointExtension>
            <gpxtpx:hr>161</gpxtpx:hr>
          </gpxtpx:TrackPointExtension>
        </extensions>
      </trkpt>
      <trkpt lat="31.044261420161938" lon="121.53229723261096">
        <ele>5.911644053645432</ele>
        <time>1970-01-01T00:07:49Z</time>
        <extensions>
          <gpxtpx:TrackPointExtension>
            <gpxtpx:hr>161</gpxtpx:hr>
          </gpxtpx:TrackPointExtension>
        </extensions>
      </trkpt>
      <trkpt lat="31.044242220023083" lon="121.53231713327057">
        <ele>5.906697696074843</ele>
        <time>1970-01-01T00:07:50Z</time>
        <extensions>
          <gpxtpx:TrackPointExtension>
            <gpxtpx:hr>161</gpxtpx:hr>
          </gpxtpx:TrackPointExtension>
        </extensions>
      </trkpt>
      <trkpt lat="31.044223662965315" lon="121.53233802908447">
        <ele>5.902389030903578</ele>
        <time>1970-01-01T00:07:51Z</time>
        <extensions>
          <gpxtpx:TrackPointExtension>
            <gpxtpx:hr>160</gpxtpx:hr>
          </gpxtpx:TrackPointExtension>
        </extensions>
      </trkpt>
      <trkpt lat="31.044206455792533" lon="121.53236071175029">
        <ele>5.8997587617486715</ele>
        <time>1970-01-01T00:07:52Z</time>
        <extensions>
          <gpxtpx:TrackPointExtension>
            <gpxtpx:hr>160</gpxtpx:hr>
          </gpxtpx:TrackPointExtension>
        </extensions>
      </trkpt>
      <trkpt lat="31.044191430205114" lon="121.53238566120686">
        <ele>5.899932486005127</ele>
        <time>1970-01-01T00:07:53Z</time>
        <extensions>
          <gpxtpx:TrackPointExtension>
            <gpxtpx:hr>160</gpxtpx:hr>
          </gpxtpx:TrackPointExtension>
        </extensions>
      </trkpt>
      <trkpt lat="31.04417968997992" lon="121.53241324623913">
        <ele>5.903874143958092</ele>
        <time>1970-01-01T00:07:54Z</time>
        <extensions>
          <gpxtpx:TrackPointExtension>
            <gpxtpx:hr>160</gpxtpx:hr>
          </gpxtpx:TrackPointExtension>
        </extensions>
      </trkpt>
      <trkpt lat="31.044172508062204" lon="121.53244265468481">
        <ele>5.912000975571573</ele>
        <time>1970-01-01T00:07:55Z</time>
        <extensions>
          <gpxtpx:TrackPointExtension>
            <gpxtpx:hr>160</gpxtpx:hr>
          </gpxtpx:TrackPointExtension>
        </extensions>
      </trkpt>
      <trkpt lat="31.044170826665315" lon="121.53247261097049">
        <ele>5.924809935502708</ele>
        <time>1970-01-01T00:07:56Z</time>
        <extensions>
          <gpxtpx:TrackPointExtension>
            <gpxtpx:hr>159</gpxtpx:hr>
          </gpxtpx:TrackPointExtension>
        </extensions>
      </trkpt>
      <trkpt lat="31.044173560192373" lon="121.53250200550596">
        <ele>5.942453888244927</ele>
        <time>1970-01-01T00:07:57Z</time>
        <extensions>
          <gpxtpx:TrackPointExtension>
            <gpxtpx:hr>159</gpxtpx:hr>
          </gpxtpx:TrackPointExtension>
        </extensions>
      </trkpt>
      <trkpt lat="31.044178917917577" lon="121.53253051871043">
        <ele>5.964673855341971</ele>
        <time>1970-01-01T00:07:58Z</time>
        <extensions>
          <gpxtpx:TrackPointExtension>
            <gpxtpx:hr>159</gpxtpx:hr>
          </gpxtpx:TrackPointExtension>
        </extensions>
      </trkpt>
      <trkpt lat="31.044186534227876" lon="121.53255817704732">
        <ele>5.990805320441723</ele>
        <time>1970-01-01T00:07:59Z</time>
        <extensions>
          <gpxtpx:TrackPointExtension>
            <gpxtpx:hr>159</gpxtpx:hr>
          </gpxtpx:TrackPointExtension>
        </extensions>
      </trkpt>
      <trkpt lat="31.044196208530646" lon="121.53258529527827">
        <ele>6.019817871041596</ele>
        <time>1970-01-01T00:08:00Z</time>
        <extensions>
          <gpxtpx:TrackPointExtension>
            <gpxtpx:hr>159</gpxtpx:hr>
          </gpxtpx:TrackPointExtension>
        </extensions>
      </trkpt>
      <trkpt lat="31.04420805820211" lon="121.53261177610504">
        <ele>6.050369432196021</ele>
        <time>1970-01-01T00:08:01Z</time>
        <extensions>
          <gpxtpx:TrackPointExtension>
            <gpxtpx:hr>159</gpxtpx:hr>
          </gpxtpx:TrackPointExtension>
        </extensions>
      </trkpt>
      <trkpt lat="31.044221832373573" lon="121.53263683253115">
        <ele>6.081213358789682</ele>
        <time>1970-01-01T00:08:02Z</time>
        <extensions>
          <gpxtpx:TrackPointExtension>
            <gpxtpx:hr>159</gpxtpx:hr>
          </gpxtpx:TrackPointExtension>
        </extensions>
      </trkpt>
      <trkpt lat="31.044237445520228" lon="121.53266007257531">
        <ele>6.111207603476942</ele>
        <time>1970-01-01T00:08:03Z</time>
        <extensions>
          <gpxtpx:TrackPointExtension>
            <gpxtpx:hr>160</gpxtpx:hr>
          </gpxtpx:TrackPointExtension>
        </extensions>
      </trkpt>
      <trkpt lat="31.044255300943647" lon="121.53268071629674">
        <ele>6.1393344001844525</ele>
        <time>1970-01-01T00:08:04Z</time>
        <extensions>
          <gpxtpx:TrackPointExtension>
            <gpxtpx:hr>160</gpxtpx:hr>
          </gpxtpx:TrackPointExtension>
        </extensions>
      </trkpt>
      <trkpt lat="31.044275236960637" lon="121.53269790211213">
        <ele>6.164941847324371</ele>
        <time>1970-01-01T00:08:05Z</time>
        <extensions>
          <gpxtpx:TrackPointExtension>
            <gpxtpx:hr>160</gpxtpx:hr>
          </gpxtpx:TrackPointExtension>
        </extensions>
      </trkpt>
      <trkpt lat="31.044297188483505" lon="121.53271092368855">
        <ele>6.187764975242317</ele>
        <time>1970-01-01T00:08:06Z</time>
        <extensions>
          <gpxtpx:TrackPointExtension>
            <gpxtpx:hr>160</gpxtpx:hr>
          </gpxtpx:TrackPointExtension>
        </extensions>
      </trkpt>
      <trkpt lat="31.04432092229642" lon="121.53271971504185">
        <ele>6.208172018639743</ele>
        <time>1970-01-01T00:08:07Z</time>
        <extensions>
          <gpxtpx:TrackPointExtension>
            <gpxtpx:hr>160</gpxtpx:hr>
          </gpxtpx:TrackPointExtension>
        </extensions>
      </trkpt>
      <trkpt lat="31.04434624905986" lon="121.53272532409717">
        <ele>6.227048900909722</ele>
        <time>1970-01-01T00:08:08Z</time>
        <extensions>
          <gpxtpx:TrackPointExtension>
            <gpxtpx:hr>160</gpxtpx:hr>
          </gpxtpx:TrackPointExtension>
        </extensions>
      </trkpt>
      <trkpt lat="31.044373094422486" lon="121.5327290196486">
        <ele>6.245491138659418</ele>
        <time>1970-01-01T00:08:09Z</time>
        <extensions>
          <gpxtpx:TrackPointExtension>
            <gpxtpx:hr>160</gpxtpx:hr>
          </gpxtpx:TrackPointExtension>
        </extensions>
      </trkpt>
      <trkpt lat="31.044400748483135" lon="121.53273156116178">
        <ele>6.264513957314193</ele>
        <time>1970-01-01T00:08:09Z</time>
        <extensions>
          <gpxtpx:TrackPointExtension>
            <gpxtpx:hr>160</gpxtpx:hr>
          </gpxtpx:TrackPointExtension>
        </extensions>
      </trkpt>
      <trkpt lat="31.04442886311749" lon="121.53273238485899">
        <ele>6.285146875306964</ele>
        <time>1970-01-01T00:08:10Z</time>
        <extensions>
          <gpxtpx:TrackPointExtension>
            <gpxtpx:hr>160</gpxtpx:hr>
          </gpxtpx:TrackPointExtension>
        </extensions>
      </trkpt>
      <trkpt lat="31.044457200202096" lon="121.5327313566842">
        <ele>6.307581498287618</ele>
        <time>1970-01-01T00:08:11Z</time>
        <extensions>
          <gpxtpx:TrackPointExtension>
            <gpxtpx:hr>160</gpxtpx:hr>
          </gpxtpx:TrackPointExtension>
        </extensions>
      </trkpt>
      <trkpt lat="31.044484937736208" lon="121.53272911378865">
        <ele>6.330854723230004</ele>
        <time>1970-01-01T00:08:12Z</time>
        <extensions>
          <gpxtpx:TrackPointExtension>
            <gpxtpx:hr>160</gpxtpx:hr>
          </gpxtpx:TrackPointExtension>
        </extensions>
      </trkpt>
      <trkpt lat="31.04451126485042" lon="121.53272496465294">
        <ele>6.353851585648954</ele>
        <time>1970-01-01T00:08:13Z</time>
        <extensions>
          <gpxtpx:TrackPointExtension>
            <gpxtpx:hr>160</gpxtpx:hr>
          </gpxtpx:TrackPointExtension>
        </extensions>
      </trkpt>
      <trkpt lat="31.044535865495707" lon="121.53271860493443">
        <ele>6.376163491047919</ele>
        <time>1970-01-01T00:08:14Z</time>
        <extensions>
          <gpxtpx:TrackPointExtension>
            <gpxtpx:hr>160</gpxtpx:hr>
          </gpxtpx:TrackPointExtension>
        </extensions>
      </trkpt>
      <trkpt lat="31.044559889148633" lon="121.53270984592668">
        <ele>6.3972224071621895</ele>
        <time>1970-01-01T00:08:15Z</time>
        <extensions>
          <gpxtpx:TrackPointExtension>
            <gpxtpx:hr>160</gpxtpx:hr>
          </gpxtpx:TrackPointExtension>
        </extensions>
      </trkpt>
      <trkpt lat="31.044584460935525" lon="121.53269858597835">
        <ele>6.4161030584946275</ele>
        <time>1970-01-01T00:08:16Z</time>
        <extensions>
          <gpxtpx:TrackPointExtension>
            <gpxtpx:hr>160</gpxtpx:hr>
          </gpxtpx:TrackPointExtension>
        </extensions>
      </trkpt>
      <trkpt lat="31.044609372492573" lon="121.53268594826214">
        <ele>6.431441059336066</ele>
        <time>1970-01-01T00:08:17Z</time>
        <extensions>
          <gpxtpx:TrackPointExtension>
            <gpxtpx:hr>160</gpxtpx:hr>
          </gpxtpx:TrackPointExtension>
        </extensions>
      </trkpt>
      <trkpt lat="31.044634138229473" lon="121.53267226491207">
        <ele>6.441824920475483</ele>
        <time>1970-01-01T00:08:18Z</time>
        <extensions>
          <gpxtpx:TrackPointExtension>
            <gpxtpx:hr>160</gpxtpx:hr>
          </gpxtpx:TrackPointExtension>
        </extensions>
      </trkpt>
      <trkpt lat="31.04465862224904" lon="121.53265801667533">
        <ele>6.446471084840596</ele>
        <time>1970-01-01T00:08:19Z</time>
        <extensions>
          <gpxtpx:TrackPointExtension>
            <gpxtpx:hr>160</gpxtpx:hr>
          </gpxtpx:TrackPointExtension>
        </extensions>
      </trkpt>
      <trkpt lat="31.044683004939714" lon="121.53264368087117">
        <ele>6.444977469742298</ele>
        <time>1970-01-01T00:08:20Z</time>
        <extensions>
          <gpxtpx:TrackPointExtension>
            <gpxtpx:hr>160</gpxtpx:hr>
          </gpxtpx:TrackPointExtension>
        </extensions>
      </trkpt>
      <trkpt lat="31.044707135387725" lon="121.5326288706538">
        <ele>6.437398471869528</ele>
        <time>1970-01-01T00:08:21Z</time>
        <extensions>
          <gpxtpx:TrackPointExtension>
            <gpxtpx:hr>160</gpxtpx:hr>
          </gpxtpx:TrackPointExtension>
        </extensions>
      </trkpt>
      <trkpt lat="31.044730750144115" lon="121.53261319104458">
        <ele>6.424445640295744</ele>
        <time>1970-01-01T00:08:22Z</time>
        <extensions>
          <gpxtpx:TrackPointExtension>
            <gpxtpx:hr>160</gpxtpx:hr>
          </gpxtpx:TrackPointExtension>
        </extensions>
      </trkpt>
      <trkpt lat="31.044754136199554" lon="121.5325959259166">
        <ele>6.407308553345501</ele>
        <time>1970-01-01T00:08:23Z</time>
        <extensions>
          <gpxtpx:TrackPointExtension>
            <gpxtpx:hr>160</gpxtpx:hr>
          </gpxtpx:TrackPointExtension>
        </extensions>
      </trkpt>
      <trkpt lat="31.04477743554923" lon="121.53257820660444">
        <ele>6.387187588959932</ele>
        <time>1970-01-01T00:08:24Z</time>
        <extensions>
          <gpxtpx:TrackPointExtension>
            <gpxtpx:hr>160</gpxtpx:hr>
          </gpxtpx:TrackPointExtension>
        </extensions>
      </trkpt>
      <trkpt lat="31.044800245056585" lon="121.53256138140678">
        <ele>6.365198625251651</ele>
        <time>1970-01-01T00:08:25Z</time>
        <extensions>
          <gpxtpx:TrackPointExtension>
            <gpxtpx:hr>160</gpxtpx:hr>
          </gpxtpx:TrackPointExtension>
        </extensions>
      </trkpt>
      <trkpt lat="31.044822311523724" lon="121.53254475261429">
        <ele>6.342432553879917</ele>
        <time>1970-01-01T00:08:26Z</time>
        <extensions>
          <gpxtpx:TrackPointExtension>
            <gpxtpx:hr>160</gpxtpx:hr>
          </gpxtpx:TrackPointExtension>
        </extensions>
      </trkpt>
      <trkpt lat="31.044843925989717" lon="121.53252824152693">
        <ele>6.320182946510613</ele>
        <time>1970-01-01T00:08:27Z</time>
        <extensions>
          <gpxtpx:TrackPointExtension>
            <gpxtpx:hr>160</gpxtpx:hr>
          </gpxtpx:TrackPointExtension>
        </extensions>
      </trkpt>
      <trkpt lat="31.04486597207008" lon="121.53251192771316">
        <ele>6.299604916013777</ele>
        <time>1970-01-01T00:08:28Z</time>
        <extensions>
          <gpxtpx:TrackPointExtension>
            <gpxtpx:hr>160</gpxtpx:hr>
          </gpxtpx:TrackPointExtension>
        </extensions>
      </trkpt>
      <trkpt lat="31.044888893994713" lon="121.53249605089032">
        <ele>6.2818708615377545</ele>
        <time>1970-01-01T00:08:29Z</time>
        <extensions>
          <gpxtpx:TrackPointExtension>
            <gpxtpx:hr>160</gpxtpx:hr>
          </gpxtpx:TrackPointExtension>
        </extensions>
      </trkpt>
      <trkpt lat="31.044912829893786" lon="121.53248097178088">
        <ele>6.268014463596046</ele>
        <time>1970-01-01T00:08:30Z</time>
        <extensions>
          <gpxtpx:TrackPointExtension>
            <gpxtpx:hr>160</gpxtpx:hr>
          </gpxtpx:TrackPointExtension>
        </extensions>
      </trkpt>
      <trkpt lat="31.044937563241504" lon="121.53246695313372">
        <ele>6.2587707275524735</ele>
        <time>1970-01-01T00:08:31Z</time>
        <extensions>
          <gpxtpx:TrackPointExtension>
            <gpxtpx:hr>160</gpxtpx:hr>
          </gpxtpx:TrackPointExtension>
        </extensions>
      </trkpt>
      <trkpt lat="31.044962270441395" lon="121.5324544113651">
        <ele>6.254424246028066</ele>
        <time>1970-01-01T00:08:32Z</time>
        <extensions>
          <gpxtpx:TrackPointExtension>
            <gpxtpx:hr>160</gpxtpx:hr>
          </gpxtpx:TrackPointExtension>
        </extensions>
      </trkpt>
      <trkpt lat="31.044986774873344" lon="121.53244210744337">
        <ele>6.255115893669426</ele>
        <time>1970-01-01T00:08:33Z</time>
        <extensions>
          <gpxtpx:TrackPointExtension>
            <gpxtpx:hr>160</gpxtpx:hr>
          </gpxtpx:TrackPointExtension>
        </extensions>
      </trkpt>
      <trkpt lat="31.04501069245538" lon="121.53242864809485">
        <ele>6.260462393052876</ele>
        <time>1970-01-01T00:08:34Z</time>
        <extensions>
          <gpxtpx:TrackPointExtension>
            <gpxtpx:hr>160</gpxtpx:hr>
          </gpxtpx:TrackPointExtension>
        </extensions>
      </trkpt>
      <trkpt lat="31.045033525957024" lon="121.53241321671197">
        <ele>6.269612414762378</ele>
        <time>1970-01-01T00:08:35Z</time>
        <extensions>
          <gpxtpx:TrackPointExtension>
            <gpxtpx:hr>160</gpxtpx:hr>
          </gpxtpx:TrackPointExtension>
        </extensions>
      </trkpt>
      <trkpt lat="31.04505506504733" lon="121.53239513892024">
        <ele>6.281692679040134</ele>
        <time>1970-01-01T00:08:36Z</time>
        <extensions>
          <gpxtpx:TrackPointExtension>
            <gpxtpx:hr>160</gpxtpx:hr>
          </gpxtpx:TrackPointExtension>
        </extensions>
      </trkpt>
      <trkpt lat="31.045074989529635" lon="121.53237437747015">
        <ele>6.295644625090063</ele>
        <time>1970-01-01T00:08:37Z</time>
        <extensions>
          <gpxtpx:TrackPointExtension>
            <gpxtpx:hr>161</gpxtpx:hr>
          </gpxtpx:TrackPointExtension>
        </extensions>
      </trkpt>
      <trkpt lat="31.045093323347313" lon="121.53235112599165">
        <ele>6.3102685157209635</ele>
        <time>1970-01-01T00:08:38Z</time>
        <extensions>
          <gpxtpx:TrackPointExtension>
            <gpxtpx:hr>161</gpxtpx:hr>
          </gpxtpx:TrackPointExtension>
        </extensions>
      </trkpt>
      <trkpt lat="31.045110033756263" lon="121.53232647394917">
        <ele>6.324329647235572</ele>
        <time>1970-01-01T00:08:39Z</time>
        <extensions>
          <gpxtpx:TrackPointExtension>
            <gpxtpx:hr>161</gpxtpx:hr>
          </gpxtpx:TrackPointExtension>
        </extensions>
      </trkpt>
      <trkpt lat="31.045124161698034" lon="121.53230022457187">
        <ele>6.336643374525011</ele>
        <time>1970-01-01T00:08:40Z</time>
        <extensions>
          <gpxtpx:TrackPointExtension>
            <gpxtpx:hr>161</gpxtpx:hr>
          </gpxtpx:TrackPointExtension>
        </extensions>
      </trkpt>
      <trkpt lat="31.04513438051124" lon="121.5322715752086">
        <ele>6.345984480343759</ele>
        <time>1970-01-01T00:08:41Z</time>
        <extensions>
          <gpxtpx:TrackPointExtension>
            <gpxtpx:hr>161</gpxtpx:hr>
          </gpxtpx:TrackPointExtension>
        </extensions>
      </trkpt>
      <trkpt lat="31.045139967406133" lon="121.53224107093497">
        <ele>6.351163009181619</ele>
        <time>1970-01-01T00:08:42Z</time>
        <extensions>
          <gpxtpx:TrackPointExtension>
            <gpxtpx:hr>161</gpxtpx:hr>
          </gpxtpx:TrackPointExtension>
        </extensions>
      </trkpt>
      <trkpt lat="31.045140315357905" lon="121.53220908998466">
        <ele>6.351197716780007</ele>
        <time>1970-01-01T00:08:43Z</time>
        <extensions>
          <gpxtpx:TrackPointExtension>
            <gpxtpx:hr>161</gpxtpx:hr>
          </gpxtpx:TrackPointExtension>
        </extensions>
      </trkpt>
      <trkpt lat="31.045135652470833" lon="121.5321763139114">
        <ele>6.345514162443578</ele>
        <time>1970-01-01T00:08:44Z</time>
        <extensions>
          <gpxtpx:TrackPointExtension>
            <gpxtpx:hr>161</gpxtpx:hr>
          </gpxtpx:TrackPointExtension>
        </extensions>
      </trkpt>
      <trkpt lat="31.04512706996275" lon="121.53214347718226">
        <ele>6.334132116287947</ele>
        <time>1970-01-01T00:08:45Z</time>
        <extensions>
          <gpxtpx:TrackPointExtension>
            <gpxtpx:hr>161</gpxtpx:hr>
          </gpxtpx:TrackPointExtension>
        </extensions>
      </trkpt>
      <trkpt lat="31.045115809018544" lon="121.53211179328635">
        <ele>6.31744147092104</ele>
        <time>1970-01-01T00:08:46Z</time>
        <extensions>
          <gpxtpx:TrackPointExtension>
            <gpxtpx:hr>161</gpxtpx:hr>
          </gpxtpx:TrackPointExtension>
        </extensions>
      </trkpt>
      <trkpt lat="31.04510273789519" lon="121.53208268627606">
        <ele>6.296007800847292</ele>
        <time>1970-01-01T00:08:47Z</time>
        <extensions>
          <gpxtpx:TrackPointExtension>
            <gpxtpx:hr>161</gpxtpx:hr>
          </gpxtpx:TrackPointExtension>
        </extensions>
      </trkpt>
      <trkpt lat="31.0450876660483" lon="121.53205658796921">
        <ele>6.270554411225021</ele>
        <time>1970-01-01T00:08:48Z</time>
        <extensions>
          <gpxtpx:TrackPointExtension>
            <gpxtpx:hr>161</gpxtpx:hr>
          </gpxtpx:TrackPointExtension>
        </extensions>
      </trkpt>
      <trkpt lat="31.04507064322996" lon="121.5320323733828">
        <ele>6.241892353631556</ele>
        <time>1970-01-01T00:08:49Z</time>
        <extensions>
          <gpxtpx:TrackPointExtension>
            <gpxtpx:hr>161</gpxtpx:hr>
          </gpxtpx:TrackPointExtension>
        </extensions>
      </trkpt>
      <trkpt lat="31.045052282017195" lon="121.53200864061623">
        <ele>6.210819123312831</ele>
        <time>1970-01-01T00:08:50Z</time>
        <extensions>
          <gpxtpx:TrackPointExtension>
            <gpxtpx:hr>161</gpxtpx:hr>
          </gpxtpx:TrackPointExtension>
        </extensions>
      </trkpt>
      <trkpt lat="31.045033534061197" lon="121.5319856954348">
        <ele>6.178063648752868</ele>
        <time>1970-01-01T00:08:51Z</time>
        <extensions>
          <gpxtpx:TrackPointExtension>
            <gpxtpx:hr>161</gpxtpx:hr>
          </gpxtpx:TrackPointExtension>
        </extensions>
      </trkpt>
      <trkpt lat="31.045014463583275" lon="121.53196394192956">
        <ele>6.144156268797815</ele>
        <time>1970-01-01T00:08:52Z</time>
        <extensions>
          <gpxtpx:TrackPointExtension>
            <gpxtpx:hr>161</gpxtpx:hr>
          </gpxtpx:TrackPointExtension>
        </extensions>
      </trkpt>
      <trkpt lat="31.044993891055515" lon="121.53194399208618">
        <ele>6.10947160795331</ele>
        <time>1970-01-01T00:08:53Z</time>
        <extensions>
          <gpxtpx:TrackPointExtension>
            <gpxtpx:hr>161</gpxtpx:hr>
          </gpxtpx:TrackPointExtension>
        </extensions>
      </trkpt>
      <trkpt lat="31.044971213034405" lon="121.53192705496674">
        <ele>6.074282956309617</ele>
        <time>1970-01-01T00:08:54Z</time>
        <extensions>
          <gpxtpx:TrackPointExtension>
            <gpxtpx:hr>161</gpxtpx:hr>
          </gpxtpx:TrackPointExtension>
        </extensions>
      </trkpt>
      <trkpt lat="31.044946225859917" lon="121.53191429566293">
        <ele>6.038898669183254</ele>
        <time>1970-01-01T00:08:55Z</time>
        <extensions>
          <gpxtpx:TrackPointExtension>
            <gpxtpx:hr>161</gpxtpx:hr>
          </gpxtpx:TrackPointExtension>
        </extensions>
      </trkpt>
      <trkpt lat="31.044919745683075" lon="121.53190581503497">
        <ele>6.0034816693514585</ele>
        <time>1970-01-01T00:08:56Z</time>
        <extensions>
          <gpxtpx:TrackPointExtension>
            <gpxtpx:hr>161</gpxtpx:hr>
          </gpxtpx:TrackPointExtension>
        </extensions>
      </trkpt>
      <trkpt lat="31.044892683911602" lon="121.531901440087">
        <ele>5.968370020389557</ele>
        <time>1970-01-01T00:08:57Z</time>
        <extensions>
          <gpxtpx:TrackPointExtension>
            <gpxtpx:hr>161</gpxtpx:hr>
          </gpxtpx:TrackPointExtension>
        </extensions>
      </trkpt>
      <trkpt lat="31.04486555528536" lon="121.53190088507296">
        <ele>5.934065621346235</ele>
        <time>1970-01-01T00:08:58Z</time>
        <extensions>
          <gpxtpx:TrackPointExtension>
            <gpxtpx:hr>161</gpxtpx:hr>
          </gpxtpx:TrackPointExtension>
        </extensions>
      </trkpt>
      <trkpt lat="31.04483853776433" lon="121.53190330287563">
        <ele>5.901053251698613</ele>
        <time>1970-01-01T00:08:59Z</time>
        <extensions>
          <gpxtpx:TrackPointExtension>
            <gpxtpx:hr>161</gpxtpx:hr>
          </gpxtpx:TrackPointExtension>
        </extensions>
      </trkpt>
      <trkpt lat="31.044811445276046" lon="121.53190830096547">
        <ele>5.869550999253988</ele>
        <time>1970-01-01T00:09:00Z</time>
        <extensions>
          <gpxtpx:TrackPointExtension>
            <gpxtpx:hr>161</gpxtpx:hr>
          </gpxtpx:TrackPointExtension>
        </extensions>
      </trkpt>
      <trkpt lat="31.0447853125782" lon="121.5319156664248">
        <ele>5.839815588667989</ele>
        <time>1970-01-01T00:09:01Z</time>
        <extensions>
          <gpxtpx:TrackPointExtension>
            <gpxtpx:hr>161</gpxtpx:hr>
          </gpxtpx:TrackPointExtension>
        </extensions>
      </trkpt>
      <trkpt lat="31.04476090477601" lon="121.53192551960531">
        <ele>5.812366792932153</ele>
        <time>1970-01-01T00:09:02Z</time>
        <extensions>
          <gpxtpx:TrackPointExtension>
            <gpxtpx:hr>161</gpxtpx:hr>
          </gpxtpx:TrackPointExtension>
        </extensions>
      </trkpt>
      <trkpt lat="31.044737760574087" lon="121.53193779617428">
        <ele>5.788016578182578</ele>
        <time>1970-01-01T00:09:03Z</time>
        <extensions>
          <gpxtpx:TrackPointExtension>
            <gpxtpx:hr>161</gpxtpx:hr>
          </gpxtpx:TrackPointExtension>
        </extensions>
      </trkpt>
      <trkpt lat="31.044715252484078" lon="121.53195186905698">
        <ele>5.767543721944094</ele>
        <time>1970-01-01T00:09:04Z</time>
        <extensions>
          <gpxtpx:TrackPointExtension>
            <gpxtpx:hr>161</gpxtpx:hr>
          </gpxtpx:TrackPointExtension>
        </extensions>
      </trkpt>
      <trkpt lat="31.044692899875024" lon="121.53196661538345">
        <ele>5.751426531933248</ele>
        <time>1970-01-01T00:09:05Z</time>
        <extensions>
          <gpxtpx:TrackPointExtension>
            <gpxtpx:hr>161</gpxtpx:hr>
          </gpxtpx:TrackPointExtension>
        </extensions>
      </trkpt>
      <trkpt lat="31.044670369659507" lon="121.53198066567121">
        <ele>5.740013781003654</ele>
        <time>1970-01-01T00:09:06Z</time>
        <extensions>
          <gpxtpx:TrackPointExtension>
            <gpxtpx:hr>161</gpxtpx:hr>
          </gpxtpx:TrackPointExtension>
        </extensions>
      </trkpt>
      <trkpt lat="31.044647315020118" lon="121.53199382783112">
        <ele>5.733295154757798</ele>
        <time>1970-01-01T00:09:07Z</time>
        <extensions>
          <gpxtpx:TrackPointExtension>
            <gpxtpx:hr>160</gpxtpx:hr>
          </gpxtpx:TrackPointExtension>
        </extensions>
      </trkpt>
      <trkpt lat="31.04462403851097" lon="121.53200694175455">
        <ele>5.730726234614849</ele>
        <time>1970-01-01T00:09:08Z</time>
        <extensions>
          <gpxtpx:TrackPointExtension>
            <gpxtpx:hr>160</gpxtpx:hr>
          </gpxtpx:TrackPointExtension>
        </extensions>
      </trkpt>
      <trkpt lat="31.044600777205776" lon="121.53202065122768">
        <ele>5.731625764630735</ele>
        <time>1970-01-01T00:09:09Z</time>
        <extensions>
          <gpxtpx:TrackPointExtension>
            <gpxtpx:hr>160</gpxtpx:hr>
          </gpxtpx:TrackPointExtension>
        </extensions>
      </trkpt>
      <trkpt lat="31.044576711441557" lon="121.53203526945406">
        <ele>5.735075430944562</ele>
        <time>1970-01-01T00:09:10Z</time>
        <extensions>
          <gpxtpx:TrackPointExtension>
            <gpxtpx:hr>160</gpxtpx:hr>
          </gpxtpx:TrackPointExtension>
        </extensions>
      </trkpt>
      <trkpt lat="31.04455201273404" lon="121.53204965488861">
        <ele>5.740066607482731</ele>
        <time>1970-01-01T00:09:11Z</time>
        <extensions>
          <gpxtpx:TrackPointExtension>
            <gpxtpx:hr>160</gpxtpx:hr>
          </gpxtpx:TrackPointExtension>
        </extensions>
      </trkpt>
      <trkpt lat="31.044527426930614" lon="121.53206344394718">
        <ele>5.745574810542166</ele>
        <time>1970-01-01T00:09:12Z</time>
        <extensions>
          <gpxtpx:TrackPointExtension>
            <gpxtpx:hr>160</gpxtpx:hr>
          </gpxtpx:TrackPointExtension>
        </extensions>
      </trkpt>
      <trkpt lat="31.04450389791679" lon="121.53207777668175">
        <ele>5.750646969303489</ele>
        <time>1970-01-01T00:09:13Z</time>
        <extensions>
          <gpxtpx:TrackPointExtension>
            <gpxtpx:hr>160</gpxtpx:hr>
          </gpxtpx:TrackPointExtension>
        </extensions>
      </trkpt>
      <trkpt lat="31.044481615385266" lon="121.53209388945201">
        <ele>5.754265825264156</ele>
        <time>1970-01-01T00:09:14Z</time>
        <extensions>
          <gpxtpx:TrackPointExtension>
            <gpxtpx:hr>160</gpxtpx:hr>
          </gpxtpx:TrackPointExtension>
        </extensions>
      </trkpt>
      <trkpt lat="31.044459520248896" lon="121.53211213461614">
        <ele>5.756052038632333</ele>
        <time>1970-01-01T00:09:15Z</time>
        <extensions>
          <gpxtpx:TrackPointExtension>
            <gpxtpx:hr>160</gpxtpx:hr>
          </gpxtpx:TrackPointExtension>
        </extensions>
      </trkpt>
      <trkpt lat="31.044437220560926" lon="121.53213122239788">
        <ele>5.7559886034578085</ele>
        <time>1970-01-01T00:09:16Z</time>
        <extensions>
          <gpxtpx:TrackPointExtension>
            <gpxtpx:hr>160</gpxtpx:hr>
          </gpxtpx:TrackPointExtension>
        </extensions>
      </trkpt>
      <trkpt lat="31.04441466101775" lon="121.53215017806583">
        <ele>5.754326139576733</ele>
        <time>1970-01-01T00:09:17Z</time>
        <extensions>
          <gpxtpx:TrackPointExtension>
            <gpxtpx:hr>161</gpxtpx:hr>
          </gpxtpx:TrackPointExtension>
        </extensions>
      </trkpt>
      <trkpt lat="31.04439213579226" lon="121.53216808643042">
        <ele>5.751847727224231</ele>
        <time>1970-01-01T00:09:18Z</time>
        <extensions>
          <gpxtpx:TrackPointExtension>
            <gpxtpx:hr>161</gpxtpx:hr>
          </gpxtpx:TrackPointExtension>
        </extensions>
      </trkpt>
      <trkpt lat="31.04437038561581" lon="121.53218467614298">
        <ele>5.749622556380928</ele>
        <time>1970-01-01T00:09:19Z</time>
        <extensions>
          <gpxtpx:TrackPointExtension>
            <gpxtpx:hr>161</gpxtpx:hr>
          </gpxtpx:TrackPointExtension>
        </extensions>
      </trkpt>
      <trkpt lat="31.044348956246502" lon="121.53220107766403">
        <ele>5.748107127845287</ele>
        <time>1970-01-01T00:09:20Z</time>
        <extensions>
          <gpxtpx:TrackPointExtension>
            <gpxtpx:hr>161</gpxtpx:hr>
          </gpxtpx:TrackPointExtension>
        </extensions>
      </trkpt>
      <trkpt lat="31.044327501575253" lon="121.53221749408458">
        <ele>5.747413486242294</ele>
        <time>1970-01-01T00:09:21Z</time>
        <extensions>
          <gpxtpx:TrackPointExtension>
            <gpxtpx:hr>161</gpxtpx:hr>
          </gpxtpx:TrackPointExtension>
        </extensions>
      </trkpt>
      <trkpt lat="31.044306068716114" lon="121.53223490477116">
        <ele>5.747743846848607</ele>
        <time>1970-01-01T00:09:22Z</time>
        <extensions>
          <gpxtpx:TrackPointExtension>
            <gpxtpx:hr>161</gpxtpx:hr>
          </gpxtpx:TrackPointExtension>
        </extensions>
      </trkpt>
      <trkpt lat="31.04428520054746" lon="121.53225438046567">
        <ele>5.749549348838627</ele>
        <time>1970-01-01T00:09:23Z</time>
        <extensions>
          <gpxtpx:TrackPointExtension>
            <gpxtpx:hr>161</gpxtpx:hr>
          </gpxtpx:TrackPointExtension>
        </extensions>
      </trkpt>
      <trkpt lat="31.044265932391944" lon="121.53227549573442">
        <ele>5.753038598224521</ele>
        <time>1970-01-01T00:09:24Z</time>
        <extensions>
          <gpxtpx:TrackPointExtension>
            <gpxtpx:hr>161</gpxtpx:hr>
          </gpxtpx:TrackPointExtension>
        </extensions>
      </trkpt>
      <trkpt lat="31.04424846862081" lon="121.53229822661652">
        <ele>5.758222511969507</ele>
        <time>1970-01-01T00:09:25Z</time>
        <extensions>
          <gpxtpx:TrackPointExtension>
            <gpxtpx:hr>161</gpxtpx:hr>
          </gpxtpx:TrackPointExtension>
        </extensions>
      </trkpt>
      <trkpt lat="31.04423323904995" lon="121.5323223079969">
        <ele>5.764854931272566</ele>
        <time>1970-01-01T00:09:26Z</time>
        <extensions>
          <gpxtpx:TrackPointExtension>
            <gpxtpx:hr>161</gpxtpx:hr>
          </gpxtpx:TrackPointExtension>
        </extensions>
      </trkpt>
      <trkpt lat="31.044220223914255" lon="121.53234817853415">
        <ele>5.772371036931872</ele>
        <time>1970-01-01T00:09:27Z</time>
        <extensions>
          <gpxtpx:TrackPointExtension>
            <gpxtpx:hr>161</gpxtpx:hr>
          </gpxtpx:TrackPointExtension>
        </extensions>
      </trkpt>
      <trkpt lat="31.044208934373426" lon="121.5323751820218">
        <ele>5.78046403452754</ele>
        <time>1970-01-01T00:09:28Z</time>
        <extensions>
          <gpxtpx:TrackPointExtension>
            <gpxtpx:hr>161</gpxtpx:hr>
          </gpxtpx:TrackPointExtension>
        </extensions>
      </trkpt>
      <trkpt lat="31.04419965348507" lon="121.53240236747227">
        <ele>5.788795341737568</ele>
        <time>1970-01-01T00:09:29Z</time>
        <extensions>
          <gpxtpx:TrackPointExtension>
            <gpxtpx:hr>161</gpxtpx:hr>
          </gpxtpx:TrackPointExtension>
        </extensions>
      </trkpt>
      <trkpt lat="31.044192677874157" lon="121.53242970487301">
        <ele>5.797154081985354</ele>
        <time>1970-01-01T00:09:30Z</time>
        <extensions>
          <gpxtpx:TrackPointExtension>
            <gpxtpx:hr>161</gpxtpx:hr>
          </gpxtpx:TrackPointExtension>
        </extensions>
      </trkpt>
      <trkpt lat="31.044187792971737" lon="121.53245726704561">
        <ele>5.805599793791771</ele>
        <time>1970-01-01T00:09:31Z</time>
        <extensions>
          <gpxtpx:TrackPointExtension>
            <gpxtpx:hr>161</gpxtpx:hr>
          </gpxtpx:TrackPointExtension>
        </extensions>
      </trkpt>
      <trkpt lat="31.04418541031977" lon="121.53248602391437">
        <ele>5.814537641592324</ele>
        <time>1970-01-01T00:09:32Z</time>
        <extensions>
          <gpxtpx:TrackPointExtension>
            <gpxtpx:hr>161</gpxtpx:hr>
          </gpxtpx:TrackPointExtension>
        </extensions>
      </trkpt>
      <trkpt lat="31.044186217635357" lon="121.53251561031438">
        <ele>5.825189791619778</ele>
        <time>1970-01-01T00:09:33Z</time>
        <extensions>
          <gpxtpx:TrackPointExtension>
            <gpxtpx:hr>161</gpxtpx:hr>
          </gpxtpx:TrackPointExtension>
        </extensions>
      </trkpt>
      <trkpt lat="31.04419064844915" lon="121.53254498698091">
        <ele>5.838893002830446</ele>
        <time>1970-01-01T00:09:34Z</time>
        <extensions>
          <gpxtpx:TrackPointExtension>
            <gpxtpx:hr>161</gpxtpx:hr>
          </gpxtpx:TrackPointExtension>
        </extensions>
      </trkpt>
      <trkpt lat="31.044198851559337" lon="121.53257321604944">
        <ele>5.856851989403367</ele>
        <time>1970-01-01T00:09:35Z</time>
        <extensions>
          <gpxtpx:TrackPointExtension>
            <gpxtpx:hr>161</gpxtpx:hr>
          </gpxtpx:TrackPointExtension>
        </extensions>
      </trkpt>
      <trkpt lat="31.044210893489552" lon="121.53259966071259">
        <ele>5.879979747347534</ele>
        <time>1970-01-01T00:09:36Z</time>
        <extensions>
          <gpxtpx:TrackPointExtension>
            <gpxtpx:hr>161</gpxtpx:hr>
          </gpxtpx:TrackPointExtension>
        </extensions>
      </trkpt>
      <trkpt lat="31.044226129252657" lon="121.53262467725753">
        <ele>5.909040073864162</ele>
        <time>1970-01-01T00:09:37Z</time>
        <extensions>
          <gpxtpx:TrackPointExtension>
            <gpxtpx:hr>161</gpxtpx:hr>
          </gpxtpx:TrackPointExtension>
        </extensions>
      </trkpt>
      <trkpt lat="31.04424307413508" lon="121.53264808359805">
        <ele>5.943860959261656</ele>
        <time>1970-01-01T00:09:38Z</time>
        <extensions>
          <gpxtpx:TrackPointExtension>
            <gpxtpx:hr>161</gpxtpx:hr>
          </gpxtpx:TrackPointExtension>
        </extensions>
      </trkpt>
      <trkpt lat="31.044261298809175" lon="121.53266944268232">
        <ele>5.983860366046429</ele>
        <time>1970-01-01T00:09:39Z</time>
        <extensions>
          <gpxtpx:TrackPointExtension>
            <gpxtpx:hr>161</gpxtpx:hr>
          </gpxtpx:TrackPointExtension>
        </extensions>
      </trkpt>
      <trkpt lat="31.044280841965623" lon="121.53268852421337">
        <ele>6.028269995935261</ele>
        <time>1970-01-01T00:09:40Z</time>
        <extensions>
          <gpxtpx:TrackPointExtension>
            <gpxtpx:hr>161</gpxtpx:hr>
          </gpxtpx:TrackPointExtension>
        </extensions>
      </trkpt>
      <trkpt lat="31.044301955783915" lon="121.53270471157131">
        <ele>6.07619480509311</ele>
        <time>1970-01-01T00:09:41Z</time>
        <extensions>
          <gpxtpx:TrackPointExtension>
            <gpxtpx:hr>161</gpxtpx:hr>
          </gpxtpx:TrackPointExtension>
        </extensions>
      </trkpt>
      <trkpt lat="31.044325032580847" lon="121.53271788864203">
        <ele>6.126561162993312</ele>
        <time>1970-01-01T00:09:42Z</time>
        <extensions>
          <gpxtpx:TrackPointExtension>
            <gpxtpx:hr>161</gpxtpx:hr>
          </gpxtpx:TrackPointExtension>
        </extensions>
      </trkpt>
      <trkpt lat="31.044349144454245" lon="121.53272856596234">
        <ele>6.17791108507663</ele>
        <time>1970-01-01T00:09:43Z</time>
        <extensions>
          <gpxtpx:TrackPointExtension>
            <gpxtpx:hr>161</gpxtpx:hr>
          </gpxtpx:TrackPointExtension>
        </extensions>
      </trkpt>
      <trkpt lat="31.044373885571982" lon="121.5327369683724">
        <ele>6.228525587357581</ele>
        <time>1970-01-01T00:09:44Z</time>
        <extensions>
          <gpxtpx:TrackPointExtension>
            <gpxtpx:hr>160</gpxtpx:hr>
          </gpxtpx:TrackPointExtension>
        </extensions>
      </trkpt>
      <trkpt lat="31.044398886758703" lon="121.5327430035502">
        <ele>6.2765346551314</ele>
        <time>1970-01-01T00:09:45Z</time>
        <extensions>
          <gpxtpx:TrackPointExtension>
            <gpxtpx:hr>160</gpxtpx:hr>
          </gpxtpx:TrackPointExtension>
        </extensions>
      </trkpt>
      <trkpt lat="31.044423699656463" lon="121.53274666051979">
        <ele>6.319552400149405</ele>
        <time>1970-01-01T00:09:46Z</time>
        <extensions>
          <gpxtpx:TrackPointExtension>
            <gpxtpx:hr>160</gpxtpx:hr>
          </gpxtpx:TrackPointExtension>
        </extensions>
      </trkpt>
      <trkpt lat="31.044448872949506" lon="121.53274793396736">
        <ele>6.355453075841069</ele>
        <time>1970-01-01T00:09:47Z</time>
        <extensions>
          <gpxtpx:TrackPointExtension>
            <gpxtpx:hr>160</gpxtpx:hr>
          </gpxtpx:TrackPointExtension>
        </extensions>
      </trkpt>
      <trkpt lat="31.044474244272955" lon="121.53274720311745">
        <ele>6.383049858734012</ele>
        <time>1970-01-01T00:09:48Z</time>
        <extensions>
          <gpxtpx:TrackPointExtension>
            <gpxtpx:hr>160</gpxtpx:hr>
          </gpxtpx:TrackPointExtension>
        </extensions>
      </trkpt>
      <trkpt lat="31.04449953970894" lon="121.53274357606097">
        <ele>6.40198178589344</ele>
        <time>1970-01-01T00:09:49Z</time>
        <extensions>
          <gpxtpx:TrackPointExtension>
            <gpxtpx:hr>160</gpxtpx:hr>
          </gpxtpx:TrackPointExtension>
        </extensions>
      </trkpt>
      <trkpt lat="31.044524419349784" lon="121.53273570415658">
        <ele>6.4122665878385305</ele>
        <time>1970-01-01T00:09:50Z</time>
        <extensions>
          <gpxtpx:TrackPointExtension>
            <gpxtpx:hr>160</gpxtpx:hr>
          </gpxtpx:TrackPointExtension>
        </extensions>
      </trkpt>
      <trkpt lat="31.044548570321055" lon="121.53272366125466">
        <ele>6.4145467877388</ele>
        <time>1970-01-01T00:09:51Z</time>
        <extensions>
          <gpxtpx:TrackPointExtension>
            <gpxtpx:hr>160</gpxtpx:hr>
          </gpxtpx:TrackPointExtension>
        </extensions>
      </trkpt>
      <trkpt lat="31.044572365870643" lon="121.53270884732373">
        <ele>6.409718729555607</ele>
        <time>1970-01-01T00:09:52Z</time>
        <extensions>
          <gpxtpx:TrackPointExtension>
            <gpxtpx:hr>160</gpxtpx:hr>
          </gpxtpx:TrackPointExtension>
        </extensions>
      </trkpt>
      <trkpt lat="31.04459573446683" lon="121.53269370885641">
        <ele>6.398820661008358</ele>
        <time>1970-01-01T00:09:53Z</time>
        <extensions>
          <gpxtpx:TrackPointExtension>
            <gpxtpx:hr>160</gpxtpx:hr>
          </gpxtpx:TrackPointExtension>
        </extensions>
      </trkpt>
      <trkpt lat="31.04461870389463" lon="121.53267906715027">
        <ele>6.383016019128263</ele>
        <time>1970-01-01T00:09:54Z</time>
        <extensions>
          <gpxtpx:TrackPointExtension>
            <gpxtpx:hr>160</gpxtpx:hr>
          </gpxtpx:TrackPointExtension>
        </extensions>
      </trkpt>
      <trkpt lat="31.044641526305067" lon="121.53266432836197">
        <ele>6.363684703595936</ele>
        <time>1970-01-01T00:09:55Z</time>
        <extensions>
          <gpxtpx:TrackPointExtension>
            <gpxtpx:hr>160</gpxtpx:hr>
          </gpxtpx:TrackPointExtension>
        </extensions>
      </trkpt>
      <trkpt lat="31.04466413894608" lon="121.53264905723849">
        <ele>6.342621219344437</ele>
        <time>1970-01-01T00:09:56Z</time>
        <extensions>
          <gpxtpx:TrackPointExtension>
            <gpxtpx:hr>160</gpxtpx:hr>
          </gpxtpx:TrackPointExtension>
        </extensions>
      </trkpt>
      <trkpt lat="31.044686899151518" lon="121.53263289298944">
        <ele>6.321682629175484</ele>
        <time>1970-01-01T00:09:57Z</time>
        <extensions>
          <gpxtpx:TrackPointExtension>
            <gpxtpx:hr>160</gpxtpx:hr>
          </gpxtpx:TrackPointExtension>
        </extensions>
      </trkpt>
      <trkpt lat="31.04470992512466" lon="121.5326165717678">
        <ele>6.302443436346948</ele>
        <time>1970-01-01T00:09:58Z</time>
        <extensions>
          <gpxtpx:TrackPointExtension>
            <gpxtpx:hr>160</gpxtpx:hr>
          </gpxtpx:TrackPointExtension>
        </extensions>
      </trkpt>
      <trkpt lat="31.044733542895276" lon="121.53260135808283">
        <ele>6.285917978733778</ele>
        <time>1970-01-01T00:09:59Z</time>
        <extensions>
          <gpxtpx:TrackPointExtension>
            <gpxtpx:hr>160</gpxtpx:hr>
          </gpxtpx:TrackPointExtension>
        </extensions>
      </trkpt>
      <trkpt lat="31.044757312714637" lon="121.53258796992763">
        <ele>6.272735194303095</ele>
        <time>1970-01-01T00:10:00Z</time>
        <extensions>
          <gpxtpx:TrackPointExtension>
            <gpxtpx:hr>160</gpxtpx:hr>
          </gpxtpx:TrackPointExtension>
        </extensions>
      </trkpt>
      <trkpt lat="31.04478117118977" lon="121.5325759148381">
        <ele>6.262337480671704</ele>
        <time>1970-01-01T00:10:01Z</time>
        <extensions>
          <gpxtpx:TrackPointExtension>
            <gpxtpx:hr>160</gpxtpx:hr>
          </gpxtpx:TrackPointExtension>
        </extensions>
      </trkpt>
      <trkpt lat="31.044805507009904" lon="121.53256368533741">
        <ele>6.253717717714608</ele>
        <time>1970-01-01T00:10:02Z</time>
        <extensions>
          <gpxtpx:TrackPointExtension>
            <gpxtpx:hr>161</gpxtpx:hr>
          </gpxtpx:TrackPointExtension>
        </extensions>
      </trkpt>
      <trkpt lat="31.044829979524746" lon="121.53255109276003">
        <ele>6.245801582932472</ele>
        <time>1970-01-01T00:10:03Z</time>
        <extensions>
          <gpxtpx:TrackPointExtension>
            <gpxtpx:hr>161</gpxtpx:hr>
          </gpxtpx:TrackPointExtension>
        </extensions>
      </trkpt>
      <trkpt lat="31.04485476961098" lon="121.53253848209914">
        <ele>6.23779065720737</ele>
        <time>1970-01-01T00:10:04Z</time>
        <extensions>
          <gpxtpx:TrackPointExtension>
            <gpxtpx:hr>161</gpxtpx:hr>
          </gpxtpx:TrackPointExtension>
        </extensions>
      </trkpt>
      <trkpt lat="31.044879186816278" lon="121.53252610497233">
        <ele>6.22876762971282</ele>
        <time>1970-01-01T00:10:05Z</time>
        <extensions>
          <gpxtpx:TrackPointExtension>
            <gpxtpx:hr>161</gpxtpx:hr>
          </gpxtpx:TrackPointExtension>
        </extensions>
      </trkpt>
      <trkpt lat="31.04490259880074" lon="121.53251387259743">
        <ele>6.21829132642597</ele>
        <time>1970-01-01T00:10:06Z</time>
        <extensions>
          <gpxtpx:TrackPointExtension>
            <gpxtpx:hr>161</gpxtpx:hr>
          </gpxtpx:TrackPointExtension>
        </extensions>
      </trkpt>
      <trkpt lat="31.044925545312292" lon="121.53250088919427">
        <ele>6.206089603714645</ele>
        <time>1970-01-01T00:10:08Z</time>
        <extensions>
          <gpxtpx:TrackPointExtension>
            <gpxtpx:hr>160</gpxtpx:hr>
          </gpxtpx:TrackPointExtension>
        </extensions>
      </trkpt>
      <trkpt lat="31.044947906227016" lon="121.53248684017">
        <ele>6.191999915055931</ele>
        <time>1970-01-01T00:10:09Z</time>
        <extensions>
          <gpxtpx:TrackPointExtension>
            <gpxtpx:hr>160</gpxtpx:hr>
          </gpxtpx:TrackPointExtension>
        </extensions>
      </trkpt>
      <trkpt lat="31.044969583368186" lon="121.53247095963769">
        <ele>6.176142769865692</ele>
        <time>1970-01-01T00:10:10Z</time>
        <extensions>
          <gpxtpx:TrackPointExtension>
            <gpxtpx:hr>160</gpxtpx:hr>
          </gpxtpx:TrackPointExtension>
        </extensions>
      </trkpt>
      <trkpt lat="31.04499104849509" lon="121.53245365410099">
        <ele>6.158949200995266</ele>
        <time>1970-01-01T00:10:11Z</time>
        <extensions>
          <gpxtpx:TrackPointExtension>
            <gpxtpx:hr>160</gpxtpx:hr>
          </gpxtpx:TrackPointExtension>
        </extensions>
      </trkpt>
      <trkpt lat="31.04501279257195" lon="121.5324359225425">
        <ele>6.14063507784158</ele>
        <time>1970-01-01T00:10:12Z</time>
        <extensions>
          <gpxtpx:TrackPointExtension>
            <gpxtpx:hr>160</gpxtpx:hr>
          </gpxtpx:TrackPointExtension>
        </extensions>
      </trkpt>
      <trkpt lat="31.045034535701763" lon="121.53241821838103">
        <ele>6.121466468088329</ele>
        <time>1970-01-01T00:10:12Z</time>
        <extensions>
          <gpxtpx:TrackPointExtension>
            <gpxtpx:hr>160</gpxtpx:hr>
          </gpxtpx:TrackPointExtension>
        </extensions>
      </trkpt>
      <trkpt lat="31.045055400445886" lon="121.53240101584694">
        <ele>6.101887820288539</ele>
        <time>1970-01-01T00:10:13Z</time>
        <extensions>
          <gpxtpx:TrackPointExtension>
            <gpxtpx:hr>160</gpxtpx:hr>
          </gpxtpx:TrackPointExtension>
        </extensions>
      </trkpt>
      <trkpt lat="31.045074539993735" lon="121.53238245277929">
        <ele>6.082389111630619</ele>
        <time>1970-01-01T00:10:14Z</time>
        <extensions>
          <gpxtpx:TrackPointExtension>
            <gpxtpx:hr>160</gpxtpx:hr>
          </gpxtpx:TrackPointExtension>
        </extensions>
      </trkpt>
      <trkpt lat="31.045091416172447" lon="121.5323611254183">
        <ele>6.063247501850128</ele>
        <time>1970-01-01T00:10:15Z</time>
        <extensions>
          <gpxtpx:TrackPointExtension>
            <gpxtpx:hr>160</gpxtpx:hr>
          </gpxtpx:TrackPointExtension>
        </extensions>
      </trkpt>
      <trkpt lat="31.04510513234659" lon="121.53233704260109">
        <ele>6.044702514074743</ele>
        <time>1970-01-01T00:10:16Z</time>
        <extensions>
          <gpxtpx:TrackPointExtension>
            <gpxtpx:hr>160</gpxtpx:hr>
          </gpxtpx:TrackPointExtension>
        </extensions>
      </trkpt>
      <trkpt lat="31.045115481479748" lon="121.53231023516557">
        <ele>6.026875370182097</ele>
        <time>1970-01-01T00:10:17Z</time>
        <extensions>
          <gpxtpx:TrackPointExtension>
            <gpxtpx:hr>159</gpxtpx:hr>
          </gpxtpx:TrackPointExtension>
        </extensions>
      </trkpt>
      <trkpt lat="31.04512305792662" lon="121.53228137100054">
        <ele>6.009598329663277</ele>
        <time>1970-01-01T00:10:18Z</time>
        <extensions>
          <gpxtpx:TrackPointExtension>
            <gpxtpx:hr>159</gpxtpx:hr>
          </gpxtpx:TrackPointExtension>
        </extensions>
      </trkpt>
      <trkpt lat="31.045127603930943" lon="121.53225073619836">
        <ele>5.99268607981503</ele>
        <time>1970-01-01T00:10:20Z</time>
        <extensions>
          <gpxtpx:TrackPointExtension>
            <gpxtpx:hr>159</gpxtpx:hr>
          </gpxtpx:TrackPointExtension>
        </extensions>
      </trkpt>
      <trkpt lat="31.045129038549543" lon="121.5322187759996">
        <ele>5.975927758030593</ele>
        <time>1970-01-01T00:10:21Z</time>
        <extensions>
          <gpxtpx:TrackPointExtension>
            <gpxtpx:hr>159</gpxtpx:hr>
          </gpxtpx:TrackPointExtension>
        </extensions>
      </trkpt>
      <trkpt lat="31.045127486647104" lon="121.53218538489172">
        <ele>5.959239271469414</ele>
        <time>1970-01-01T00:10:22Z</time>
        <extensions>
          <gpxtpx:TrackPointExtension>
            <gpxtpx:hr>159</gpxtpx:hr>
          </gpxtpx:TrackPointExtension>
        </extensions>
      </trkpt>
      <trkpt lat="31.045123380964977" lon="121.53215130325351">
        <ele>5.942659506574273</ele>
        <time>1970-01-01T00:10:23Z</time>
        <extensions>
          <gpxtpx:TrackPointExtension>
            <gpxtpx:hr>159</gpxtpx:hr>
          </gpxtpx:TrackPointExtension>
        </extensions>
      </trkpt>
      <trkpt lat="31.04511747012263" lon="121.53211880528123">
        <ele>5.92643631156534</ele>
        <time>1970-01-01T00:10:24Z</time>
        <extensions>
          <gpxtpx:TrackPointExtension>
            <gpxtpx:hr>159</gpxtpx:hr>
          </gpxtpx:TrackPointExtension>
        </extensions>
      </trkpt>
      <trkpt lat="31.045109240289573" lon="121.53208915114207">
        <ele>5.910974104888737</ele>
        <time>1970-01-01T00:10:25Z</time>
        <extensions>
          <gpxtpx:TrackPointExtension>
            <gpxtpx:hr>159</gpxtpx:hr>
          </gpxtpx:TrackPointExtension>
        </extensions>
      </trkpt>
      <trkpt lat="31.04509836235022" lon="121.53206230052714">
        <ele>5.896768653765321</ele>
        <time>1970-01-01T00:10:26Z</time>
        <extensions>
          <gpxtpx:TrackPointExtension>
            <gpxtpx:hr>159</gpxtpx:hr>
          </gpxtpx:TrackPointExtension>
        </extensions>
      </trkpt>
      <trkpt lat="31.0450846954981" lon="121.53203737465913">
        <ele>5.88426127191633</ele>
        <time>1970-01-01T00:10:27Z</time>
        <extensions>
          <gpxtpx:TrackPointExtension>
            <gpxtpx:hr>159</gpxtpx:hr>
          </gpxtpx:TrackPointExtension>
        </extensions>
      </trkpt>
      <trkpt lat="31.045067756234307" lon="121.53201387208406">
        <ele>5.873675963841379</ele>
        <time>1970-01-01T00:10:28Z</time>
        <extensions>
          <gpxtpx:TrackPointExtension>
            <gpxtpx:hr>159</gpxtpx:hr>
          </gpxtpx:TrackPointExtension>
        </extensions>
      </trkpt>
      <trkpt lat="31.0450483577643" lon="121.53199221907062">
        <ele>5.864979681558907</ele>
        <time>1970-01-01T00:10:29Z</time>
        <extensions>
          <gpxtpx:TrackPointExtension>
            <gpxtpx:hr>159</gpxtpx:hr>
          </gpxtpx:TrackPointExtension>
        </extensions>
      </trkpt>
      <trkpt lat="31.04502743242556" lon="121.53197250891361">
        <ele>5.857989238575101</ele>
        <time>1970-01-01T00:10:30Z</time>
        <extensions>
          <gpxtpx:TrackPointExtension>
            <gpxtpx:hr>159</gpxtpx:hr>
          </gpxtpx:TrackPointExtension>
        </extensions>
      </trkpt>
      <trkpt lat="31.045005723216768" lon="121.53195470724098">
        <ele>5.852428681217134</ele>
        <time>1970-01-01T00:10:31Z</time>
        <extensions>
          <gpxtpx:TrackPointExtension>
            <gpxtpx:hr>159</gpxtpx:hr>
          </gpxtpx:TrackPointExtension>
        </extensions>
      </trkpt>
      <trkpt lat="31.044983393509472" lon="121.5319399203214">
        <ele>5.847943397238851</ele>
        <time>1970-01-01T00:10:32Z</time>
        <extensions>
          <gpxtpx:TrackPointExtension>
            <gpxtpx:hr>159</gpxtpx:hr>
          </gpxtpx:TrackPointExtension>
        </extensions>
      </trkpt>
      <trkpt lat="31.044959843804598" lon="121.53192830273326">
        <ele>5.844188635237515</ele>
        <time>1970-01-01T00:10:33Z</time>
        <extensions>
          <gpxtpx:TrackPointExtension>
            <gpxtpx:hr>159</gpxtpx:hr>
          </gpxtpx:TrackPointExtension>
        </extensions>
      </trkpt>
      <trkpt lat="31.04493540252012" lon="121.53191890782776">
        <ele>5.840895070694387</ele>
        <time>1970-01-01T00:10:34Z</time>
        <extensions>
          <gpxtpx:TrackPointExtension>
            <gpxtpx:hr>159</gpxtpx:hr>
          </gpxtpx:TrackPointExtension>
        </extensions>
      </trkpt>
      <trkpt lat="31.044910306548367" lon="121.53191172750466">
        <ele>5.837823148816824</ele>
        <time>1970-01-01T00:10:35Z</time>
        <extensions>
          <gpxtpx:TrackPointExtension>
            <gpxtpx:hr>159</gpxtpx:hr>
          </gpxtpx:TrackPointExtension>
        </extensions>
      </trkpt>
      <trkpt lat="31.04488476316833" lon="121.53190717052318">
        <ele>5.834747155196965</ele>
        <time>1970-01-01T00:10:36Z</time>
        <extensions>
          <gpxtpx:TrackPointExtension>
            <gpxtpx:hr>159</gpxtpx:hr>
          </gpxtpx:TrackPointExtension>
        </extensions>
      </trkpt>
      <trkpt lat="31.04485917868137" lon="121.53190577953325">
        <ele>5.831485246308148</ele>
        <time>1970-01-01T00:10:37Z</time>
        <extensions>
          <gpxtpx:TrackPointExtension>
            <gpxtpx:hr>159</gpxtpx:hr>
          </gpxtpx:TrackPointExtension>
        </extensions>
      </trkpt>
      <trkpt lat="31.044833423834397" lon="121.53190693409165">
        <ele>5.827974233776331</ele>
        <time>1970-01-01T00:10:38Z</time>
        <extensions>
          <gpxtpx:TrackPointExtension>
            <gpxtpx:hr>159</gpxtpx:hr>
          </gpxtpx:TrackPointExtension>
        </extensions>
      </trkpt>
      <trkpt lat="31.044807317494662" lon="121.53190930594525">
        <ele>5.824371497146785</ele>
        <time>1970-01-01T00:10:39Z</time>
        <extensions>
          <gpxtpx:TrackPointExtension>
            <gpxtpx:hr>159</gpxtpx:hr>
          </gpxtpx:TrackPointExtension>
        </extensions>
      </trkpt>
      <trkpt lat="31.04478126517226" lon="121.5319132169811">
        <ele>5.820894732140005</ele>
        <time>1970-01-01T00:10:40Z</time>
        <extensions>
          <gpxtpx:TrackPointExtension>
            <gpxtpx:hr>159</gpxtpx:hr>
          </gpxtpx:TrackPointExtension>
        </extensions>
      </trkpt>
      <trkpt lat="31.044755975867186" lon="121.5319192072811">
        <ele>5.8179333955049515</ele>
        <time>1970-01-01T00:10:41Z</time>
        <extensions>
          <gpxtpx:TrackPointExtension>
            <gpxtpx:hr>159</gpxtpx:hr>
          </gpxtpx:TrackPointExtension>
        </extensions>
      </trkpt>
      <trkpt lat="31.044731459282783" lon="121.53192787490785">
        <ele>5.815937140956521</ele>
        <time>1970-01-01T00:10:42Z</time>
        <extensions>
          <gpxtpx:TrackPointExtension>
            <gpxtpx:hr>159</gpxtpx:hr>
          </gpxtpx:TrackPointExtension>
        </extensions>
      </trkpt>
      <trkpt lat="31.04470683290469" lon="121.53194026680092">
        <ele>5.815271511673927</ele>
        <time>1970-01-01T00:10:43Z</time>
        <extensions>
          <gpxtpx:TrackPointExtension>
            <gpxtpx:hr>159</gpxtpx:hr>
          </gpxtpx:TrackPointExtension>
        </extensions>
      </trkpt>
      <trkpt lat="31.04468197699795" lon="121.53195586654809">
        <ele>5.815911768004298</ele>
        <time>1970-01-01T00:10:44Z</time>
        <extensions>
          <gpxtpx:TrackPointExtension>
            <gpxtpx:hr>159</gpxtpx:hr>
          </gpxtpx:TrackPointExtension>
        </extensions>
      </trkpt>
      <trkpt lat="31.044657284676592" lon="121.53197284319322">
        <ele>5.8178207911551</ele>
        <time>1970-01-01T00:10:45Z</time>
        <extensions>
          <gpxtpx:TrackPointExtension>
            <gpxtpx:hr>158</gpxtpx:hr>
          </gpxtpx:TrackPointExtension>
        </extensions>
      </trkpt>
      <trkpt lat="31.044633019365616" lon="121.53198941768532">
        <ele>5.8208697363734245</ele>
        <time>1970-01-01T00:10:46Z</time>
        <extensions>
          <gpxtpx:TrackPointExtension>
            <gpxtpx:hr>158</gpxtpx:hr>
          </gpxtpx:TrackPointExtension>
        </extensions>
      </trkpt>
      <trkpt lat="31.0446091255573" lon="121.53200568867189">
        <ele>5.824851599521935</ele>
        <time>1970-01-01T00:10:47Z</time>
        <extensions>
          <gpxtpx:TrackPointExtension>
            <gpxtpx:hr>158</gpxtpx:hr>
          </gpxtpx:TrackPointExtension>
        </extensions>
      </trkpt>
      <trkpt lat="31.044586391180786" lon="121.5320222444638">
        <ele>5.8295039515942335</ele>
        <time>1970-01-01T00:10:48Z</time>
        <extensions>
          <gpxtpx:TrackPointExtension>
            <gpxtpx:hr>158</gpxtpx:hr>
          </gpxtpx:TrackPointExtension>
        </extensions>
      </trkpt>
      <trkpt lat="31.0445651997305" lon="121.53203962927607">
        <ele>5.834617166779935</ele>
        <time>1970-01-01T00:10:49Z</time>
        <extensions>
          <gpxtpx:TrackPointExtension>
            <gpxtpx:hr>158</gpxtpx:hr>
          </gpxtpx:TrackPointExtension>
        </extensions>
      </trkpt>
      <trkpt lat="31.04454506133118" lon="121.5320582789535">
        <ele>5.83988271933049</ele>
        <time>1970-01-01T00:10:50Z</time>
        <extensions>
          <gpxtpx:TrackPointExtension>
            <gpxtpx:hr>156</gpxtpx:hr>
          </gpxtpx:TrackPointExtension>
        </extensions>
      </trkpt>
      <trkpt lat="31.044525469137977" lon="121.53207736890833">
        <ele>5.845125338993967</ele>
        <time>1970-01-01T00:10:51Z</time>
        <extensions>
          <gpxtpx:TrackPointExtension>
            <gpxtpx:hr>156</gpxtpx:hr>
          </gpxtpx:TrackPointExtension>
        </extensions>
      </trkpt>
      <trkpt lat="31.04450572858772" lon="121.5320960910083">
        <ele>5.850310903042555</ele>
        <time>1970-01-01T00:10:52Z</time>
        <extensions>
          <gpxtpx:TrackPointExtension>
            <gpxtpx:hr>156</gpxtpx:hr>
          </gpxtpx:TrackPointExtension>
        </extensions>
      </trkpt>
      <trkpt lat="31.04448561689457" lon="121.53211350615705">
        <ele>5.85543189290911</ele>
        <time>1970-01-01T00:10:53Z</time>
        <extensions>
          <gpxtpx:TrackPointExtension>
            <gpxtpx:hr>156</gpxtpx:hr>
          </gpxtpx:TrackPointExtension>
        </extensions>
      </trkpt>
      <trkpt lat="31.044464939894223" lon="121.53212917159163">
        <ele>5.860591114498675</ele>
        <time>1970-01-01T00:10:54Z</time>
        <extensions>
          <gpxtpx:TrackPointExtension>
            <gpxtpx:hr>156</gpxtpx:hr>
          </gpxtpx:TrackPointExtension>
        </extensions>
      </trkpt>
      <trkpt lat="31.044443496817372" lon="121.53214436939031">
        <ele>5.8660475211218</ele>
        <time>1970-01-01T00:10:55Z</time>
        <extensions>
          <gpxtpx:TrackPointExtension>
            <gpxtpx:hr>156</gpxtpx:hr>
          </gpxtpx:TrackPointExtension>
        </extensions>
      </trkpt>
      <trkpt lat="31.044421646318476" lon="121.53215926009916">
        <ele>5.872134989127517</ele>
        <time>1970-01-01T00:10:56Z</time>
        <extensions>
          <gpxtpx:TrackPointExtension>
            <gpxtpx:hr>156</gpxtpx:hr>
          </gpxtpx:TrackPointExtension>
        </extensions>
      </trkpt>
      <trkpt lat="31.044399515846653" lon="121.53217515876868">
        <ele>5.879198964685202</ele>
        <time>1970-01-01T00:10:57Z</time>
        <extensions>
          <gpxtpx:TrackPointExtension>
            <gpxtpx:hr>156</gpxtpx:hr>
          </gpxtpx:TrackPointExtension>
        </extensions>
      </trkpt>
      <trkpt lat="31.044377365702243" lon="121.5321929720191">
        <ele>5.887627356685698</ele>
        <time>1970-01-01T00:10:58Z</time>
        <extensions>
          <gpxtpx:TrackPointExtension>
            <gpxtpx:hr>156</gpxtpx:hr>
          </gpxtpx:TrackPointExtension>
        </extensions>
      </trkpt>
      <trkpt lat="31.044355648790877" lon="121.5322115411517">
        <ele>5.897266237065196</ele>
        <time>1970-01-01T00:10:59Z</time>
        <extensions>
          <gpxtpx:TrackPointExtension>
            <gpxtpx:hr>156</gpxtpx:hr>
          </gpxtpx:TrackPointExtension>
        </extensions>
      </trkpt>
      <trkpt lat="31.0443345026885" lon="121.53223012153217">
        <ele>5.907834056764841</ele>
        <time>1970-01-01T00:11:00Z</time>
        <extensions>
          <gpxtpx:TrackPointExtension>
            <gpxtpx:hr>156</gpxtpx:hr>
          </gpxtpx:TrackPointExtension>
        </extensions>
      </trkpt>
      <trkpt lat="31.044314130741522" lon="121.53224820411462">
        <ele>5.918886104598641</ele>
        <time>1970-01-01T00:11:01Z</time>
        <extensions>
          <gpxtpx:TrackPointExtension>
            <gpxtpx:hr>156</gpxtpx:hr>
          </gpxtpx:TrackPointExtension>
        </extensions>
      </trkpt>
      <trkpt lat="31.044294471792465" lon="121.53226717017516">
        <ele>5.929755832999945</ele>
        <time>1970-01-01T00:11:02Z</time>
        <extensions>
          <gpxtpx:TrackPointExtension>
            <gpxtpx:hr>156</gpxtpx:hr>
          </gpxtpx:TrackPointExtension>
        </extensions>
      </trkpt>
      <trkpt lat="31.04427574153343" lon="121.53228766828339">
        <ele>5.9396284352988005</ele>
        <time>1970-01-01T00:11:03Z</time>
        <extensions>
          <gpxtpx:TrackPointExtension>
            <gpxtpx:hr>156</gpxtpx:hr>
          </gpxtpx:TrackPointExtension>
        </extensions>
      </trkpt>
      <trkpt lat="31.04425861830949" lon="121.53231016949894">
        <ele>5.948074722662568</ele>
        <time>1970-01-01T00:11:04Z</time>
        <extensions>
          <gpxtpx:TrackPointExtension>
            <gpxtpx:hr>156</gpxtpx:hr>
          </gpxtpx:TrackPointExtension>
        </extensions>
      </trkpt>
      <trkpt lat="31.044243939550135" lon="121.53233529787576">
        <ele>5.954736931249499</ele>
        <time>1970-01-01T00:11:05Z</time>
        <extensions>
          <gpxtpx:TrackPointExtension>
            <gpxtpx:hr>156</gpxtpx:hr>
          </gpxtpx:TrackPointExtension>
        </extensions>
      </trkpt>
      <trkpt lat="31.044231998140106" lon="121.53236225086162">
        <ele>5.959249313920736</ele>
        <time>1970-01-01T00:11:06Z</time>
        <extensions>
          <gpxtpx:TrackPointExtension>
            <gpxtpx:hr>156</gpxtpx:hr>
          </gpxtpx:TrackPointExtension>
        </extensions>
      </trkpt>
      <trkpt lat="31.044222383727085" lon="121.53239082650235">
        <ele>5.961231620982289</ele>
        <time>1970-01-01T00:11:07Z</time>
        <extensions>
          <gpxtpx:TrackPointExtension>
            <gpxtpx:hr>156</gpxtpx:hr>
          </gpxtpx:TrackPointExtension>
        </extensions>
      </trkpt>
      <trkpt lat="31.044215037578052" lon="121.5324200730665">
        <ele>5.960490796715021</ele>
        <time>1970-01-01T00:11:08Z</time>
        <extensions>
          <gpxtpx:TrackPointExtension>
            <gpxtpx:hr>156</gpxtpx:hr>
          </gpxtpx:TrackPointExtension>
        </extensions>
      </trkpt>
      <trkpt lat="31.044209937338156" lon="121.53244875539667">
        <ele>5.957038919441402</ele>
        <time>1970-01-01T00:11:09Z</time>
        <extensions>
          <gpxtpx:TrackPointExtension>
            <gpxtpx:hr>156</gpxtpx:hr>
          </gpxtpx:TrackPointExtension>
        </extensions>
      </trkpt>
      <trkpt lat="31.044207375665003" lon="121.53247699339029">
        <ele>5.951130041852593</ele>
        <time>1970-01-01T00:11:10Z</time>
        <extensions>
          <gpxtpx:TrackPointExtension>
            <gpxtpx:hr>156</gpxtpx:hr>
          </gpxtpx:TrackPointExtension>
        </extensions>
      </trkpt>
      <trkpt lat="31.044207940152525" lon="121.53250556247087">
        <ele>5.94326910469681</ele>
        <time>1970-01-01T00:11:11Z</time>
        <extensions>
          <gpxtpx:TrackPointExtension>
            <gpxtpx:hr>156</gpxtpx:hr>
          </gpxtpx:TrackPointExtension>
        </extensions>
      </trkpt>
      <trkpt lat="31.044211930871175" lon="121.53253496789158">
        <ele>5.934370438568294</ele>
        <time>1970-01-01T00:11:12Z</time>
        <extensions>
          <gpxtpx:TrackPointExtension>
            <gpxtpx:hr>156</gpxtpx:hr>
          </gpxtpx:TrackPointExtension>
        </extensions>
      </trkpt>
      <trkpt lat="31.044218595909072" lon="121.53256426259055">
        <ele>5.925346190109849</ele>
        <time>1970-01-01T00:11:13Z</time>
        <extensions>
          <gpxtpx:TrackPointExtension>
            <gpxtpx:hr>155</gpxtpx:hr>
          </gpxtpx:TrackPointExtension>
        </extensions>
      </trkpt>
      <trkpt lat="31.044227009733355" lon="121.53259210494667">
        <ele>5.916898971423507</ele>
        <time>1970-01-01T00:11:14Z</time>
        <extensions>
          <gpxtpx:TrackPointExtension>
            <gpxtpx:hr>155</gpxtpx:hr>
          </gpxtpx:TrackPointExtension>
        </extensions>
      </trkpt>
      <trkpt lat="31.04423746639493" lon="121.53261768072981">
        <ele>5.909492468461394</ele>
        <time>1970-01-01T00:11:15Z</time>
        <extensions>
          <gpxtpx:TrackPointExtension>
            <gpxtpx:hr>155</gpxtpx:hr>
          </gpxtpx:TrackPointExtension>
        </extensions>
      </trkpt>
      <trkpt lat="31.044250685520538" lon="121.53264115220185">
        <ele>5.903438417240977</ele>
        <time>1970-01-01T00:11:16Z</time>
        <extensions>
          <gpxtpx:TrackPointExtension>
            <gpxtpx:hr>155</gpxtpx:hr>
          </gpxtpx:TrackPointExtension>
        </extensions>
      </trkpt>
      <trkpt lat="31.044267605340863" lon="121.53266290786328">
        <ele>5.898833768442273</ele>
        <time>1970-01-01T00:11:17Z</time>
        <extensions>
          <gpxtpx:TrackPointExtension>
            <gpxtpx:hr>155</gpxtpx:hr>
          </gpxtpx:TrackPointExtension>
        </extensions>
      </trkpt>
      <trkpt lat="31.044288039526545" lon="121.53268273924085">
        <ele>5.895696701481938</ele>
        <time>1970-01-01T00:11:18Z</time>
        <extensions>
          <gpxtpx:TrackPointExtension>
            <gpxtpx:hr>154</gpxtpx:hr>
          </gpxtpx:TrackPointExtension>
        </extensions>
      </trkpt>
      <trkpt lat="31.04431089156118" lon="121.53269979848172">
        <ele>5.89398932736367</ele>
        <time>1970-01-01T00:11:19Z</time>
        <extensions>
          <gpxtpx:TrackPointExtension>
            <gpxtpx:hr>154</gpxtpx:hr>
          </gpxtpx:TrackPointExtension>
        </extensions>
      </trkpt>
      <trkpt lat="31.044334986733784" lon="121.53271435863385">
        <ele>5.893776488490403</ele>
        <time>1970-01-01T00:11:20Z</time>
        <extensions>
          <gpxtpx:TrackPointExtension>
            <gpxtpx:hr>154</gpxtpx:hr>
          </gpxtpx:TrackPointExtension>
        </extensions>
      </trkpt>
      <trkpt lat="31.04435873330319" lon="121.53272736487565">
        <ele>5.8950853906571865</ele>
        <time>1970-01-01T00:11:21Z</time>
        <extensions>
          <gpxtpx:TrackPointExtension>
            <gpxtpx:hr>154</gpxtpx:hr>
          </gpxtpx:TrackPointExtension>
        </extensions>
      </trkpt>
      <trkpt lat="31.04438228973514" lon="121.5327387817075">
        <ele>5.8978454964235425</ele>
        <time>1970-01-01T00:11:22Z</time>
        <extensions>
          <gpxtpx:TrackPointExtension>
            <gpxtpx:hr>154</gpxtpx:hr>
          </gpxtpx:TrackPointExtension>
        </extensions>
      </trkpt>
      <trkpt lat="31.044406470492213" lon="121.53274816813475">
        <ele>5.901884851977229</ele>
        <time>1970-01-01T00:11:23Z</time>
        <extensions>
          <gpxtpx:TrackPointExtension>
            <gpxtpx:hr>154</gpxtpx:hr>
          </gpxtpx:TrackPointExtension>
        </extensions>
      </trkpt>
      <trkpt lat="31.04443121286858" lon="121.53275436244665">
        <ele>5.906999038532376</ele>
        <time>1970-01-01T00:11:24Z</time>
        <extensions>
          <gpxtpx:TrackPointExtension>
            <gpxtpx:hr>154</gpxtpx:hr>
          </gpxtpx:TrackPointExtension>
        </extensions>
      </trkpt>
      <trkpt lat="31.044455955214982" lon="121.53275620066202">
        <ele>5.912946037948132</ele>
        <time>1970-01-01T00:11:25Z</time>
        <extensions>
          <gpxtpx:TrackPointExtension>
            <gpxtpx:hr>154</gpxtpx:hr>
          </gpxtpx:TrackPointExtension>
        </extensions>
      </trkpt>
      <trkpt lat="31.04448005118755" lon="121.53275365013299">
        <ele>5.91951422020793</ele>
        <time>1970-01-01T00:11:26Z</time>
        <extensions>
          <gpxtpx:TrackPointExtension>
            <gpxtpx:hr>154</gpxtpx:hr>
          </gpxtpx:TrackPointExtension>
        </extensions>
      </trkpt>
      <trkpt lat="31.044503904851968" lon="121.53274720879702">
        <ele>5.926561702974141</ele>
        <time>1970-01-01T00:11:27Z</time>
        <extensions>
          <gpxtpx:TrackPointExtension>
            <gpxtpx:hr>154</gpxtpx:hr>
          </gpxtpx:TrackPointExtension>
        </extensions>
      </trkpt>
      <trkpt lat="31.044527239470582" lon="121.53273798288683">
        <ele>5.934034355916083</ele>
        <time>1970-01-01T00:11:28Z</time>
        <extensions>
          <gpxtpx:TrackPointExtension>
            <gpxtpx:hr>154</gpxtpx:hr>
          </gpxtpx:TrackPointExtension>
        </extensions>
      </trkpt>
      <trkpt lat="31.044549734634032" lon="121.53272690758214">
        <ele>5.941907447762787</ele>
        <time>1970-01-01T00:11:29Z</time>
        <extensions>
          <gpxtpx:TrackPointExtension>
            <gpxtpx:hr>154</gpxtpx:hr>
          </gpxtpx:TrackPointExtension>
        </extensions>
      </trkpt>
      <trkpt lat="31.04457156570493" lon="121.53271436840865">
        <ele>5.950584250502288</ele>
        <time>1970-01-01T00:11:30Z</time>
        <extensions>
          <gpxtpx:TrackPointExtension>
            <gpxtpx:hr>154</gpxtpx:hr>
          </gpxtpx:TrackPointExtension>
        </extensions>
      </trkpt>
      <trkpt lat="31.04459296781578" lon="121.5327007864226">
        <ele>5.960723792202771</ele>
        <time>1970-01-01T00:11:31Z</time>
        <extensions>
          <gpxtpx:TrackPointExtension>
            <gpxtpx:hr>154</gpxtpx:hr>
          </gpxtpx:TrackPointExtension>
        </extensions>
      </trkpt>
      <trkpt lat="31.04461441554991" lon="121.53268574845504">
        <ele>5.972948022186756</ele>
        <time>1970-01-01T00:11:32Z</time>
        <extensions>
          <gpxtpx:TrackPointExtension>
            <gpxtpx:hr>154</gpxtpx:hr>
          </gpxtpx:TrackPointExtension>
        </extensions>
      </trkpt>
      <trkpt lat="31.04463606709907" lon="121.53266975688213">
        <ele>5.988015213981271</ele>
        <time>1970-01-01T00:11:33Z</time>
        <extensions>
          <gpxtpx:TrackPointExtension>
            <gpxtpx:hr>154</gpxtpx:hr>
          </gpxtpx:TrackPointExtension>
        </extensions>
      </trkpt>
      <trkpt lat="31.044657734845373" lon="121.53265393572954">
        <ele>6.006687985733151</ele>
        <time>1970-01-01T00:11:34Z</time>
        <extensions>
          <gpxtpx:TrackPointExtension>
            <gpxtpx:hr>154</gpxtpx:hr>
          </gpxtpx:TrackPointExtension>
        </extensions>
      </trkpt>
      <trkpt lat="31.044679273458033" lon="121.53263888543113">
        <ele>6.029172249138355</ele>
        <time>1970-01-01T00:11:35Z</time>
        <extensions>
          <gpxtpx:TrackPointExtension>
            <gpxtpx:hr>154</gpxtpx:hr>
          </gpxtpx:TrackPointExtension>
        </extensions>
      </trkpt>
      <trkpt lat="31.044701059091153" lon="121.5326245274188">
        <ele>6.055104783736169</ele>
        <time>1970-01-01T00:11:36Z</time>
        <extensions>
          <gpxtpx:TrackPointExtension>
            <gpxtpx:hr>154</gpxtpx:hr>
          </gpxtpx:TrackPointExtension>
        </extensions>
      </trkpt>
      <trkpt lat="31.044723527150257" lon="121.53260949836451">
        <ele>6.084133761934936</ele>
        <time>1970-01-01T00:11:37Z</time>
        <extensions>
          <gpxtpx:TrackPointExtension>
            <gpxtpx:hr>152</gpxtpx:hr>
          </gpxtpx:TrackPointExtension>
        </extensions>
      </trkpt>
      <trkpt lat="31.044746631922994" lon="121.53259345994901">
        <ele>6.115635734982789</ele>
        <time>1970-01-01T00:11:38Z</time>
        <extensions>
          <gpxtpx:TrackPointExtension>
            <gpxtpx:hr>152</gpxtpx:hr>
          </gpxtpx:TrackPointExtension>
        </extensions>
      </trkpt>
      <trkpt lat="31.044769717421193" lon="121.53257716245948">
        <ele>6.148838570341468</ele>
        <time>1970-01-01T00:11:39Z</time>
        <extensions>
          <gpxtpx:TrackPointExtension>
            <gpxtpx:hr>152</gpxtpx:hr>
          </gpxtpx:TrackPointExtension>
        </extensions>
      </trkpt>
      <trkpt lat="31.04479224646736" lon="121.5325612039846">
        <ele>6.182744860649109</ele>
        <time>1970-01-01T00:11:40Z</time>
        <extensions>
          <gpxtpx:TrackPointExtension>
            <gpxtpx:hr>152</gpxtpx:hr>
          </gpxtpx:TrackPointExtension>
        </extensions>
      </trkpt>
      <trkpt lat="31.044814204778902" lon="121.53254534964974">
        <ele>6.21608477178961</ele>
        <time>1970-01-01T00:11:41Z</time>
        <extensions>
          <gpxtpx:TrackPointExtension>
            <gpxtpx:hr>152</gpxtpx:hr>
          </gpxtpx:TrackPointExtension>
        </extensions>
      </trkpt>
      <trkpt lat="31.044836464461554" lon="121.53252879895952">
        <ele>6.247372809797525</ele>
        <time>1970-01-01T00:11:42Z</time>
        <extensions>
          <gpxtpx:TrackPointExtension>
            <gpxtpx:hr>152</gpxtpx:hr>
          </gpxtpx:TrackPointExtension>
        </extensions>
      </trkpt>
      <trkpt lat="31.044859505260764" lon="121.53251255115815">
        <ele>6.275410390459001</ele>
        <time>1970-01-01T00:11:43Z</time>
        <extensions>
          <gpxtpx:TrackPointExtension>
            <gpxtpx:hr>152</gpxtpx:hr>
          </gpxtpx:TrackPointExtension>
        </extensions>
      </trkpt>
      <trkpt lat="31.044883383054422" lon="121.53249741755778">
        <ele>6.299100928939879</ele>
        <time>1970-01-01T00:11:44Z</time>
        <extensions>
          <gpxtpx:TrackPointExtension>
            <gpxtpx:hr>152</gpxtpx:hr>
          </gpxtpx:TrackPointExtension>
        </extensions>
      </trkpt>
      <trkpt lat="31.044907769844663" lon="121.53248316684504">
        <ele>6.317714663222432</ele>
        <time>1970-01-01T00:11:45Z</time>
        <extensions>
          <gpxtpx:TrackPointExtension>
            <gpxtpx:hr>152</gpxtpx:hr>
          </gpxtpx:TrackPointExtension>
        </extensions>
      </trkpt>
      <trkpt lat="31.04493215964774" lon="121.53246929843769">
        <ele>6.3312500519678</ele>
        <time>1970-01-01T00:11:46Z</time>
        <extensions>
          <gpxtpx:TrackPointExtension>
            <gpxtpx:hr>152</gpxtpx:hr>
          </gpxtpx:TrackPointExtension>
        </extensions>
      </trkpt>
      <trkpt lat="31.04495634758681" lon="121.53245476528534">
        <ele>6.3401470351964235</ele>
        <time>1970-01-01T00:11:47Z</time>
        <extensions>
          <gpxtpx:TrackPointExtension>
            <gpxtpx:hr>152</gpxtpx:hr>
          </gpxtpx:TrackPointExtension>
        </extensions>
      </trkpt>
      <trkpt lat="31.04498054168106" lon="121.53243976495258">
        <ele>6.345096522942185</ele>
        <time>1970-01-01T00:11:48Z</time>
        <extensions>
          <gpxtpx:TrackPointExtension>
            <gpxtpx:hr>153</gpxtpx:hr>
          </gpxtpx:TrackPointExtension>
        </extensions>
      </trkpt>
      <trkpt lat="31.04500510176524" lon="121.5324245054022">
        <ele>6.347057118080556</ele>
        <time>1970-01-01T00:11:49Z</time>
        <extensions>
          <gpxtpx:TrackPointExtension>
            <gpxtpx:hr>153</gpxtpx:hr>
          </gpxtpx:TrackPointExtension>
        </extensions>
      </trkpt>
      <trkpt lat="31.045029364633038" lon="121.53240905740306">
        <ele>6.347156126052141</ele>
        <time>1970-01-01T00:11:50Z</time>
        <extensions>
          <gpxtpx:TrackPointExtension>
            <gpxtpx:hr>153</gpxtpx:hr>
          </gpxtpx:TrackPointExtension>
        </extensions>
      </trkpt>
      <trkpt lat="31.04505140372136" lon="121.53239304848144">
        <ele>6.3464505122974515</ele>
        <time>1970-01-01T00:11:51Z</time>
        <extensions>
          <gpxtpx:TrackPointExtension>
            <gpxtpx:hr>153</gpxtpx:hr>
          </gpxtpx:TrackPointExtension>
        </extensions>
      </trkpt>
      <trkpt lat="31.045070584489675" lon="121.53237493249911">
        <ele>6.34597051423043</ele>
        <time>1970-01-01T00:11:52Z</time>
        <extensions>
          <gpxtpx:TrackPointExtension>
            <gpxtpx:hr>153</gpxtpx:hr>
          </gpxtpx:TrackPointExtension>
        </extensions>
      </trkpt>
      <trkpt lat="31.045087618602818" lon="121.53235420042559">
        <ele>6.346346070989966</ele>
        <time>1970-01-01T00:11:53Z</time>
        <extensions>
          <gpxtpx:TrackPointExtension>
            <gpxtpx:hr>153</gpxtpx:hr>
          </gpxtpx:TrackPointExtension>
        </extensions>
      </trkpt>
      <trkpt lat="31.045102747767523" lon="121.53233097175762">
        <ele>6.34783267788589</ele>
        <time>1970-01-01T00:11:54Z</time>
        <extensions>
          <gpxtpx:TrackPointExtension>
            <gpxtpx:hr>153</gpxtpx:hr>
          </gpxtpx:TrackPointExtension>
        </extensions>
      </trkpt>
      <trkpt lat="31.04511610168538" lon="121.53230526510113">
        <ele>6.350434950552881</ele>
        <time>1970-01-01T00:11:55Z</time>
        <extensions>
          <gpxtpx:TrackPointExtension>
            <gpxtpx:hr>153</gpxtpx:hr>
          </gpxtpx:TrackPointExtension>
        </extensions>
      </trkpt>
      <trkpt lat="31.045127256630316" lon="121.53227768378372">
        <ele>6.354211146943271</ele>
        <time>1970-01-01T00:11:56Z</time>
        <extensions>
          <gpxtpx:TrackPointExtension>
            <gpxtpx:hr>153</gpxtpx:hr>
          </gpxtpx:TrackPointExtension>
        </extensions>
      </trkpt>
      <trkpt lat="31.045135252245522" lon="121.53224894915077">
        <ele>6.358947948552668</ele>
        <time>1970-01-01T00:11:57Z</time>
        <extensions>
          <gpxtpx:TrackPointExtension>
            <gpxtpx:hr>154</gpxtpx:hr>
          </gpxtpx:TrackPointExtension>
        </extensions>
      </trkpt>
      <trkpt lat="31.045139235350504" lon="121.53221937958745">
        <ele>6.364258782938123</ele>
        <time>1970-01-01T00:11:58Z</time>
        <extensions>
          <gpxtpx:TrackPointExtension>
            <gpxtpx:hr>154</gpxtpx:hr>
          </gpxtpx:TrackPointExtension>
        </extensions>
      </trkpt>
      <trkpt lat="31.045139189029452" lon="121.53218909060821">
        <ele>6.369696769863367</ele>
        <time>1970-01-01T00:11:59Z</time>
        <extensions>
          <gpxtpx:TrackPointExtension>
            <gpxtpx:hr>154</gpxtpx:hr>
          </gpxtpx:TrackPointExtension>
        </extensions>
      </trkpt>
      <trkpt lat="31.045135811387485" lon="121.53215809916911">
        <ele>6.374854721128941</ele>
        <time>1970-01-01T00:12:00Z</time>
        <extensions>
          <gpxtpx:TrackPointExtension>
            <gpxtpx:hr>154</gpxtpx:hr>
          </gpxtpx:TrackPointExtension>
        </extensions>
      </trkpt>
      <trkpt lat="31.045129826931856" lon="121.53212672969188">
        <ele>6.3793200217187405</ele>
        <time>1970-01-01T00:12:01Z</time>
        <extensions>
          <gpxtpx:TrackPointExtension>
            <gpxtpx:hr>154</gpxtpx:hr>
          </gpxtpx:TrackPointExtension>
        </extensions>
      </trkpt>
      <trkpt lat="31.045121156072142" lon="121.53209694791073">
        <ele>6.3828198770061135</ele>
        <time>1970-01-01T00:12:02Z</time>
        <extensions>
          <gpxtpx:TrackPointExtension>
            <gpxtpx:hr>154</gpxtpx:hr>
          </gpxtpx:TrackPointExtension>
        </extensions>
      </trkpt>
      <trkpt lat="31.045110133907308" lon="121.53206974328107">
        <ele>6.385175736621022</ele>
        <time>1970-01-01T00:12:03Z</time>
        <extensions>
          <gpxtpx:TrackPointExtension>
            <gpxtpx:hr>154</gpxtpx:hr>
          </gpxtpx:TrackPointExtension>
        </extensions>
      </trkpt>
      <trkpt lat="31.045096925091173" lon="121.532043588765">
        <ele>6.38628454040736</ele>
        <time>1970-01-01T00:12:04Z</time>
        <extensions>
          <gpxtpx:TrackPointExtension>
            <gpxtpx:hr>154</gpxtpx:hr>
          </gpxtpx:TrackPointExtension>
        </extensions>
      </trkpt>
      <trkpt lat="31.045081044212527" lon="121.53201830615268">
        <ele>6.386138580739498</ele>
        <time>1970-01-01T00:12:05Z</time>
        <extensions>
          <gpxtpx:TrackPointExtension>
            <gpxtpx:hr>154</gpxtpx:hr>
          </gpxtpx:TrackPointExtension>
        </extensions>
      </trkpt>
      <trkpt lat="31.045062489939557" lon="121.53199552716791">
        <ele>6.384816783480346</ele>
        <time>1970-01-01T00:12:06Z</time>
        <extensions>
          <gpxtpx:TrackPointExtension>
            <gpxtpx:hr>154</gpxtpx:hr>
          </gpxtpx:TrackPointExtension>
        </extensions>
      </trkpt>
      <trkpt lat="31.04504113324941" lon="121.53197634771664">
        <ele>6.382355364970863</ele>
        <time>1970-01-01T00:12:07Z</time>
        <extensions>
          <gpxtpx:TrackPointExtension>
            <gpxtpx:hr>154</gpxtpx:hr>
          </gpxtpx:TrackPointExtension>
        </extensions>
      </trkpt>
      <trkpt lat="31.045017552957876" lon="121.53196075454044">
        <ele>6.378834148868918</ele>
        <time>1970-01-01T00:12:08Z</time>
        <extensions>
          <gpxtpx:TrackPointExtension>
            <gpxtpx:hr>153</gpxtpx:hr>
          </gpxtpx:TrackPointExtension>
        </extensions>
      </trkpt>
      <trkpt lat="31.044992730587385" lon="121.53194790233297">
        <ele>6.374470874667168</ele>
        <time>1970-01-01T00:12:09Z</time>
        <extensions>
          <gpxtpx:TrackPointExtension>
            <gpxtpx:hr>153</gpxtpx:hr>
          </gpxtpx:TrackPointExtension>
        </extensions>
      </trkpt>
      <trkpt lat="31.04496772079452" lon="121.53193717736734">
        <ele>6.369479707442224</ele>
        <time>1970-01-01T00:12:10Z</time>
        <extensions>
          <gpxtpx:TrackPointExtension>
            <gpxtpx:hr>153</gpxtpx:hr>
          </gpxtpx:TrackPointExtension>
        </extensions>
      </trkpt>
      <trkpt lat="31.044942657888118" lon="121.53192857912322">
        <ele>6.363981413654983</ele>
        <time>1970-01-01T00:12:11Z</time>
        <extensions>
          <gpxtpx:TrackPointExtension>
            <gpxtpx:hr>153</gpxtpx:hr>
          </gpxtpx:TrackPointExtension>
        </extensions>
      </trkpt>
      <trkpt lat="31.044917144425238" lon="121.53192299327793">
        <ele>6.358117545954883</ele>
        <time>1970-01-01T00:12:12Z</time>
        <extensions>
          <gpxtpx:TrackPointExtension>
            <gpxtpx:hr>153</gpxtpx:hr>
          </gpxtpx:TrackPointExtension>
        </extensions>
      </trkpt>
      <trkpt lat="31.04489144463351" lon="121.5319216289239">
        <ele>6.352154714055359</ele>
        <time>1970-01-01T00:12:13Z</time>
        <extensions>
          <gpxtpx:TrackPointExtension>
            <gpxtpx:hr>153</gpxtpx:hr>
          </gpxtpx:TrackPointExtension>
        </extensions>
      </trkpt>
      <trkpt lat="31.044865557164336" lon="121.53192495572526">
        <ele>6.346623425371945</ele>
        <time>1970-01-01T00:12:14Z</time>
        <extensions>
          <gpxtpx:TrackPointExtension>
            <gpxtpx:hr>153</gpxtpx:hr>
          </gpxtpx:TrackPointExtension>
        </extensions>
      </trkpt>
      <trkpt lat="31.04483960751108" lon="121.53193194809577">
        <ele>6.342058835551143</ele>
        <time>1970-01-01T00:12:15Z</time>
        <extensions>
          <gpxtpx:TrackPointExtension>
            <gpxtpx:hr>154</gpxtpx:hr>
          </gpxtpx:TrackPointExtension>
        </extensions>
      </trkpt>
      <trkpt lat="31.044814008188293" lon="121.53194134441405">
        <ele>6.338932649232447</ele>
        <time>1970-01-01T00:12:16Z</time>
        <extensions>
          <gpxtpx:TrackPointExtension>
            <gpxtpx:hr>154</gpxtpx:hr>
          </gpxtpx:TrackPointExtension>
        </extensions>
      </trkpt>
      <trkpt lat="31.04478859035277" lon="121.53195245499812">
        <ele>6.337650486268103</ele>
        <time>1970-01-01T00:12:17Z</time>
        <extensions>
          <gpxtpx:TrackPointExtension>
            <gpxtpx:hr>154</gpxtpx:hr>
          </gpxtpx:TrackPointExtension>
        </extensions>
      </trkpt>
      <trkpt lat="31.04476345282143" lon="121.53196385678979">
        <ele>6.33855448756367</ele>
        <time>1970-01-01T00:12:18Z</time>
        <extensions>
          <gpxtpx:TrackPointExtension>
            <gpxtpx:hr>154</gpxtpx:hr>
          </gpxtpx:TrackPointExtension>
        </extensions>
      </trkpt>
      <trkpt lat="31.044738172655737" lon="121.53197402992649">
        <ele>6.341950308531523</ele>
        <time>1970-01-01T00:12:19Z</time>
        <extensions>
          <gpxtpx:TrackPointExtension>
            <gpxtpx:hr>154</gpxtpx:hr>
          </gpxtpx:TrackPointExtension>
        </extensions>
      </trkpt>
      <trkpt lat="31.04471279908502" lon="121.53198245016613">
        <ele>6.348045281134546</ele>
        <time>1970-01-01T00:12:20Z</time>
        <extensions>
          <gpxtpx:TrackPointExtension>
            <gpxtpx:hr>154</gpxtpx:hr>
          </gpxtpx:TrackPointExtension>
        </extensions>
      </trkpt>
      <trkpt lat="31.044687755721217" lon="121.53199019399649">
        <ele>6.356744283810258</ele>
        <time>1970-01-01T00:12:21Z</time>
        <extensions>
          <gpxtpx:TrackPointExtension>
            <gpxtpx:hr>154</gpxtpx:hr>
          </gpxtpx:TrackPointExtension>
        </extensions>
      </trkpt>
      <trkpt lat="31.04466302250539" lon="121.53199944743314">
        <ele>6.367761210538447</ele>
        <time>1970-01-01T00:12:22Z</time>
        <extensions>
          <gpxtpx:TrackPointExtension>
            <gpxtpx:hr>155</gpxtpx:hr>
          </gpxtpx:TrackPointExtension>
        </extensions>
      </trkpt>
      <trkpt lat="31.04463867461519" lon="121.53201084744484">
        <ele>6.380751756951213</ele>
        <time>1970-01-01T00:12:23Z</time>
        <extensions>
          <gpxtpx:TrackPointExtension>
            <gpxtpx:hr>155</gpxtpx:hr>
          </gpxtpx:TrackPointExtension>
        </extensions>
      </trkpt>
      <trkpt lat="31.04461455639673" lon="121.53202378472793">
        <ele>6.395137672312558</ele>
        <time>1970-01-01T00:12:24Z</time>
        <extensions>
          <gpxtpx:TrackPointExtension>
            <gpxtpx:hr>155</gpxtpx:hr>
          </gpxtpx:TrackPointExtension>
        </extensions>
      </trkpt>
      <trkpt lat="31.04459051788724" lon="121.53203725645827">
        <ele>6.410261707380414</ele>
        <time>1970-01-01T00:12:25Z</time>
        <extensions>
          <gpxtpx:TrackPointExtension>
            <gpxtpx:hr>155</gpxtpx:hr>
          </gpxtpx:TrackPointExtension>
        </extensions>
      </trkpt>
      <trkpt lat="31.044566339906616" lon="121.53205039982099">
        <ele>6.4254857106134295</ele>
        <time>1970-01-01T00:12:25Z</time>
        <extensions>
          <gpxtpx:TrackPointExtension>
            <gpxtpx:hr>155</gpxtpx:hr>
          </gpxtpx:TrackPointExtension>
        </extensions>
      </trkpt>
      <trkpt lat="31.044541853212305" lon="121.53206333663233">
        <ele>6.440224603749812</ele>
        <time>1970-01-01T00:12:26Z</time>
        <extensions>
          <gpxtpx:TrackPointExtension>
            <gpxtpx:hr>155</gpxtpx:hr>
          </gpxtpx:TrackPointExtension>
        </extensions>
      </trkpt>
      <trkpt lat="31.044517662497388" lon="121.53207547543249">
        <ele>6.453900070860982</ele>
        <time>1970-01-01T00:12:27Z</time>
        <extensions>
          <gpxtpx:TrackPointExtension>
            <gpxtpx:hr>155</gpxtpx:hr>
          </gpxtpx:TrackPointExtension>
        </extensions>
      </trkpt>
      <trkpt lat="31.044493612759645" lon="121.53208722161206">
        <ele>6.465850830078125</ele>
        <time>1970-01-01T00:12:28Z</time>
        <extensions>
          <gpxtpx:TrackPointExtension>
            <gpxtpx:hr>154</gpxtpx:hr>
          </gpxtpx:TrackPointExtension>
        </extensions>
      </trkpt>
      <trkpt lat="31.04446974248977" lon="121.53209949859543">
        <ele>6.475492602214217</ele>
        <time>1970-01-01T00:12:29Z</time>
        <extensions>
          <gpxtpx:TrackPointExtension>
            <gpxtpx:hr>154</gpxtpx:hr>
          </gpxtpx:TrackPointExtension>
        </extensions>
      </trkpt>
      <trkpt lat="31.04444622733767" lon="121.53211253263036">
        <ele>6.482506779022515</ele>
        <time>1970-01-01T00:12:30Z</time>
        <extensions>
          <gpxtpx:TrackPointExtension>
            <gpxtpx:hr>154</gpxtpx:hr>
          </gpxtpx:TrackPointExtension>
        </extensions>
      </trkpt>
      <trkpt lat="31.04442233829705" lon="121.53212680959227">
        <ele>6.486941003240645</ele>
        <time>1970-01-01T00:12:31Z</time>
        <extensions>
          <gpxtpx:TrackPointExtension>
            <gpxtpx:hr>154</gpxtpx:hr>
          </gpxtpx:TrackPointExtension>
        </extensions>
      </trkpt>
      <trkpt lat="31.044397642524558" lon="121.53214173024173">
        <ele>6.489005779847503</ele>
        <time>1970-01-01T00:12:32Z</time>
        <extensions>
          <gpxtpx:TrackPointExtension>
            <gpxtpx:hr>154</gpxtpx:hr>
          </gpxtpx:TrackPointExtension>
        </extensions>
      </trkpt>
      <trkpt lat="31.04437245391867" lon="121.53215679061888">
        <ele>6.488932631909847</ele>
        <time>1970-01-01T00:12:33Z</time>
        <extensions>
          <gpxtpx:TrackPointExtension>
            <gpxtpx:hr>155</gpxtpx:hr>
          </gpxtpx:TrackPointExtension>
        </extensions>
      </trkpt>
      <trkpt lat="31.044347678910402" lon="121.53217263607971">
        <ele>6.487057861872017</ele>
        <time>1970-01-01T00:12:34Z</time>
        <extensions>
          <gpxtpx:TrackPointExtension>
            <gpxtpx:hr>155</gpxtpx:hr>
          </gpxtpx:TrackPointExtension>
        </extensions>
      </trkpt>
      <trkpt lat="31.0443240903134" lon="121.53218987516168">
        <ele>6.483839611522853</ele>
        <time>1970-01-01T00:12:35Z</time>
        <extensions>
          <gpxtpx:TrackPointExtension>
            <gpxtpx:hr>155</gpxtpx:hr>
          </gpxtpx:TrackPointExtension>
        </extensions>
      </trkpt>
      <trkpt lat="31.04430214310447" lon="121.5322094274716">
        <ele>6.479868931695819</ele>
        <time>1970-01-01T00:12:36Z</time>
        <extensions>
          <gpxtpx:TrackPointExtension>
            <gpxtpx:hr>155</gpxtpx:hr>
          </gpxtpx:TrackPointExtension>
        </extensions>
      </trkpt>
      <trkpt lat="31.044282050100723" lon="121.53223089727075">
        <ele>6.475712897256017</ele>
        <time>1970-01-01T00:12:37Z</time>
        <extensions>
          <gpxtpx:TrackPointExtension>
            <gpxtpx:hr>155</gpxtpx:hr>
          </gpxtpx:TrackPointExtension>
        </extensions>
      </trkpt>
      <trkpt lat="31.044263069491986" lon="121.53225362725247">
        <ele>6.4719132874161005</ele>
        <time>1970-01-01T00:12:38Z</time>
        <extensions>
          <gpxtpx:TrackPointExtension>
            <gpxtpx:hr>157</gpxtpx:hr>
          </gpxtpx:TrackPointExtension>
        </extensions>
      </trkpt>
      <trkpt lat="31.044244849318634" lon="121.53227754678598">
        <ele>6.468971062451601</ele>
        <time>1970-01-01T00:12:39Z</time>
        <extensions>
          <gpxtpx:TrackPointExtension>
            <gpxtpx:hr>157</gpxtpx:hr>
          </gpxtpx:TrackPointExtension>
        </extensions>
      </trkpt>
      <trkpt lat="31.044228159190062" lon="121.53230326118164">
        <ele>6.467197614721954</ele>
        <time>1970-01-01T00:12:40Z</time>
        <extensions>
          <gpxtpx:TrackPointExtension>
            <gpxtpx:hr>157</gpxtpx:hr>
          </gpxtpx:TrackPointExtension>
        </extensions>
      </trkpt>
      <trkpt lat="31.044213793112405" lon="121.53233171608086">
        <ele>6.466364409774542</ele>
        <time>1970-01-01T00:12:41Z</time>
        <extensions>
          <gpxtpx:TrackPointExtension>
            <gpxtpx:hr>157</gpxtpx:hr>
          </gpxtpx:TrackPointExtension>
        </extensions>
      </trkpt>
      <trkpt lat="31.044202403033797" lon="121.53236213195083">
        <ele>6.46615185495466</ele>
        <time>1970-01-01T00:12:42Z</time>
        <extensions>
          <gpxtpx:TrackPointExtension>
            <gpxtpx:hr>157</gpxtpx:hr>
          </gpxtpx:TrackPointExtension>
        </extensions>
      </trkpt>
      <trkpt lat="31.044194377864773" lon="121.53239402948797">
        <ele>6.466061077080667</ele>
        <time>1970-01-01T00:12:43Z</time>
        <extensions>
          <gpxtpx:TrackPointExtension>
            <gpxtpx:hr>157</gpxtpx:hr>
          </gpxtpx:TrackPointExtension>
        </extensions>
      </trkpt>
      <trkpt lat="31.0441893603649" lon="121.53242685467161">
        <ele>6.465492263436317</ele>
        <time>1970-01-01T00:12:44Z</time>
        <extensions>
          <gpxtpx:TrackPointExtension>
            <gpxtpx:hr>157</gpxtpx:hr>
          </gpxtpx:TrackPointExtension>
        </extensions>
      </trkpt>
      <trkpt lat="31.04418741952643" lon="121.5324592897087">
        <ele>6.463851993903518</ele>
        <time>1970-01-01T00:12:45Z</time>
        <extensions>
          <gpxtpx:TrackPointExtension>
            <gpxtpx:hr>157</gpxtpx:hr>
          </gpxtpx:TrackPointExtension>
        </extensions>
      </trkpt>
      <trkpt lat="31.04418899463958" lon="121.53249017126144">
        <ele>6.460943264886737</ele>
        <time>1970-01-01T00:12:46Z</time>
        <extensions>
          <gpxtpx:TrackPointExtension>
            <gpxtpx:hr>157</gpxtpx:hr>
          </gpxtpx:TrackPointExtension>
        </extensions>
      </trkpt>
      <trkpt lat="31.044192987061383" lon="121.53251952744475">
        <ele>6.456505611538887</ele>
        <time>1970-01-01T00:12:47Z</time>
        <extensions>
          <gpxtpx:TrackPointExtension>
            <gpxtpx:hr>157</gpxtpx:hr>
          </gpxtpx:TrackPointExtension>
        </extensions>
      </trkpt>
      <trkpt lat="31.04419843958973" lon="121.53254848860881">
        <ele>6.450181075371802</ele>
        <time>1970-01-01T00:12:48Z</time>
        <extensions>
          <gpxtpx:TrackPointExtension>
            <gpxtpx:hr>157</gpxtpx:hr>
          </gpxtpx:TrackPointExtension>
        </extensions>
      </trkpt>
      <trkpt lat="31.044205261116073" lon="121.53257627999392">
        <ele>6.441602148115635</ele>
        <time>1970-01-01T00:12:49Z</time>
        <extensions>
          <gpxtpx:TrackPointExtension>
            <gpxtpx:hr>158</gpxtpx:hr>
          </gpxtpx:TrackPointExtension>
        </extensions>
      </trkpt>
      <trkpt lat="31.044214224066543" lon="121.53260149182334">
        <ele>6.430539705790579</ele>
        <time>1970-01-01T00:12:50Z</time>
        <extensions>
          <gpxtpx:TrackPointExtension>
            <gpxtpx:hr>158</gpxtpx:hr>
          </gpxtpx:TrackPointExtension>
        </extensions>
      </trkpt>
      <trkpt lat="31.04422608648082" lon="121.53262385755785">
        <ele>6.417217154055834</ele>
        <time>1970-01-01T00:12:51Z</time>
        <extensions>
          <gpxtpx:TrackPointExtension>
            <gpxtpx:hr>158</gpxtpx:hr>
          </gpxtpx:TrackPointExtension>
        </extensions>
      </trkpt>
      <trkpt lat="31.04424122882709" lon="121.5326439208473">
        <ele>6.4020538898184896</ele>
        <time>1970-01-01T00:12:52Z</time>
        <extensions>
          <gpxtpx:TrackPointExtension>
            <gpxtpx:hr>158</gpxtpx:hr>
          </gpxtpx:TrackPointExtension>
        </extensions>
      </trkpt>
      <trkpt lat="31.0442595206795" lon="121.5326621534254">
        <ele>6.3859258675947785</ele>
        <time>1970-01-01T00:12:53Z</time>
        <extensions>
          <gpxtpx:TrackPointExtension>
            <gpxtpx:hr>158</gpxtpx:hr>
          </gpxtpx:TrackPointExtension>
        </extensions>
      </trkpt>
      <trkpt lat="31.044279764664374" lon="121.5326789194605">
        <ele>6.370121855288744</ele>
        <time>1970-01-01T00:12:54Z</time>
        <extensions>
          <gpxtpx:TrackPointExtension>
            <gpxtpx:hr>158</gpxtpx:hr>
          </gpxtpx:TrackPointExtension>
        </extensions>
      </trkpt>
      <trkpt lat="31.044300917731913" lon="121.53269444524939">
        <ele>6.355929986573756</ele>
        <time>1970-01-01T00:12:55Z</time>
        <extensions>
          <gpxtpx:TrackPointExtension>
            <gpxtpx:hr>158</gpxtpx:hr>
          </gpxtpx:TrackPointExtension>
        </extensions>
      </trkpt>
      <trkpt lat="31.04432278239953" lon="121.53270831825867">
        <ele>6.344536825083196</ele>
        <time>1970-01-01T00:12:56Z</time>
        <extensions>
          <gpxtpx:TrackPointExtension>
            <gpxtpx:hr>158</gpxtpx:hr>
          </gpxtpx:TrackPointExtension>
        </extensions>
      </trkpt>
      <trkpt lat="31.044345793509518" lon="121.53271982959403">
        <ele>6.3370027812197804</ele>
        <time>1970-01-01T00:12:57Z</time>
        <extensions>
          <gpxtpx:TrackPointExtension>
            <gpxtpx:hr>158</gpxtpx:hr>
          </gpxtpx:TrackPointExtension>
        </extensions>
      </trkpt>
      <trkpt lat="31.044369998846268" lon="121.5327283731476">
        <ele>6.333839852362871</ele>
        <time>1970-01-01T00:12:58Z</time>
        <extensions>
          <gpxtpx:TrackPointExtension>
            <gpxtpx:hr>158</gpxtpx:hr>
          </gpxtpx:TrackPointExtension>
        </extensions>
      </trkpt>
      <trkpt lat="31.044395095371765" lon="121.53273404009035">
        <ele>6.334737338125706</ele>
        <time>1970-01-01T00:12:59Z</time>
        <extensions>
          <gpxtpx:TrackPointExtension>
            <gpxtpx:hr>158</gpxtpx:hr>
          </gpxtpx:TrackPointExtension>
        </extensions>
      </trkpt>
      <trkpt lat="31.04442105203514" lon="121.53273664101005">
        <ele>6.3393074460327625</ele>
        <time>1970-01-01T00:13:00Z</time>
        <extensions>
          <gpxtpx:TrackPointExtension>
            <gpxtpx:hr>158</gpxtpx:hr>
          </gpxtpx:TrackPointExtension>
        </extensions>
      </trkpt>
      <trkpt lat="31.044447329105896" lon="121.53273601423372">
        <ele>6.347260584123433</ele>
        <time>1970-01-01T00:13:01Z</time>
        <extensions>
          <gpxtpx:TrackPointExtension>
            <gpxtpx:hr>158</gpxtpx:hr>
          </gpxtpx:TrackPointExtension>
        </extensions>
      </trkpt>
      <trkpt lat="31.044473084627583" lon="121.5327323146666">
        <ele>6.358120874501765</ele>
        <time>1970-01-01T00:13:02Z</time>
        <extensions>
          <gpxtpx:TrackPointExtension>
            <gpxtpx:hr>158</gpxtpx:hr>
          </gpxtpx:TrackPointExtension>
        </extensions>
      </trkpt>
      <trkpt lat="31.044498067890256" lon="121.53272580495378">
        <ele>6.3712423192337155</ele>
        <time>1970-01-01T00:13:03Z</time>
        <extensions>
          <gpxtpx:TrackPointExtension>
            <gpxtpx:hr>158</gpxtpx:hr>
          </gpxtpx:TrackPointExtension>
        </extensions>
      </trkpt>
      <trkpt lat="31.04452229788363" lon="121.53271791927797">
        <ele>6.38596610724926</ele>
        <time>1970-01-01T00:13:04Z</time>
        <extensions>
          <gpxtpx:TrackPointExtension>
            <gpxtpx:hr>158</gpxtpx:hr>
          </gpxtpx:TrackPointExtension>
        </extensions>
      </trkpt>
      <trkpt lat="31.044545501385773" lon="121.53271014297216">
        <ele>6.4014387764036655</ele>
        <time>1970-01-01T00:13:05Z</time>
        <extensions>
          <gpxtpx:TrackPointExtension>
            <gpxtpx:hr>158</gpxtpx:hr>
          </gpxtpx:TrackPointExtension>
        </extensions>
      </trkpt>
      <trkpt lat="31.044567921610774" lon="121.53270252575003">
        <ele>6.4168217573314905</ele>
        <time>1970-01-01T00:13:06Z</time>
        <extensions>
          <gpxtpx:TrackPointExtension>
            <gpxtpx:hr>158</gpxtpx:hr>
          </gpxtpx:TrackPointExtension>
        </extensions>
      </trkpt>
      <trkpt lat="31.04459089160801" lon="121.53269316196673">
        <ele>6.431396316736937</ele>
        <time>1970-01-01T00:13:07Z</time>
        <extensions>
          <gpxtpx:TrackPointExtension>
            <gpxtpx:hr>158</gpxtpx:hr>
          </gpxtpx:TrackPointExtension>
        </extensions>
      </trkpt>
      <trkpt lat="31.044614704157617" lon="121.53268021623238">
        <ele>6.444674269296229</ele>
        <time>1970-01-01T00:13:08Z</time>
        <extensions>
          <gpxtpx:TrackPointExtension>
            <gpxtpx:hr>158</gpxtpx:hr>
          </gpxtpx:TrackPointExtension>
        </extensions>
      </trkpt>
      <trkpt lat="31.044638163468917" lon="121.53266540775384">
        <ele>6.456471647135913</ele>
        <time>1970-01-01T00:13:09Z</time>
        <extensions>
          <gpxtpx:TrackPointExtension>
            <gpxtpx:hr>158</gpxtpx:hr>
          </gpxtpx:TrackPointExtension>
        </extensions>
      </trkpt>
      <trkpt lat="31.04466091462637" lon="121.53265085129277">
        <ele>6.466973818838596</ele>
        <time>1970-01-01T00:13:10Z</time>
        <extensions>
          <gpxtpx:TrackPointExtension>
            <gpxtpx:hr>158</gpxtpx:hr>
          </gpxtpx:TrackPointExtension>
        </extensions>
      </trkpt>
      <trkpt lat="31.044683656146525" lon="121.53263681929717">
        <ele>6.476620159111917</ele>
        <time>1970-01-01T00:13:11Z</time>
        <extensions>
          <gpxtpx:TrackPointExtension>
            <gpxtpx:hr>158</gpxtpx:hr>
          </gpxtpx:TrackPointExtension>
        </extensions>
      </trkpt>
      <trkpt lat="31.044706875157075" lon="121.53262313335411">
        <ele>6.485944664105773</ele>
        <time>1970-01-01T00:13:12Z</time>
        <extensions>
          <gpxtpx:TrackPointExtension>
            <gpxtpx:hr>158</gpxtpx:hr>
          </gpxtpx:TrackPointExtension>
        </extensions>
      </trkpt>
      <trkpt lat="31.044730829406767" lon="121.53260885137584">
        <ele>6.495449595153332</ele>
        <time>1970-01-01T00:13:13Z</time>
        <extensions>
          <gpxtpx:TrackPointExtension>
            <gpxtpx:hr>158</gpxtpx:hr>
          </gpxtpx:TrackPointExtension>
        </extensions>
      </trkpt>
      <trkpt lat="31.044754819940405" lon="121.53259388453621">
        <ele>6.505381085909903</ele>
        <time>1970-01-01T00:13:14Z</time>
        <extensions>
          <gpxtpx:TrackPointExtension>
            <gpxtpx:hr>158</gpxtpx:hr>
          </gpxtpx:TrackPointExtension>
        </extensions>
      </trkpt>
      <trkpt lat="31.044778640216762" lon="121.53257803589132">
        <ele>6.515869405120611</ele>
        <time>1970-01-01T00:13:15Z</time>
        <extensions>
          <gpxtpx:TrackPointExtension>
            <gpxtpx:hr>158</gpxtpx:hr>
          </gpxtpx:TrackPointExtension>
        </extensions>
      </trkpt>
      <trkpt lat="31.044802530556026" lon="121.53256127257187">
        <ele>6.526821909472346</ele>
        <time>1970-01-01T00:13:16Z</time>
        <extensions>
          <gpxtpx:TrackPointExtension>
            <gpxtpx:hr>158</gpxtpx:hr>
          </gpxtpx:TrackPointExtension>
        </extensions>
      </trkpt>
      <trkpt lat="31.04482609053726" lon="121.5325448828359">
        <ele>6.537955678999424</ele>
        <time>1970-01-01T00:13:17Z</time>
        <extensions>
          <gpxtpx:TrackPointExtension>
            <gpxtpx:hr>158</gpxtpx:hr>
          </gpxtpx:TrackPointExtension>
        </extensions>
      </trkpt>
      <trkpt lat="31.044849865422186" lon="121.53252904575413">
        <ele>6.548911506310105</ele>
        <time>1970-01-01T00:13:18Z</time>
        <extensions>
          <gpxtpx:TrackPointExtension>
            <gpxtpx:hr>158</gpxtpx:hr>
          </gpxtpx:TrackPointExtension>
        </extensions>
      </trkpt>
      <trkpt lat="31.044873841679788" lon="121.53251334950042">
        <ele>6.559527692385018</ele>
        <time>1970-01-01T00:13:19Z</time>
        <extensions>
          <gpxtpx:TrackPointExtension>
            <gpxtpx:hr>158</gpxtpx:hr>
          </gpxtpx:TrackPointExtension>
        </extensions>
      </trkpt>
      <trkpt lat="31.044897509764162" lon="121.5324975393461">
        <ele>6.569613855332136</ele>
        <time>1970-01-01T00:13:20Z</time>
        <extensions>
          <gpxtpx:TrackPointExtension>
            <gpxtpx:hr>158</gpxtpx:hr>
          </gpxtpx:TrackPointExtension>
        </extensions>
      </trkpt>
      <trkpt lat="31.04492059420426" lon="121.5324814998893">
        <ele>6.5792296174913645</ele>
        <time>1970-01-01T00:13:21Z</time>
        <extensions>
          <gpxtpx:TrackPointExtension>
            <gpxtpx:hr>158</gpxtpx:hr>
          </gpxtpx:TrackPointExtension>
        </extensions>
      </trkpt>
      <trkpt lat="31.04494242752885" lon="121.53246610941646">
        <ele>6.588778964243829</ele>
        <time>1970-01-01T00:13:22Z</time>
        <extensions>
          <gpxtpx:TrackPointExtension>
            <gpxtpx:hr>159</gpxtpx:hr>
          </gpxtpx:TrackPointExtension>
        </extensions>
      </trkpt>
      <trkpt lat="31.044963813084628" lon="121.53245145974296">
        <ele>6.598698290064931</ele>
        <time>1970-01-01T00:13:23Z</time>
        <extensions>
          <gpxtpx:TrackPointExtension>
            <gpxtpx:hr>159</gpxtpx:hr>
          </gpxtpx:TrackPointExtension>
        </extensions>
      </trkpt>
      <trkpt lat="31.04498550007721" lon="121.53243728729376">
        <ele>6.609471696428955</ele>
        <time>1970-01-01T00:13:24Z</time>
        <extensions>
          <gpxtpx:TrackPointExtension>
            <gpxtpx:hr>159</gpxtpx:hr>
          </gpxtpx:TrackPointExtension>
        </extensions>
      </trkpt>
      <trkpt lat="31.0450071112265" lon="121.53242315617963">
        <ele>6.621683060191572</ele>
        <time>1970-01-01T00:13:25Z</time>
        <extensions>
          <gpxtpx:TrackPointExtension>
            <gpxtpx:hr>159</gpxtpx:hr>
          </gpxtpx:TrackPointExtension>
        </extensions>
      </trkpt>
      <trkpt lat="31.04502838554529" lon="121.53240749442364">
        <ele>6.635623996146023</ele>
        <time>1970-01-01T00:13:26Z</time>
        <extensions>
          <gpxtpx:TrackPointExtension>
            <gpxtpx:hr>159</gpxtpx:hr>
          </gpxtpx:TrackPointExtension>
        </extensions>
      </trkpt>
      <trkpt lat="31.045048376167355" lon="121.53238969673292">
        <ele>6.650878346525133</ele>
        <time>1970-01-01T00:13:27Z</time>
        <extensions>
          <gpxtpx:TrackPointExtension>
            <gpxtpx:hr>159</gpxtpx:hr>
          </gpxtpx:TrackPointExtension>
        </extensions>
      </trkpt>
      <trkpt lat="31.04506651749734" lon="121.53236942432692">
        <ele>6.667079968377948</ele>
        <time>1970-01-01T00:13:28Z</time>
        <extensions>
          <gpxtpx:TrackPointExtension>
            <gpxtpx:hr>159</gpxtpx:hr>
          </gpxtpx:TrackPointExtension>
        </extensions>
      </trkpt>
      <trkpt lat="31.04508279055831" lon="121.53234686392851">
        <ele>6.683543640188873</ele>
        <time>1970-01-01T00:13:29Z</time>
        <extensions>
          <gpxtpx:TrackPointExtension>
            <gpxtpx:hr>159</gpxtpx:hr>
          </gpxtpx:TrackPointExtension>
        </extensions>
      </trkpt>
      <trkpt lat="31.045096996355035" lon="121.53232264631862">
        <ele>6.699365288950503</ele>
        <time>1970-01-01T00:13:30Z</time>
        <extensions>
          <gpxtpx:TrackPointExtension>
            <gpxtpx:hr>159</gpxtpx:hr>
          </gpxtpx:TrackPointExtension>
        </extensions>
      </trkpt>
      <trkpt lat="31.04510895923669" lon="121.53229674132298">
        <ele>6.713540474884212</ele>
        <time>1970-01-01T00:13:31Z</time>
        <extensions>
          <gpxtpx:TrackPointExtension>
            <gpxtpx:hr>159</gpxtpx:hr>
          </gpxtpx:TrackPointExtension>
        </extensions>
      </trkpt>
      <trkpt lat="31.0451183824207" lon="121.53226952255318">
        <ele>6.725203787907958</ele>
        <time>1970-01-01T00:13:32Z</time>
        <extensions>
          <gpxtpx:TrackPointExtension>
            <gpxtpx:hr>159</gpxtpx:hr>
          </gpxtpx:TrackPointExtension>
        </extensions>
      </trkpt>
      <trkpt lat="31.045125030212844" lon="121.53224113475133">
        <ele>6.733291260898113</ele>
        <time>1970-01-01T00:13:33Z</time>
        <extensions>
          <gpxtpx:TrackPointExtension>
            <gpxtpx:hr>159</gpxtpx:hr>
          </gpxtpx:TrackPointExtension>
        </extensions>
      </trkpt>
      <trkpt lat="31.045129046613333" lon="121.53221147360804">
        <ele>6.736748298630118</ele>
        <time>1970-01-01T00:13:34Z</time>
        <extensions>
          <gpxtpx:TrackPointExtension>
            <gpxtpx:hr>159</gpxtpx:hr>
          </gpxtpx:TrackPointExtension>
        </extensions>
      </trkpt>
      <trkpt lat="31.045130777325635" lon="121.53218078171938">
        <ele>6.73464903049171</ele>
        <time>1970-01-01T00:13:35Z</time>
        <extensions>
          <gpxtpx:TrackPointExtension>
            <gpxtpx:hr>159</gpxtpx:hr>
          </gpxtpx:TrackPointExtension>
        </extensions>
      </trkpt>
      <trkpt lat="31.045129546282485" lon="121.53214961788555">
        <ele>6.726361654698849</ele>
        <time>1970-01-01T00:13:36Z</time>
        <extensions>
          <gpxtpx:TrackPointExtension>
            <gpxtpx:hr>159</gpxtpx:hr>
          </gpxtpx:TrackPointExtension>
        </extensions>
      </trkpt>
      <trkpt lat="31.045124563132998" lon="121.53211924997152">
        <ele>6.711858675815165</ele>
        <time>1970-01-01T00:13:37Z</time>
        <extensions>
          <gpxtpx:TrackPointExtension>
            <gpxtpx:hr>159</gpxtpx:hr>
          </gpxtpx:TrackPointExtension>
        </extensions>
      </trkpt>
      <trkpt lat="31.045116222799575" lon="121.53209039509733">
        <ele>6.691568648442626</ele>
        <time>1970-01-01T00:13:38Z</time>
        <extensions>
          <gpxtpx:TrackPointExtension>
            <gpxtpx:hr>159</gpxtpx:hr>
          </gpxtpx:TrackPointExtension>
        </extensions>
      </trkpt>
      <trkpt lat="31.045105424142456" lon="121.53206294376221">
        <ele>6.666299148462713</ele>
        <time>1970-01-01T00:13:39Z</time>
        <extensions>
          <gpxtpx:TrackPointExtension>
            <gpxtpx:hr>159</gpxtpx:hr>
          </gpxtpx:TrackPointExtension>
        </extensions>
      </trkpt>
      <trkpt lat="31.04509249672468" lon="121.53203631925294">
        <ele>6.637122127227485</ele>
        <time>1970-01-01T00:13:40Z</time>
        <extensions>
          <gpxtpx:TrackPointExtension>
            <gpxtpx:hr>159</gpxtpx:hr>
          </gpxtpx:TrackPointExtension>
        </extensions>
      </trkpt>
      <trkpt lat="31.045077170341088" lon="121.53201074953235">
        <ele>6.605247063562274</ele>
        <time>1970-01-01T00:13:41Z</time>
        <extensions>
          <gpxtpx:TrackPointExtension>
            <gpxtpx:hr>159</gpxtpx:hr>
          </gpxtpx:TrackPointExtension>
        </extensions>
      </trkpt>
      <trkpt lat="31.045059844753325" lon="121.53198791451352">
        <ele>6.571973392739892</ele>
        <time>1970-01-01T00:13:42Z</time>
        <extensions>
          <gpxtpx:TrackPointExtension>
            <gpxtpx:hr>159</gpxtpx:hr>
          </gpxtpx:TrackPointExtension>
        </extensions>
      </trkpt>
      <trkpt lat="31.045040528797234" lon="121.53196841617552">
        <ele>6.538465057499707</ele>
        <time>1970-01-01T00:13:43Z</time>
        <extensions>
          <gpxtpx:TrackPointExtension>
            <gpxtpx:hr>159</gpxtpx:hr>
          </gpxtpx:TrackPointExtension>
        </extensions>
      </trkpt>
      <trkpt lat="31.04501884418335" lon="121.53195179263359">
        <ele>6.505622028373182</ele>
        <time>1970-01-01T00:13:44Z</time>
        <extensions>
          <gpxtpx:TrackPointExtension>
            <gpxtpx:hr>159</gpxtpx:hr>
          </gpxtpx:TrackPointExtension>
        </extensions>
      </trkpt>
      <trkpt lat="31.044995258264798" lon="121.5319378728189">
        <ele>6.47406669985503</ele>
        <time>1970-01-01T00:13:45Z</time>
        <extensions>
          <gpxtpx:TrackPointExtension>
            <gpxtpx:hr>159</gpxtpx:hr>
          </gpxtpx:TrackPointExtension>
        </extensions>
      </trkpt>
      <trkpt lat="31.04497043322434" lon="121.53192695992573">
        <ele>6.444235615432262</ele>
        <time>1970-01-01T00:13:46Z</time>
        <extensions>
          <gpxtpx:TrackPointExtension>
            <gpxtpx:hr>159</gpxtpx:hr>
          </gpxtpx:TrackPointExtension>
        </extensions>
      </trkpt>
      <trkpt lat="31.04494534644422" lon="121.53191855260191">
        <ele>6.4165047984570265</ele>
        <time>1970-01-01T00:13:47Z</time>
        <extensions>
          <gpxtpx:TrackPointExtension>
            <gpxtpx:hr>159</gpxtpx:hr>
          </gpxtpx:TrackPointExtension>
        </extensions>
      </trkpt>
      <trkpt lat="31.044920244478963" lon="121.53191245138756">
        <ele>6.391070063225925</ele>
        <time>1970-01-01T00:13:48Z</time>
        <extensions>
          <gpxtpx:TrackPointExtension>
            <gpxtpx:hr>159</gpxtpx:hr>
          </gpxtpx:TrackPointExtension>
        </extensions>
      </trkpt>
      <trkpt lat="31.044895075380026" lon="121.53190943654467">
        <ele>6.368028171360493</ele>
        <time>1970-01-01T00:13:49Z</time>
        <extensions>
          <gpxtpx:TrackPointExtension>
            <gpxtpx:hr>159</gpxtpx:hr>
          </gpxtpx:TrackPointExtension>
        </extensions>
      </trkpt>
      <trkpt lat="31.04487037194696" lon="121.53190984733429">
        <ele>6.347444508224726</ele>
        <time>1970-01-01T00:13:50Z</time>
        <extensions>
          <gpxtpx:TrackPointExtension>
            <gpxtpx:hr>159</gpxtpx:hr>
          </gpxtpx:TrackPointExtension>
        </extensions>
      </trkpt>
      <trkpt lat="31.04484580017579" lon="121.53191377333688">
        <ele>6.329306517727673</ele>
        <time>1970-01-01T00:13:51Z</time>
        <extensions>
          <gpxtpx:TrackPointExtension>
            <gpxtpx:hr>159</gpxtpx:hr>
          </gpxtpx:TrackPointExtension>
        </extensions>
      </trkpt>
      <trkpt lat="31.044820976364406" lon="121.53192084923202">
        <ele>6.313656088896096</ele>
        <time>1970-01-01T00:13:52Z</time>
        <extensions>
          <gpxtpx:TrackPointExtension>
            <gpxtpx:hr>159</gpxtpx:hr>
          </gpxtpx:TrackPointExtension>
        </extensions>
      </trkpt>
      <trkpt lat="31.04479600536868" lon="121.53193092449662">
        <ele>6.300519152544439</ele>
        <time>1970-01-01T00:13:53Z</time>
        <extensions>
          <gpxtpx:TrackPointExtension>
            <gpxtpx:hr>159</gpxtpx:hr>
          </gpxtpx:TrackPointExtension>
        </extensions>
      </trkpt>
      <trkpt lat="31.044771292649752" lon="121.53194394866806">
        <ele>6.2899271147325635</ele>
        <time>1970-01-01T00:13:54Z</time>
        <extensions>
          <gpxtpx:TrackPointExtension>
            <gpxtpx:hr>159</gpxtpx:hr>
          </gpxtpx:TrackPointExtension>
        </extensions>
      </trkpt>
      <trkpt lat="31.044747413877822" lon="121.53195869732625">
        <ele>6.281951819546521</ele>
        <time>1970-01-01T00:13:55Z</time>
        <extensions>
          <gpxtpx:TrackPointExtension>
            <gpxtpx:hr>159</gpxtpx:hr>
          </gpxtpx:TrackPointExtension>
        </extensions>
      </trkpt>
      <trkpt lat="31.04472383794764" lon="121.53197380904616">
        <ele>6.276694737374783</ele>
        <time>1970-01-01T00:13:56Z</time>
        <extensions>
          <gpxtpx:TrackPointExtension>
            <gpxtpx:hr>159</gpxtpx:hr>
          </gpxtpx:TrackPointExtension>
        </extensions>
      </trkpt>
      <trkpt lat="31.044700062287014" lon="121.5319876559825">
        <ele>6.27432350628078</ele>
        <time>1970-01-01T00:13:57Z</time>
        <extensions>
          <gpxtpx:TrackPointExtension>
            <gpxtpx:hr>159</gpxtpx:hr>
          </gpxtpx:TrackPointExtension>
        </extensions>
      </trkpt>
      <trkpt lat="31.044676278515244" lon="121.53199977329504">
        <ele>6.274997769854963</ele>
        <time>1970-01-01T00:13:58Z</time>
        <extensions>
          <gpxtpx:TrackPointExtension>
            <gpxtpx:hr>159</gpxtpx:hr>
          </gpxtpx:TrackPointExtension>
        </extensions>
      </trkpt>
      <trkpt lat="31.04465266490128" lon="121.53201174815968">
        <ele>6.278818802908063</ele>
        <time>1970-01-01T00:13:59Z</time>
        <extensions>
          <gpxtpx:TrackPointExtension>
            <gpxtpx:hr>159</gpxtpx:hr>
          </gpxtpx:TrackPointExtension>
        </extensions>
      </trkpt>
      <trkpt lat="31.044629026532373" lon="121.53202435826921">
        <ele>6.285776696167886</ele>
        <time>1970-01-01T00:14:00Z</time>
        <extensions>
          <gpxtpx:TrackPointExtension>
            <gpxtpx:hr>159</gpxtpx:hr>
          </gpxtpx:TrackPointExtension>
        </extensions>
      </trkpt>
      <trkpt lat="31.044604927060018" lon="121.53203838605576">
        <ele>6.295803471468389</ele>
        <time>1970-01-01T00:14:01Z</time>
        <extensions>
          <gpxtpx:TrackPointExtension>
            <gpxtpx:hr>159</gpxtpx:hr>
          </gpxtpx:TrackPointExtension>
        </extensions>
      </trkpt>
      <trkpt lat="31.044580499850163" lon="121.53205397203472">
        <ele>6.308667926117778</ele>
        <time>1970-01-01T00:14:02Z</time>
        <extensions>
          <gpxtpx:TrackPointExtension>
            <gpxtpx:hr>159</gpxtpx:hr>
          </gpxtpx:TrackPointExtension>
        </extensions>
      </trkpt>
      <trkpt lat="31.044556371128927" lon="121.53207015659736">
        <ele>6.324028673581779</ele>
        <time>1970-01-01T00:14:03Z</time>
        <extensions>
          <gpxtpx:TrackPointExtension>
            <gpxtpx:hr>159</gpxtpx:hr>
          </gpxtpx:TrackPointExtension>
        </extensions>
      </trkpt>
      <trkpt lat="31.044532141012578" lon="121.53208649224582">
        <ele>6.341492984443903</ele>
        <time>1970-01-01T00:14:04Z</time>
        <extensions>
          <gpxtpx:TrackPointExtension>
            <gpxtpx:hr>159</gpxtpx:hr>
          </gpxtpx:TrackPointExtension>
        </extensions>
      </trkpt>
      <trkpt lat="31.044507407620355" lon="121.53210236215935">
        <ele>6.3605917217209935</ele>
        <time>1970-01-01T00:14:05Z</time>
        <extensions>
          <gpxtpx:TrackPointExtension>
            <gpxtpx:hr>159</gpxtpx:hr>
          </gpxtpx:TrackPointExtension>
        </extensions>
      </trkpt>
      <trkpt lat="31.044482600510833" lon="121.53211813421554">
        <ele>6.380835408344865</ele>
        <time>1970-01-01T00:14:06Z</time>
        <extensions>
          <gpxtpx:TrackPointExtension>
            <gpxtpx:hr>159</gpxtpx:hr>
          </gpxtpx:TrackPointExtension>
        </extensions>
      </trkpt>
      <trkpt lat="31.04445829574598" lon="121.53213383008865">
        <ele>6.401738479733467</ele>
        <time>1970-01-01T00:14:07Z</time>
        <extensions>
          <gpxtpx:TrackPointExtension>
            <gpxtpx:hr>159</gpxtpx:hr>
          </gpxtpx:TrackPointExtension>
        </extensions>
      </trkpt>
      <trkpt lat="31.044434527520913" lon="121.53214911613522">
        <ele>6.422827240079641</ele>
        <time>1970-01-01T00:14:08Z</time>
        <extensions>
          <gpxtpx:TrackPointExtension>
            <gpxtpx:hr>159</gpxtpx:hr>
          </gpxtpx:TrackPointExtension>
        </extensions>
      </trkpt>
      <trkpt lat="31.044410832076643" lon="121.53216447775405">
        <ele>6.443648147396743</ele>
        <time>1970-01-01T00:14:09Z</time>
        <extensions>
          <gpxtpx:TrackPointExtension>
            <gpxtpx:hr>159</gpxtpx:hr>
          </gpxtpx:TrackPointExtension>
        </extensions>
      </trkpt>
      <trkpt lat="31.044387043428518" lon="121.532179626299">
        <ele>6.463916630484164</ele>
        <time>1970-01-01T00:14:10Z</time>
        <extensions>
          <gpxtpx:TrackPointExtension>
            <gpxtpx:hr>159</gpxtpx:hr>
          </gpxtpx:TrackPointExtension>
        </extensions>
      </trkpt>
      <trkpt lat="31.044362924846393" lon="121.53219435417594">
        <ele>6.48341450933367</ele>
        <time>1970-01-01T00:14:11Z</time>
        <extensions>
          <gpxtpx:TrackPointExtension>
            <gpxtpx:hr>159</gpxtpx:hr>
          </gpxtpx:TrackPointExtension>
        </extensions>
      </trkpt>
      <trkpt lat="31.044338846654178" lon="121.53220911567053">
        <ele>6.50188597291708</ele>
        <time>1970-01-01T00:14:12Z</time>
        <extensions>
          <gpxtpx:TrackPointExtension>
            <gpxtpx:hr>159</gpxtpx:hr>
          </gpxtpx:TrackPointExtension>
        </extensions>
      </trkpt>
      <trkpt lat="31.04431565766871" lon="121.5322248691642">
        <ele>6.519023200497031</ele>
        <time>1970-01-01T00:14:13Z</time>
        <extensions>
          <gpxtpx:TrackPointExtension>
            <gpxtpx:hr>159</gpxtpx:hr>
          </gpxtpx:TrackPointExtension>
        </extensions>
      </trkpt>
      <trkpt lat="31.04429358875908" lon="121.5322427303094">
        <ele>6.534619863145053</ele>
        <time>1970-01-01T00:14:14Z</time>
        <extensions>
          <gpxtpx:TrackPointExtension>
            <gpxtpx:hr>159</gpxtpx:hr>
          </gpxtpx:TrackPointExtension>
        </extensions>
      </trkpt>
      <trkpt lat="31.04427283886097" lon="121.53226212663337">
        <ele>6.548313962295651</ele>
        <time>1970-01-01T00:14:15Z</time>
        <extensions>
          <gpxtpx:TrackPointExtension>
            <gpxtpx:hr>159</gpxtpx:hr>
          </gpxtpx:TrackPointExtension>
        </extensions>
      </trkpt>
      <trkpt lat="31.044253639733427" lon="121.53228243576822">
        <ele>6.5597791858017445</ele>
        <time>1970-01-01T00:14:16Z</time>
        <extensions>
          <gpxtpx:TrackPointExtension>
            <gpxtpx:hr>160</gpxtpx:hr>
          </gpxtpx:TrackPointExtension>
        </extensions>
      </trkpt>
      <trkpt lat="31.044236080382085" lon="121.532304251095">
        <ele>6.568768366239965</ele>
        <time>1970-01-01T00:14:17Z</time>
        <extensions>
          <gpxtpx:TrackPointExtension>
            <gpxtpx:hr>160</gpxtpx:hr>
          </gpxtpx:TrackPointExtension>
        </extensions>
      </trkpt>
      <trkpt lat="31.04422021827306" lon="121.53232783346164">
        <ele>6.575124838389456</ele>
        <time>1970-01-01T00:14:18Z</time>
        <extensions>
          <gpxtpx:TrackPointExtension>
            <gpxtpx:hr>160</gpxtpx:hr>
          </gpxtpx:TrackPointExtension>
        </extensions>
      </trkpt>
      <trkpt lat="31.044206018306934" lon="121.532353216616">
        <ele>6.578679229132831</ele>
        <time>1970-01-01T00:14:19Z</time>
        <extensions>
          <gpxtpx:TrackPointExtension>
            <gpxtpx:hr>160</gpxtpx:hr>
          </gpxtpx:TrackPointExtension>
        </extensions>
      </trkpt>
      <trkpt lat="31.044193804930828" lon="121.5323794362972">
        <ele>6.579596311785281</ele>
        <time>1970-01-01T00:14:20Z</time>
        <extensions>
          <gpxtpx:TrackPointExtension>
            <gpxtpx:hr>160</gpxtpx:hr>
          </gpxtpx:TrackPointExtension>
        </extensions>
      </trkpt>
      <trkpt lat="31.044183830312495" lon="121.53240585068929">
        <ele>6.57811310980469</ele>
        <time>1970-01-01T00:14:21Z</time>
        <extensions>
          <gpxtpx:TrackPointExtension>
            <gpxtpx:hr>160</gpxtpx:hr>
          </gpxtpx:TrackPointExtension>
        </extensions>
      </trkpt>
      <trkpt lat="31.044176462220886" lon="121.53243260917809">
        <ele>6.574487936682999</ele>
        <time>1970-01-01T00:14:22Z</time>
        <extensions>
          <gpxtpx:TrackPointExtension>
            <gpxtpx:hr>160</gpxtpx:hr>
          </gpxtpx:TrackPointExtension>
        </extensions>
      </trkpt>
      <trkpt lat="31.044172299489627" lon="121.53246021124795">
        <ele>6.569007558748126</ele>
        <time>1970-01-01T00:14:23Z</time>
        <extensions>
          <gpxtpx:TrackPointExtension>
            <gpxtpx:hr>160</gpxtpx:hr>
          </gpxtpx:TrackPointExtension>
        </extensions>
      </trkpt>
      <trkpt lat="31.044171805178458" lon="121.53248900812068">
        <ele>6.562085568904877</ele>
        <time>1970-01-01T00:14:24Z</time>
        <extensions>
          <gpxtpx:TrackPointExtension>
            <gpxtpx:hr>160</gpxtpx:hr>
          </gpxtpx:TrackPointExtension>
        </extensions>
      </trkpt>
      <trkpt lat="31.044175134712553" lon="121.53251811522779">
        <ele>6.553656914271414</ele>
        <time>1970-01-01T00:14:25Z</time>
        <extensions>
          <gpxtpx:TrackPointExtension>
            <gpxtpx:hr>160</gpxtpx:hr>
          </gpxtpx:TrackPointExtension>
        </extensions>
      </trkpt>
      <trkpt lat="31.044182618572837" lon="121.53254706555343">
        <ele>6.543528936803341</ele>
        <time>1970-01-01T00:14:26Z</time>
        <extensions>
          <gpxtpx:TrackPointExtension>
            <gpxtpx:hr>160</gpxtpx:hr>
          </gpxtpx:TrackPointExtension>
        </extensions>
      </trkpt>
      <trkpt lat="31.04419367593443" lon="121.53257558420884">
        <ele>6.5316524570807815</ele>
        <time>1970-01-01T00:14:27Z</time>
        <extensions>
          <gpxtpx:TrackPointExtension>
            <gpxtpx:hr>159</gpxtpx:hr>
          </gpxtpx:TrackPointExtension>
        </extensions>
      </trkpt>
      <trkpt lat="31.04420687881457" lon="121.53260286406875">
        <ele>6.518480288796127</ele>
        <time>1970-01-01T00:14:28Z</time>
        <extensions>
          <gpxtpx:TrackPointExtension>
            <gpxtpx:hr>159</gpxtpx:hr>
          </gpxtpx:TrackPointExtension>
        </extensions>
      </trkpt>
      <trkpt lat="31.04422142506004" lon="121.53262819359647">
        <ele>6.504321181215346</ele>
        <time>1970-01-01T00:14:29Z</time>
        <extensions>
          <gpxtpx:TrackPointExtension>
            <gpxtpx:hr>159</gpxtpx:hr>
          </gpxtpx:TrackPointExtension>
        </extensions>
      </trkpt>
      <trkpt lat="31.044237180955545" lon="121.53265146277546">
        <ele>6.489651082083583</ele>
        <time>1970-01-01T00:14:30Z</time>
        <extensions>
          <gpxtpx:TrackPointExtension>
            <gpxtpx:hr>159</gpxtpx:hr>
          </gpxtpx:TrackPointExtension>
        </extensions>
      </trkpt>
      <trkpt lat="31.044254899107372" lon="121.53267273781216">
        <ele>6.474982645362616</ele>
        <time>1970-01-01T00:14:31Z</time>
        <extensions>
          <gpxtpx:TrackPointExtension>
            <gpxtpx:hr>159</gpxtpx:hr>
          </gpxtpx:TrackPointExtension>
        </extensions>
      </trkpt>
      <trkpt lat="31.044274427921124" lon="121.53269160858339">
        <ele>6.4606892839074135</ele>
        <time>1970-01-01T00:14:32Z</time>
        <extensions>
          <gpxtpx:TrackPointExtension>
            <gpxtpx:hr>159</gpxtpx:hr>
          </gpxtpx:TrackPointExtension>
        </extensions>
      </trkpt>
      <trkpt lat="31.04429578747797" lon="121.53270776533302">
        <ele>6.446612000465393</ele>
        <time>1970-01-01T00:14:33Z</time>
        <extensions>
          <gpxtpx:TrackPointExtension>
            <gpxtpx:hr>159</gpxtpx:hr>
          </gpxtpx:TrackPointExtension>
        </extensions>
      </trkpt>
      <trkpt lat="31.044319289108127" lon="121.5327212725826">
        <ele>6.432702925987542</ele>
        <time>1970-01-01T00:14:34Z</time>
        <extensions>
          <gpxtpx:TrackPointExtension>
            <gpxtpx:hr>159</gpxtpx:hr>
          </gpxtpx:TrackPointExtension>
        </extensions>
      </trkpt>
      <trkpt lat="31.044344183117456" lon="121.532732060815">
        <ele>6.41905568074435</ele>
        <time>1970-01-01T00:14:35Z</time>
        <extensions>
          <gpxtpx:TrackPointExtension>
            <gpxtpx:hr>159</gpxtpx:hr>
          </gpxtpx:TrackPointExtension>
        </extensions>
      </trkpt>
      <trkpt lat="31.04437022814994" lon="121.53273935199546">
        <ele>6.4059288408607244</ele>
        <time>1970-01-01T00:14:36Z</time>
        <extensions>
          <gpxtpx:TrackPointExtension>
            <gpxtpx:hr>159</gpxtpx:hr>
          </gpxtpx:TrackPointExtension>
        </extensions>
      </trkpt>
      <trkpt lat="31.04439734254659" lon="121.53274264630691">
        <ele>6.393672069534659</ele>
        <time>1970-01-01T00:14:38Z</time>
        <extensions>
          <gpxtpx:TrackPointExtension>
            <gpxtpx:hr>159</gpxtpx:hr>
          </gpxtpx:TrackPointExtension>
        </extensions>
      </trkpt>
      <trkpt lat="31.04442544474235" lon="121.53274222138826">
        <ele>6.38300110027194</ele>
        <time>1970-01-01T00:14:39Z</time>
        <extensions>
          <gpxtpx:TrackPointExtension>
            <gpxtpx:hr>159</gpxtpx:hr>
          </gpxtpx:TrackPointExtension>
        </extensions>
      </trkpt>
      <trkpt lat="31.044454221379144" lon="121.53273855634447">
        <ele>6.374442705884576</ele>
        <time>1970-01-01T00:14:40Z</time>
        <extensions>
          <gpxtpx:TrackPointExtension>
            <gpxtpx:hr>159</gpxtpx:hr>
          </gpxtpx:TrackPointExtension>
        </extensions>
      </trkpt>
      <trkpt lat="31.04448295809165" lon="121.53273239307833">
        <ele>6.368237432092428</ele>
        <time>1970-01-01T00:14:41Z</time>
        <extensions>
          <gpxtpx:TrackPointExtension>
            <gpxtpx:hr>159</gpxtpx:hr>
          </gpxtpx:TrackPointExtension>
        </extensions>
      </trkpt>
      <trkpt lat="31.044511318205075" lon="121.53272412308293">
        <ele>6.364334541372955</ele>
        <time>1970-01-01T00:14:42Z</time>
        <extensions>
          <gpxtpx:TrackPointExtension>
            <gpxtpx:hr>159</gpxtpx:hr>
          </gpxtpx:TrackPointExtension>
        </extensions>
      </trkpt>
      <trkpt lat="31.044538342190567" lon="121.53271341332103">
        <ele>6.362568059936166</ele>
        <time>1970-01-01T00:14:43Z</time>
        <extensions>
          <gpxtpx:TrackPointExtension>
            <gpxtpx:hr>159</gpxtpx:hr>
          </gpxtpx:TrackPointExtension>
        </extensions>
      </trkpt>
      <trkpt lat="31.044563606427854" lon="121.53270036480673">
        <ele>6.362559667788446</ele>
        <time>1970-01-01T00:14:44Z</time>
        <extensions>
          <gpxtpx:TrackPointExtension>
            <gpxtpx:hr>159</gpxtpx:hr>
          </gpxtpx:TrackPointExtension>
        </extensions>
      </trkpt>
      <trkpt lat="31.04458739486837" lon="121.5326865595813">
        <ele>6.363986185751855</ele>
        <time>1970-01-01T00:14:45Z</time>
        <extensions>
          <gpxtpx:TrackPointExtension>
            <gpxtpx:hr>159</gpxtpx:hr>
          </gpxtpx:TrackPointExtension>
        </extensions>
      </trkpt>
      <trkpt lat="31.044610272296502" lon="121.5326738698399">
        <ele>6.3666780991479754</ele>
        <time>1970-01-01T00:14:46Z</time>
        <extensions>
          <gpxtpx:TrackPointExtension>
            <gpxtpx:hr>159</gpxtpx:hr>
          </gpxtpx:TrackPointExtension>
        </extensions>
      </trkpt>
      <trkpt lat="31.04463279842062" lon="121.5326623966522">
        <ele>6.370665846392512</ele>
        <time>1970-01-01T00:14:47Z</time>
        <extensions>
          <gpxtpx:TrackPointExtension>
            <gpxtpx:hr>159</gpxtpx:hr>
          </gpxtpx:TrackPointExtension>
        </extensions>
      </trkpt>
      <trkpt lat="31.04465490407111" lon="121.53265093176093">
        <ele>6.375954981893301</ele>
        <time>1970-01-01T00:14:48Z</time>
        <extensions>
          <gpxtpx:TrackPointExtension>
            <gpxtpx:hr>159</gpxtpx:hr>
          </gpxtpx:TrackPointExtension>
        </extensions>
      </trkpt>
      <trkpt lat="31.044676676572664" lon="121.5326383245799">
        <ele>6.382671899162233</ele>
        <time>1970-01-01T00:14:49Z</time>
        <extensions>
          <gpxtpx:TrackPointExtension>
            <gpxtpx:hr>159</gpxtpx:hr>
          </gpxtpx:TrackPointExtension>
        </extensions>
      </trkpt>
      <trkpt lat="31.044698599485606" lon="121.5326243859902">
        <ele>6.390902870334685</ele>
        <time>1970-01-01T00:14:50Z</time>
        <extensions>
          <gpxtpx:TrackPointExtension>
            <gpxtpx:hr>159</gpxtpx:hr>
          </gpxtpx:TrackPointExtension>
        </extensions>
      </trkpt>
      <trkpt lat="31.04472102838578" lon="121.53260967431058">
        <ele>6.400735926814377</ele>
        <time>1970-01-01T00:14:51Z</time>
        <extensions>
          <gpxtpx:TrackPointExtension>
            <gpxtpx:hr>158</gpxtpx:hr>
          </gpxtpx:TrackPointExtension>
        </extensions>
      </trkpt>
      <trkpt lat="31.04474432542517" lon="121.53259458270064">
        <ele>6.412471369840205</ele>
        <time>1970-01-01T00:14:52Z</time>
        <extensions>
          <gpxtpx:TrackPointExtension>
            <gpxtpx:hr>158</gpxtpx:hr>
          </gpxtpx:TrackPointExtension>
        </extensions>
      </trkpt>
      <trkpt lat="31.044768360516453" lon="121.53257971029889">
        <ele>6.426453582011163</ele>
        <time>1970-01-01T00:14:53Z</time>
        <extensions>
          <gpxtpx:TrackPointExtension>
            <gpxtpx:hr>158</gpxtpx:hr>
          </gpxtpx:TrackPointExtension>
        </extensions>
      </trkpt>
      <trkpt lat="31.044792683832394" lon="121.53256511876722">
        <ele>6.442772113718092</ele>
        <time>1970-01-01T00:14:54Z</time>
        <extensions>
          <gpxtpx:TrackPointExtension>
            <gpxtpx:hr>158</gpxtpx:hr>
          </gpxtpx:TrackPointExtension>
        </extensions>
      </trkpt>
      <trkpt lat="31.044816801498698" lon="121.53255081127246">
        <ele>6.461438401602209</ele>
        <time>1970-01-01T00:14:55Z</time>
        <extensions>
          <gpxtpx:TrackPointExtension>
            <gpxtpx:hr>158</gpxtpx:hr>
          </gpxtpx:TrackPointExtension>
        </extensions>
      </trkpt>
      <trkpt lat="31.04484054168989" lon="121.53253657537394">
        <ele>6.482484173960984</ele>
        <time>1970-01-01T00:14:56Z</time>
        <extensions>
          <gpxtpx:TrackPointExtension>
            <gpxtpx:hr>158</gpxtpx:hr>
          </gpxtpx:TrackPointExtension>
        </extensions>
      </trkpt>
      <trkpt lat="31.04486414464989" lon="121.5325220059468">
        <ele>6.505798237398267</ele>
        <time>1970-01-01T00:14:57Z</time>
        <extensions>
          <gpxtpx:TrackPointExtension>
            <gpxtpx:hr>158</gpxtpx:hr>
          </gpxtpx:TrackPointExtension>
        </extensions>
      </trkpt>
      <trkpt lat="31.044887413034797" lon="121.53250713794783">
        <ele>6.5311768213287</ele>
        <time>1970-01-01T00:14:58Z</time>
        <extensions>
          <gpxtpx:TrackPointExtension>
            <gpxtpx:hr>158</gpxtpx:hr>
          </gpxtpx:TrackPointExtension>
        </extensions>
      </trkpt>
      <trkpt lat="31.044910161775007" lon="121.53249167657859">
        <ele>6.5580953899770975</ele>
        <time>1970-01-01T00:14:59Z</time>
        <extensions>
          <gpxtpx:TrackPointExtension>
            <gpxtpx:hr>158</gpxtpx:hr>
          </gpxtpx:TrackPointExtension>
        </extensions>
      </trkpt>
      <trkpt lat="31.04493270842325" lon="121.53247557494915">
        <ele>6.585753120481968</ele>
        <time>1970-01-01T00:15:00Z</time>
        <extensions>
          <gpxtpx:TrackPointExtension>
            <gpxtpx:hr>158</gpxtpx:hr>
          </gpxtpx:TrackPointExtension>
        </extensions>
      </trkpt>
      <trkpt lat="31.044955637594246" lon="121.53245849065226">
        <ele>6.613231881521642</ele>
        <time>1970-01-01T00:15:01Z</time>
        <extensions>
          <gpxtpx:TrackPointExtension>
            <gpxtpx:hr>158</gpxtpx:hr>
          </gpxtpx:TrackPointExtension>
        </extensions>
      </trkpt>
      <trkpt lat="31.044978614935633" lon="121.53244207718097">
        <ele>6.639592068269849</ele>
        <time>1970-01-01T00:15:02Z</time>
        <extensions>
          <gpxtpx:TrackPointExtension>
            <gpxtpx:hr>158</gpxtpx:hr>
          </gpxtpx:TrackPointExtension>
        </extensions>
      </trkpt>
      <trkpt lat="31.04500086296153" lon="121.53242727040703">
        <ele>6.663856897503138</ele>
        <time>1970-01-01T00:15:03Z</time>
        <extensions>
          <gpxtpx:TrackPointExtension>
            <gpxtpx:hr>158</gpxtpx:hr>
          </gpxtpx:TrackPointExtension>
        </extensions>
      </trkpt>
      <trkpt lat="31.04502181000833" lon="121.53241214600676">
        <ele>6.685243954882026</ele>
        <time>1970-01-01T00:15:04Z</time>
        <extensions>
          <gpxtpx:TrackPointExtension>
            <gpxtpx:hr>158</gpxtpx:hr>
          </gpxtpx:TrackPointExtension>
        </extensions>
      </trkpt>
      <trkpt lat="31.045041842153818" lon="121.5323957874593">
        <ele>6.703269106335938</ele>
        <time>1970-01-01T00:15:05Z</time>
        <extensions>
          <gpxtpx:TrackPointExtension>
            <gpxtpx:hr>158</gpxtpx:hr>
          </gpxtpx:TrackPointExtension>
        </extensions>
      </trkpt>
      <trkpt lat="31.045061489508814" lon="121.53237809394288">
        <ele>6.717640986666083</ele>
        <time>1970-01-01T00:15:06Z</time>
        <extensions>
          <gpxtpx:TrackPointExtension>
            <gpxtpx:hr>158</gpxtpx:hr>
          </gpxtpx:TrackPointExtension>
        </extensions>
      </trkpt>
      <trkpt lat="31.04508064377993" lon="121.53235904828931">
        <ele>6.728489691391587</ele>
        <time>1970-01-01T00:15:07Z</time>
        <extensions>
          <gpxtpx:TrackPointExtension>
            <gpxtpx:hr>158</gpxtpx:hr>
          </gpxtpx:TrackPointExtension>
        </extensions>
      </trkpt>
      <trkpt lat="31.04509825217961" lon="121.53233859639626">
        <ele>6.736154763028026</ele>
        <time>1970-01-01T00:15:08Z</time>
        <extensions>
          <gpxtpx:TrackPointExtension>
            <gpxtpx:hr>159</gpxtpx:hr>
          </gpxtpx:TrackPointExtension>
        </extensions>
      </trkpt>
      <trkpt lat="31.04511301617472" lon="121.53231608596498">
        <ele>6.7411619601771235</ele>
        <time>1970-01-01T00:15:09Z</time>
        <extensions>
          <gpxtpx:TrackPointExtension>
            <gpxtpx:hr>159</gpxtpx:hr>
          </gpxtpx:TrackPointExtension>
        </extensions>
      </trkpt>
      <trkpt lat="31.045124658822054" lon="121.53229160303376">
        <ele>6.744129912927747</ele>
        <time>1970-01-01T00:15:10Z</time>
        <extensions>
          <gpxtpx:TrackPointExtension>
            <gpxtpx:hr>159</gpxtpx:hr>
          </gpxtpx:TrackPointExtension>
        </extensions>
      </trkpt>
      <trkpt lat="31.04513353106185" lon="121.53226508456214">
        <ele>6.7458133939653635</ele>
        <time>1970-01-01T00:15:11Z</time>
        <extensions>
          <gpxtpx:TrackPointExtension>
            <gpxtpx:hr>159</gpxtpx:hr>
          </gpxtpx:TrackPointExtension>
        </extensions>
      </trkpt>
      <trkpt lat="31.045139647495645" lon="121.53223712136125">
        <ele>6.746790897101164</ele>
        <time>1970-01-01T00:15:12Z</time>
        <extensions>
          <gpxtpx:TrackPointExtension>
            <gpxtpx:hr>159</gpxtpx:hr>
          </gpxtpx:TrackPointExtension>
        </extensions>
      </trkpt>
      <trkpt lat="31.045142730951625" lon="121.53220842399706">
        <ele>6.747439353726804</ele>
        <time>1970-01-01T00:15:13Z</time>
        <extensions>
          <gpxtpx:TrackPointExtension>
            <gpxtpx:hr>159</gpxtpx:hr>
          </gpxtpx:TrackPointExtension>
        </extensions>
      </trkpt>
      <trkpt lat="31.0451429009626" lon="121.5321786929338">
        <ele>6.748049868270755</ele>
        <time>1970-01-01T00:15:14Z</time>
        <extensions>
          <gpxtpx:TrackPointExtension>
            <gpxtpx:hr>159</gpxtpx:hr>
          </gpxtpx:TrackPointExtension>
        </extensions>
      </trkpt>
      <trkpt lat="31.045140829656575" lon="121.53214802759224">
        <ele>6.7484126994386315</ele>
        <time>1970-01-01T00:15:15Z</time>
        <extensions>
          <gpxtpx:TrackPointExtension>
            <gpxtpx:hr>159</gpxtpx:hr>
          </gpxtpx:TrackPointExtension>
        </extensions>
      </trkpt>
      <trkpt lat="31.045135720203387" lon="121.532117695369">
        <ele>6.748157629743218</ele>
        <time>1970-01-01T00:15:16Z</time>
        <extensions>
          <gpxtpx:TrackPointExtension>
            <gpxtpx:hr>159</gpxtpx:hr>
          </gpxtpx:TrackPointExtension>
        </extensions>
      </trkpt>
      <trkpt lat="31.04512629929611" lon="121.53208901621038">
        <ele>6.746972211636603</ele>
        <time>1970-01-01T00:15:17Z</time>
        <extensions>
          <gpxtpx:TrackPointExtension>
            <gpxtpx:hr>159</gpxtpx:hr>
          </gpxtpx:TrackPointExtension>
        </extensions>
      </trkpt>
      <trkpt lat="31.045112909640682" lon="121.53206266782898">
        <ele>6.7446596920490265</ele>
        <time>1970-01-01T00:15:18Z</time>
        <extensions>
          <gpxtpx:TrackPointExtension>
            <gpxtpx:hr>159</gpxtpx:hr>
          </gpxtpx:TrackPointExtension>
        </extensions>
      </trkpt>
      <trkpt lat="31.045096658663443" lon="121.53203863617155">
        <ele>6.740907624363899</ele>
        <time>1970-01-01T00:15:19Z</time>
        <extensions>
          <gpxtpx:TrackPointExtension>
            <gpxtpx:hr>160</gpxtpx:hr>
          </gpxtpx:TrackPointExtension>
        </extensions>
      </trkpt>
      <trkpt lat="31.045078358305954" lon="121.5320167176176">
        <ele>6.735646215267479</ele>
        <time>1970-01-01T00:15:20Z</time>
        <extensions>
          <gpxtpx:TrackPointExtension>
            <gpxtpx:hr>160</gpxtpx:hr>
          </gpxtpx:TrackPointExtension>
        </extensions>
      </trkpt>
      <trkpt lat="31.045058242443368" lon="121.53199649918557">
        <ele>6.728880122303963</ele>
        <time>1970-01-01T00:15:21Z</time>
        <extensions>
          <gpxtpx:TrackPointExtension>
            <gpxtpx:hr>160</gpxtpx:hr>
          </gpxtpx:TrackPointExtension>
        </extensions>
      </trkpt>
      <trkpt lat="31.04503720699921" lon="121.53197773375885">
        <ele>6.72061309684068</ele>
        <time>1970-01-01T00:15:22Z</time>
        <extensions>
          <gpxtpx:TrackPointExtension>
            <gpxtpx:hr>160</gpxtpx:hr>
          </gpxtpx:TrackPointExtension>
        </extensions>
      </trkpt>
      <trkpt lat="31.045015651397488" lon="121.53196085346804">
        <ele>6.710804095491767</ele>
        <time>1970-01-01T00:15:23Z</time>
        <extensions>
          <gpxtpx:TrackPointExtension>
            <gpxtpx:hr>160</gpxtpx:hr>
          </gpxtpx:TrackPointExtension>
        </extensions>
      </trkpt>
      <trkpt lat="31.044993103418744" lon="121.5319469008211">
        <ele>6.699627501890063</ele>
        <time>1970-01-01T00:15:24Z</time>
        <extensions>
          <gpxtpx:TrackPointExtension>
            <gpxtpx:hr>160</gpxtpx:hr>
          </gpxtpx:TrackPointExtension>
        </extensions>
      </trkpt>
      <trkpt lat="31.044969515082467" lon="121.53193635599442">
        <ele>6.687229483388364</ele>
        <time>1970-01-01T00:15:25Z</time>
        <extensions>
          <gpxtpx:TrackPointExtension>
            <gpxtpx:hr>160</gpxtpx:hr>
          </gpxtpx:TrackPointExtension>
        </extensions>
      </trkpt>
      <trkpt lat="31.044944483921043" lon="121.53192856757873">
        <ele>6.673830073326826</ele>
        <time>1970-01-01T00:15:26Z</time>
        <extensions>
          <gpxtpx:TrackPointExtension>
            <gpxtpx:hr>160</gpxtpx:hr>
          </gpxtpx:TrackPointExtension>
        </extensions>
      </trkpt>
      <trkpt lat="31.04491836238974" lon="121.5319232168857">
        <ele>6.659706554375589</ele>
        <time>1970-01-01T00:15:27Z</time>
        <extensions>
          <gpxtpx:TrackPointExtension>
            <gpxtpx:hr>160</gpxtpx:hr>
          </gpxtpx:TrackPointExtension>
        </extensions>
      </trkpt>
      <trkpt lat="31.044892089236523" lon="121.53192071746653">
        <ele>6.645174578763545</ele>
        <time>1970-01-01T00:15:28Z</time>
        <extensions>
          <gpxtpx:TrackPointExtension>
            <gpxtpx:hr>162</gpxtpx:hr>
          </gpxtpx:TrackPointExtension>
        </extensions>
      </trkpt>
      <trkpt lat="31.04486582904963" lon="121.53192137418317">
        <ele>6.630365416407585</ele>
        <time>1970-01-01T00:15:29Z</time>
        <extensions>
          <gpxtpx:TrackPointExtension>
            <gpxtpx:hr>162</gpxtpx:hr>
          </gpxtpx:TrackPointExtension>
        </extensions>
      </trkpt>
      <trkpt lat="31.04483976094207" lon="121.53192439790885">
        <ele>6.615529904142022</ele>
        <time>1970-01-01T00:15:30Z</time>
        <extensions>
          <gpxtpx:TrackPointExtension>
            <gpxtpx:hr>162</gpxtpx:hr>
          </gpxtpx:TrackPointExtension>
        </extensions>
      </trkpt>
      <trkpt lat="31.044813880575788" lon="121.53192923344572">
        <ele>6.6008882420137525</ele>
        <time>1970-01-01T00:15:31Z</time>
        <extensions>
          <gpxtpx:TrackPointExtension>
            <gpxtpx:hr>162</gpxtpx:hr>
          </gpxtpx:TrackPointExtension>
        </extensions>
      </trkpt>
      <trkpt lat="31.044788524237735" lon="121.5319356252963">
        <ele>6.586630075238645</ele>
        <time>1970-01-01T00:15:32Z</time>
        <extensions>
          <gpxtpx:TrackPointExtension>
            <gpxtpx:hr>162</gpxtpx:hr>
          </gpxtpx:TrackPointExtension>
        </extensions>
      </trkpt>
      <trkpt lat="31.044763721420843" lon="121.53194374818113">
        <ele>6.573134984821081</ele>
        <time>1970-01-01T00:15:33Z</time>
        <extensions>
          <gpxtpx:TrackPointExtension>
            <gpxtpx:hr>162</gpxtpx:hr>
          </gpxtpx:TrackPointExtension>
        </extensions>
      </trkpt>
      <trkpt lat="31.044739189708974" lon="121.53195421052892">
        <ele>6.560873683542013</ele>
        <time>1970-01-01T00:15:34Z</time>
        <extensions>
          <gpxtpx:TrackPointExtension>
            <gpxtpx:hr>162</gpxtpx:hr>
          </gpxtpx:TrackPointExtension>
        </extensions>
      </trkpt>
      <trkpt lat="31.044715084803332" lon="121.53196654464426">
        <ele>6.5502682235091925</ele>
        <time>1970-01-01T00:15:35Z</time>
        <extensions>
          <gpxtpx:TrackPointExtension>
            <gpxtpx:hr>162</gpxtpx:hr>
          </gpxtpx:TrackPointExtension>
        </extensions>
      </trkpt>
      <trkpt lat="31.044691214670962" lon="121.53198010807213">
        <ele>6.541740647517145</ele>
        <time>1970-01-01T00:15:36Z</time>
        <extensions>
          <gpxtpx:TrackPointExtension>
            <gpxtpx:hr>162</gpxtpx:hr>
          </gpxtpx:TrackPointExtension>
        </extensions>
      </trkpt>
      <trkpt lat="31.044667516933323" lon="121.53199409951843">
        <ele>6.535730610601604</ele>
        <time>1970-01-01T00:15:37Z</time>
        <extensions>
          <gpxtpx:TrackPointExtension>
            <gpxtpx:hr>162</gpxtpx:hr>
          </gpxtpx:TrackPointExtension>
        </extensions>
      </trkpt>
      <trkpt lat="31.044643727268397" lon="121.53200801137903">
        <ele>6.532266843132675</ele>
        <time>1970-01-01T00:15:38Z</time>
        <extensions>
          <gpxtpx:TrackPointExtension>
            <gpxtpx:hr>162</gpxtpx:hr>
          </gpxtpx:TrackPointExtension>
        </extensions>
      </trkpt>
      <trkpt lat="31.044619707689648" lon="121.53202198178404">
        <ele>6.531283717602491</ele>
        <time>1970-01-01T00:15:39Z</time>
        <extensions>
          <gpxtpx:TrackPointExtension>
            <gpxtpx:hr>162</gpxtpx:hr>
          </gpxtpx:TrackPointExtension>
        </extensions>
      </trkpt>
      <trkpt lat="31.044595898964115" lon="121.53203565944794">
        <ele>6.532689023762941</ele>
        <time>1970-01-01T00:15:40Z</time>
        <extensions>
          <gpxtpx:TrackPointExtension>
            <gpxtpx:hr>162</gpxtpx:hr>
          </gpxtpx:TrackPointExtension>
        </extensions>
      </trkpt>
      <trkpt lat="31.044572232891067" lon="121.53204917415259">
        <ele>6.536316392943263</ele>
        <time>1970-01-01T00:15:41Z</time>
        <extensions>
          <gpxtpx:TrackPointExtension>
            <gpxtpx:hr>162</gpxtpx:hr>
          </gpxtpx:TrackPointExtension>
        </extensions>
      </trkpt>
      <trkpt lat="31.04454846535076" lon="121.53206303268574">
        <ele>6.541802693158388</ele>
        <time>1970-01-01T00:15:42Z</time>
        <extensions>
          <gpxtpx:TrackPointExtension>
            <gpxtpx:hr>162</gpxtpx:hr>
          </gpxtpx:TrackPointExtension>
        </extensions>
      </trkpt>
      <trkpt lat="31.04452433901926" lon="121.53207783575567">
        <ele>6.548846795223653</ele>
        <time>1970-01-01T00:15:43Z</time>
        <extensions>
          <gpxtpx:TrackPointExtension>
            <gpxtpx:hr>162</gpxtpx:hr>
          </gpxtpx:TrackPointExtension>
        </extensions>
      </trkpt>
      <trkpt lat="31.044499543634885" lon="121.53209338213654">
        <ele>6.557069058530033</ele>
        <time>1970-01-01T00:15:44Z</time>
        <extensions>
          <gpxtpx:TrackPointExtension>
            <gpxtpx:hr>162</gpxtpx:hr>
          </gpxtpx:TrackPointExtension>
        </extensions>
      </trkpt>
      <trkpt lat="31.044474331220353" lon="121.53210875152526">
        <ele>6.566070002503693</ele>
        <time>1970-01-01T00:15:45Z</time>
        <extensions>
          <gpxtpx:TrackPointExtension>
            <gpxtpx:hr>162</gpxtpx:hr>
          </gpxtpx:TrackPointExtension>
        </extensions>
      </trkpt>
      <trkpt lat="31.044449260283265" lon="121.53212373453415">
        <ele>6.575502421706915</ele>
        <time>1970-01-01T00:15:46Z</time>
        <extensions>
          <gpxtpx:TrackPointExtension>
            <gpxtpx:hr>162</gpxtpx:hr>
          </gpxtpx:TrackPointExtension>
        </extensions>
      </trkpt>
      <trkpt lat="31.04442499689559" lon="121.53213832478201">
        <ele>6.585168787278235</ele>
        <time>1970-01-01T00:15:47Z</time>
        <extensions>
          <gpxtpx:TrackPointExtension>
            <gpxtpx:hr>162</gpxtpx:hr>
          </gpxtpx:TrackPointExtension>
        </extensions>
      </trkpt>
      <trkpt lat="31.044401568298937" lon="121.53215356159528">
        <ele>6.594750757329166</ele>
        <time>1970-01-01T00:15:48Z</time>
        <extensions>
          <gpxtpx:TrackPointExtension>
            <gpxtpx:hr>162</gpxtpx:hr>
          </gpxtpx:TrackPointExtension>
        </extensions>
      </trkpt>
      <trkpt lat="31.044378517314712" lon="121.53216991662164">
        <ele>6.604056978598237</ele>
        <time>1970-01-01T00:15:49Z</time>
        <extensions>
          <gpxtpx:TrackPointExtension>
            <gpxtpx:hr>162</gpxtpx:hr>
          </gpxtpx:TrackPointExtension>
        </extensions>
      </trkpt>
      <trkpt lat="31.044355547585422" lon="121.53218685704461">
        <ele>6.6130032408982515</ele>
        <time>1970-01-01T00:15:50Z</time>
        <extensions>
          <gpxtpx:TrackPointExtension>
            <gpxtpx:hr>162</gpxtpx:hr>
          </gpxtpx:TrackPointExtension>
        </extensions>
      </trkpt>
      <trkpt lat="31.044332481147638" lon="121.5322043627233">
        <ele>6.621547523885965</ele>
        <time>1970-01-01T00:15:51Z</time>
        <extensions>
          <gpxtpx:TrackPointExtension>
            <gpxtpx:hr>162</gpxtpx:hr>
          </gpxtpx:TrackPointExtension>
        </extensions>
      </trkpt>
      <trkpt lat="31.044309476799164" lon="121.53222199139374">
        <ele>6.62959062308073</ele>
        <time>1970-01-01T00:15:52Z</time>
        <extensions>
          <gpxtpx:TrackPointExtension>
            <gpxtpx:hr>162</gpxtpx:hr>
          </gpxtpx:TrackPointExtension>
        </extensions>
      </trkpt>
      <trkpt lat="31.04428673511662" lon="121.5322399901226">
        <ele>6.636866977438331</ele>
        <time>1970-01-01T00:15:53Z</time>
        <extensions>
          <gpxtpx:TrackPointExtension>
            <gpxtpx:hr>162</gpxtpx:hr>
          </gpxtpx:TrackPointExtension>
        </extensions>
      </trkpt>
      <trkpt lat="31.044264744893454" lon="121.53225886644836">
        <ele>6.643016334623098</ele>
        <time>1970-01-01T00:15:54Z</time>
        <extensions>
          <gpxtpx:TrackPointExtension>
            <gpxtpx:hr>163</gpxtpx:hr>
          </gpxtpx:TrackPointExtension>
        </extensions>
      </trkpt>
      <trkpt lat="31.04424432314566" lon="121.5322791884783">
        <ele>6.647622318007052</ele>
        <time>1970-01-01T00:15:55Z</time>
        <extensions>
          <gpxtpx:TrackPointExtension>
            <gpxtpx:hr>163</gpxtpx:hr>
          </gpxtpx:TrackPointExtension>
        </extensions>
      </trkpt>
      <trkpt lat="31.044226268006113" lon="121.53230177417882">
        <ele>6.650216078385711</ele>
        <time>1970-01-01T00:15:56Z</time>
        <extensions>
          <gpxtpx:TrackPointExtension>
            <gpxtpx:hr>163</gpxtpx:hr>
          </gpxtpx:TrackPointExtension>
        </extensions>
      </trkpt>
      <trkpt lat="31.044210957697544" lon="121.53232640149074">
        <ele>6.6503861071541905</ele>
        <time>1970-01-01T00:15:57Z</time>
        <extensions>
          <gpxtpx:TrackPointExtension>
            <gpxtpx:hr>163</gpxtpx:hr>
          </gpxtpx:TrackPointExtension>
        </extensions>
      </trkpt>
      <trkpt lat="31.0441981545708" lon="121.53235295122266">
        <ele>6.648037163540721</ele>
        <time>1970-01-01T00:15:58Z</time>
        <extensions>
          <gpxtpx:TrackPointExtension>
            <gpxtpx:hr>163</gpxtpx:hr>
          </gpxtpx:TrackPointExtension>
        </extensions>
      </trkpt>
      <trkpt lat="31.044187909907354" lon="121.53238097692922">
        <ele>6.643288592807949</ele>
        <time>1970-01-01T00:15:59Z</time>
        <extensions>
          <gpxtpx:TrackPointExtension>
            <gpxtpx:hr>162</gpxtpx:hr>
          </gpxtpx:TrackPointExtension>
        </extensions>
      </trkpt>
      <trkpt lat="31.04418027982682" lon="121.53240951196149">
        <ele>6.6364333517849445</ele>
        <time>1970-01-01T00:16:00Z</time>
        <extensions>
          <gpxtpx:TrackPointExtension>
            <gpxtpx:hr>162</gpxtpx:hr>
          </gpxtpx:TrackPointExtension>
        </extensions>
      </trkpt>
      <trkpt lat="31.044175437395843" lon="121.5324376931971">
        <ele>6.628353184089065</ele>
        <time>1970-01-01T00:16:01Z</time>
        <extensions>
          <gpxtpx:TrackPointExtension>
            <gpxtpx:hr>162</gpxtpx:hr>
          </gpxtpx:TrackPointExtension>
        </extensions>
      </trkpt>
      <trkpt lat="31.044173766450033" lon="121.53246508296422">
        <ele>6.619959190487862</ele>
        <time>1970-01-01T00:16:02Z</time>
        <extensions>
          <gpxtpx:TrackPointExtension>
            <gpxtpx:hr>162</gpxtpx:hr>
          </gpxtpx:TrackPointExtension>
        </extensions>
      </trkpt>
      <trkpt lat="31.044175560873757" lon="121.53249218024881">
        <ele>6.612747298553586</ele>
        <time>1970-01-01T00:16:03Z</time>
        <extensions>
          <gpxtpx:TrackPointExtension>
            <gpxtpx:hr>162</gpxtpx:hr>
          </gpxtpx:TrackPointExtension>
        </extensions>
      </trkpt>
      <trkpt lat="31.044180624421994" lon="121.53251936575543">
        <ele>6.608626480214298</ele>
        <time>1970-01-01T00:16:04Z</time>
        <extensions>
          <gpxtpx:TrackPointExtension>
            <gpxtpx:hr>162</gpxtpx:hr>
          </gpxtpx:TrackPointExtension>
        </extensions>
      </trkpt>
      <trkpt lat="31.044187886929212" lon="121.53254654882463">
        <ele>6.6094870045781136</ele>
        <time>1970-01-01T00:16:05Z</time>
        <extensions>
          <gpxtpx:TrackPointExtension>
            <gpxtpx:hr>162</gpxtpx:hr>
          </gpxtpx:TrackPointExtension>
        </extensions>
      </trkpt>
      <trkpt lat="31.044196274119958" lon="121.53257315173514">
        <ele>6.615886691957712</ele>
        <time>1970-01-01T00:16:06Z</time>
        <extensions>
          <gpxtpx:TrackPointExtension>
            <gpxtpx:hr>162</gpxtpx:hr>
          </gpxtpx:TrackPointExtension>
        </extensions>
      </trkpt>
      <trkpt lat="31.04420554847537" lon="121.53259827033592">
        <ele>6.6284101298078895</ele>
        <time>1970-01-01T00:16:07Z</time>
        <extensions>
          <gpxtpx:TrackPointExtension>
            <gpxtpx:hr>162</gpxtpx:hr>
          </gpxtpx:TrackPointExtension>
        </extensions>
      </trkpt>
      <trkpt lat="31.044216669729735" lon="121.53262177976623">
        <ele>6.647433660924435</ele>
        <time>1970-01-01T00:16:08Z</time>
        <extensions>
          <gpxtpx:TrackPointExtension>
            <gpxtpx:hr>162</gpxtpx:hr>
          </gpxtpx:TrackPointExtension>
        </extensions>
      </trkpt>
      <trkpt lat="31.044230038888383" lon="121.5326442241919">
        <ele>6.673025796189904</ele>
        <time>1970-01-01T00:16:09Z</time>
        <extensions>
          <gpxtpx:TrackPointExtension>
            <gpxtpx:hr>162</gpxtpx:hr>
          </gpxtpx:TrackPointExtension>
        </extensions>
      </trkpt>
      <trkpt lat="31.04424531560164" lon="121.53266585046616">
        <ele>6.704936481080949</ele>
        <time>1970-01-01T00:16:10Z</time>
        <extensions>
          <gpxtpx:TrackPointExtension>
            <gpxtpx:hr>162</gpxtpx:hr>
          </gpxtpx:TrackPointExtension>
        </extensions>
      </trkpt>
      <trkpt lat="31.044262198591884" lon="121.53268616143849">
        <ele>6.742253095842898</ele>
        <time>1970-01-01T00:16:11Z</time>
        <extensions>
          <gpxtpx:TrackPointExtension>
            <gpxtpx:hr>162</gpxtpx:hr>
          </gpxtpx:TrackPointExtension>
        </extensions>
      </trkpt>
      <trkpt lat="31.044280493968515" lon="121.53270429858742">
        <ele>6.783650756813586</ele>
        <time>1970-01-01T00:16:12Z</time>
        <extensions>
          <gpxtpx:TrackPointExtension>
            <gpxtpx:hr>162</gpxtpx:hr>
          </gpxtpx:TrackPointExtension>
        </extensions>
      </trkpt>
      <trkpt lat="31.04430084548376" lon="121.53271957914366">
        <ele>6.827417210675776</ele>
        <time>1970-01-01T00:16:13Z</time>
        <extensions>
          <gpxtpx:TrackPointExtension>
            <gpxtpx:hr>162</gpxtpx:hr>
          </gpxtpx:TrackPointExtension>
        </extensions>
      </trkpt>
      <trkpt lat="31.04432378164355" lon="121.53273177452566">
        <ele>6.871538473293185</ele>
        <time>1970-01-01T00:16:14Z</time>
        <extensions>
          <gpxtpx:TrackPointExtension>
            <gpxtpx:hr>162</gpxtpx:hr>
          </gpxtpx:TrackPointExtension>
        </extensions>
      </trkpt>
      <trkpt lat="31.044349611858383" lon="121.5327411643358">
        <ele>6.913917322643101</ele>
        <time>1970-01-01T00:16:15Z</time>
        <extensions>
          <gpxtpx:TrackPointExtension>
            <gpxtpx:hr>162</gpxtpx:hr>
          </gpxtpx:TrackPointExtension>
        </extensions>
      </trkpt>
      <trkpt lat="31.044377632814584" lon="121.53274774504058">
        <ele>6.952994511462748</ele>
        <time>1970-01-01T00:16:16Z</time>
        <extensions>
          <gpxtpx:TrackPointExtension>
            <gpxtpx:hr>162</gpxtpx:hr>
          </gpxtpx:TrackPointExtension>
        </extensions>
      </trkpt>
      <trkpt lat="31.04440605135887" lon="121.53275152264959">
        <ele>6.987672880291939</ele>
        <time>1970-01-01T00:16:17Z</time>
        <extensions>
          <gpxtpx:TrackPointExtension>
            <gpxtpx:hr>162</gpxtpx:hr>
          </gpxtpx:TrackPointExtension>
        </extensions>
      </trkpt>
      <trkpt lat="31.044434357475282" lon="121.5327525531599">
        <ele>7.017295044846833</ele>
        <time>1970-01-01T00:16:18Z</time>
        <extensions>
          <gpxtpx:TrackPointExtension>
            <gpxtpx:hr>163</gpxtpx:hr>
          </gpxtpx:TrackPointExtension>
        </extensions>
      </trkpt>
      <trkpt lat="31.044462656162835" lon="121.5327506824969">
        <ele>7.041592345573008</ele>
        <time>1970-01-01T00:16:19Z</time>
        <extensions>
          <gpxtpx:TrackPointExtension>
            <gpxtpx:hr>163</gpxtpx:hr>
          </gpxtpx:TrackPointExtension>
        </extensions>
      </trkpt>
      <trkpt lat="31.044490743507723" lon="121.53274551726754">
        <ele>7.060648399405181</ele>
        <time>1970-01-01T00:16:20Z</time>
        <extensions>
          <gpxtpx:TrackPointExtension>
            <gpxtpx:hr>163</gpxtpx:hr>
          </gpxtpx:TrackPointExtension>
        </extensions>
      </trkpt>
      <trkpt lat="31.04451833034924" lon="121.53273724125245">
        <ele>7.074863999150693</ele>
        <time>1970-01-01T00:16:21Z</time>
        <extensions>
          <gpxtpx:TrackPointExtension>
            <gpxtpx:hr>163</gpxtpx:hr>
          </gpxtpx:TrackPointExtension>
        </extensions>
      </trkpt>
      <trkpt lat="31.04454470508384" lon="121.53272685250828">
        <ele>7.084898168221116</ele>
        <time>1970-01-01T00:16:22Z</time>
        <extensions>
          <gpxtpx:TrackPointExtension>
            <gpxtpx:hr>163</gpxtpx:hr>
          </gpxtpx:TrackPointExtension>
        </extensions>
      </trkpt>
      <trkpt lat="31.044569878935356" lon="121.53271467909474">
        <ele>7.0914636785164475</ele>
        <time>1970-01-01T00:16:23Z</time>
        <extensions>
          <gpxtpx:TrackPointExtension>
            <gpxtpx:hr>163</gpxtpx:hr>
          </gpxtpx:TrackPointExtension>
        </extensions>
      </trkpt>
      <trkpt lat="31.044594107299677" lon="121.53270121814002">
        <ele>7.094829306937754</ele>
        <time>1970-01-01T00:16:24Z</time>
        <extensions>
          <gpxtpx:TrackPointExtension>
            <gpxtpx:hr>163</gpxtpx:hr>
          </gpxtpx:TrackPointExtension>
        </extensions>
      </trkpt>
      <trkpt lat="31.04461773398939" lon="121.53268680195191">
        <ele>7.095284075476229</ele>
        <time>1970-01-01T00:16:25Z</time>
        <extensions>
          <gpxtpx:TrackPointExtension>
            <gpxtpx:hr>163</gpxtpx:hr>
          </gpxtpx:TrackPointExtension>
        </extensions>
      </trkpt>
      <trkpt lat="31.044641365060766" lon="121.5326716665943">
        <ele>7.093306852504611</ele>
        <time>1970-01-01T00:16:26Z</time>
        <extensions>
          <gpxtpx:TrackPointExtension>
            <gpxtpx:hr>163</gpxtpx:hr>
          </gpxtpx:TrackPointExtension>
        </extensions>
      </trkpt>
      <trkpt lat="31.044665043245228" lon="121.53265700040367">
        <ele>7.089362129569054</ele>
        <time>1970-01-01T00:16:27Z</time>
        <extensions>
          <gpxtpx:TrackPointExtension>
            <gpxtpx:hr>163</gpxtpx:hr>
          </gpxtpx:TrackPointExtension>
        </extensions>
      </trkpt>
      <trkpt lat="31.04468868462548" lon="121.53264276743059">
        <ele>7.083750898018479</ele>
        <time>1970-01-01T00:16:28Z</time>
        <extensions>
          <gpxtpx:TrackPointExtension>
            <gpxtpx:hr>162</gpxtpx:hr>
          </gpxtpx:TrackPointExtension>
        </extensions>
      </trkpt>
      <trkpt lat="31.04471265588967" lon="121.53262816022563">
        <ele>7.07680828217417</ele>
        <time>1970-01-01T00:16:29Z</time>
        <extensions>
          <gpxtpx:TrackPointExtension>
            <gpxtpx:hr>162</gpxtpx:hr>
          </gpxtpx:TrackPointExtension>
        </extensions>
      </trkpt>
      <trkpt lat="31.044736726568285" lon="121.53261289995879">
        <ele>7.068775149062276</ele>
        <time>1970-01-01T00:16:30Z</time>
        <extensions>
          <gpxtpx:TrackPointExtension>
            <gpxtpx:hr>162</gpxtpx:hr>
          </gpxtpx:TrackPointExtension>
        </extensions>
      </trkpt>
      <trkpt lat="31.04476050972134" lon="121.53259656434474">
        <ele>7.059740950353444</ele>
        <time>1970-01-01T00:16:31Z</time>
        <extensions>
          <gpxtpx:TrackPointExtension>
            <gpxtpx:hr>162</gpxtpx:hr>
          </gpxtpx:TrackPointExtension>
        </extensions>
      </trkpt>
      <trkpt lat="31.04478351686174" lon="121.53258058773312">
        <ele>7.0497158989310265</ele>
        <time>1970-01-01T00:16:32Z</time>
        <extensions>
          <gpxtpx:TrackPointExtension>
            <gpxtpx:hr>162</gpxtpx:hr>
          </gpxtpx:TrackPointExtension>
        </extensions>
      </trkpt>
      <trkpt lat="31.044805810089716" lon="121.53256588877379">
        <ele>7.038782122544944</ele>
        <time>1970-01-01T00:16:33Z</time>
        <extensions>
          <gpxtpx:TrackPointExtension>
            <gpxtpx:hr>162</gpxtpx:hr>
          </gpxtpx:TrackPointExtension>
        </extensions>
      </trkpt>
      <trkpt lat="31.044827865554563" lon="121.53255208139994">
        <ele>7.026730139739811</ele>
        <time>1970-01-01T00:16:34Z</time>
        <extensions>
          <gpxtpx:TrackPointExtension>
            <gpxtpx:hr>163</gpxtpx:hr>
          </gpxtpx:TrackPointExtension>
        </extensions>
      </trkpt>
      <trkpt lat="31.044849410583947" lon="121.53253899097541">
        <ele>7.013480991125107</ele>
        <time>1970-01-01T00:16:35Z</time>
        <extensions>
          <gpxtpx:TrackPointExtension>
            <gpxtpx:hr>163</gpxtpx:hr>
          </gpxtpx:TrackPointExtension>
        </extensions>
      </trkpt>
      <trkpt lat="31.04487068128542" lon="121.53252539753939">
        <ele>6.998956763185561</ele>
        <time>1970-01-01T00:16:36Z</time>
        <extensions>
          <gpxtpx:TrackPointExtension>
            <gpxtpx:hr>163</gpxtpx:hr>
          </gpxtpx:TrackPointExtension>
        </extensions>
      </trkpt>
      <trkpt lat="31.044892271429514" lon="121.53251110070534">
        <ele>6.982974635437131</ele>
        <time>1970-01-01T00:16:37Z</time>
        <extensions>
          <gpxtpx:TrackPointExtension>
            <gpxtpx:hr>163</gpxtpx:hr>
          </gpxtpx:TrackPointExtension>
        </extensions>
      </trkpt>
      <trkpt lat="31.04491482144601" lon="121.53249670303028">
        <ele>6.965232141315937</ele>
        <time>1970-01-01T00:16:38Z</time>
        <extensions>
          <gpxtpx:TrackPointExtension>
            <gpxtpx:hr>163</gpxtpx:hr>
          </gpxtpx:TrackPointExtension>
        </extensions>
      </trkpt>
      <trkpt lat="31.044938095650494" lon="121.53248244123623">
        <ele>6.946368864737451</ele>
        <time>1970-01-01T00:16:39Z</time>
        <extensions>
          <gpxtpx:TrackPointExtension>
            <gpxtpx:hr>163</gpxtpx:hr>
          </gpxtpx:TrackPointExtension>
        </extensions>
      </trkpt>
      <trkpt lat="31.04496101864992" lon="121.5324686832371">
        <ele>6.92701427359134</ele>
        <time>1970-01-01T00:16:40Z</time>
        <extensions>
          <gpxtpx:TrackPointExtension>
            <gpxtpx:hr>163</gpxtpx:hr>
          </gpxtpx:TrackPointExtension>
        </extensions>
      </trkpt>
      <trkpt lat="31.04498312754968" lon="121.53245538042206">
        <ele>6.907868256792426</ele>
        <time>1970-01-01T00:16:41Z</time>
        <extensions>
          <gpxtpx:TrackPointExtension>
            <gpxtpx:hr>163</gpxtpx:hr>
          </gpxtpx:TrackPointExtension>
        </extensions>
      </trkpt>
      <trkpt lat="31.04500515758487" lon="121.53244243503148">
        <ele>6.889860211871564</ele>
        <time>1970-01-01T00:16:42Z</time>
        <extensions>
          <gpxtpx:TrackPointExtension>
            <gpxtpx:hr>162</gpxtpx:hr>
          </gpxtpx:TrackPointExtension>
        </extensions>
      </trkpt>
      <trkpt lat="31.045027834933748" lon="121.53242847009726">
        <ele>6.874035948887467</ele>
        <time>1970-01-01T00:16:43Z</time>
        <extensions>
          <gpxtpx:TrackPointExtension>
            <gpxtpx:hr>162</gpxtpx:hr>
          </gpxtpx:TrackPointExtension>
        </extensions>
      </trkpt>
      <trkpt lat="31.045050501860324" lon="121.53241215884857">
        <ele>6.860530002042651</ele>
        <time>1970-01-01T00:16:44Z</time>
        <extensions>
          <gpxtpx:TrackPointExtension>
            <gpxtpx:hr>162</gpxtpx:hr>
          </gpxtpx:TrackPointExtension>
        </extensions>
      </trkpt>
      <trkpt lat="31.045071959956786" lon="121.53239385543758">
        <ele>6.849404723383486</ele>
        <time>1970-01-01T00:16:45Z</time>
        <extensions>
          <gpxtpx:TrackPointExtension>
            <gpxtpx:hr>162</gpxtpx:hr>
          </gpxtpx:TrackPointExtension>
        </extensions>
      </trkpt>
      <trkpt lat="31.04509073941129" lon="121.53237345514862">
        <ele>6.84074333216995</ele>
        <time>1970-01-01T00:16:46Z</time>
        <extensions>
          <gpxtpx:TrackPointExtension>
            <gpxtpx:hr>162</gpxtpx:hr>
          </gpxtpx:TrackPointExtension>
        </extensions>
      </trkpt>
      <trkpt lat="31.04510616950858" lon="121.53235100837162">
        <ele>6.834392142482102</ele>
        <time>1970-01-01T00:16:47Z</time>
        <extensions>
          <gpxtpx:TrackPointExtension>
            <gpxtpx:hr>163</gpxtpx:hr>
          </gpxtpx:TrackPointExtension>
        </extensions>
      </trkpt>
      <trkpt lat="31.045118721100604" lon="121.53232624465122">
        <ele>6.830011990852654</ele>
        <time>1970-01-01T00:16:48Z</time>
        <extensions>
          <gpxtpx:TrackPointExtension>
            <gpxtpx:hr>163</gpxtpx:hr>
          </gpxtpx:TrackPointExtension>
        </extensions>
      </trkpt>
      <trkpt lat="31.04512913987982" lon="121.53229914206301">
        <ele>6.82739286404103</ele>
        <time>1970-01-01T00:16:49Z</time>
        <extensions>
          <gpxtpx:TrackPointExtension>
            <gpxtpx:hr>163</gpxtpx:hr>
          </gpxtpx:TrackPointExtension>
        </extensions>
      </trkpt>
      <trkpt lat="31.045137722298353" lon="121.53227069708983">
        <ele>6.826081344857812</ele>
        <time>1970-01-01T00:16:50Z</time>
        <extensions>
          <gpxtpx:TrackPointExtension>
            <gpxtpx:hr>163</gpxtpx:hr>
          </gpxtpx:TrackPointExtension>
        </extensions>
      </trkpt>
      <trkpt lat="31.045143921761575" lon="121.53224156885835">
        <ele>6.825219499878585</ele>
        <time>1970-01-01T00:16:51Z</time>
        <extensions>
          <gpxtpx:TrackPointExtension>
            <gpxtpx:hr>163</gpxtpx:hr>
          </gpxtpx:TrackPointExtension>
        </extensions>
      </trkpt>
      <trkpt lat="31.045146997455625" lon="121.53221239662734">
        <ele>6.8235366670414805</ele>
        <time>1970-01-01T00:16:52Z</time>
        <extensions>
          <gpxtpx:TrackPointExtension>
            <gpxtpx:hr>162</gpxtpx:hr>
          </gpxtpx:TrackPointExtension>
        </extensions>
      </trkpt>
      <trkpt lat="31.045146138191697" lon="121.53218330527855">
        <ele>6.819794364273548</ele>
        <time>1970-01-01T00:16:53Z</time>
        <extensions>
          <gpxtpx:TrackPointExtension>
            <gpxtpx:hr>162</gpxtpx:hr>
          </gpxtpx:TrackPointExtension>
        </extensions>
      </trkpt>
      <trkpt lat="31.045141292150852" lon="121.5321541977921">
        <ele>6.813164506107569</ele>
        <time>1970-01-01T00:16:54Z</time>
        <extensions>
          <gpxtpx:TrackPointExtension>
            <gpxtpx:hr>162</gpxtpx:hr>
          </gpxtpx:TrackPointExtension>
        </extensions>
      </trkpt>
      <trkpt lat="31.04513312911872" lon="121.53212579998176">
        <ele>6.803342183120549</ele>
        <time>1970-01-01T00:16:55Z</time>
        <extensions>
          <gpxtpx:TrackPointExtension>
            <gpxtpx:hr>162</gpxtpx:hr>
          </gpxtpx:TrackPointExtension>
        </extensions>
      </trkpt>
      <trkpt lat="31.04512210135801" lon="121.5320984056476">
        <ele>6.790462294593453</ele>
        <time>1970-01-01T00:16:56Z</time>
        <extensions>
          <gpxtpx:TrackPointExtension>
            <gpxtpx:hr>163</gpxtpx:hr>
          </gpxtpx:TrackPointExtension>
        </extensions>
      </trkpt>
      <trkpt lat="31.045108753543495" lon="121.53207209284581">
        <ele>6.775277940556407</ele>
        <time>1970-01-01T00:16:57Z</time>
        <extensions>
          <gpxtpx:TrackPointExtension>
            <gpxtpx:hr>163</gpxtpx:hr>
          </gpxtpx:TrackPointExtension>
        </extensions>
      </trkpt>
      <trkpt lat="31.04509322106541" lon="121.53204692257599">
        <ele>6.7587326085194945</ele>
        <time>1970-01-01T00:16:58Z</time>
        <extensions>
          <gpxtpx:TrackPointExtension>
            <gpxtpx:hr>163</gpxtpx:hr>
          </gpxtpx:TrackPointExtension>
        </extensions>
      </trkpt>
      <trkpt lat="31.045075766643464" lon="121.53202338379442">
        <ele>6.741762745194137</ele>
        <time>1970-01-01T00:16:59Z</time>
        <extensions>
          <gpxtpx:TrackPointExtension>
            <gpxtpx:hr>163</gpxtpx:hr>
          </gpxtpx:TrackPointExtension>
        </extensions>
      </trkpt>
      <trkpt lat="31.04505695464696" lon="121.53200179300566">
        <ele>6.725177310407162</ele>
        <time>1970-01-01T00:17:00Z</time>
        <extensions>
          <gpxtpx:TrackPointExtension>
            <gpxtpx:hr>163</gpxtpx:hr>
          </gpxtpx:TrackPointExtension>
        </extensions>
      </trkpt>
      <trkpt lat="31.04503658216724" lon="121.53198215709398">
        <ele>6.709685569629073</ele>
        <time>1970-01-01T00:17:01Z</time>
        <extensions>
          <gpxtpx:TrackPointExtension>
            <gpxtpx:hr>163</gpxtpx:hr>
          </gpxtpx:TrackPointExtension>
        </extensions>
      </trkpt>
      <trkpt lat="31.045014853033205" lon="121.53196406316822">
        <ele>6.695764969103038</ele>
        <time>1970-01-01T00:17:02Z</time>
        <extensions>
          <gpxtpx:TrackPointExtension>
            <gpxtpx:hr>163</gpxtpx:hr>
          </gpxtpx:TrackPointExtension>
        </extensions>
      </trkpt>
      <trkpt lat="31.044992281147852" lon="121.53194696910224">
        <ele>6.683818558230996</ele>
        <time>1970-01-01T00:17:03Z</time>
        <extensions>
          <gpxtpx:TrackPointExtension>
            <gpxtpx:hr>163</gpxtpx:hr>
          </gpxtpx:TrackPointExtension>
        </extensions>
      </trkpt>
      <trkpt lat="31.044969261688866" lon="121.53193280411777">
        <ele>6.674068571999669</ele>
        <time>1970-01-01T00:17:04Z</time>
        <extensions>
          <gpxtpx:TrackPointExtension>
            <gpxtpx:hr>163</gpxtpx:hr>
          </gpxtpx:TrackPointExtension>
        </extensions>
      </trkpt>
      <trkpt lat="31.044946511574217" lon="121.5319234774123">
        <ele>6.666479781270027</ele>
        <time>1970-01-01T00:17:05Z</time>
        <extensions>
          <gpxtpx:TrackPointExtension>
            <gpxtpx:hr>163</gpxtpx:hr>
          </gpxtpx:TrackPointExtension>
        </extensions>
      </trkpt>
      <trkpt lat="31.044923202529485" lon="121.53191849151182">
        <ele>6.660850449465215</ele>
        <time>1970-01-01T00:17:06Z</time>
        <extensions>
          <gpxtpx:TrackPointExtension>
            <gpxtpx:hr>163</gpxtpx:hr>
          </gpxtpx:TrackPointExtension>
        </extensions>
      </trkpt>
      <trkpt lat="31.044898570783324" lon="121.53191608780863">
        <ele>6.657079266384244</ele>
        <time>1970-01-01T00:17:07Z</time>
        <extensions>
          <gpxtpx:TrackPointExtension>
            <gpxtpx:hr>163</gpxtpx:hr>
          </gpxtpx:TrackPointExtension>
        </extensions>
      </trkpt>
      <trkpt lat="31.044872968412797" lon="121.53191520361162">
        <ele>6.654948774725199</ele>
        <time>1970-01-01T00:17:08Z</time>
        <extensions>
          <gpxtpx:TrackPointExtension>
            <gpxtpx:hr>162</gpxtpx:hr>
          </gpxtpx:TrackPointExtension>
        </extensions>
      </trkpt>
      <trkpt lat="31.04484668162092" lon="121.53191572366745">
        <ele>6.654244359582663</ele>
        <time>1970-01-01T00:17:09Z</time>
        <extensions>
          <gpxtpx:TrackPointExtension>
            <gpxtpx:hr>162</gpxtpx:hr>
          </gpxtpx:TrackPointExtension>
        </extensions>
      </trkpt>
      <trkpt lat="31.04482014727166" lon="121.53191738920914">
        <ele>6.654945395886898</ele>
        <time>1970-01-01T00:17:10Z</time>
        <extensions>
          <gpxtpx:TrackPointExtension>
            <gpxtpx:hr>162</gpxtpx:hr>
          </gpxtpx:TrackPointExtension>
        </extensions>
      </trkpt>
      <trkpt lat="31.044793757925934" lon="121.53192100160294">
        <ele>6.657063638791442</ele>
        <time>1970-01-01T00:17:11Z</time>
        <extensions>
          <gpxtpx:TrackPointExtension>
            <gpxtpx:hr>162</gpxtpx:hr>
          </gpxtpx:TrackPointExtension>
        </extensions>
      </trkpt>
      <trkpt lat="31.044767739541438" lon="121.53192756300419">
        <ele>6.660299746319652</ele>
        <time>1970-01-01T00:17:12Z</time>
        <extensions>
          <gpxtpx:TrackPointExtension>
            <gpxtpx:hr>162</gpxtpx:hr>
          </gpxtpx:TrackPointExtension>
        </extensions>
      </trkpt>
      <trkpt lat="31.044741930879198" lon="121.53193664396704">
        <ele>6.664355251006782</ele>
        <time>1970-01-01T00:17:13Z</time>
        <extensions>
          <gpxtpx:TrackPointExtension>
            <gpxtpx:hr>162</gpxtpx:hr>
          </gpxtpx:TrackPointExtension>
        </extensions>
      </trkpt>
      <trkpt lat="31.044715740001106" lon="121.53194761142822">
        <ele>6.669010489247739</ele>
        <time>1970-01-01T00:17:14Z</time>
        <extensions>
          <gpxtpx:TrackPointExtension>
            <gpxtpx:hr>162</gpxtpx:hr>
          </gpxtpx:TrackPointExtension>
        </extensions>
      </trkpt>
      <trkpt lat="31.04469024226296" lon="121.531959907493">
        <ele>6.674006590619683</ele>
        <time>1970-01-01T00:17:15Z</time>
        <extensions>
          <gpxtpx:TrackPointExtension>
            <gpxtpx:hr>162</gpxtpx:hr>
          </gpxtpx:TrackPointExtension>
        </extensions>
      </trkpt>
      <trkpt lat="31.04466691034587" lon="121.53197353241592">
        <ele>6.679122883826494</ele>
        <time>1970-01-01T00:17:16Z</time>
        <extensions>
          <gpxtpx:TrackPointExtension>
            <gpxtpx:hr>162</gpxtpx:hr>
          </gpxtpx:TrackPointExtension>
        </extensions>
      </trkpt>
      <trkpt lat="31.044645085355246" lon="121.53198774269569">
        <ele>6.683506394736469</ele>
        <time>1970-01-01T00:17:17Z</time>
        <extensions>
          <gpxtpx:TrackPointExtension>
            <gpxtpx:hr>162</gpxtpx:hr>
          </gpxtpx:TrackPointExtension>
        </extensions>
      </trkpt>
      <trkpt lat="31.044623427123224" lon="121.5320016184465">
        <ele>6.685933278873563</ele>
        <time>1970-01-01T00:17:18Z</time>
        <extensions>
          <gpxtpx:TrackPointExtension>
            <gpxtpx:hr>162</gpxtpx:hr>
          </gpxtpx:TrackPointExtension>
        </extensions>
      </trkpt>
      <trkpt lat="31.044601332900527" lon="121.53201552108186">
        <ele>6.685166195034981</ele>
        <time>1970-01-01T00:17:19Z</time>
        <extensions>
          <gpxtpx:TrackPointExtension>
            <gpxtpx:hr>162</gpxtpx:hr>
          </gpxtpx:TrackPointExtension>
        </extensions>
      </trkpt>
      <trkpt lat="31.044579235318505" lon="121.53202893888228">
        <ele>6.680548192001879</ele>
        <time>1970-01-01T00:17:20Z</time>
        <extensions>
          <gpxtpx:TrackPointExtension>
            <gpxtpx:hr>162</gpxtpx:hr>
          </gpxtpx:TrackPointExtension>
        </extensions>
      </trkpt>
      <trkpt lat="31.044557225699474" lon="121.53204178378688">
        <ele>6.671343758702278</ele>
        <time>1970-01-01T00:17:21Z</time>
        <extensions>
          <gpxtpx:TrackPointExtension>
            <gpxtpx:hr>162</gpxtpx:hr>
          </gpxtpx:TrackPointExtension>
        </extensions>
      </trkpt>
      <trkpt lat="31.044535209257624" lon="121.53205472813043">
        <ele>6.657182740978897</ele>
        <time>1970-01-01T00:17:22Z</time>
        <extensions>
          <gpxtpx:TrackPointExtension>
            <gpxtpx:hr>162</gpxtpx:hr>
          </gpxtpx:TrackPointExtension>
        </extensions>
      </trkpt>
      <trkpt lat="31.044513311504257" lon="121.53206866624008">
        <ele>6.638091593980789</ele>
        <time>1970-01-01T00:17:23Z</time>
        <extensions>
          <gpxtpx:TrackPointExtension>
            <gpxtpx:hr>162</gpxtpx:hr>
          </gpxtpx:TrackPointExtension>
        </extensions>
      </trkpt>
      <trkpt lat="31.04449139412458" lon="121.53208450668075">
        <ele>6.614320467226207</ele>
        <time>1970-01-01T00:17:24Z</time>
        <extensions>
          <gpxtpx:TrackPointExtension>
            <gpxtpx:hr>163</gpxtpx:hr>
          </gpxtpx:TrackPointExtension>
        </extensions>
      </trkpt>
      <trkpt lat="31.04446955158956" lon="121.53210137012601">
        <ele>6.586125731468201</ele>
        <time>1970-01-01T00:17:25Z</time>
        <extensions>
          <gpxtpx:TrackPointExtension>
            <gpxtpx:hr>163</gpxtpx:hr>
          </gpxtpx:TrackPointExtension>
        </extensions>
      </trkpt>
      <trkpt lat="31.044447555046403" lon="121.53211842122036">
        <ele>6.5540600242093205</ele>
        <time>1970-01-01T00:17:26Z</time>
        <extensions>
          <gpxtpx:TrackPointExtension>
            <gpxtpx:hr>163</gpxtpx:hr>
          </gpxtpx:TrackPointExtension>
        </extensions>
      </trkpt>
      <trkpt lat="31.044424918641607" lon="121.53213519088436">
        <ele>6.518939170055091</ele>
        <time>1970-01-01T00:17:27Z</time>
        <extensions>
          <gpxtpx:TrackPointExtension>
            <gpxtpx:hr>163</gpxtpx:hr>
          </gpxtpx:TrackPointExtension>
        </extensions>
      </trkpt>
      <trkpt lat="31.04440193666256" lon="121.53215099586973">
        <ele>6.481809148564935</ele>
        <time>1970-01-01T00:17:28Z</time>
        <extensions>
          <gpxtpx:TrackPointExtension>
            <gpxtpx:hr>163</gpxtpx:hr>
          </gpxtpx:TrackPointExtension>
        </extensions>
      </trkpt>
      <trkpt lat="31.04437926947074" lon="121.53216625413052">
        <ele>6.443848133087158</ele>
        <time>1970-01-01T00:17:29Z</time>
        <extensions>
          <gpxtpx:TrackPointExtension>
            <gpxtpx:hr>162</gpxtpx:hr>
          </gpxtpx:TrackPointExtension>
        </extensions>
      </trkpt>
      <trkpt lat="31.044357193999623" lon="121.53218154582892">
        <ele>6.406185722909868</ele>
        <time>1970-01-01T00:17:30Z</time>
        <extensions>
          <gpxtpx:TrackPointExtension>
            <gpxtpx:hr>162</gpxtpx:hr>
          </gpxtpx:TrackPointExtension>
        </extensions>
      </trkpt>
      <trkpt lat="31.044335951282175" lon="121.53219804731177">
        <ele>6.369712151587009</ele>
        <time>1970-01-01T00:17:31Z</time>
        <extensions>
          <gpxtpx:TrackPointExtension>
            <gpxtpx:hr>162</gpxtpx:hr>
          </gpxtpx:TrackPointExtension>
        </extensions>
      </trkpt>
      <trkpt lat="31.044315680077702" lon="121.53221723632048">
        <ele>6.335282842628658</ele>
        <time>1970-01-01T00:17:32Z</time>
        <extensions>
          <gpxtpx:TrackPointExtension>
            <gpxtpx:hr>163</gpxtpx:hr>
          </gpxtpx:TrackPointExtension>
        </extensions>
      </trkpt>
      <trkpt lat="31.044296154386732" lon="121.53223838235166">
        <ele>6.3039110554382205</ele>
        <time>1970-01-01T00:17:33Z</time>
        <extensions>
          <gpxtpx:TrackPointExtension>
            <gpxtpx:hr>163</gpxtpx:hr>
          </gpxtpx:TrackPointExtension>
        </extensions>
      </trkpt>
      <trkpt lat="31.044276952482594" lon="121.5322606474539">
        <ele>6.2763300612568855</ele>
        <time>1970-01-01T00:17:34Z</time>
        <extensions>
          <gpxtpx:TrackPointExtension>
            <gpxtpx:hr>163</gpxtpx:hr>
          </gpxtpx:TrackPointExtension>
        </extensions>
      </trkpt>
      <trkpt lat="31.04425849545166" lon="121.5322839447405">
        <ele>6.2527716951444745</ele>
        <time>1970-01-01T00:17:35Z</time>
        <extensions>
          <gpxtpx:TrackPointExtension>
            <gpxtpx:hr>163</gpxtpx:hr>
          </gpxtpx:TrackPointExtension>
        </extensions>
      </trkpt>
      <trkpt lat="31.044242034841453" lon="121.53230841290086">
        <ele>6.233346766792238</ele>
        <time>1970-01-01T00:17:36Z</time>
        <extensions>
          <gpxtpx:TrackPointExtension>
            <gpxtpx:hr>163</gpxtpx:hr>
          </gpxtpx:TrackPointExtension>
        </extensions>
      </trkpt>
      <trkpt lat="31.04422849143827" lon="121.53233453618533">
        <ele>6.217975738458335</ele>
        <time>1970-01-01T00:17:37Z</time>
        <extensions>
          <gpxtpx:TrackPointExtension>
            <gpxtpx:hr>163</gpxtpx:hr>
          </gpxtpx:TrackPointExtension>
        </extensions>
      </trkpt>
      <trkpt lat="31.044218168067967" lon="121.53236202743925">
        <ele>6.206089687533677</ele>
        <time>1970-01-01T00:17:38Z</time>
        <extensions>
          <gpxtpx:TrackPointExtension>
            <gpxtpx:hr>163</gpxtpx:hr>
          </gpxtpx:TrackPointExtension>
        </extensions>
      </trkpt>
      <trkpt lat="31.044210769346467" lon="121.5323911274488">
        <ele>6.1971180103719234</ele>
        <time>1970-01-01T00:17:39Z</time>
        <extensions>
          <gpxtpx:TrackPointExtension>
            <gpxtpx:hr>163</gpxtpx:hr>
          </gpxtpx:TrackPointExtension>
        </extensions>
      </trkpt>
      <trkpt lat="31.044205408320668" lon="121.53242132412826">
        <ele>6.190786346793175</ele>
        <time>1970-01-01T00:17:40Z</time>
        <extensions>
          <gpxtpx:TrackPointExtension>
            <gpxtpx:hr>163</gpxtpx:hr>
          </gpxtpx:TrackPointExtension>
        </extensions>
      </trkpt>
      <trkpt lat="31.044201678233076" lon="121.53245111620411">
        <ele>6.186839140020311</ele>
        <time>1970-01-01T00:17:41Z</time>
        <extensions>
          <gpxtpx:TrackPointExtension>
            <gpxtpx:hr>163</gpxtpx:hr>
          </gpxtpx:TrackPointExtension>
        </extensions>
      </trkpt>
      <trkpt lat="31.044199992056342" lon="121.5324800362089">
        <ele>6.184989700093865</ele>
        <time>1970-01-01T00:17:42Z</time>
        <extensions>
          <gpxtpx:TrackPointExtension>
            <gpxtpx:hr>163</gpxtpx:hr>
          </gpxtpx:TrackPointExtension>
        </extensions>
      </trkpt>
      <trkpt lat="31.044200769745952" lon="121.53250839565574">
        <ele>6.185379553586245</ele>
        <time>1970-01-01T00:17:43Z</time>
        <extensions>
          <gpxtpx:TrackPointExtension>
            <gpxtpx:hr>163</gpxtpx:hr>
          </gpxtpx:TrackPointExtension>
        </extensions>
      </trkpt>
      <trkpt lat="31.04420430546185" lon="121.53253690024927">
        <ele>6.187994089908898</ele>
        <time>1970-01-01T00:17:44Z</time>
        <extensions>
          <gpxtpx:TrackPointExtension>
            <gpxtpx:hr>163</gpxtpx:hr>
          </gpxtpx:TrackPointExtension>
        </extensions>
      </trkpt>
      <trkpt lat="31.044210666986913" lon="121.53256530001823">
        <ele>6.193075370974839</ele>
        <time>1970-01-01T00:17:45Z</time>
        <extensions>
          <gpxtpx:TrackPointExtension>
            <gpxtpx:hr>163</gpxtpx:hr>
          </gpxtpx:TrackPointExtension>
        </extensions>
      </trkpt>
      <trkpt lat="31.04421986730192" lon="121.53259291457519">
        <ele>6.2011492401361465</ele>
        <time>1970-01-01T00:17:46Z</time>
        <extensions>
          <gpxtpx:TrackPointExtension>
            <gpxtpx:hr>163</gpxtpx:hr>
          </gpxtpx:TrackPointExtension>
        </extensions>
      </trkpt>
      <trkpt lat="31.044231794835124" lon="121.53261960831921">
        <ele>6.212916971184313</ele>
        <time>1970-01-01T00:17:47Z</time>
        <extensions>
          <gpxtpx:TrackPointExtension>
            <gpxtpx:hr>163</gpxtpx:hr>
          </gpxtpx:TrackPointExtension>
        </extensions>
      </trkpt>
      <trkpt lat="31.044245605343647" lon="121.53264455471192">
        <ele>6.22879830095917</ele>
        <time>1970-01-01T00:17:48Z</time>
        <extensions>
          <gpxtpx:TrackPointExtension>
            <gpxtpx:hr>163</gpxtpx:hr>
          </gpxtpx:TrackPointExtension>
        </extensions>
      </trkpt>
      <trkpt lat="31.044261275251703" lon="121.53266648182515">
        <ele>6.2494348818436265</ele>
        <time>1970-01-01T00:17:49Z</time>
        <extensions>
          <gpxtpx:TrackPointExtension>
            <gpxtpx:hr>163</gpxtpx:hr>
          </gpxtpx:TrackPointExtension>
        </extensions>
      </trkpt>
      <trkpt lat="31.04427894758537" lon="121.53268494456054">
        <ele>6.275501775555313</ele>
        <time>1970-01-01T00:17:50Z</time>
        <extensions>
          <gpxtpx:TrackPointExtension>
            <gpxtpx:hr>163</gpxtpx:hr>
          </gpxtpx:TrackPointExtension>
        </extensions>
      </trkpt>
      <trkpt lat="31.04429834790454" lon="121.53270060682657">
        <ele>6.307541334070265</ele>
        <time>1970-01-01T00:17:51Z</time>
        <extensions>
          <gpxtpx:TrackPointExtension>
            <gpxtpx:hr>163</gpxtpx:hr>
          </gpxtpx:TrackPointExtension>
        </extensions>
      </trkpt>
      <trkpt lat="31.044319572572853" lon="121.53271443498103">
        <ele>6.345851690508425</ele>
        <time>1970-01-01T00:17:52Z</time>
        <extensions>
          <gpxtpx:TrackPointExtension>
            <gpxtpx:hr>163</gpxtpx:hr>
          </gpxtpx:TrackPointExtension>
        </extensions>
      </trkpt>
      <trkpt lat="31.044342329914244" lon="121.53272672771338">
        <ele>6.390197768807411</ele>
        <time>1970-01-01T00:17:53Z</time>
        <extensions>
          <gpxtpx:TrackPointExtension>
            <gpxtpx:hr>163</gpxtpx:hr>
          </gpxtpx:TrackPointExtension>
        </extensions>
      </trkpt>
      <trkpt lat="31.04436662634036" lon="121.53273668210554">
        <ele>6.439991857856512</ele>
        <time>1970-01-01T00:17:54Z</time>
        <extensions>
          <gpxtpx:TrackPointExtension>
            <gpxtpx:hr>163</gpxtpx:hr>
          </gpxtpx:TrackPointExtension>
        </extensions>
      </trkpt>
      <trkpt lat="31.04439161731645" lon="121.53274337308919">
        <ele>6.49390235543251</ele>
        <time>1970-01-01T00:17:55Z</time>
        <extensions>
          <gpxtpx:TrackPointExtension>
            <gpxtpx:hr>163</gpxtpx:hr>
          </gpxtpx:TrackPointExtension>
        </extensions>
      </trkpt>
      <trkpt lat="31.044416035829368" lon="121.53274685532429">
        <ele>6.549799278378487</ele>
        <time>1970-01-01T00:17:56Z</time>
        <extensions>
          <gpxtpx:TrackPointExtension>
            <gpxtpx:hr>163</gpxtpx:hr>
          </gpxtpx:TrackPointExtension>
        </extensions>
      </trkpt>
      <trkpt lat="31.04443971899998" lon="121.53274759990072">
        <ele>6.605478962883353</ele>
        <time>1970-01-01T00:17:57Z</time>
        <extensions>
          <gpxtpx:TrackPointExtension>
            <gpxtpx:hr>163</gpxtpx:hr>
          </gpxtpx:TrackPointExtension>
        </extensions>
      </trkpt>
      <trkpt lat="31.04446406317809" lon="121.53274613615581">
        <ele>6.6583919851109385</ele>
        <time>1970-01-01T00:17:58Z</time>
        <extensions>
          <gpxtpx:TrackPointExtension>
            <gpxtpx:hr>164</gpxtpx:hr>
          </gpxtpx:TrackPointExtension>
        </extensions>
      </trkpt>
      <trkpt lat="31.044489977227922" lon="121.53274245706066">
        <ele>6.706099878996611</ele>
        <time>1970-01-01T00:17:59Z</time>
        <extensions>
          <gpxtpx:TrackPointExtension>
            <gpxtpx:hr>164</gpxtpx:hr>
          </gpxtpx:TrackPointExtension>
        </extensions>
      </trkpt>
      <trkpt lat="31.044515978081705" lon="121.53273608766912">
        <ele>6.746736038476229</ele>
        <time>1970-01-01T00:18:00Z</time>
        <extensions>
          <gpxtpx:TrackPointExtension>
            <gpxtpx:hr>164</gpxtpx:hr>
          </gpxtpx:TrackPointExtension>
        </extensions>
      </trkpt>
      <trkpt lat="31.044540340244545" lon="121.53272667471141">
        <ele>6.77942627388984</ele>
        <time>1970-01-01T00:18:01Z</time>
        <extensions>
          <gpxtpx:TrackPointExtension>
            <gpxtpx:hr>164</gpxtpx:hr>
          </gpxtpx:TrackPointExtension>
        </extensions>
      </trkpt>
      <trkpt lat="31.04456295352598" lon="121.532714703257">
        <ele>6.803483858704567</ele>
        <time>1970-01-01T00:18:02Z</time>
        <extensions>
          <gpxtpx:TrackPointExtension>
            <gpxtpx:hr>164</gpxtpx:hr>
          </gpxtpx:TrackPointExtension>
        </extensions>
      </trkpt>
      <trkpt lat="31.04458492027233" lon="121.53270182874907">
        <ele>6.819257766008377</ele>
        <time>1970-01-01T00:18:03Z</time>
        <extensions>
          <gpxtpx:TrackPointExtension>
            <gpxtpx:hr>164</gpxtpx:hr>
          </gpxtpx:TrackPointExtension>
        </extensions>
      </trkpt>
      <trkpt lat="31.044606756561038" lon="121.5326882743692">
        <ele>6.827646569348872</ele>
        <time>1970-01-01T00:18:04Z</time>
        <extensions>
          <gpxtpx:TrackPointExtension>
            <gpxtpx:hr>164</gpxtpx:hr>
          </gpxtpx:TrackPointExtension>
        </extensions>
      </trkpt>
      <trkpt lat="31.04462857524454" lon="121.53267366686188">
        <ele>6.829667201265693</ele>
        <time>1970-01-01T00:18:05Z</time>
        <extensions>
          <gpxtpx:TrackPointExtension>
            <gpxtpx:hr>164</gpxtpx:hr>
          </gpxtpx:TrackPointExtension>
        </extensions>
      </trkpt>
      <trkpt lat="31.044650615396066" lon="121.53265887035359">
        <ele>6.82574527990073</ele>
        <time>1970-01-01T00:18:06Z</time>
        <extensions>
          <gpxtpx:TrackPointExtension>
            <gpxtpx:hr>164</gpxtpx:hr>
          </gpxtpx:TrackPointExtension>
        </extensions>
      </trkpt>
      <trkpt lat="31.04467279154112" lon="121.5326436317397">
        <ele>6.816832775250077</ele>
        <time>1970-01-01T00:18:07Z</time>
        <extensions>
          <gpxtpx:TrackPointExtension>
            <gpxtpx:hr>164</gpxtpx:hr>
          </gpxtpx:TrackPointExtension>
        </extensions>
      </trkpt>
      <trkpt lat="31.044694762902974" lon="121.53262808069424">
        <ele>6.803908710367978</ele>
        <time>1970-01-01T00:18:08Z</time>
        <extensions>
          <gpxtpx:TrackPointExtension>
            <gpxtpx:hr>164</gpxtpx:hr>
          </gpxtpx:TrackPointExtension>
        </extensions>
      </trkpt>
      <trkpt lat="31.04471630361437" lon="121.53261307507287">
        <ele>6.787942106835544</ele>
        <time>1970-01-01T00:18:09Z</time>
        <extensions>
          <gpxtpx:TrackPointExtension>
            <gpxtpx:hr>164</gpxtpx:hr>
          </gpxtpx:TrackPointExtension>
        </extensions>
      </trkpt>
      <trkpt lat="31.044737295422667" lon="121.53259847973597">
        <ele>6.769832618534565</ele>
        <time>1970-01-01T00:18:10Z</time>
        <extensions>
          <gpxtpx:TrackPointExtension>
            <gpxtpx:hr>164</gpxtpx:hr>
          </gpxtpx:TrackPointExtension>
        </extensions>
      </trkpt>
      <trkpt lat="31.044758057885893" lon="121.53258413618526">
        <ele>6.750538405030966</ele>
        <time>1970-01-01T00:18:11Z</time>
        <extensions>
          <gpxtpx:TrackPointExtension>
            <gpxtpx:hr>164</gpxtpx:hr>
          </gpxtpx:TrackPointExtension>
        </extensions>
      </trkpt>
      <trkpt lat="31.044779270399424" lon="121.53256937438319">
        <ele>6.730457075871527</ele>
        <time>1970-01-01T00:18:12Z</time>
        <extensions>
          <gpxtpx:TrackPointExtension>
            <gpxtpx:hr>164</gpxtpx:hr>
          </gpxtpx:TrackPointExtension>
        </extensions>
      </trkpt>
      <trkpt lat="31.044800842566342" lon="121.53255413251644">
        <ele>6.709823325276375</ele>
        <time>1970-01-01T00:18:13Z</time>
        <extensions>
          <gpxtpx:TrackPointExtension>
            <gpxtpx:hr>164</gpxtpx:hr>
          </gpxtpx:TrackPointExtension>
        </extensions>
      </trkpt>
      <trkpt lat="31.044822553927215" lon="121.53253898041328">
        <ele>6.6887113358825445</ele>
        <time>1970-01-01T00:18:14Z</time>
        <extensions>
          <gpxtpx:TrackPointExtension>
            <gpxtpx:hr>164</gpxtpx:hr>
          </gpxtpx:TrackPointExtension>
        </extensions>
      </trkpt>
      <trkpt lat="31.044845144127883" lon="121.53252351689322">
        <ele>6.667011498473585</ele>
        <time>1970-01-01T00:18:15Z</time>
        <extensions>
          <gpxtpx:TrackPointExtension>
            <gpxtpx:hr>164</gpxtpx:hr>
          </gpxtpx:TrackPointExtension>
        </extensions>
      </trkpt>
      <trkpt lat="31.044868826740647" lon="121.53250817831159">
        <ele>6.6448629247024655</ele>
        <time>1970-01-01T00:18:16Z</time>
        <extensions>
          <gpxtpx:TrackPointExtension>
            <gpxtpx:hr>164</gpxtpx:hr>
          </gpxtpx:TrackPointExtension>
        </extensions>
      </trkpt>
      <trkpt lat="31.04489250109422" lon="121.53249427308432">
        <ele>6.622722718864679</ele>
        <time>1970-01-01T00:18:17Z</time>
        <extensions>
          <gpxtpx:TrackPointExtension>
            <gpxtpx:hr>164</gpxtpx:hr>
          </gpxtpx:TrackPointExtension>
        </extensions>
      </trkpt>
      <trkpt lat="31.04491563809468" lon="121.53248221051433">
        <ele>6.601173005066812</ele>
        <time>1970-01-01T00:18:18Z</time>
        <extensions>
          <gpxtpx:TrackPointExtension>
            <gpxtpx:hr>164</gpxtpx:hr>
          </gpxtpx:TrackPointExtension>
        </extensions>
      </trkpt>
      <trkpt lat="31.044938409379103" lon="121.53247155934727">
        <ele>6.58082749415189</ele>
        <time>1970-01-01T00:18:19Z</time>
        <extensions>
          <gpxtpx:TrackPointExtension>
            <gpxtpx:hr>164</gpxtpx:hr>
          </gpxtpx:TrackPointExtension>
        </extensions>
      </trkpt>
      <trkpt lat="31.04496091846265" lon="121.5324613369724">
        <ele>6.5624424405395985</ele>
        <time>1970-01-01T00:18:20Z</time>
        <extensions>
          <gpxtpx:TrackPointExtension>
            <gpxtpx:hr>164</gpxtpx:hr>
          </gpxtpx:TrackPointExtension>
        </extensions>
      </trkpt>
      <trkpt lat="31.044982399597174" lon="121.53245117196265">
        <ele>6.546826939098537</ele>
        <time>1970-01-01T00:18:21Z</time>
        <extensions>
          <gpxtpx:TrackPointExtension>
            <gpxtpx:hr>164</gpxtpx:hr>
          </gpxtpx:TrackPointExtension>
        </extensions>
      </trkpt>
      <trkpt lat="31.045002221954917" lon="121.53244045677592">
        <ele>6.534600656479597</ele>
        <time>1970-01-01T00:18:22Z</time>
        <extensions>
          <gpxtpx:TrackPointExtension>
            <gpxtpx:hr>164</gpxtpx:hr>
          </gpxtpx:TrackPointExtension>
        </extensions>
      </trkpt>
      <trkpt lat="31.04502064673054" lon="121.53242822077983">
        <ele>6.526107719168067</ele>
        <time>1970-01-01T00:18:23Z</time>
        <extensions>
          <gpxtpx:TrackPointExtension>
            <gpxtpx:hr>164</gpxtpx:hr>
          </gpxtpx:TrackPointExtension>
        </extensions>
      </trkpt>
      <trkpt lat="31.045037880377446" lon="121.53241404444384">
        <ele>6.521445332095027</ele>
        <time>1970-01-01T00:18:24Z</time>
        <extensions>
          <gpxtpx:TrackPointExtension>
            <gpxtpx:hr>164</gpxtpx:hr>
          </gpxtpx:TrackPointExtension>
        </extensions>
      </trkpt>
      <trkpt lat="31.04505480093125" lon="121.53239754879257">
        <ele>6.5204270808026195</ele>
        <time>1970-01-01T00:18:25Z</time>
        <extensions>
          <gpxtpx:TrackPointExtension>
            <gpxtpx:hr>164</gpxtpx:hr>
          </gpxtpx:TrackPointExtension>
        </extensions>
      </trkpt>
      <trkpt lat="31.045072180969296" lon="121.53237791042767">
        <ele>6.522657947614789</ele>
        <time>1970-01-01T00:18:26Z</time>
        <extensions>
          <gpxtpx:TrackPointExtension>
            <gpxtpx:hr>164</gpxtpx:hr>
          </gpxtpx:TrackPointExtension>
        </extensions>
      </trkpt>
      <trkpt lat="31.04508937215156" lon="121.53235552220121">
        <ele>6.5276222275570035</ele>
        <time>1970-01-01T00:18:27Z</time>
        <extensions>
          <gpxtpx:TrackPointExtension>
            <gpxtpx:hr>164</gpxtpx:hr>
          </gpxtpx:TrackPointExtension>
        </extensions>
      </trkpt>
      <trkpt lat="31.045105345143146" lon="121.53233116666856">
        <ele>6.534795899875462</ele>
        <time>1970-01-01T00:18:28Z</time>
        <extensions>
          <gpxtpx:TrackPointExtension>
            <gpxtpx:hr>165</gpxtpx:hr>
          </gpxtpx:TrackPointExtension>
        </extensions>
      </trkpt>
      <trkpt lat="31.045119272726666" lon="121.53230358843791">
        <ele>6.54361298494041</ele>
        <time>1970-01-01T00:18:29Z</time>
        <extensions>
          <gpxtpx:TrackPointExtension>
            <gpxtpx:hr>165</gpxtpx:hr>
          </gpxtpx:TrackPointExtension>
        </extensions>
      </trkpt>
      <trkpt lat="31.045130134220358" lon="121.5322721967813">
        <ele>6.553594633936882</ele>
        <time>1970-01-01T00:18:30Z</time>
        <extensions>
          <gpxtpx:TrackPointExtension>
            <gpxtpx:hr>165</gpxtpx:hr>
          </gpxtpx:TrackPointExtension>
        </extensions>
      </trkpt>
      <trkpt lat="31.04513733112135" lon="121.53223829181267">
        <ele>6.564323589205742</ele>
        <time>1970-01-01T00:18:31Z</time>
        <extensions>
          <gpxtpx:TrackPointExtension>
            <gpxtpx:hr>165</gpxtpx:hr>
          </gpxtpx:TrackPointExtension>
        </extensions>
      </trkpt>
      <trkpt lat="31.04514174096408" lon="121.53220436453512">
        <ele>6.575351517647505</ele>
        <time>1970-01-01T00:18:32Z</time>
        <extensions>
          <gpxtpx:TrackPointExtension>
            <gpxtpx:hr>165</gpxtpx:hr>
          </gpxtpx:TrackPointExtension>
        </extensions>
      </trkpt>
      <trkpt lat="31.045144078883077" lon="121.53217119040379">
        <ele>6.586278008297086</ele>
        <time>1970-01-01T00:18:33Z</time>
        <extensions>
          <gpxtpx:TrackPointExtension>
            <gpxtpx:hr>165</gpxtpx:hr>
          </gpxtpx:TrackPointExtension>
        </extensions>
      </trkpt>
      <trkpt lat="31.04514315686673" lon="121.53213815750007">
        <ele>6.596669537946582</ele>
        <time>1970-01-01T00:18:34Z</time>
        <extensions>
          <gpxtpx:TrackPointExtension>
            <gpxtpx:hr>165</gpxtpx:hr>
          </gpxtpx:TrackPointExtension>
        </extensions>
      </trkpt>
      <trkpt lat="31.045137317436204" lon="121.53210547636422">
        <ele>6.606102114543319</ele>
        <time>1970-01-01T00:18:35Z</time>
        <extensions>
          <gpxtpx:TrackPointExtension>
            <gpxtpx:hr>165</gpxtpx:hr>
          </gpxtpx:TrackPointExtension>
        </extensions>
      </trkpt>
      <trkpt lat="31.045125992714002" lon="121.53207283674887">
        <ele>6.614172211848199</ele>
        <time>1970-01-01T00:18:36Z</time>
        <extensions>
          <gpxtpx:TrackPointExtension>
            <gpxtpx:hr>165</gpxtpx:hr>
          </gpxtpx:TrackPointExtension>
        </extensions>
      </trkpt>
      <trkpt lat="31.045111244186188" lon="121.5320418184019">
        <ele>6.6205631243065</ele>
        <time>1970-01-01T00:18:37Z</time>
        <extensions>
          <gpxtpx:TrackPointExtension>
            <gpxtpx:hr>165</gpxtpx:hr>
          </gpxtpx:TrackPointExtension>
        </extensions>
      </trkpt>
      <trkpt lat="31.045095106357138" lon="121.53201346346596">
        <ele>6.625022526830435</ele>
        <time>1970-01-01T00:18:38Z</time>
        <extensions>
          <gpxtpx:TrackPointExtension>
            <gpxtpx:hr>165</gpxtpx:hr>
          </gpxtpx:TrackPointExtension>
        </extensions>
      </trkpt>
      <trkpt lat="31.04507744554612" lon="121.53198732040681">
        <ele>6.627365050837398</ele>
        <time>1970-01-01T00:18:39Z</time>
        <extensions>
          <gpxtpx:TrackPointExtension>
            <gpxtpx:hr>165</gpxtpx:hr>
          </gpxtpx:TrackPointExtension>
        </extensions>
      </trkpt>
      <trkpt lat="31.045057930309373" lon="121.531962829192">
        <ele>6.627432613633573</ele>
        <time>1970-01-01T00:18:40Z</time>
        <extensions>
          <gpxtpx:TrackPointExtension>
            <gpxtpx:hr>165</gpxtpx:hr>
          </gpxtpx:TrackPointExtension>
        </extensions>
      </trkpt>
      <trkpt lat="31.04503611002302" lon="121.53194010386517">
        <ele>6.625145451165736</ele>
        <time>1970-01-01T00:18:41Z</time>
        <extensions>
          <gpxtpx:TrackPointExtension>
            <gpxtpx:hr>165</gpxtpx:hr>
          </gpxtpx:TrackPointExtension>
        </extensions>
      </trkpt>
      <trkpt lat="31.045012615394977" lon="121.53192035436267">
        <ele>6.62051278911531</ele>
        <time>1970-01-01T00:18:42Z</time>
        <extensions>
          <gpxtpx:TrackPointExtension>
            <gpxtpx:hr>165</gpxtpx:hr>
          </gpxtpx:TrackPointExtension>
        </extensions>
      </trkpt>
      <trkpt lat="31.044987974807725" lon="121.53190372043066">
        <ele>6.613914140500128</ele>
        <time>1970-01-01T00:18:42Z</time>
        <extensions>
          <gpxtpx:TrackPointExtension>
            <gpxtpx:hr>164</gpxtpx:hr>
          </gpxtpx:TrackPointExtension>
        </extensions>
      </trkpt>
      <trkpt lat="31.04496203728438" lon="121.53189041181463">
        <ele>6.605708691291511</ele>
        <time>1970-01-01T00:18:43Z</time>
        <extensions>
          <gpxtpx:TrackPointExtension>
            <gpxtpx:hr>164</gpxtpx:hr>
          </gpxtpx:TrackPointExtension>
        </extensions>
      </trkpt>
      <trkpt lat="31.04493526636238" lon="121.53188235445354">
        <ele>6.5964044108986855</ele>
        <time>1970-01-01T00:18:44Z</time>
        <extensions>
          <gpxtpx:TrackPointExtension>
            <gpxtpx:hr>164</gpxtpx:hr>
          </gpxtpx:TrackPointExtension>
        </extensions>
      </trkpt>
      <trkpt lat="31.044907638249523" lon="121.5318804041259">
        <ele>6.5866670636460185</ele>
        <time>1970-01-01T00:18:45Z</time>
        <extensions>
          <gpxtpx:TrackPointExtension>
            <gpxtpx:hr>164</gpxtpx:hr>
          </gpxtpx:TrackPointExtension>
        </extensions>
      </trkpt>
      <trkpt lat="31.04487970079884" lon="121.53188270983334">
        <ele>6.577243329025805</ele>
        <time>1970-01-01T00:18:46Z</time>
        <extensions>
          <gpxtpx:TrackPointExtension>
            <gpxtpx:hr>164</gpxtpx:hr>
          </gpxtpx:TrackPointExtension>
        </extensions>
      </trkpt>
      <trkpt lat="31.044851963127527" lon="121.53188774032941">
        <ele>6.568855083547533</ele>
        <time>1970-01-01T00:18:47Z</time>
        <extensions>
          <gpxtpx:TrackPointExtension>
            <gpxtpx:hr>164</gpxtpx:hr>
          </gpxtpx:TrackPointExtension>
        </extensions>
      </trkpt>
      <trkpt lat="31.044824683335648" lon="121.53189481057684">
        <ele>6.561530502513051</ele>
        <time>1970-01-01T00:18:48Z</time>
        <extensions>
          <gpxtpx:TrackPointExtension>
            <gpxtpx:hr>164</gpxtpx:hr>
          </gpxtpx:TrackPointExtension>
        </extensions>
      </trkpt>
      <trkpt lat="31.04479804844878" lon="121.53190455859132">
        <ele>6.555214023217559</ele>
        <time>1970-01-01T00:18:49Z</time>
        <extensions>
          <gpxtpx:TrackPointExtension>
            <gpxtpx:hr>164</gpxtpx:hr>
          </gpxtpx:TrackPointExtension>
        </extensions>
      </trkpt>
      <trkpt lat="31.044772814282283" lon="121.53191858460717">
        <ele>6.549805922433734</ele>
        <time>1970-01-01T00:18:50Z</time>
        <extensions>
          <gpxtpx:TrackPointExtension>
            <gpxtpx:hr>164</gpxtpx:hr>
          </gpxtpx:TrackPointExtension>
        </extensions>
      </trkpt>
      <trkpt lat="31.044748614097163" lon="121.53193679368734">
        <ele>6.5451291045174</ele>
        <time>1970-01-01T00:18:51Z</time>
        <extensions>
          <gpxtpx:TrackPointExtension>
            <gpxtpx:hr>164</gpxtpx:hr>
          </gpxtpx:TrackPointExtension>
        </extensions>
      </trkpt>
      <trkpt lat="31.04472394374536" lon="121.53195793563931">
        <ele>6.540885515511036</ele>
        <time>1970-01-01T00:18:52Z</time>
        <extensions>
          <gpxtpx:TrackPointExtension>
            <gpxtpx:hr>164</gpxtpx:hr>
          </gpxtpx:TrackPointExtension>
        </extensions>
      </trkpt>
      <trkpt lat="31.044698599467186" lon="121.53197949610488">
        <ele>6.537098336033523</ele>
        <time>1970-01-01T00:18:53Z</time>
        <extensions>
          <gpxtpx:TrackPointExtension>
            <gpxtpx:hr>164</gpxtpx:hr>
          </gpxtpx:TrackPointExtension>
        </extensions>
      </trkpt>
      <trkpt lat="31.04467298209576" lon="121.53199980606435">
        <ele>6.533757993020117</ele>
        <time>1970-01-01T00:18:54Z</time>
        <extensions>
          <gpxtpx:TrackPointExtension>
            <gpxtpx:hr>164</gpxtpx:hr>
          </gpxtpx:TrackPointExtension>
        </extensions>
      </trkpt>
      <trkpt lat="31.044648297636584" lon="121.53201911100821">
        <ele>6.530830149538815</ele>
        <time>1970-01-01T00:18:55Z</time>
        <extensions>
          <gpxtpx:TrackPointExtension>
            <gpxtpx:hr>164</gpxtpx:hr>
          </gpxtpx:TrackPointExtension>
        </extensions>
      </trkpt>
      <trkpt lat="31.0446247532127" lon="121.53203704413473">
        <ele>6.528492136858404</ele>
        <time>1970-01-01T00:18:56Z</time>
        <extensions>
          <gpxtpx:TrackPointExtension>
            <gpxtpx:hr>164</gpxtpx:hr>
          </gpxtpx:TrackPointExtension>
        </extensions>
      </trkpt>
      <trkpt lat="31.044600915488694" lon="121.5320540865828">
        <ele>6.526949753053486</ele>
        <time>1970-01-01T00:18:57Z</time>
        <extensions>
          <gpxtpx:TrackPointExtension>
            <gpxtpx:hr>164</gpxtpx:hr>
          </gpxtpx:TrackPointExtension>
        </extensions>
      </trkpt>
      <trkpt lat="31.04457640863577" lon="121.53207052351138">
        <ele>6.526179474778473</ele>
        <time>1970-01-01T00:18:58Z</time>
        <extensions>
          <gpxtpx:TrackPointExtension>
            <gpxtpx:hr>164</gpxtpx:hr>
          </gpxtpx:TrackPointExtension>
        </extensions>
      </trkpt>
      <trkpt lat="31.04455174719005" lon="121.53208613324948">
        <ele>6.5262261321768165</ele>
        <time>1970-01-01T00:18:59Z</time>
        <extensions>
          <gpxtpx:TrackPointExtension>
            <gpxtpx:hr>164</gpxtpx:hr>
          </gpxtpx:TrackPointExtension>
        </extensions>
      </trkpt>
      <trkpt lat="31.044527176981113" lon="121.5321013085829">
        <ele>6.527306400239468</ele>
        <time>1970-01-01T00:19:00Z</time>
        <extensions>
          <gpxtpx:TrackPointExtension>
            <gpxtpx:hr>164</gpxtpx:hr>
          </gpxtpx:TrackPointExtension>
        </extensions>
      </trkpt>
      <trkpt lat="31.04450260352538" lon="121.53211543572954">
        <ele>6.529570049606264</ele>
        <time>1970-01-01T00:19:01Z</time>
        <extensions>
          <gpxtpx:TrackPointExtension>
            <gpxtpx:hr>164</gpxtpx:hr>
          </gpxtpx:TrackPointExtension>
        </extensions>
      </trkpt>
      <trkpt lat="31.04447793058033" lon="121.53212892527911">
        <ele>6.533154400065541</ele>
        <time>1970-01-01T00:19:02Z</time>
        <extensions>
          <gpxtpx:TrackPointExtension>
            <gpxtpx:hr>164</gpxtpx:hr>
          </gpxtpx:TrackPointExtension>
        </extensions>
      </trkpt>
      <trkpt lat="31.04445374216303" lon="121.53214280485929">
        <ele>6.537986433133483</ele>
        <time>1970-01-01T00:19:03Z</time>
        <extensions>
          <gpxtpx:TrackPointExtension>
            <gpxtpx:hr>164</gpxtpx:hr>
          </gpxtpx:TrackPointExtension>
        </extensions>
      </trkpt>
      <trkpt lat="31.044429989096457" lon="121.5321576391715">
        <ele>6.543728166259825</ele>
        <time>1970-01-01T00:19:04Z</time>
        <extensions>
          <gpxtpx:TrackPointExtension>
            <gpxtpx:hr>164</gpxtpx:hr>
          </gpxtpx:TrackPointExtension>
        </extensions>
      </trkpt>
      <trkpt lat="31.044405502511868" lon="121.53217413351561">
        <ele>6.549837591126561</ele>
        <time>1970-01-01T00:19:05Z</time>
        <extensions>
          <gpxtpx:TrackPointExtension>
            <gpxtpx:hr>164</gpxtpx:hr>
          </gpxtpx:TrackPointExtension>
        </extensions>
      </trkpt>
      <trkpt lat="31.044379969250482" lon="121.5321911623692">
        <ele>6.556075060740113</ele>
        <time>1970-01-01T00:19:06Z</time>
        <extensions>
          <gpxtpx:TrackPointExtension>
            <gpxtpx:hr>164</gpxtpx:hr>
          </gpxtpx:TrackPointExtension>
        </extensions>
      </trkpt>
      <trkpt lat="31.044354140388254" lon="121.53220785068415">
        <ele>6.562067800201476</ele>
        <time>1970-01-01T00:19:07Z</time>
        <extensions>
          <gpxtpx:TrackPointExtension>
            <gpxtpx:hr>164</gpxtpx:hr>
          </gpxtpx:TrackPointExtension>
        </extensions>
      </trkpt>
      <trkpt lat="31.04432881622872" lon="121.53222443298115">
        <ele>6.567628097720444</ele>
        <time>1970-01-01T00:19:08Z</time>
        <extensions>
          <gpxtpx:TrackPointExtension>
            <gpxtpx:hr>164</gpxtpx:hr>
          </gpxtpx:TrackPointExtension>
        </extensions>
      </trkpt>
      <trkpt lat="31.04430452290697" lon="121.53224119094982">
        <ele>6.572869198396802</ele>
        <time>1970-01-01T00:19:09Z</time>
        <extensions>
          <gpxtpx:TrackPointExtension>
            <gpxtpx:hr>164</gpxtpx:hr>
          </gpxtpx:TrackPointExtension>
        </extensions>
      </trkpt>
      <trkpt lat="31.044281420646733" lon="121.53225908856805">
        <ele>6.578086177818477</ele>
        <time>1970-01-01T00:19:10Z</time>
        <extensions>
          <gpxtpx:TrackPointExtension>
            <gpxtpx:hr>164</gpxtpx:hr>
          </gpxtpx:TrackPointExtension>
        </extensions>
      </trkpt>
      <trkpt lat="31.04425957723933" lon="121.53227822537481">
        <ele>6.58363532088697</ele>
        <time>1970-01-01T00:19:11Z</time>
        <extensions>
          <gpxtpx:TrackPointExtension>
            <gpxtpx:hr>165</gpxtpx:hr>
          </gpxtpx:TrackPointExtension>
        </extensions>
      </trkpt>
      <trkpt lat="31.044238849321793" lon="121.53229905623624">
        <ele>6.590041661635041</ele>
        <time>1970-01-01T00:19:12Z</time>
        <extensions>
          <gpxtpx:TrackPointExtension>
            <gpxtpx:hr>165</gpxtpx:hr>
          </gpxtpx:TrackPointExtension>
        </extensions>
      </trkpt>
      <trkpt lat="31.04421992851116" lon="121.53232194717032">
        <ele>6.597680306993425</ele>
        <time>1970-01-01T00:19:13Z</time>
        <extensions>
          <gpxtpx:TrackPointExtension>
            <gpxtpx:hr>165</gpxtpx:hr>
          </gpxtpx:TrackPointExtension>
        </extensions>
      </trkpt>
      <trkpt lat="31.04420421947705" lon="121.53234638902919">
        <ele>6.606570575386286</ele>
        <time>1970-01-01T00:19:14Z</time>
        <extensions>
          <gpxtpx:TrackPointExtension>
            <gpxtpx:hr>165</gpxtpx:hr>
          </gpxtpx:TrackPointExtension>
        </extensions>
      </trkpt>
      <trkpt lat="31.044192055665743" lon="121.5323724522306">
        <ele>6.616722383536398</ele>
        <time>1970-01-01T00:19:15Z</time>
        <extensions>
          <gpxtpx:TrackPointExtension>
            <gpxtpx:hr>165</gpxtpx:hr>
          </gpxtpx:TrackPointExtension>
        </extensions>
      </trkpt>
      <trkpt lat="31.044182586253548" lon="121.53239987462604">
        <ele>6.627426765859127</ele>
        <time>1970-01-01T00:19:16Z</time>
        <extensions>
          <gpxtpx:TrackPointExtension>
            <gpxtpx:hr>165</gpxtpx:hr>
          </gpxtpx:TrackPointExtension>
        </extensions>
      </trkpt>
      <trkpt lat="31.044175084382957" lon="121.53242837346384">
        <ele>6.637681372463703</ele>
        <time>1970-01-01T00:19:17Z</time>
        <extensions>
          <gpxtpx:TrackPointExtension>
            <gpxtpx:hr>166</gpxtpx:hr>
          </gpxtpx:TrackPointExtension>
        </extensions>
      </trkpt>
      <trkpt lat="31.044169873203824" lon="121.53245746949352">
        <ele>6.646417721174657</ele>
        <time>1970-01-01T00:19:18Z</time>
        <extensions>
          <gpxtpx:TrackPointExtension>
            <gpxtpx:hr>166</gpxtpx:hr>
          </gpxtpx:TrackPointExtension>
        </extensions>
      </trkpt>
      <trkpt lat="31.044167613669902" lon="121.5324870225552">
        <ele>6.652745177038014</ele>
        <time>1970-01-01T00:19:19Z</time>
        <extensions>
          <gpxtpx:TrackPointExtension>
            <gpxtpx:hr>166</gpxtpx:hr>
          </gpxtpx:TrackPointExtension>
        </extensions>
      </trkpt>
      <trkpt lat="31.044168439899156" lon="121.5325168076846">
        <ele>6.655618894845247</ele>
        <time>1970-01-01T00:19:20Z</time>
        <extensions>
          <gpxtpx:TrackPointExtension>
            <gpxtpx:hr>166</gpxtpx:hr>
          </gpxtpx:TrackPointExtension>
        </extensions>
      </trkpt>
      <trkpt lat="31.044172338159754" lon="121.53254581261315">
        <ele>6.654539726674557</ele>
        <time>1970-01-01T00:19:21Z</time>
        <extensions>
          <gpxtpx:TrackPointExtension>
            <gpxtpx:hr>166</gpxtpx:hr>
          </gpxtpx:TrackPointExtension>
        </extensions>
      </trkpt>
      <trkpt lat="31.04417984742114" lon="121.53257447358226">
        <ele>6.649281833320856</ele>
        <time>1970-01-01T00:19:22Z</time>
        <extensions>
          <gpxtpx:TrackPointExtension>
            <gpxtpx:hr>166</gpxtpx:hr>
          </gpxtpx:TrackPointExtension>
        </extensions>
      </trkpt>
      <trkpt lat="31.044191129503954" lon="121.53260363484253">
        <ele>6.639848385006189</ele>
        <time>1970-01-01T00:19:23Z</time>
        <extensions>
          <gpxtpx:TrackPointExtension>
            <gpxtpx:hr>166</gpxtpx:hr>
          </gpxtpx:TrackPointExtension>
        </extensions>
      </trkpt>
      <trkpt lat="31.044206304715722" lon="121.53263235315629">
        <ele>6.62660264596343</ele>
        <time>1970-01-01T00:19:24Z</time>
        <extensions>
          <gpxtpx:TrackPointExtension>
            <gpxtpx:hr>165</gpxtpx:hr>
          </gpxtpx:TrackPointExtension>
        </extensions>
      </trkpt>
      <trkpt lat="31.04422568050735" lon="121.53265910581781">
        <ele>6.610300539061427</ele>
        <time>1970-01-01T00:19:25Z</time>
        <extensions>
          <gpxtpx:TrackPointExtension>
            <gpxtpx:hr>165</gpxtpx:hr>
          </gpxtpx:TrackPointExtension>
        </extensions>
      </trkpt>
      <trkpt lat="31.044248220899608" lon="121.53268333163373">
        <ele>6.591604200191796</ele>
        <time>1970-01-01T00:19:26Z</time>
        <extensions>
          <gpxtpx:TrackPointExtension>
            <gpxtpx:hr>165</gpxtpx:hr>
          </gpxtpx:TrackPointExtension>
        </extensions>
      </trkpt>
      <trkpt lat="31.04427310736239" lon="121.53270501573759">
        <ele>6.571241546422243</ele>
        <time>1970-01-01T00:19:27Z</time>
        <extensions>
          <gpxtpx:TrackPointExtension>
            <gpxtpx:hr>165</gpxtpx:hr>
          </gpxtpx:TrackPointExtension>
        </extensions>
      </trkpt>
      <trkpt lat="31.04429993439159" lon="121.53272399168827">
        <ele>6.5500584142282605</ele>
        <time>1970-01-01T00:19:28Z</time>
        <extensions>
          <gpxtpx:TrackPointExtension>
            <gpxtpx:hr>165</gpxtpx:hr>
          </gpxtpx:TrackPointExtension>
        </extensions>
      </trkpt>
      <trkpt lat="31.044327725431586" lon="121.53273976369631">
        <ele>6.528553538955748</ele>
        <time>1970-01-01T00:19:29Z</time>
        <extensions>
          <gpxtpx:TrackPointExtension>
            <gpxtpx:hr>165</gpxtpx:hr>
          </gpxtpx:TrackPointExtension>
        </extensions>
      </trkpt>
      <trkpt lat="31.04435609104271" lon="121.53275203952151">
        <ele>6.507001512683928</ele>
        <time>1970-01-01T00:19:30Z</time>
        <extensions>
          <gpxtpx:TrackPointExtension>
            <gpxtpx:hr>165</gpxtpx:hr>
          </gpxtpx:TrackPointExtension>
        </extensions>
      </trkpt>
      <trkpt lat="31.044384841977692" lon="121.53276145302638">
        <ele>6.485534941777587</ele>
        <time>1970-01-01T00:19:31Z</time>
        <extensions>
          <gpxtpx:TrackPointExtension>
            <gpxtpx:hr>165</gpxtpx:hr>
          </gpxtpx:TrackPointExtension>
        </extensions>
      </trkpt>
      <trkpt lat="31.044414132053138" lon="121.53276786898363">
        <ele>6.464065986685455</ele>
        <time>1970-01-01T00:19:32Z</time>
        <extensions>
          <gpxtpx:TrackPointExtension>
            <gpxtpx:hr>165</gpxtpx:hr>
          </gpxtpx:TrackPointExtension>
        </extensions>
      </trkpt>
      <trkpt lat="31.044443641111744" lon="121.53277021347151">
        <ele>6.442183679901063</ele>
        <time>1970-01-01T00:19:33Z</time>
        <extensions>
          <gpxtpx:TrackPointExtension>
            <gpxtpx:hr>166</gpxtpx:hr>
          </gpxtpx:TrackPointExtension>
        </extensions>
      </trkpt>
      <trkpt lat="31.044472174258974" lon="121.53276793998513">
        <ele>6.420395627617836</ele>
        <time>1970-01-01T00:19:34Z</time>
        <extensions>
          <gpxtpx:TrackPointExtension>
            <gpxtpx:hr>166</gpxtpx:hr>
          </gpxtpx:TrackPointExtension>
        </extensions>
      </trkpt>
      <trkpt lat="31.044499239049504" lon="121.5327604636615">
        <ele>6.399101432412863</ele>
        <time>1970-01-01T00:19:35Z</time>
        <extensions>
          <gpxtpx:TrackPointExtension>
            <gpxtpx:hr>166</gpxtpx:hr>
          </gpxtpx:TrackPointExtension>
        </extensions>
      </trkpt>
      <trkpt lat="31.04452506087453" lon="121.53274802236706">
        <ele>6.378901520743966</ele>
        <time>1970-01-01T00:19:36Z</time>
        <extensions>
          <gpxtpx:TrackPointExtension>
            <gpxtpx:hr>166</gpxtpx:hr>
          </gpxtpx:TrackPointExtension>
        </extensions>
      </trkpt>
      <trkpt lat="31.044549819495334" lon="121.53273169385447">
        <ele>6.360732197761536</ele>
        <time>1970-01-01T00:19:37Z</time>
        <extensions>
          <gpxtpx:TrackPointExtension>
            <gpxtpx:hr>166</gpxtpx:hr>
          </gpxtpx:TrackPointExtension>
        </extensions>
      </trkpt>
      <trkpt lat="31.04457381323663" lon="121.53271344562228">
        <ele>6.345790562219918</ele>
        <time>1970-01-01T00:19:38Z</time>
        <extensions>
          <gpxtpx:TrackPointExtension>
            <gpxtpx:hr>165</gpxtpx:hr>
          </gpxtpx:TrackPointExtension>
        </extensions>
      </trkpt>
      <trkpt lat="31.04459736142433" lon="121.53269590622567">
        <ele>6.334873281419277</ele>
        <time>1970-01-01T00:19:39Z</time>
        <extensions>
          <gpxtpx:TrackPointExtension>
            <gpxtpx:hr>165</gpxtpx:hr>
          </gpxtpx:TrackPointExtension>
        </extensions>
      </trkpt>
      <trkpt lat="31.044620945959483" lon="121.53268003732775">
        <ele>6.3288808753713965</ele>
        <time>1970-01-01T00:19:40Z</time>
        <extensions>
          <gpxtpx:TrackPointExtension>
            <gpxtpx:hr>165</gpxtpx:hr>
          </gpxtpx:TrackPointExtension>
        </extensions>
      </trkpt>
      <trkpt lat="31.044644814404318" lon="121.53266559199201">
        <ele>6.328531046397984</ele>
        <time>1970-01-01T00:19:41Z</time>
        <extensions>
          <gpxtpx:TrackPointExtension>
            <gpxtpx:hr>165</gpxtpx:hr>
          </gpxtpx:TrackPointExtension>
        </extensions>
      </trkpt>
      <trkpt lat="31.044668833435132" lon="121.53265142084291">
        <ele>6.33405043836683</ele>
        <time>1970-01-01T00:19:42Z</time>
        <extensions>
          <gpxtpx:TrackPointExtension>
            <gpxtpx:hr>165</gpxtpx:hr>
          </gpxtpx:TrackPointExtension>
        </extensions>
      </trkpt>
      <trkpt lat="31.044693122911802" lon="121.53263700788304">
        <ele>6.345368724316359</ele>
        <time>1970-01-01T00:19:43Z</time>
        <extensions>
          <gpxtpx:TrackPointExtension>
            <gpxtpx:hr>165</gpxtpx:hr>
          </gpxtpx:TrackPointExtension>
        </extensions>
      </trkpt>
      <trkpt lat="31.044717602844585" lon="121.5326231810861">
        <ele>6.362522861920297</ele>
        <time>1970-01-01T00:19:44Z</time>
        <extensions>
          <gpxtpx:TrackPointExtension>
            <gpxtpx:hr>165</gpxtpx:hr>
          </gpxtpx:TrackPointExtension>
        </extensions>
      </trkpt>
      <trkpt lat="31.04474182442073" lon="121.53260974957244">
        <ele>6.385161669924855</ele>
        <time>1970-01-01T00:19:45Z</time>
        <extensions>
          <gpxtpx:TrackPointExtension>
            <gpxtpx:hr>165</gpxtpx:hr>
          </gpxtpx:TrackPointExtension>
        </extensions>
      </trkpt>
      <trkpt lat="31.044765895511137" lon="121.5325961309158">
        <ele>6.41259509883821</ele>
        <time>1970-01-01T00:19:46Z</time>
        <extensions>
          <gpxtpx:TrackPointExtension>
            <gpxtpx:hr>165</gpxtpx:hr>
          </gpxtpx:TrackPointExtension>
        </extensions>
      </trkpt>
      <trkpt lat="31.04478958249719" lon="121.53258213213059">
        <ele>6.4440896939486265</ele>
        <time>1970-01-01T00:19:47Z</time>
        <extensions>
          <gpxtpx:TrackPointExtension>
            <gpxtpx:hr>165</gpxtpx:hr>
          </gpxtpx:TrackPointExtension>
        </extensions>
      </trkpt>
      <trkpt lat="31.04481309218745" lon="121.53256787043557">
        <ele>6.478843981400132</ele>
        <time>1970-01-01T00:19:48Z</time>
        <extensions>
          <gpxtpx:TrackPointExtension>
            <gpxtpx:hr>165</gpxtpx:hr>
          </gpxtpx:TrackPointExtension>
        </extensions>
      </trkpt>
      <trkpt lat="31.04483720091554" lon="121.5325547658885">
        <ele>6.515690332278609</ele>
        <time>1970-01-01T00:19:49Z</time>
        <extensions>
          <gpxtpx:TrackPointExtension>
            <gpxtpx:hr>165</gpxtpx:hr>
          </gpxtpx:TrackPointExtension>
        </extensions>
      </trkpt>
      <trkpt lat="31.044862527500346" lon="121.53254295250619">
        <ele>6.553546364419162</ele>
        <time>1970-01-01T00:19:50Z</time>
        <extensions>
          <gpxtpx:TrackPointExtension>
            <gpxtpx:hr>165</gpxtpx:hr>
          </gpxtpx:TrackPointExtension>
        </extensions>
      </trkpt>
      <trkpt lat="31.044888261987268" lon="121.5325312107661">
        <ele>6.591570227406919</ele>
        <time>1970-01-01T00:19:51Z</time>
        <extensions>
          <gpxtpx:TrackPointExtension>
            <gpxtpx:hr>165</gpxtpx:hr>
          </gpxtpx:TrackPointExtension>
        </extensions>
      </trkpt>
      <trkpt lat="31.044913203905725" lon="121.53251759469634">
        <ele>6.628765065222979</ele>
        <time>1970-01-01T00:19:52Z</time>
        <extensions>
          <gpxtpx:TrackPointExtension>
            <gpxtpx:hr>165</gpxtpx:hr>
          </gpxtpx:TrackPointExtension>
        </extensions>
      </trkpt>
      <trkpt lat="31.044937489752726" lon="121.53250111875101">
        <ele>6.664346821606159</ele>
        <time>1970-01-01T00:19:53Z</time>
        <extensions>
          <gpxtpx:TrackPointExtension>
            <gpxtpx:hr>165</gpxtpx:hr>
          </gpxtpx:TrackPointExtension>
        </extensions>
      </trkpt>
      <trkpt lat="31.044961500225693" lon="121.5324829540864">
        <ele>6.6975028635933995</ele>
        <time>1970-01-01T00:19:54Z</time>
        <extensions>
          <gpxtpx:TrackPointExtension>
            <gpxtpx:hr>165</gpxtpx:hr>
          </gpxtpx:TrackPointExtension>
        </extensions>
      </trkpt>
      <trkpt lat="31.04498542628037" lon="121.53246317286629">
        <ele>6.727283840999007</ele>
        <time>1970-01-01T00:19:55Z</time>
        <extensions>
          <gpxtpx:TrackPointExtension>
            <gpxtpx:hr>165</gpxtpx:hr>
          </gpxtpx:TrackPointExtension>
        </extensions>
      </trkpt>
      <trkpt lat="31.045008572047475" lon="121.53244134409486">
        <ele>6.752632364630699</ele>
        <time>1970-01-01T00:19:56Z</time>
        <extensions>
          <gpxtpx:TrackPointExtension>
            <gpxtpx:hr>163</gpxtpx:hr>
          </gpxtpx:TrackPointExtension>
        </extensions>
      </trkpt>
      <trkpt lat="31.04502843095535" lon="121.53241464965177">
        <ele>6.772791332565248</ele>
        <time>1970-01-01T00:19:57Z</time>
        <extensions>
          <gpxtpx:TrackPointExtension>
            <gpxtpx:hr>163</gpxtpx:hr>
          </gpxtpx:TrackPointExtension>
        </extensions>
      </trkpt>
      <trkpt lat="31.04504439781293" lon="121.5323829652779">
        <ele>6.786995867267251</ele>
        <time>1970-01-01T00:19:58Z</time>
        <extensions>
          <gpxtpx:TrackPointExtension>
            <gpxtpx:hr>163</gpxtpx:hr>
          </gpxtpx:TrackPointExtension>
        </extensions>
      </trkpt>
      <trkpt lat="31.045059770648876" lon="121.53235200105271">
        <ele>6.794708741828799</ele>
        <time>1970-01-01T00:19:59Z</time>
        <extensions>
          <gpxtpx:TrackPointExtension>
            <gpxtpx:hr>163</gpxtpx:hr>
          </gpxtpx:TrackPointExtension>
        </extensions>
      </trkpt>
      <trkpt lat="31.04507645763699" lon="121.53232529364128">
        <ele>6.795762469992042</ele>
        <time>1970-01-01T00:20:00Z</time>
        <extensions>
          <gpxtpx:TrackPointExtension>
            <gpxtpx:hr>163</gpxtpx:hr>
          </gpxtpx:TrackPointExtension>
        </extensions>
      </trkpt>
      <trkpt lat="31.045092852997175" lon="121.53230198018784">
        <ele>6.790311379358172</ele>
        <time>1970-01-01T00:20:01Z</time>
        <extensions>
          <gpxtpx:TrackPointExtension>
            <gpxtpx:hr>163</gpxtpx:hr>
          </gpxtpx:TrackPointExtension>
        </extensions>
      </trkpt>
      <trkpt lat="31.045106769893138" lon="121.53227959207305">
        <ele>6.778855079784989</ele>
        <time>1970-01-01T00:20:02Z</time>
        <extensions>
          <gpxtpx:TrackPointExtension>
            <gpxtpx:hr>163</gpxtpx:hr>
          </gpxtpx:TrackPointExtension>
        </extensions>
      </trkpt>
      <trkpt lat="31.045117624998877" lon="121.53225548516917">
        <ele>6.762198977172375</ele>
        <time>1970-01-01T00:20:03Z</time>
        <extensions>
          <gpxtpx:TrackPointExtension>
            <gpxtpx:hr>164</gpxtpx:hr>
          </gpxtpx:TrackPointExtension>
        </extensions>
      </trkpt>
      <trkpt lat="31.04512479969117" lon="121.53222917780444">
        <ele>6.741422049701214</ele>
        <time>1970-01-01T00:20:04Z</time>
        <extensions>
          <gpxtpx:TrackPointExtension>
            <gpxtpx:hr>164</gpxtpx:hr>
          </gpxtpx:TrackPointExtension>
        </extensions>
      </trkpt>
      <trkpt lat="31.045128110934687" lon="121.5322011480076">
        <ele>6.717816433869302</ele>
        <time>1970-01-01T00:20:05Z</time>
        <extensions>
          <gpxtpx:TrackPointExtension>
            <gpxtpx:hr>164</gpxtpx:hr>
          </gpxtpx:TrackPointExtension>
        </extensions>
      </trkpt>
      <trkpt lat="31.0451276056979" lon="121.53217129069316">
        <ele>6.692688290029764</ele>
        <time>1970-01-01T00:20:06Z</time>
        <extensions>
          <gpxtpx:TrackPointExtension>
            <gpxtpx:hr>164</gpxtpx:hr>
          </gpxtpx:TrackPointExtension>
        </extensions>
      </trkpt>
      <trkpt lat="31.04512391361248" lon="121.53214135216439">
        <ele>6.66722150426358</ele>
        <time>1970-01-01T00:20:07Z</time>
        <extensions>
          <gpxtpx:TrackPointExtension>
            <gpxtpx:hr>164</gpxtpx:hr>
          </gpxtpx:TrackPointExtension>
        </extensions>
      </trkpt>
      <trkpt lat="31.04511750424342" lon="121.5321124729372">
        <ele>6.642419500276446</ele>
        <time>1970-01-01T00:20:08Z</time>
        <extensions>
          <gpxtpx:TrackPointExtension>
            <gpxtpx:hr>164</gpxtpx:hr>
          </gpxtpx:TrackPointExtension>
        </extensions>
      </trkpt>
      <trkpt lat="31.045108103048833" lon="121.53208490521371">
        <ele>6.619042562320828</ele>
        <time>1970-01-01T00:20:09Z</time>
        <extensions>
          <gpxtpx:TrackPointExtension>
            <gpxtpx:hr>164</gpxtpx:hr>
          </gpxtpx:TrackPointExtension>
        </extensions>
      </trkpt>
      <trkpt lat="31.04509597236518" lon="121.53205904032039">
        <ele>6.597527073696256</ele>
        <time>1970-01-01T00:20:10Z</time>
        <extensions>
          <gpxtpx:TrackPointExtension>
            <gpxtpx:hr>164</gpxtpx:hr>
          </gpxtpx:TrackPointExtension>
        </extensions>
      </trkpt>
      <trkpt lat="31.04508120396976" lon="121.53203489135764">
        <ele>6.57812153827399</ele>
        <time>1970-01-01T00:20:11Z</time>
        <extensions>
          <gpxtpx:TrackPointExtension>
            <gpxtpx:hr>164</gpxtpx:hr>
          </gpxtpx:TrackPointExtension>
        </extensions>
      </trkpt>
      <trkpt lat="31.04506374755143" lon="121.53201252750428">
        <ele>6.5610520308837295</ele>
        <time>1970-01-01T00:20:12Z</time>
        <extensions>
          <gpxtpx:TrackPointExtension>
            <gpxtpx:hr>164</gpxtpx:hr>
          </gpxtpx:TrackPointExtension>
        </extensions>
      </trkpt>
      <trkpt lat="31.045043852371577" lon="121.53199182784887">
        <ele>6.5464566349983215</ele>
        <time>1970-01-01T00:20:13Z</time>
        <extensions>
          <gpxtpx:TrackPointExtension>
            <gpxtpx:hr>164</gpxtpx:hr>
          </gpxtpx:TrackPointExtension>
        </extensions>
      </trkpt>
      <trkpt lat="31.045023223763256" lon="121.53197259990601">
        <ele>6.534298037178814</ele>
        <time>1970-01-01T00:20:14Z</time>
        <extensions>
          <gpxtpx:TrackPointExtension>
            <gpxtpx:hr>164</gpxtpx:hr>
          </gpxtpx:TrackPointExtension>
        </extensions>
      </trkpt>
      <trkpt lat="31.04500253623378" lon="121.53195511468888">
        <ele>6.524145714007318</ele>
        <time>1970-01-01T00:20:15Z</time>
        <extensions>
          <gpxtpx:TrackPointExtension>
            <gpxtpx:hr>164</gpxtpx:hr>
          </gpxtpx:TrackPointExtension>
        </extensions>
      </trkpt>
      <trkpt lat="31.044980451150558" lon="121.53194006581596">
        <ele>6.5155144752934575</ele>
        <time>1970-01-01T00:20:16Z</time>
        <extensions>
          <gpxtpx:TrackPointExtension>
            <gpxtpx:hr>164</gpxtpx:hr>
          </gpxtpx:TrackPointExtension>
        </extensions>
      </trkpt>
      <trkpt lat="31.04495691407712" lon="121.53192839499746">
        <ele>6.507895297370851</ele>
        <time>1970-01-01T00:20:17Z</time>
        <extensions>
          <gpxtpx:TrackPointExtension>
            <gpxtpx:hr>164</gpxtpx:hr>
          </gpxtpx:TrackPointExtension>
        </extensions>
      </trkpt>
      <trkpt lat="31.044932641023916" lon="121.53192134604156">
        <ele>6.500785242766142</ele>
        <time>1970-01-01T00:20:18Z</time>
        <extensions>
          <gpxtpx:TrackPointExtension>
            <gpxtpx:hr>164</gpxtpx:hr>
          </gpxtpx:TrackPointExtension>
        </extensions>
      </trkpt>
      <trkpt lat="31.04490807357267" lon="121.53191855425702">
        <ele>6.493700782768428</ele>
        <time>1970-01-01T00:20:19Z</time>
        <extensions>
          <gpxtpx:TrackPointExtension>
            <gpxtpx:hr>164</gpxtpx:hr>
          </gpxtpx:TrackPointExtension>
        </extensions>
      </trkpt>
      <trkpt lat="31.044883093481438" lon="121.5319187502241">
        <ele>6.486112763173878</ele>
        <time>1970-01-01T00:20:20Z</time>
        <extensions>
          <gpxtpx:TrackPointExtension>
            <gpxtpx:hr>164</gpxtpx:hr>
          </gpxtpx:TrackPointExtension>
        </extensions>
      </trkpt>
      <trkpt lat="31.044858240239112" lon="121.53192129432313">
        <ele>6.477549432776868</ele>
        <time>1970-01-01T00:20:21Z</time>
        <extensions>
          <gpxtpx:TrackPointExtension>
            <gpxtpx:hr>164</gpxtpx:hr>
          </gpxtpx:TrackPointExtension>
        </extensions>
      </trkpt>
      <trkpt lat="31.044833599339047" lon="121.5319263232578">
        <ele>6.467818175442517</ele>
        <time>1970-01-01T00:20:22Z</time>
        <extensions>
          <gpxtpx:TrackPointExtension>
            <gpxtpx:hr>164</gpxtpx:hr>
          </gpxtpx:TrackPointExtension>
        </extensions>
      </trkpt>
      <trkpt lat="31.044808082884977" lon="121.53193489581588">
        <ele>6.456982096657157</ele>
        <time>1970-01-01T00:20:23Z</time>
        <extensions>
          <gpxtpx:TrackPointExtension>
            <gpxtpx:hr>164</gpxtpx:hr>
          </gpxtpx:TrackPointExtension>
        </extensions>
      </trkpt>
      <trkpt lat="31.044781892197086" lon="121.53194668740012">
        <ele>6.445145770907402</ele>
        <time>1970-01-01T00:20:24Z</time>
        <extensions>
          <gpxtpx:TrackPointExtension>
            <gpxtpx:hr>164</gpxtpx:hr>
          </gpxtpx:TrackPointExtension>
        </extensions>
      </trkpt>
      <trkpt lat="31.044755673006463" lon="121.53196092277864">
        <ele>6.432375940494239</ele>
        <time>1970-01-01T00:20:25Z</time>
        <extensions>
          <gpxtpx:TrackPointExtension>
            <gpxtpx:hr>163</gpxtpx:hr>
          </gpxtpx:TrackPointExtension>
        </extensions>
      </trkpt>
      <trkpt lat="31.044729584146186" lon="121.53197778264085">
        <ele>6.418866129592061</ele>
        <time>1970-01-01T00:20:26Z</time>
        <extensions>
          <gpxtpx:TrackPointExtension>
            <gpxtpx:hr>163</gpxtpx:hr>
          </gpxtpx:TrackPointExtension>
        </extensions>
      </trkpt>
      <trkpt lat="31.04470417130166" lon="121.53199622335063">
        <ele>6.404827436432242</ele>
        <time>1970-01-01T00:20:27Z</time>
        <extensions>
          <gpxtpx:TrackPointExtension>
            <gpxtpx:hr>163</gpxtpx:hr>
          </gpxtpx:TrackPointExtension>
        </extensions>
      </trkpt>
      <trkpt lat="31.044679856046972" lon="121.53201456008773">
        <ele>6.390413819812238</ele>
        <time>1970-01-01T00:20:28Z</time>
        <extensions>
          <gpxtpx:TrackPointExtension>
            <gpxtpx:hr>163</gpxtpx:hr>
          </gpxtpx:TrackPointExtension>
        </extensions>
      </trkpt>
      <trkpt lat="31.04465663778087" lon="121.5320320958453">
        <ele>6.3758186204358935</ele>
        <time>1970-01-01T00:20:29Z</time>
        <extensions>
          <gpxtpx:TrackPointExtension>
            <gpxtpx:hr>163</gpxtpx:hr>
          </gpxtpx:TrackPointExtension>
        </extensions>
      </trkpt>
      <trkpt lat="31.0446337964119" lon="121.53204921733811">
        <ele>6.361484442837536</ele>
        <time>1970-01-01T00:20:30Z</time>
        <extensions>
          <gpxtpx:TrackPointExtension>
            <gpxtpx:hr>162</gpxtpx:hr>
          </gpxtpx:TrackPointExtension>
        </extensions>
      </trkpt>
      <trkpt lat="31.044610387634116" lon="121.53206553550933">
        <ele>6.3478448605164886</ele>
        <time>1970-01-01T00:20:31Z</time>
        <extensions>
          <gpxtpx:TrackPointExtension>
            <gpxtpx:hr>162</gpxtpx:hr>
          </gpxtpx:TrackPointExtension>
        </extensions>
      </trkpt>
      <trkpt lat="31.044586040617116" lon="121.53208109576934">
        <ele>6.335235400125384</ele>
        <time>1970-01-01T00:20:32Z</time>
        <extensions>
          <gpxtpx:TrackPointExtension>
            <gpxtpx:hr>162</gpxtpx:hr>
          </gpxtpx:TrackPointExtension>
        </extensions>
      </trkpt>
      <trkpt lat="31.044560842192706" lon="121.5320963751629">
        <ele>6.323866517283022</ele>
        <time>1970-01-01T00:20:33Z</time>
        <extensions>
          <gpxtpx:TrackPointExtension>
            <gpxtpx:hr>162</gpxtpx:hr>
          </gpxtpx:TrackPointExtension>
        </extensions>
      </trkpt>
      <trkpt lat="31.044535540063666" lon="121.53211076187002">
        <ele>6.313822526484728</ele>
        <time>1970-01-01T00:20:34Z</time>
        <extensions>
          <gpxtpx:TrackPointExtension>
            <gpxtpx:hr>162</gpxtpx:hr>
          </gpxtpx:TrackPointExtension>
        </extensions>
      </trkpt>
      <trkpt lat="31.044511098612254" lon="121.53212436824258">
        <ele>6.305118062533438</ele>
        <time>1970-01-01T00:20:35Z</time>
        <extensions>
          <gpxtpx:TrackPointExtension>
            <gpxtpx:hr>162</gpxtpx:hr>
          </gpxtpx:TrackPointExtension>
        </extensions>
      </trkpt>
      <trkpt lat="31.044487564830135" lon="121.53213742417964">
        <ele>6.297754216007888</ele>
        <time>1970-01-01T00:20:36Z</time>
        <extensions>
          <gpxtpx:TrackPointExtension>
            <gpxtpx:hr>162</gpxtpx:hr>
          </gpxtpx:TrackPointExtension>
        </extensions>
      </trkpt>
      <trkpt lat="31.044464549463807" lon="121.5321507418757">
        <ele>6.2918641632422805</ele>
        <time>1970-01-01T00:20:37Z</time>
        <extensions>
          <gpxtpx:TrackPointExtension>
            <gpxtpx:hr>164</gpxtpx:hr>
          </gpxtpx:TrackPointExtension>
        </extensions>
      </trkpt>
      <trkpt lat="31.04444126649184" lon="121.53216473933685">
        <ele>6.288033375516534</ele>
        <time>1970-01-01T00:20:38Z</time>
        <extensions>
          <gpxtpx:TrackPointExtension>
            <gpxtpx:hr>164</gpxtpx:hr>
          </gpxtpx:TrackPointExtension>
        </extensions>
      </trkpt>
      <trkpt lat="31.04441713307851" lon="121.53217917301414">
        <ele>6.286842457950115</ele>
        <time>1970-01-01T00:20:39Z</time>
        <extensions>
          <gpxtpx:TrackPointExtension>
            <gpxtpx:hr>164</gpxtpx:hr>
          </gpxtpx:TrackPointExtension>
        </extensions>
      </trkpt>
      <trkpt lat="31.044392080082744" lon="121.53219486001932">
        <ele>6.288603886961937</ele>
        <time>1970-01-01T00:20:40Z</time>
        <extensions>
          <gpxtpx:TrackPointExtension>
            <gpxtpx:hr>164</gpxtpx:hr>
          </gpxtpx:TrackPointExtension>
        </extensions>
      </trkpt>
      <trkpt lat="31.044367108432258" lon="121.53221168702215">
        <ele>6.293462630361319</ele>
        <time>1970-01-01T00:20:41Z</time>
        <extensions>
          <gpxtpx:TrackPointExtension>
            <gpxtpx:hr>164</gpxtpx:hr>
          </gpxtpx:TrackPointExtension>
        </extensions>
      </trkpt>
      <trkpt lat="31.044342960377744" lon="121.53222898789431">
        <ele>6.301429861225188</ele>
        <time>1970-01-01T00:20:42Z</time>
        <extensions>
          <gpxtpx:TrackPointExtension>
            <gpxtpx:hr>164</gpxtpx:hr>
          </gpxtpx:TrackPointExtension>
        </extensions>
      </trkpt>
      <trkpt lat="31.04431996857088" lon="121.53224594386886">
        <ele>6.311831470578909</ele>
        <time>1970-01-01T00:20:43Z</time>
        <extensions>
          <gpxtpx:TrackPointExtension>
            <gpxtpx:hr>164</gpxtpx:hr>
          </gpxtpx:TrackPointExtension>
        </extensions>
      </trkpt>
      <trkpt lat="31.044298030433044" lon="121.53226241363112">
        <ele>6.323976654559374</ele>
        <time>1970-01-01T00:20:44Z</time>
        <extensions>
          <gpxtpx:TrackPointExtension>
            <gpxtpx:hr>164</gpxtpx:hr>
          </gpxtpx:TrackPointExtension>
        </extensions>
      </trkpt>
      <trkpt lat="31.04427630065909" lon="121.53227945847857">
        <ele>6.3370206113904715</ele>
        <time>1970-01-01T00:20:45Z</time>
        <extensions>
          <gpxtpx:TrackPointExtension>
            <gpxtpx:hr>163</gpxtpx:hr>
          </gpxtpx:TrackPointExtension>
        </extensions>
      </trkpt>
      <trkpt lat="31.04425557958546" lon="121.53229808970005">
        <ele>6.349972170777619</ele>
        <time>1970-01-01T00:20:46Z</time>
        <extensions>
          <gpxtpx:TrackPointExtension>
            <gpxtpx:hr>163</gpxtpx:hr>
          </gpxtpx:TrackPointExtension>
        </extensions>
      </trkpt>
      <trkpt lat="31.044236849694826" lon="121.53231906511091">
        <ele>6.361750863492489</ele>
        <time>1970-01-01T00:20:47Z</time>
        <extensions>
          <gpxtpx:TrackPointExtension>
            <gpxtpx:hr>163</gpxtpx:hr>
          </gpxtpx:TrackPointExtension>
        </extensions>
      </trkpt>
      <trkpt lat="31.044220923944877" lon="121.53234227120512">
        <ele>6.371969498693943</ele>
        <time>1970-01-01T00:20:48Z</time>
        <extensions>
          <gpxtpx:TrackPointExtension>
            <gpxtpx:hr>163</gpxtpx:hr>
          </gpxtpx:TrackPointExtension>
        </extensions>
      </trkpt>
      <trkpt lat="31.04420823146401" lon="121.5323683085497">
        <ele>6.3801111513748765</ele>
        <time>1970-01-01T00:20:49Z</time>
        <extensions>
          <gpxtpx:TrackPointExtension>
            <gpxtpx:hr>163</gpxtpx:hr>
          </gpxtpx:TrackPointExtension>
        </extensions>
      </trkpt>
      <trkpt lat="31.04419840672472" lon="121.53239787151483">
        <ele>6.385642695240676</ele>
        <time>1970-01-01T00:20:50Z</time>
        <extensions>
          <gpxtpx:TrackPointExtension>
            <gpxtpx:hr>162</gpxtpx:hr>
          </gpxtpx:TrackPointExtension>
        </extensions>
      </trkpt>
      <trkpt lat="31.044191813060205" lon="121.53243022473194">
        <ele>6.3881430476903915</ele>
        <time>1970-01-01T00:20:51Z</time>
        <extensions>
          <gpxtpx:TrackPointExtension>
            <gpxtpx:hr>162</gpxtpx:hr>
          </gpxtpx:TrackPointExtension>
        </extensions>
      </trkpt>
      <trkpt lat="31.0441886055282" lon="121.53246382111035">
        <ele>6.3874603463336825</ele>
        <time>1970-01-01T00:20:52Z</time>
        <extensions>
          <gpxtpx:TrackPointExtension>
            <gpxtpx:hr>162</gpxtpx:hr>
          </gpxtpx:TrackPointExtension>
        </extensions>
      </trkpt>
      <trkpt lat="31.044188613753843" lon="121.53249602364313">
        <ele>6.384231352247298</ele>
        <time>1970-01-01T00:20:53Z</time>
        <extensions>
          <gpxtpx:TrackPointExtension>
            <gpxtpx:hr>162</gpxtpx:hr>
          </gpxtpx:TrackPointExtension>
        </extensions>
      </trkpt>
      <trkpt lat="31.04419191645396" lon="121.53252600575368">
        <ele>6.379443369805813</ele>
        <time>1970-01-01T00:20:54Z</time>
        <extensions>
          <gpxtpx:TrackPointExtension>
            <gpxtpx:hr>162</gpxtpx:hr>
          </gpxtpx:TrackPointExtension>
        </extensions>
      </trkpt>
      <trkpt lat="31.044198172792917" lon="121.53255449710205">
        <ele>6.374230905435979</ele>
        <time>1970-01-01T00:20:55Z</time>
        <extensions>
          <gpxtpx:TrackPointExtension>
            <gpxtpx:hr>163</gpxtpx:hr>
          </gpxtpx:TrackPointExtension>
        </extensions>
      </trkpt>
      <trkpt lat="31.044207460524326" lon="121.53258242150568">
        <ele>6.36968073155731</ele>
        <time>1970-01-01T00:20:56Z</time>
        <extensions>
          <gpxtpx:TrackPointExtension>
            <gpxtpx:hr>163</gpxtpx:hr>
          </gpxtpx:TrackPointExtension>
        </extensions>
      </trkpt>
      <trkpt lat="31.044219816201874" lon="121.53261067322453">
        <ele>6.366890452802181</ele>
        <time>1970-01-01T00:20:57Z</time>
        <extensions>
          <gpxtpx:TrackPointExtension>
            <gpxtpx:hr>163</gpxtpx:hr>
          </gpxtpx:TrackPointExtension>
        </extensions>
      </trkpt>
      <trkpt lat="31.044235007676917" lon="121.5326386271652">
        <ele>6.366491611115634</ele>
        <time>1970-01-01T00:20:58Z</time>
        <extensions>
          <gpxtpx:TrackPointExtension>
            <gpxtpx:hr>163</gpxtpx:hr>
          </gpxtpx:TrackPointExtension>
        </extensions>
      </trkpt>
      <trkpt lat="31.04425298785241" lon="121.53266462892229">
        <ele>6.368800484575331</ele>
        <time>1970-01-01T00:20:59Z</time>
        <extensions>
          <gpxtpx:TrackPointExtension>
            <gpxtpx:hr>163</gpxtpx:hr>
          </gpxtpx:TrackPointExtension>
        </extensions>
      </trkpt>
      <trkpt lat="31.044272925949677" lon="121.53268724449718">
        <ele>6.373945982195437</ele>
        <time>1970-01-01T00:21:00Z</time>
        <extensions>
          <gpxtpx:TrackPointExtension>
            <gpxtpx:hr>163</gpxtpx:hr>
          </gpxtpx:TrackPointExtension>
        </extensions>
      </trkpt>
      <trkpt lat="31.044294454678397" lon="121.53270628183265">
        <ele>6.382034478709102</ele>
        <time>1970-01-01T00:21:01Z</time>
        <extensions>
          <gpxtpx:TrackPointExtension>
            <gpxtpx:hr>163</gpxtpx:hr>
          </gpxtpx:TrackPointExtension>
        </extensions>
      </trkpt>
      <trkpt lat="31.044317605639563" lon="121.53272241931813">
        <ele>6.392960741184652</ele>
        <time>1970-01-01T00:21:02Z</time>
        <extensions>
          <gpxtpx:TrackPointExtension>
            <gpxtpx:hr>164</gpxtpx:hr>
          </gpxtpx:TrackPointExtension>
        </extensions>
      </trkpt>
      <trkpt lat="31.044342209913086" lon="121.53273627977235">
        <ele>6.406389848329127</ele>
        <time>1970-01-01T00:21:03Z</time>
        <extensions>
          <gpxtpx:TrackPointExtension>
            <gpxtpx:hr>164</gpxtpx:hr>
          </gpxtpx:TrackPointExtension>
        </extensions>
      </trkpt>
      <trkpt lat="31.04436856494678" lon="121.53274675284412">
        <ele>6.4218039168044925</ele>
        <time>1970-01-01T00:21:04Z</time>
        <extensions>
          <gpxtpx:TrackPointExtension>
            <gpxtpx:hr>164</gpxtpx:hr>
          </gpxtpx:TrackPointExtension>
        </extensions>
      </trkpt>
      <trkpt lat="31.04439653433957" lon="121.53275229495026">
        <ele>6.4385998314246535</ele>
        <time>1970-01-01T00:21:05Z</time>
        <extensions>
          <gpxtpx:TrackPointExtension>
            <gpxtpx:hr>164</gpxtpx:hr>
          </gpxtpx:TrackPointExtension>
        </extensions>
      </trkpt>
      <trkpt lat="31.044425083526054" lon="121.532753528871">
        <ele>6.456203151494265</ele>
        <time>1970-01-01T00:21:06Z</time>
        <extensions>
          <gpxtpx:TrackPointExtension>
            <gpxtpx:hr>164</gpxtpx:hr>
          </gpxtpx:TrackPointExtension>
        </extensions>
      </trkpt>
      <trkpt lat="31.04445293171738" lon="121.53275200804212">
        <ele>6.474142066203058</ele>
        <time>1970-01-01T00:21:07Z</time>
        <extensions>
          <gpxtpx:TrackPointExtension>
            <gpxtpx:hr>164</gpxtpx:hr>
          </gpxtpx:TrackPointExtension>
        </extensions>
      </trkpt>
      <trkpt lat="31.04448018599533" lon="121.5327482636563">
        <ele>6.49182266741991</ele>
        <time>1970-01-01T00:21:08Z</time>
        <extensions>
          <gpxtpx:TrackPointExtension>
            <gpxtpx:hr>164</gpxtpx:hr>
          </gpxtpx:TrackPointExtension>
        </extensions>
      </trkpt>
      <trkpt lat="31.04450761197767" lon="121.53274209916668">
        <ele>6.50865922216326</ele>
        <time>1970-01-01T00:21:09Z</time>
        <extensions>
          <gpxtpx:TrackPointExtension>
            <gpxtpx:hr>164</gpxtpx:hr>
          </gpxtpx:TrackPointExtension>
        </extensions>
      </trkpt>
      <trkpt lat="31.044534154073606" lon="121.53273409034502">
        <ele>6.524204303510487</ele>
        <time>1970-01-01T00:21:10Z</time>
        <extensions>
          <gpxtpx:TrackPointExtension>
            <gpxtpx:hr>164</gpxtpx:hr>
          </gpxtpx:TrackPointExtension>
        </extensions>
      </trkpt>
      <trkpt lat="31.044559284830864" lon="121.53272449333063">
        <ele>6.538258986547589</ele>
        <time>1970-01-01T00:21:11Z</time>
        <extensions>
          <gpxtpx:TrackPointExtension>
            <gpxtpx:hr>164</gpxtpx:hr>
          </gpxtpx:TrackPointExtension>
        </extensions>
      </trkpt>
      <trkpt lat="31.04458326238854" lon="121.53271322992514">
        <ele>6.5506168361753225</ele>
        <time>1970-01-01T00:21:12Z</time>
        <extensions>
          <gpxtpx:TrackPointExtension>
            <gpxtpx:hr>165</gpxtpx:hr>
          </gpxtpx:TrackPointExtension>
        </extensions>
      </trkpt>
      <trkpt lat="31.044606319132843" lon="121.53270084244161">
        <ele>6.5611727042123675</ele>
        <time>1970-01-01T00:21:13Z</time>
        <extensions>
          <gpxtpx:TrackPointExtension>
            <gpxtpx:hr>165</gpxtpx:hr>
          </gpxtpx:TrackPointExtension>
        </extensions>
      </trkpt>
      <trkpt lat="31.044629230116445" lon="121.532688095882">
        <ele>6.569924036040902</ele>
        <time>1970-01-01T00:21:14Z</time>
        <extensions>
          <gpxtpx:TrackPointExtension>
            <gpxtpx:hr>165</gpxtpx:hr>
          </gpxtpx:TrackPointExtension>
        </extensions>
      </trkpt>
      <trkpt lat="31.044652583505872" lon="121.53267605604944">
        <ele>6.576899285428226</ele>
        <time>1970-01-01T00:21:15Z</time>
        <extensions>
          <gpxtpx:TrackPointExtension>
            <gpxtpx:hr>165</gpxtpx:hr>
          </gpxtpx:TrackPointExtension>
        </extensions>
      </trkpt>
      <trkpt lat="31.044676821484867" lon="121.5326647361694">
        <ele>6.581736009567976</ele>
        <time>1970-01-01T00:21:16Z</time>
        <extensions>
          <gpxtpx:TrackPointExtension>
            <gpxtpx:hr>165</gpxtpx:hr>
          </gpxtpx:TrackPointExtension>
        </extensions>
      </trkpt>
      <trkpt lat="31.044701526806943" lon="121.53265345661731">
        <ele>6.5841625379398465</ele>
        <time>1970-01-01T00:21:17Z</time>
        <extensions>
          <gpxtpx:TrackPointExtension>
            <gpxtpx:hr>165</gpxtpx:hr>
          </gpxtpx:TrackPointExtension>
        </extensions>
      </trkpt>
      <trkpt lat="31.044725816316845" lon="121.53264092288659">
        <ele>6.584039154462516</ele>
        <time>1970-01-01T00:21:18Z</time>
        <extensions>
          <gpxtpx:TrackPointExtension>
            <gpxtpx:hr>165</gpxtpx:hr>
          </gpxtpx:TrackPointExtension>
        </extensions>
      </trkpt>
      <trkpt lat="31.044749907871264" lon="121.53262668587521">
        <ele>6.5813796585425735</ele>
        <time>1970-01-01T00:21:19Z</time>
        <extensions>
          <gpxtpx:TrackPointExtension>
            <gpxtpx:hr>165</gpxtpx:hr>
          </gpxtpx:TrackPointExtension>
        </extensions>
      </trkpt>
      <trkpt lat="31.044774187647338" lon="121.5326119444138">
        <ele>6.57627534866333</ele>
        <time>1970-01-01T00:21:20Z</time>
        <extensions>
          <gpxtpx:TrackPointExtension>
            <gpxtpx:hr>165</gpxtpx:hr>
          </gpxtpx:TrackPointExtension>
        </extensions>
      </trkpt>
      <trkpt lat="31.044798842953988" lon="121.53259722291689">
        <ele>6.5690312990918756</ele>
        <time>1970-01-01T00:21:21Z</time>
        <extensions>
          <gpxtpx:TrackPointExtension>
            <gpxtpx:hr>165</gpxtpx:hr>
          </gpxtpx:TrackPointExtension>
        </extensions>
      </trkpt>
      <trkpt lat="31.044823892027694" lon="121.5325830064187">
        <ele>6.559931494295597</ele>
        <time>1970-01-01T00:21:22Z</time>
        <extensions>
          <gpxtpx:TrackPointExtension>
            <gpxtpx:hr>166</gpxtpx:hr>
          </gpxtpx:TrackPointExtension>
        </extensions>
      </trkpt>
      <trkpt lat="31.04484863012254" lon="121.53256884235894">
        <ele>6.549185576848686</ele>
        <time>1970-01-01T00:21:23Z</time>
        <extensions>
          <gpxtpx:TrackPointExtension>
            <gpxtpx:hr>166</gpxtpx:hr>
          </gpxtpx:TrackPointExtension>
        </extensions>
      </trkpt>
      <trkpt lat="31.044872413890225" lon="121.5325535194769">
        <ele>6.536920069716871</ele>
        <time>1970-01-01T00:21:24Z</time>
        <extensions>
          <gpxtpx:TrackPointExtension>
            <gpxtpx:hr>166</gpxtpx:hr>
          </gpxtpx:TrackPointExtension>
        </extensions>
      </trkpt>
      <trkpt lat="31.04489528334926" lon="121.53253698557428">
        <ele>6.523258538916707</ele>
        <time>1970-01-01T00:21:25Z</time>
        <extensions>
          <gpxtpx:TrackPointExtension>
            <gpxtpx:hr>166</gpxtpx:hr>
          </gpxtpx:TrackPointExtension>
        </extensions>
      </trkpt>
      <trkpt lat="31.044917996753842" lon="121.53251926076139">
        <ele>6.508536895737052</ele>
        <time>1970-01-01T00:21:26Z</time>
        <extensions>
          <gpxtpx:TrackPointExtension>
            <gpxtpx:hr>166</gpxtpx:hr>
          </gpxtpx:TrackPointExtension>
        </extensions>
      </trkpt>
      <trkpt lat="31.044940709112417" lon="121.53250125739274">
        <ele>6.49321458209306</ele>
        <time>1970-01-01T00:21:27Z</time>
        <extensions>
          <gpxtpx:TrackPointExtension>
            <gpxtpx:hr>166</gpxtpx:hr>
          </gpxtpx:TrackPointExtension>
        </extensions>
      </trkpt>
      <trkpt lat="31.044963596399395" lon="121.53248387785844">
        <ele>6.477906685322523</ele>
        <time>1970-01-01T00:21:28Z</time>
        <extensions>
          <gpxtpx:TrackPointExtension>
            <gpxtpx:hr>166</gpxtpx:hr>
          </gpxtpx:TrackPointExtension>
        </extensions>
      </trkpt>
      <trkpt lat="31.044986265902384" lon="121.53246721644824">
        <ele>6.463544812053442</ele>
        <time>1970-01-01T00:21:29Z</time>
        <extensions>
          <gpxtpx:TrackPointExtension>
            <gpxtpx:hr>166</gpxtpx:hr>
          </gpxtpx:TrackPointExtension>
        </extensions>
      </trkpt>
      <trkpt lat="31.04500853058279" lon="121.53245116643329">
        <ele>6.451011212542653</ele>
        <time>1970-01-01T00:21:30Z</time>
        <extensions>
          <gpxtpx:TrackPointExtension>
            <gpxtpx:hr>166</gpxtpx:hr>
          </gpxtpx:TrackPointExtension>
        </extensions>
      </trkpt>
      <trkpt lat="31.04503136371745" lon="121.53243501727576">
        <ele>6.440835569053888</ele>
        <time>1970-01-01T00:21:31Z</time>
        <extensions>
          <gpxtpx:TrackPointExtension>
            <gpxtpx:hr>166</gpxtpx:hr>
          </gpxtpx:TrackPointExtension>
        </extensions>
      </trkpt>
      <trkpt lat="31.045054409032957" lon="121.53241862075868">
        <ele>6.433342576958239</ele>
        <time>1970-01-01T00:21:32Z</time>
        <extensions>
          <gpxtpx:TrackPointExtension>
            <gpxtpx:hr>166</gpxtpx:hr>
          </gpxtpx:TrackPointExtension>
        </extensions>
      </trkpt>
      <trkpt lat="31.04507665802134" lon="121.53240134396665">
        <ele>6.42869490198791</ele>
        <time>1970-01-01T00:21:33Z</time>
        <extensions>
          <gpxtpx:TrackPointExtension>
            <gpxtpx:hr>166</gpxtpx:hr>
          </gpxtpx:TrackPointExtension>
        </extensions>
      </trkpt>
      <trkpt lat="31.045096689677816" lon="121.53238109003634">
        <ele>6.426469708792865</ele>
        <time>1970-01-01T00:21:34Z</time>
        <extensions>
          <gpxtpx:TrackPointExtension>
            <gpxtpx:hr>167</gpxtpx:hr>
          </gpxtpx:TrackPointExtension>
        </extensions>
      </trkpt>
      <trkpt lat="31.045113458380918" lon="121.53235638968928">
        <ele>6.42618066444993</ele>
        <time>1970-01-01T00:21:35Z</time>
        <extensions>
          <gpxtpx:TrackPointExtension>
            <gpxtpx:hr>167</gpxtpx:hr>
          </gpxtpx:TrackPointExtension>
        </extensions>
      </trkpt>
      <trkpt lat="31.0451265066376" lon="121.53232787578193">
        <ele>6.427510316483676</ele>
        <time>1970-01-01T00:21:36Z</time>
        <extensions>
          <gpxtpx:TrackPointExtension>
            <gpxtpx:hr>167</gpxtpx:hr>
          </gpxtpx:TrackPointExtension>
        </extensions>
      </trkpt>
      <trkpt lat="31.045135982666057" lon="121.53229690244594">
        <ele>6.4301850302144885</ele>
        <time>1970-01-01T00:21:37Z</time>
        <extensions>
          <gpxtpx:TrackPointExtension>
            <gpxtpx:hr>167</gpxtpx:hr>
          </gpxtpx:TrackPointExtension>
        </extensions>
      </trkpt>
      <trkpt lat="31.04514253079394" lon="121.53226421272711">
        <ele>6.433778778649867</ele>
        <time>1970-01-01T00:21:38Z</time>
        <extensions>
          <gpxtpx:TrackPointExtension>
            <gpxtpx:hr>167</gpxtpx:hr>
          </gpxtpx:TrackPointExtension>
        </extensions>
      </trkpt>
      <trkpt lat="31.04514656055172" lon="121.53223092548116">
        <ele>6.437832224182785</ele>
        <time>1970-01-01T00:21:39Z</time>
        <extensions>
          <gpxtpx:TrackPointExtension>
            <gpxtpx:hr>167</gpxtpx:hr>
          </gpxtpx:TrackPointExtension>
        </extensions>
      </trkpt>
      <trkpt lat="31.04514818042265" lon="121.53219787179209">
        <ele>6.441816758364439</ele>
        <time>1970-01-01T00:21:40Z</time>
        <extensions>
          <gpxtpx:TrackPointExtension>
            <gpxtpx:hr>167</gpxtpx:hr>
          </gpxtpx:TrackPointExtension>
        </extensions>
      </trkpt>
      <trkpt lat="31.045147421740914" lon="121.5321649602246">
        <ele>6.445388057269156</ele>
        <time>1970-01-01T00:21:41Z</time>
        <extensions>
          <gpxtpx:TrackPointExtension>
            <gpxtpx:hr>167</gpxtpx:hr>
          </gpxtpx:TrackPointExtension>
        </extensions>
      </trkpt>
      <trkpt lat="31.045143664311805" lon="121.53213272479847">
        <ele>6.448495867662132</ele>
        <time>1970-01-01T00:21:42Z</time>
        <extensions>
          <gpxtpx:TrackPointExtension>
            <gpxtpx:hr>167</gpxtpx:hr>
          </gpxtpx:TrackPointExtension>
        </extensions>
      </trkpt>
      <trkpt lat="31.04513592287279" lon="121.53210154924612">
        <ele>6.4512984631583095</ele>
        <time>1970-01-01T00:21:43Z</time>
        <extensions>
          <gpxtpx:TrackPointExtension>
            <gpxtpx:hr>167</gpxtpx:hr>
          </gpxtpx:TrackPointExtension>
        </extensions>
      </trkpt>
      <trkpt lat="31.045124555752412" lon="121.53207138441506">
        <ele>6.45368985645473</ele>
        <time>1970-01-01T00:21:44Z</time>
        <extensions>
          <gpxtpx:TrackPointExtension>
            <gpxtpx:hr>167</gpxtpx:hr>
          </gpxtpx:TrackPointExtension>
        </extensions>
      </trkpt>
      <trkpt lat="31.045110561893356" lon="121.53204259582847">
        <ele>6.455767607316375</ele>
        <time>1970-01-01T00:21:45Z</time>
        <extensions>
          <gpxtpx:TrackPointExtension>
            <gpxtpx:hr>167</gpxtpx:hr>
          </gpxtpx:TrackPointExtension>
        </extensions>
      </trkpt>
      <trkpt lat="31.04509485186191" lon="121.53201604414984">
        <ele>6.457547523081303</ele>
        <time>1970-01-01T00:21:46Z</time>
        <extensions>
          <gpxtpx:TrackPointExtension>
            <gpxtpx:hr>167</gpxtpx:hr>
          </gpxtpx:TrackPointExtension>
        </extensions>
      </trkpt>
      <trkpt lat="31.045078028699898" lon="121.53199216355699">
        <ele>6.4587445966899395</ele>
        <time>1970-01-01T00:21:47Z</time>
        <extensions>
          <gpxtpx:TrackPointExtension>
            <gpxtpx:hr>167</gpxtpx:hr>
          </gpxtpx:TrackPointExtension>
        </extensions>
      </trkpt>
      <trkpt lat="31.045059685595977" lon="121.531970526231">
        <ele>6.458984305150807</ele>
        <time>1970-01-01T00:21:48Z</time>
        <extensions>
          <gpxtpx:TrackPointExtension>
            <gpxtpx:hr>167</gpxtpx:hr>
          </gpxtpx:TrackPointExtension>
        </extensions>
      </trkpt>
      <trkpt lat="31.045039297109362" lon="121.53195062955544">
        <ele>6.458099651150405</ele>
        <time>1970-01-01T00:21:49Z</time>
        <extensions>
          <gpxtpx:TrackPointExtension>
            <gpxtpx:hr>167</gpxtpx:hr>
          </gpxtpx:TrackPointExtension>
        </extensions>
      </trkpt>
      <trkpt lat="31.045016559327955" lon="121.53193213140192">
        <ele>6.4558391366153955</ele>
        <time>1970-01-01T00:21:50Z</time>
        <extensions>
          <gpxtpx:TrackPointExtension>
            <gpxtpx:hr>167</gpxtpx:hr>
          </gpxtpx:TrackPointExtension>
        </extensions>
      </trkpt>
      <trkpt lat="31.04499173851052" lon="121.53191625051815">
        <ele>6.451842647977173</ele>
        <time>1970-01-01T00:21:51Z</time>
        <extensions>
          <gpxtpx:TrackPointExtension>
            <gpxtpx:hr>167</gpxtpx:hr>
          </gpxtpx:TrackPointExtension>
        </extensions>
      </trkpt>
      <trkpt lat="31.044965201178414" lon="121.5319045395133">
        <ele>6.4456889517605305</ele>
        <time>1970-01-01T00:21:52Z</time>
        <extensions>
          <gpxtpx:TrackPointExtension>
            <gpxtpx:hr>167</gpxtpx:hr>
          </gpxtpx:TrackPointExtension>
        </extensions>
      </trkpt>
      <trkpt lat="31.04493822370828" lon="121.53189714718098">
        <ele>6.436956909485161</ele>
        <time>1970-01-01T00:21:53Z</time>
        <extensions>
          <gpxtpx:TrackPointExtension>
            <gpxtpx:hr>167</gpxtpx:hr>
          </gpxtpx:TrackPointExtension>
        </extensions>
      </trkpt>
      <trkpt lat="31.044912898366388" lon="121.53189323335697">
        <ele>6.425506919622421</ele>
        <time>1970-01-01T00:21:54Z</time>
        <extensions>
          <gpxtpx:TrackPointExtension>
            <gpxtpx:hr>167</gpxtpx:hr>
          </gpxtpx:TrackPointExtension>
        </extensions>
      </trkpt>
      <trkpt lat="31.04488809775143" lon="121.53189190163029">
        <ele>6.411449953913689</ele>
        <time>1970-01-01T00:21:55Z</time>
        <extensions>
          <gpxtpx:TrackPointExtension>
            <gpxtpx:hr>167</gpxtpx:hr>
          </gpxtpx:TrackPointExtension>
        </extensions>
      </trkpt>
      <trkpt lat="31.044862452704166" lon="121.53189367718315">
        <ele>6.395154878497124</ele>
        <time>1970-01-01T00:21:56Z</time>
        <extensions>
          <gpxtpx:TrackPointExtension>
            <gpxtpx:hr>167</gpxtpx:hr>
          </gpxtpx:TrackPointExtension>
        </extensions>
      </trkpt>
      <trkpt lat="31.04483675058089" lon="121.53189931929012">
        <ele>6.377336673438549</ele>
        <time>1970-01-01T00:21:57Z</time>
        <extensions>
          <gpxtpx:TrackPointExtension>
            <gpxtpx:hr>167</gpxtpx:hr>
          </gpxtpx:TrackPointExtension>
        </extensions>
      </trkpt>
      <trkpt lat="31.04481165442995" lon="121.53190808328284">
        <ele>6.3588540172204375</ele>
        <time>1970-01-01T00:21:58Z</time>
        <extensions>
          <gpxtpx:TrackPointExtension>
            <gpxtpx:hr>167</gpxtpx:hr>
          </gpxtpx:TrackPointExtension>
        </extensions>
      </trkpt>
      <trkpt lat="31.044787688502318" lon="121.53191867278011">
        <ele>6.3404300240799785</ele>
        <time>1970-01-01T00:21:59Z</time>
        <extensions>
          <gpxtpx:TrackPointExtension>
            <gpxtpx:hr>167</gpxtpx:hr>
          </gpxtpx:TrackPointExtension>
        </extensions>
      </trkpt>
      <trkpt lat="31.044764302452936" lon="121.53193099603833">
        <ele>6.3226475128903985</ele>
        <time>1970-01-01T00:22:00Z</time>
        <extensions>
          <gpxtpx:TrackPointExtension>
            <gpxtpx:hr>167</gpxtpx:hr>
          </gpxtpx:TrackPointExtension>
        </extensions>
      </trkpt>
      <trkpt lat="31.04474065286112" lon="121.53194522907532">
        <ele>6.305929210968316</ele>
        <time>1970-01-01T00:22:01Z</time>
        <extensions>
          <gpxtpx:TrackPointExtension>
            <gpxtpx:hr>167</gpxtpx:hr>
          </gpxtpx:TrackPointExtension>
        </extensions>
      </trkpt>
      <trkpt lat="31.04471667937393" lon="121.53196114666827">
        <ele>6.289938542060554</ele>
        <time>1970-01-01T00:22:02Z</time>
        <extensions>
          <gpxtpx:TrackPointExtension>
            <gpxtpx:hr>167</gpxtpx:hr>
          </gpxtpx:TrackPointExtension>
        </extensions>
      </trkpt>
      <trkpt lat="31.044692553105858" lon="121.53197783517277">
        <ele>6.274248093366623</ele>
        <time>1970-01-01T00:22:03Z</time>
        <extensions>
          <gpxtpx:TrackPointExtension>
            <gpxtpx:hr>167</gpxtpx:hr>
          </gpxtpx:TrackPointExtension>
        </extensions>
      </trkpt>
      <trkpt lat="31.04466848540942" lon="121.53199424785444">
        <ele>6.258715224452317</ele>
        <time>1970-01-01T00:22:04Z</time>
        <extensions>
          <gpxtpx:TrackPointExtension>
            <gpxtpx:hr>167</gpxtpx:hr>
          </gpxtpx:TrackPointExtension>
        </extensions>
      </trkpt>
      <trkpt lat="31.044644682044762" lon="121.53201021585083">
        <ele>6.24337191414088</ele>
        <time>1970-01-01T00:22:05Z</time>
        <extensions>
          <gpxtpx:TrackPointExtension>
            <gpxtpx:hr>167</gpxtpx:hr>
          </gpxtpx:TrackPointExtension>
        </extensions>
      </trkpt>
      <trkpt lat="31.04462079036158" lon="121.53202600422851">
        <ele>6.228088063187897</ele>
        <time>1970-01-01T00:22:06Z</time>
        <extensions>
          <gpxtpx:TrackPointExtension>
            <gpxtpx:hr>167</gpxtpx:hr>
          </gpxtpx:TrackPointExtension>
        </extensions>
      </trkpt>
      <trkpt lat="31.044596454949627" lon="121.53204137254392">
        <ele>6.212871219031513</ele>
        <time>1970-01-01T00:22:07Z</time>
        <extensions>
          <gpxtpx:TrackPointExtension>
            <gpxtpx:hr>167</gpxtpx:hr>
          </gpxtpx:TrackPointExtension>
        </extensions>
      </trkpt>
      <trkpt lat="31.044571777326304" lon="121.53205596063289">
        <ele>6.197684676386416</ele>
        <time>1970-01-01T00:22:08Z</time>
        <extensions>
          <gpxtpx:TrackPointExtension>
            <gpxtpx:hr>167</gpxtpx:hr>
          </gpxtpx:TrackPointExtension>
        </extensions>
      </trkpt>
      <trkpt lat="31.044546693521706" lon="121.53207025704656">
        <ele>6.18239167612046</ele>
        <time>1970-01-01T00:22:09Z</time>
        <extensions>
          <gpxtpx:TrackPointExtension>
            <gpxtpx:hr>167</gpxtpx:hr>
          </gpxtpx:TrackPointExtension>
        </extensions>
      </trkpt>
      <trkpt lat="31.04452084946587" lon="121.53208469694519">
        <ele>6.166812970302999</ele>
        <time>1970-01-01T00:22:10Z</time>
        <extensions>
          <gpxtpx:TrackPointExtension>
            <gpxtpx:hr>167</gpxtpx:hr>
          </gpxtpx:TrackPointExtension>
        </extensions>
      </trkpt>
      <trkpt lat="31.044494867595954" lon="121.53209954397713">
        <ele>6.150971356779337</ele>
        <time>1970-01-01T00:22:11Z</time>
        <extensions>
          <gpxtpx:TrackPointExtension>
            <gpxtpx:hr>167</gpxtpx:hr>
          </gpxtpx:TrackPointExtension>
        </extensions>
      </trkpt>
      <trkpt lat="31.044469800816337" lon="121.53211540195778">
        <ele>6.13533603772521</ele>
        <time>1970-01-01T00:22:12Z</time>
        <extensions>
          <gpxtpx:TrackPointExtension>
            <gpxtpx:hr>167</gpxtpx:hr>
          </gpxtpx:TrackPointExtension>
        </extensions>
      </trkpt>
      <trkpt lat="31.04444619984203" lon="121.53213137396718">
        <ele>6.120554741472006</ele>
        <time>1970-01-01T00:22:13Z</time>
        <extensions>
          <gpxtpx:TrackPointExtension>
            <gpxtpx:hr>167</gpxtpx:hr>
          </gpxtpx:TrackPointExtension>
        </extensions>
      </trkpt>
      <trkpt lat="31.044423966764878" lon="121.53214677191959">
        <ele>6.107211799360812</ele>
        <time>1970-01-01T00:22:14Z</time>
        <extensions>
          <gpxtpx:TrackPointExtension>
            <gpxtpx:hr>167</gpxtpx:hr>
          </gpxtpx:TrackPointExtension>
        </extensions>
      </trkpt>
      <trkpt lat="31.044402123251515" lon="121.53216155444565">
        <ele>6.095602700486779</ele>
        <time>1970-01-01T00:22:15Z</time>
        <extensions>
          <gpxtpx:TrackPointExtension>
            <gpxtpx:hr>167</gpxtpx:hr>
          </gpxtpx:TrackPointExtension>
        </extensions>
      </trkpt>
      <trkpt lat="31.044379795023275" lon="121.53217569246958">
        <ele>6.085834506899118</ele>
        <time>1970-01-01T00:22:16Z</time>
        <extensions>
          <gpxtpx:TrackPointExtension>
            <gpxtpx:hr>167</gpxtpx:hr>
          </gpxtpx:TrackPointExtension>
        </extensions>
      </trkpt>
      <trkpt lat="31.044356818684665" lon="121.53219033106686">
        <ele>6.077725964598358</ele>
        <time>1970-01-01T00:22:17Z</time>
        <extensions>
          <gpxtpx:TrackPointExtension>
            <gpxtpx:hr>166</gpxtpx:hr>
          </gpxtpx:TrackPointExtension>
        </extensions>
      </trkpt>
      <trkpt lat="31.04433425054352" lon="121.53220568939031">
        <ele>6.070925365202129</ele>
        <time>1970-01-01T00:22:18Z</time>
        <extensions>
          <gpxtpx:TrackPointExtension>
            <gpxtpx:hr>166</gpxtpx:hr>
          </gpxtpx:TrackPointExtension>
        </extensions>
      </trkpt>
      <trkpt lat="31.0443123599146" lon="121.53222166276528">
        <ele>6.06488455273211</ele>
        <time>1970-01-01T00:22:19Z</time>
        <extensions>
          <gpxtpx:TrackPointExtension>
            <gpxtpx:hr>166</gpxtpx:hr>
          </gpxtpx:TrackPointExtension>
        </extensions>
      </trkpt>
      <trkpt lat="31.044291066182307" lon="121.53223835372484">
        <ele>6.058706888929009</ele>
        <time>1970-01-01T00:22:20Z</time>
        <extensions>
          <gpxtpx:TrackPointExtension>
            <gpxtpx:hr>166</gpxtpx:hr>
          </gpxtpx:TrackPointExtension>
        </extensions>
      </trkpt>
      <trkpt lat="31.04427070799697" lon="121.5322566483662">
        <ele>6.051529594697058</ele>
        <time>1970-01-01T00:22:21Z</time>
        <extensions>
          <gpxtpx:TrackPointExtension>
            <gpxtpx:hr>166</gpxtpx:hr>
          </gpxtpx:TrackPointExtension>
        </extensions>
      </trkpt>
      <trkpt lat="31.04425192623888" lon="121.53227769586358">
        <ele>6.043204906396568</ele>
        <time>1970-01-01T00:22:22Z</time>
        <extensions>
          <gpxtpx:TrackPointExtension>
            <gpxtpx:hr>166</gpxtpx:hr>
          </gpxtpx:TrackPointExtension>
        </extensions>
      </trkpt>
      <trkpt lat="31.044235714965932" lon="121.53230171656328">
        <ele>6.033843505196273</ele>
        <time>1970-01-01T00:22:23Z</time>
        <extensions>
          <gpxtpx:TrackPointExtension>
            <gpxtpx:hr>167</gpxtpx:hr>
          </gpxtpx:TrackPointExtension>
        </extensions>
      </trkpt>
      <trkpt lat="31.044222215639458" lon="121.5323286182898">
        <ele>6.02383849862963</ele>
        <time>1970-01-01T00:22:24Z</time>
        <extensions>
          <gpxtpx:TrackPointExtension>
            <gpxtpx:hr>167</gpxtpx:hr>
          </gpxtpx:TrackPointExtension>
        </extensions>
      </trkpt>
      <trkpt lat="31.04421074079355" lon="121.5323569154266">
        <ele>6.015161859802902</ele>
        <time>1970-01-01T00:22:25Z</time>
        <extensions>
          <gpxtpx:TrackPointExtension>
            <gpxtpx:hr>167</gpxtpx:hr>
          </gpxtpx:TrackPointExtension>
        </extensions>
      </trkpt>
      <trkpt lat="31.04420064120223" lon="121.53238534550755">
        <ele>6.009837977588177</ele>
        <time>1970-01-01T00:22:26Z</time>
        <extensions>
          <gpxtpx:TrackPointExtension>
            <gpxtpx:hr>167</gpxtpx:hr>
          </gpxtpx:TrackPointExtension>
        </extensions>
      </trkpt>
      <trkpt lat="31.04419211954685" lon="121.53241406921826">
        <ele>6.010100131854415</ele>
        <time>1970-01-01T00:22:27Z</time>
        <extensions>
          <gpxtpx:TrackPointExtension>
            <gpxtpx:hr>167</gpxtpx:hr>
          </gpxtpx:TrackPointExtension>
        </extensions>
      </trkpt>
      <trkpt lat="31.044185792263153" lon="121.53244273916592">
        <ele>6.018368215300143</ele>
        <time>1970-01-01T00:22:28Z</time>
        <extensions>
          <gpxtpx:TrackPointExtension>
            <gpxtpx:hr>167</gpxtpx:hr>
          </gpxtpx:TrackPointExtension>
        </extensions>
      </trkpt>
      <trkpt lat="31.044181952221507" lon="121.53247154195135">
        <ele>6.037078534252942</ele>
        <time>1970-01-01T00:22:29Z</time>
        <extensions>
          <gpxtpx:TrackPointExtension>
            <gpxtpx:hr>167</gpxtpx:hr>
          </gpxtpx:TrackPointExtension>
        </extensions>
      </trkpt>
      <trkpt lat="31.044180517176468" lon="121.53250045895467">
        <ele>6.066801178269088</ele>
        <time>1970-01-01T00:22:30Z</time>
        <extensions>
          <gpxtpx:TrackPointExtension>
            <gpxtpx:hr>166</gpxtpx:hr>
          </gpxtpx:TrackPointExtension>
        </extensions>
      </trkpt>
      <trkpt lat="31.04418174011857" lon="121.53252887525915">
        <ele>6.10814359690994</ele>
        <time>1970-01-01T00:22:31Z</time>
        <extensions>
          <gpxtpx:TrackPointExtension>
            <gpxtpx:hr>166</gpxtpx:hr>
          </gpxtpx:TrackPointExtension>
        </extensions>
      </trkpt>
      <trkpt lat="31.044185685397412" lon="121.53255611932624">
        <ele>6.160722340457141</ele>
        <time>1970-01-01T00:22:32Z</time>
        <extensions>
          <gpxtpx:TrackPointExtension>
            <gpxtpx:hr>166</gpxtpx:hr>
          </gpxtpx:TrackPointExtension>
        </extensions>
      </trkpt>
      <trkpt lat="31.044192343908353" lon="121.5325822007851">
        <ele>6.22296948172152</ele>
        <time>1970-01-01T00:22:33Z</time>
        <extensions>
          <gpxtpx:TrackPointExtension>
            <gpxtpx:hr>166</gpxtpx:hr>
          </gpxtpx:TrackPointExtension>
        </extensions>
      </trkpt>
      <trkpt lat="31.044201972429722" lon="121.53260773857855">
        <ele>6.29262504260987</ele>
        <time>1970-01-01T00:22:34Z</time>
        <extensions>
          <gpxtpx:TrackPointExtension>
            <gpxtpx:hr>166</gpxtpx:hr>
          </gpxtpx:TrackPointExtension>
        </extensions>
      </trkpt>
      <trkpt lat="31.044214578294525" lon="121.53263262905944">
        <ele>6.367115735076368</ele>
        <time>1970-01-01T00:22:35Z</time>
        <extensions>
          <gpxtpx:TrackPointExtension>
            <gpxtpx:hr>166</gpxtpx:hr>
          </gpxtpx:TrackPointExtension>
        </extensions>
      </trkpt>
      <trkpt lat="31.04423042476939" lon="121.53265649345879">
        <ele>6.4431063067168</ele>
        <time>1970-01-01T00:22:36Z</time>
        <extensions>
          <gpxtpx:TrackPointExtension>
            <gpxtpx:hr>166</gpxtpx:hr>
          </gpxtpx:TrackPointExtension>
        </extensions>
      </trkpt>
      <trkpt lat="31.044249157602913" lon="121.53267884424424">
        <ele>6.516857476904988</ele>
        <time>1970-01-01T00:22:37Z</time>
        <extensions>
          <gpxtpx:TrackPointExtension>
            <gpxtpx:hr>166</gpxtpx:hr>
          </gpxtpx:TrackPointExtension>
        </extensions>
      </trkpt>
      <trkpt lat="31.04426999560891" lon="121.532699414391">
        <ele>6.584647012874484</ele>
        <time>1970-01-01T00:22:38Z</time>
        <extensions>
          <gpxtpx:TrackPointExtension>
            <gpxtpx:hr>166</gpxtpx:hr>
          </gpxtpx:TrackPointExtension>
        </extensions>
      </trkpt>
      <trkpt lat="31.04429259947787" lon="121.53271825658877">
        <ele>6.643043139018118</ele>
        <time>1970-01-01T00:22:39Z</time>
        <extensions>
          <gpxtpx:TrackPointExtension>
            <gpxtpx:hr>166</gpxtpx:hr>
          </gpxtpx:TrackPointExtension>
        </extensions>
      </trkpt>
      <trkpt lat="31.04431621845236" lon="121.53273532919567">
        <ele>6.6897650109604</ele>
        <time>1970-01-01T00:22:40Z</time>
        <extensions>
          <gpxtpx:TrackPointExtension>
            <gpxtpx:hr>166</gpxtpx:hr>
          </gpxtpx:TrackPointExtension>
        </extensions>
      </trkpt>
      <trkpt lat="31.044340869014853" lon="121.53274964135653">
        <ele>6.723583812825382</ele>
        <time>1970-01-01T00:22:41Z</time>
        <extensions>
          <gpxtpx:TrackPointExtension>
            <gpxtpx:hr>166</gpxtpx:hr>
          </gpxtpx:TrackPointExtension>
        </extensions>
      </trkpt>
      <trkpt lat="31.044367036793787" lon="121.53275985972662">
        <ele>6.744756177999079</ele>
        <time>1970-01-01T00:22:42Z</time>
        <extensions>
          <gpxtpx:TrackPointExtension>
            <gpxtpx:hr>166</gpxtpx:hr>
          </gpxtpx:TrackPointExtension>
        </extensions>
      </trkpt>
      <trkpt lat="31.044395130363537" lon="121.53276524983652">
        <ele>6.75544548407197</ele>
        <time>1970-01-01T00:22:43Z</time>
        <extensions>
          <gpxtpx:TrackPointExtension>
            <gpxtpx:hr>166</gpxtpx:hr>
          </gpxtpx:TrackPointExtension>
        </extensions>
      </trkpt>
      <trkpt lat="31.04442444140767" lon="121.53276594206243">
        <ele>6.758513880893588</ele>
        <time>1970-01-01T00:22:44Z</time>
        <extensions>
          <gpxtpx:TrackPointExtension>
            <gpxtpx:hr>166</gpxtpx:hr>
          </gpxtpx:TrackPointExtension>
        </extensions>
      </trkpt>
      <trkpt lat="31.04445345345352" lon="121.53276267948661">
        <ele>6.75672968570143</ele>
        <time>1970-01-01T00:22:45Z</time>
        <extensions>
          <gpxtpx:TrackPointExtension>
            <gpxtpx:hr>166</gpxtpx:hr>
          </gpxtpx:TrackPointExtension>
        </extensions>
      </trkpt>
      <trkpt lat="31.04448171269981" lon="121.53275578373886">
        <ele>6.752891588024795</ele>
        <time>1970-01-01T00:22:46Z</time>
        <extensions>
          <gpxtpx:TrackPointExtension>
            <gpxtpx:hr>166</gpxtpx:hr>
          </gpxtpx:TrackPointExtension>
        </extensions>
      </trkpt>
      <trkpt lat="31.044508842086284" lon="121.53274645507618">
        <ele>6.749541484750807</ele>
        <time>1970-01-01T00:22:47Z</time>
        <extensions>
          <gpxtpx:TrackPointExtension>
            <gpxtpx:hr>166</gpxtpx:hr>
          </gpxtpx:TrackPointExtension>
        </extensions>
      </trkpt>
      <trkpt lat="31.044534936187375" lon="121.5327355438694">
        <ele>6.7481651129201055</ele>
        <time>1970-01-01T00:22:48Z</time>
        <extensions>
          <gpxtpx:TrackPointExtension>
            <gpxtpx:hr>166</gpxtpx:hr>
          </gpxtpx:TrackPointExtension>
        </extensions>
      </trkpt>
      <trkpt lat="31.044560047957003" lon="121.53272336106896">
        <ele>6.749966220930219</ele>
        <time>1970-01-01T00:22:49Z</time>
        <extensions>
          <gpxtpx:TrackPointExtension>
            <gpxtpx:hr>166</gpxtpx:hr>
          </gpxtpx:TrackPointExtension>
        </extensions>
      </trkpt>
      <trkpt lat="31.044584272652713" lon="121.53271011193881">
        <ele>6.755304636433721</ele>
        <time>1970-01-01T00:22:50Z</time>
        <extensions>
          <gpxtpx:TrackPointExtension>
            <gpxtpx:hr>166</gpxtpx:hr>
          </gpxtpx:TrackPointExtension>
        </extensions>
      </trkpt>
      <trkpt lat="31.04460792079487" lon="121.53269585882234">
        <ele>6.763789468444884</ele>
        <time>1970-01-01T00:22:51Z</time>
        <extensions>
          <gpxtpx:TrackPointExtension>
            <gpxtpx:hr>166</gpxtpx:hr>
          </gpxtpx:TrackPointExtension>
        </extensions>
      </trkpt>
      <trkpt lat="31.044630926909516" lon="121.5326816657426">
        <ele>6.77448342461139</ele>
        <time>1970-01-01T00:22:52Z</time>
        <extensions>
          <gpxtpx:TrackPointExtension>
            <gpxtpx:hr>166</gpxtpx:hr>
          </gpxtpx:TrackPointExtension>
        </extensions>
      </trkpt>
      <trkpt lat="31.044653410011765" lon="121.53266816459575">
        <ele>6.78649140521884</ele>
        <time>1970-01-01T00:22:53Z</time>
        <extensions>
          <gpxtpx:TrackPointExtension>
            <gpxtpx:hr>166</gpxtpx:hr>
          </gpxtpx:TrackPointExtension>
        </extensions>
      </trkpt>
      <trkpt lat="31.044675653459603" lon="121.53265603048825">
        <ele>6.798351777717471</ele>
        <time>1970-01-01T00:22:54Z</time>
        <extensions>
          <gpxtpx:TrackPointExtension>
            <gpxtpx:hr>166</gpxtpx:hr>
          </gpxtpx:TrackPointExtension>
        </extensions>
      </trkpt>
      <trkpt lat="31.04469843979696" lon="121.53264507868073">
        <ele>6.808330379426479</ele>
        <time>1970-01-01T00:22:55Z</time>
        <extensions>
          <gpxtpx:TrackPointExtension>
            <gpxtpx:hr>166</gpxtpx:hr>
          </gpxtpx:TrackPointExtension>
        </extensions>
      </trkpt>
      <trkpt lat="31.04472203396473" lon="121.53263457812223">
        <ele>6.814756046049297</ele>
        <time>1970-01-01T00:22:56Z</time>
        <extensions>
          <gpxtpx:TrackPointExtension>
            <gpxtpx:hr>166</gpxtpx:hr>
          </gpxtpx:TrackPointExtension>
        </extensions>
      </trkpt>
      <trkpt lat="31.0447456570394" lon="121.5326242765441">
        <ele>6.81629188451916</ele>
        <time>1970-01-01T00:22:57Z</time>
        <extensions>
          <gpxtpx:TrackPointExtension>
            <gpxtpx:hr>165</gpxtpx:hr>
          </gpxtpx:TrackPointExtension>
        </extensions>
      </trkpt>
      <trkpt lat="31.044768561200517" lon="121.53261304918156">
        <ele>6.812074393033981</ele>
        <time>1970-01-01T00:22:58Z</time>
        <extensions>
          <gpxtpx:TrackPointExtension>
            <gpxtpx:hr>165</gpxtpx:hr>
          </gpxtpx:TrackPointExtension>
        </extensions>
      </trkpt>
      <trkpt lat="31.04479067360526" lon="121.53260013594884">
        <ele>6.801813271827996</ele>
        <time>1970-01-01T00:22:59Z</time>
        <extensions>
          <gpxtpx:TrackPointExtension>
            <gpxtpx:hr>165</gpxtpx:hr>
          </gpxtpx:TrackPointExtension>
        </extensions>
      </trkpt>
      <trkpt lat="31.044812638363638" lon="121.53258576032945">
        <ele>6.785758918151259</ele>
        <time>1970-01-01T00:23:00Z</time>
        <extensions>
          <gpxtpx:TrackPointExtension>
            <gpxtpx:hr>165</gpxtpx:hr>
          </gpxtpx:TrackPointExtension>
        </extensions>
      </trkpt>
      <trkpt lat="31.044834989034364" lon="121.5325704713464">
        <ele>6.7645830707624555</ele>
        <time>1970-01-01T00:23:01Z</time>
        <extensions>
          <gpxtpx:TrackPointExtension>
            <gpxtpx:hr>165</gpxtpx:hr>
          </gpxtpx:TrackPointExtension>
        </extensions>
      </trkpt>
      <trkpt lat="31.04485780557393" lon="121.53255513977068">
        <ele>6.739187649451196</ele>
        <time>1970-01-01T00:23:02Z</time>
        <extensions>
          <gpxtpx:TrackPointExtension>
            <gpxtpx:hr>165</gpxtpx:hr>
          </gpxtpx:TrackPointExtension>
        </extensions>
      </trkpt>
      <trkpt lat="31.044881205166718" lon="121.53254001806711">
        <ele>6.7105291755869985</ele>
        <time>1970-01-01T00:23:03Z</time>
        <extensions>
          <gpxtpx:TrackPointExtension>
            <gpxtpx:hr>165</gpxtpx:hr>
          </gpxtpx:TrackPointExtension>
        </extensions>
      </trkpt>
      <trkpt lat="31.044904757755738" lon="121.53252534989421">
        <ele>6.679453460499644</ele>
        <time>1970-01-01T00:23:04Z</time>
        <extensions>
          <gpxtpx:TrackPointExtension>
            <gpxtpx:hr>165</gpxtpx:hr>
          </gpxtpx:TrackPointExtension>
        </extensions>
      </trkpt>
      <trkpt lat="31.04492891668742" lon="121.53251061852191">
        <ele>6.646822459995747</ele>
        <time>1970-01-01T00:23:05Z</time>
        <extensions>
          <gpxtpx:TrackPointExtension>
            <gpxtpx:hr>165</gpxtpx:hr>
          </gpxtpx:TrackPointExtension>
        </extensions>
      </trkpt>
      <trkpt lat="31.044954416459923" lon="121.5324950508779">
        <ele>6.6136445216834545</ele>
        <time>1970-01-01T00:23:06Z</time>
        <extensions>
          <gpxtpx:TrackPointExtension>
            <gpxtpx:hr>165</gpxtpx:hr>
          </gpxtpx:TrackPointExtension>
        </extensions>
      </trkpt>
      <trkpt lat="31.04498005165512" lon="121.53247822638608">
        <ele>6.58081647567451</ele>
        <time>1970-01-01T00:23:07Z</time>
        <extensions>
          <gpxtpx:TrackPointExtension>
            <gpxtpx:hr>165</gpxtpx:hr>
          </gpxtpx:TrackPointExtension>
        </extensions>
      </trkpt>
      <trkpt lat="31.045004377472356" lon="121.53245984571583">
        <ele>6.549473154358566</ele>
        <time>1970-01-01T00:23:08Z</time>
        <extensions>
          <gpxtpx:TrackPointExtension>
            <gpxtpx:hr>165</gpxtpx:hr>
          </gpxtpx:TrackPointExtension>
        </extensions>
      </trkpt>
      <trkpt lat="31.04502673566055" lon="121.53244026638582">
        <ele>6.520727892406285</ele>
        <time>1970-01-01T00:23:09Z</time>
        <extensions>
          <gpxtpx:TrackPointExtension>
            <gpxtpx:hr>165</gpxtpx:hr>
          </gpxtpx:TrackPointExtension>
        </extensions>
      </trkpt>
      <trkpt lat="31.04504764906971" lon="121.53241944870246">
        <ele>6.495440364815295</ele>
        <time>1970-01-01T00:23:10Z</time>
        <extensions>
          <gpxtpx:TrackPointExtension>
            <gpxtpx:hr>165</gpxtpx:hr>
          </gpxtpx:TrackPointExtension>
        </extensions>
      </trkpt>
      <trkpt lat="31.04506769239932" lon="121.53239867887909">
        <ele>6.473915801383555</ele>
        <time>1970-01-01T00:23:11Z</time>
        <extensions>
          <gpxtpx:TrackPointExtension>
            <gpxtpx:hr>165</gpxtpx:hr>
          </gpxtpx:TrackPointExtension>
        </extensions>
      </trkpt>
      <trkpt lat="31.045086619464673" lon="121.53237933973445">
        <ele>6.456401604227722</ele>
        <time>1970-01-01T00:23:12Z</time>
        <extensions>
          <gpxtpx:TrackPointExtension>
            <gpxtpx:hr>165</gpxtpx:hr>
          </gpxtpx:TrackPointExtension>
        </extensions>
      </trkpt>
      <trkpt lat="31.045103261014095" lon="121.5323611157865">
        <ele>6.442991769872606</ele>
        <time>1970-01-01T00:23:13Z</time>
        <extensions>
          <gpxtpx:TrackPointExtension>
            <gpxtpx:hr>165</gpxtpx:hr>
          </gpxtpx:TrackPointExtension>
        </extensions>
      </trkpt>
      <trkpt lat="31.04511719660064" lon="121.53234237037256">
        <ele>6.4336277870461345</ele>
        <time>1970-01-01T00:23:14Z</time>
        <extensions>
          <gpxtpx:TrackPointExtension>
            <gpxtpx:hr>165</gpxtpx:hr>
          </gpxtpx:TrackPointExtension>
        </extensions>
      </trkpt>
      <trkpt lat="31.04512916445553" lon="121.53232105762002">
        <ele>6.428143452852964</ele>
        <time>1970-01-01T00:23:15Z</time>
        <extensions>
          <gpxtpx:TrackPointExtension>
            <gpxtpx:hr>165</gpxtpx:hr>
          </gpxtpx:TrackPointExtension>
        </extensions>
      </trkpt>
      <trkpt lat="31.04513940516909" lon="121.53229675264618">
        <ele>6.426478849723935</ele>
        <time>1970-01-01T00:23:16Z</time>
        <extensions>
          <gpxtpx:TrackPointExtension>
            <gpxtpx:hr>165</gpxtpx:hr>
          </gpxtpx:TrackPointExtension>
        </extensions>
      </trkpt>
      <trkpt lat="31.045147389617657" lon="121.53226930112338">
        <ele>6.428341553546488</ele>
        <time>1970-01-01T00:23:17Z</time>
        <extensions>
          <gpxtpx:TrackPointExtension>
            <gpxtpx:hr>165</gpxtpx:hr>
          </gpxtpx:TrackPointExtension>
        </extensions>
      </trkpt>
      <trkpt lat="31.045153030402375" lon="121.53223872740405">
        <ele>6.433207561261952</ele>
        <time>1970-01-01T00:23:18Z</time>
        <extensions>
          <gpxtpx:TrackPointExtension>
            <gpxtpx:hr>165</gpxtpx:hr>
          </gpxtpx:TrackPointExtension>
        </extensions>
      </trkpt>
      <trkpt lat="31.045156028005636" lon="121.53220671518214">
        <ele>6.440415955148637</ele>
        <time>1970-01-01T00:23:19Z</time>
        <extensions>
          <gpxtpx:TrackPointExtension>
            <gpxtpx:hr>165</gpxtpx:hr>
          </gpxtpx:TrackPointExtension>
        </extensions>
      </trkpt>
      <trkpt lat="31.04515507327197" lon="121.53217524455977">
        <ele>6.449287805706263</ele>
        <time>1970-01-01T00:23:20Z</time>
        <extensions>
          <gpxtpx:TrackPointExtension>
            <gpxtpx:hr>165</gpxtpx:hr>
          </gpxtpx:TrackPointExtension>
        </extensions>
      </trkpt>
      <trkpt lat="31.045150296754443" lon="121.53214501149455">
        <ele>6.458958653733134</ele>
        <time>1970-01-01T00:23:21Z</time>
        <extensions>
          <gpxtpx:TrackPointExtension>
            <gpxtpx:hr>165</gpxtpx:hr>
          </gpxtpx:TrackPointExtension>
        </extensions>
      </trkpt>
      <trkpt lat="31.045142054675047" lon="121.53211548097669">
        <ele>6.468779138289392</ele>
        <time>1970-01-01T00:23:22Z</time>
        <extensions>
          <gpxtpx:TrackPointExtension>
            <gpxtpx:hr>165</gpxtpx:hr>
          </gpxtpx:TrackPointExtension>
        </extensions>
      </trkpt>
      <trkpt lat="31.045130980331127" lon="121.5320863503151">
        <ele>6.478376912884414</ele>
        <time>1970-01-01T00:23:23Z</time>
        <extensions>
          <gpxtpx:TrackPointExtension>
            <gpxtpx:hr>165</gpxtpx:hr>
          </gpxtpx:TrackPointExtension>
        </extensions>
      </trkpt>
      <trkpt lat="31.045118370399013" lon="121.53205845325691">
        <ele>6.487583940848708</ele>
        <time>1970-01-01T00:23:24Z</time>
        <extensions>
          <gpxtpx:TrackPointExtension>
            <gpxtpx:hr>165</gpxtpx:hr>
          </gpxtpx:TrackPointExtension>
        </extensions>
      </trkpt>
      <trkpt lat="31.045104623849262" lon="121.53203181898755">
        <ele>6.496280973777175</ele>
        <time>1970-01-01T00:23:25Z</time>
        <extensions>
          <gpxtpx:TrackPointExtension>
            <gpxtpx:hr>165</gpxtpx:hr>
          </gpxtpx:TrackPointExtension>
        </extensions>
      </trkpt>
      <trkpt lat="31.04508968869329" lon="121.53200616894962">
        <ele>6.504399391822517</ele>
        <time>1970-01-01T00:23:26Z</time>
        <extensions>
          <gpxtpx:TrackPointExtension>
            <gpxtpx:hr>165</gpxtpx:hr>
          </gpxtpx:TrackPointExtension>
        </extensions>
      </trkpt>
      <trkpt lat="31.0450724621169" lon="121.5319815904672">
        <ele>6.511833081021905</ele>
        <time>1970-01-01T00:23:27Z</time>
        <extensions>
          <gpxtpx:TrackPointExtension>
            <gpxtpx:hr>165</gpxtpx:hr>
          </gpxtpx:TrackPointExtension>
        </extensions>
      </trkpt>
      <trkpt lat="31.04505265523256" lon="121.5319601165012">
        <ele>6.518353368155658</ele>
        <time>1970-01-01T00:23:28Z</time>
        <extensions>
          <gpxtpx:TrackPointExtension>
            <gpxtpx:hr>165</gpxtpx:hr>
          </gpxtpx:TrackPointExtension>
        </extensions>
      </trkpt>
      <trkpt lat="31.04503105443733" lon="121.53194307739376">
        <ele>6.523620676249266</ele>
        <time>1970-01-01T00:23:29Z</time>
        <extensions>
          <gpxtpx:TrackPointExtension>
            <gpxtpx:hr>165</gpxtpx:hr>
          </gpxtpx:TrackPointExtension>
        </extensions>
      </trkpt>
      <trkpt lat="31.045007921744222" lon="121.53192919719301">
        <ele>6.527370843105018</ele>
        <time>1970-01-01T00:23:30Z</time>
        <extensions>
          <gpxtpx:TrackPointExtension>
            <gpxtpx:hr>165</gpxtpx:hr>
          </gpxtpx:TrackPointExtension>
        </extensions>
      </trkpt>
      <trkpt lat="31.044984383751984" lon="121.53191745692048">
        <ele>6.5296137519180775</ele>
        <time>1970-01-01T00:23:31Z</time>
        <extensions>
          <gpxtpx:TrackPointExtension>
            <gpxtpx:hr>165</gpxtpx:hr>
          </gpxtpx:TrackPointExtension>
        </extensions>
      </trkpt>
      <trkpt lat="31.04496105997009" lon="121.53190758767343">
        <ele>6.530469831079245</ele>
        <time>1970-01-01T00:23:32Z</time>
        <extensions>
          <gpxtpx:TrackPointExtension>
            <gpxtpx:hr>165</gpxtpx:hr>
          </gpxtpx:TrackPointExtension>
        </extensions>
      </trkpt>
      <trkpt lat="31.044937000133334" lon="121.53189947009352">
        <ele>6.530081275850534</ele>
        <time>1970-01-01T00:23:33Z</time>
        <extensions>
          <gpxtpx:TrackPointExtension>
            <gpxtpx:hr>165</gpxtpx:hr>
          </gpxtpx:TrackPointExtension>
        </extensions>
      </trkpt>
      <trkpt lat="31.044911894876144" lon="121.53189365503128">
        <ele>6.52852987498045</ele>
        <time>1970-01-01T00:23:34Z</time>
        <extensions>
          <gpxtpx:TrackPointExtension>
            <gpxtpx:hr>164</gpxtpx:hr>
          </gpxtpx:TrackPointExtension>
        </extensions>
      </trkpt>
      <trkpt lat="31.044885992636654" lon="121.53189126587351">
        <ele>6.525883271358907</ele>
        <time>1970-01-01T00:23:35Z</time>
        <extensions>
          <gpxtpx:TrackPointExtension>
            <gpxtpx:hr>164</gpxtpx:hr>
          </gpxtpx:TrackPointExtension>
        </extensions>
      </trkpt>
      <trkpt lat="31.04486056804109" lon="121.53189312984524">
        <ele>6.5222536502406</ele>
        <time>1970-01-01T00:23:36Z</time>
        <extensions>
          <gpxtpx:TrackPointExtension>
            <gpxtpx:hr>164</gpxtpx:hr>
          </gpxtpx:TrackPointExtension>
        </extensions>
      </trkpt>
      <trkpt lat="31.044836145870256" lon="121.53189930183638">
        <ele>6.517757451161742</ele>
        <time>1970-01-01T00:23:37Z</time>
        <extensions>
          <gpxtpx:TrackPointExtension>
            <gpxtpx:hr>164</gpxtpx:hr>
          </gpxtpx:TrackPointExtension>
        </extensions>
      </trkpt>
      <trkpt lat="31.04481214031339" lon="121.5319093434613">
        <ele>6.512561471201479</ele>
        <time>1970-01-01T00:23:38Z</time>
        <extensions>
          <gpxtpx:TrackPointExtension>
            <gpxtpx:hr>164</gpxtpx:hr>
          </gpxtpx:TrackPointExtension>
        </extensions>
      </trkpt>
      <trkpt lat="31.044788307150768" lon="121.53192267460497">
        <ele>6.506996497511864</ele>
        <time>1970-01-01T00:23:39Z</time>
        <extensions>
          <gpxtpx:TrackPointExtension>
            <gpxtpx:hr>164</gpxtpx:hr>
          </gpxtpx:TrackPointExtension>
        </extensions>
      </trkpt>
      <trkpt lat="31.044763949799325" lon="121.53193848607278">
        <ele>6.5014143623411655</ele>
        <time>1970-01-01T00:23:40Z</time>
        <extensions>
          <gpxtpx:TrackPointExtension>
            <gpxtpx:hr>165</gpxtpx:hr>
          </gpxtpx:TrackPointExtension>
        </extensions>
      </trkpt>
      <trkpt lat="31.04473958874156" lon="121.53195511878853">
        <ele>6.496014477685094</ele>
        <time>1970-01-01T00:23:41Z</time>
        <extensions>
          <gpxtpx:TrackPointExtension>
            <gpxtpx:hr>165</gpxtpx:hr>
          </gpxtpx:TrackPointExtension>
        </extensions>
      </trkpt>
      <trkpt lat="31.044715694358413" lon="121.53197157817357">
        <ele>6.490904715843499</ele>
        <time>1970-01-01T00:23:42Z</time>
        <extensions>
          <gpxtpx:TrackPointExtension>
            <gpxtpx:hr>165</gpxtpx:hr>
          </gpxtpx:TrackPointExtension>
        </extensions>
      </trkpt>
      <trkpt lat="31.04469247690412" lon="121.53198775128712">
        <ele>6.486152318306267</ele>
        <time>1970-01-01T00:23:43Z</time>
        <extensions>
          <gpxtpx:TrackPointExtension>
            <gpxtpx:hr>165</gpxtpx:hr>
          </gpxtpx:TrackPointExtension>
        </extensions>
      </trkpt>
      <trkpt lat="31.04466963853438" lon="121.53200404515232">
        <ele>6.481719942763448</ele>
        <time>1970-01-01T00:23:44Z</time>
        <extensions>
          <gpxtpx:TrackPointExtension>
            <gpxtpx:hr>165</gpxtpx:hr>
          </gpxtpx:TrackPointExtension>
        </extensions>
      </trkpt>
      <trkpt lat="31.044646583046887" lon="121.53202143022848">
        <ele>6.47755316644907</ele>
        <time>1970-01-01T00:23:45Z</time>
        <extensions>
          <gpxtpx:TrackPointExtension>
            <gpxtpx:hr>165</gpxtpx:hr>
          </gpxtpx:TrackPointExtension>
        </extensions>
      </trkpt>
      <trkpt lat="31.044623830353608" lon="121.53203891754056">
        <ele>6.473523094318807</ele>
        <time>1970-01-01T00:23:46Z</time>
        <extensions>
          <gpxtpx:TrackPointExtension>
            <gpxtpx:hr>165</gpxtpx:hr>
          </gpxtpx:TrackPointExtension>
        </extensions>
      </trkpt>
      <trkpt lat="31.04460103863543" lon="121.53205512053285">
        <ele>6.469423885457218</ele>
        <time>1970-01-01T00:23:47Z</time>
        <extensions>
          <gpxtpx:TrackPointExtension>
            <gpxtpx:hr>165</gpxtpx:hr>
          </gpxtpx:TrackPointExtension>
        </extensions>
      </trkpt>
      <trkpt lat="31.044578308021173" lon="121.53206987727211">
        <ele>6.464994010515511</ele>
        <time>1970-01-01T00:23:48Z</time>
        <extensions>
          <gpxtpx:TrackPointExtension>
            <gpxtpx:hr>165</gpxtpx:hr>
          </gpxtpx:TrackPointExtension>
        </extensions>
      </trkpt>
      <trkpt lat="31.04455581517449" lon="121.5320839760611">
        <ele>6.459903238341212</ele>
        <time>1970-01-01T00:23:49Z</time>
        <extensions>
          <gpxtpx:TrackPointExtension>
            <gpxtpx:hr>165</gpxtpx:hr>
          </gpxtpx:TrackPointExtension>
        </extensions>
      </trkpt>
      <trkpt lat="31.044532948570765" lon="121.5320981701101">
        <ele>6.45379048679024</ele>
        <time>1970-01-01T00:23:50Z</time>
        <extensions>
          <gpxtpx:TrackPointExtension>
            <gpxtpx:hr>165</gpxtpx:hr>
          </gpxtpx:TrackPointExtension>
        </extensions>
      </trkpt>
      <trkpt lat="31.04451031781192" lon="121.53211189874553">
        <ele>6.446246946230531</ele>
        <time>1970-01-01T00:23:51Z</time>
        <extensions>
          <gpxtpx:TrackPointExtension>
            <gpxtpx:hr>165</gpxtpx:hr>
          </gpxtpx:TrackPointExtension>
        </extensions>
      </trkpt>
      <trkpt lat="31.044487962685825" lon="121.53212556124961">
        <ele>6.436861191876233</ele>
        <time>1970-01-01T00:23:52Z</time>
        <extensions>
          <gpxtpx:TrackPointExtension>
            <gpxtpx:hr>165</gpxtpx:hr>
          </gpxtpx:TrackPointExtension>
        </extensions>
      </trkpt>
      <trkpt lat="31.044465846882268" lon="121.53213977663108">
        <ele>6.425305249169469</ele>
        <time>1970-01-01T00:23:53Z</time>
        <extensions>
          <gpxtpx:TrackPointExtension>
            <gpxtpx:hr>165</gpxtpx:hr>
          </gpxtpx:TrackPointExtension>
        </extensions>
      </trkpt>
      <trkpt lat="31.044444475687474" lon="121.53215399972292">
        <ele>6.411659240722656</ele>
        <time>1970-01-01T00:23:54Z</time>
        <extensions>
          <gpxtpx:TrackPointExtension>
            <gpxtpx:hr>165</gpxtpx:hr>
          </gpxtpx:TrackPointExtension>
        </extensions>
      </trkpt>
      <trkpt lat="31.044423125581538" lon="121.53216815284212">
        <ele>6.396088922396302</ele>
        <time>1970-01-01T00:23:55Z</time>
        <extensions>
          <gpxtpx:TrackPointExtension>
            <gpxtpx:hr>165</gpxtpx:hr>
          </gpxtpx:TrackPointExtension>
        </extensions>
      </trkpt>
      <trkpt lat="31.044401769944137" lon="121.53218197343087">
        <ele>6.378868074156344</ele>
        <time>1970-01-01T00:23:56Z</time>
        <extensions>
          <gpxtpx:TrackPointExtension>
            <gpxtpx:hr>165</gpxtpx:hr>
          </gpxtpx:TrackPointExtension>
        </extensions>
      </trkpt>
      <trkpt lat="31.044380854842423" lon="121.53219537239391">
        <ele>6.360387553460896</ele>
        <time>1970-01-01T00:23:57Z</time>
        <extensions>
          <gpxtpx:TrackPointExtension>
            <gpxtpx:hr>165</gpxtpx:hr>
          </gpxtpx:TrackPointExtension>
        </extensions>
      </trkpt>
      <trkpt lat="31.044359950396064" lon="121.53220876228987">
        <ele>6.3410928919911385</ele>
        <time>1970-01-01T00:23:58Z</time>
        <extensions>
          <gpxtpx:TrackPointExtension>
            <gpxtpx:hr>165</gpxtpx:hr>
          </gpxtpx:TrackPointExtension>
        </extensions>
      </trkpt>
      <trkpt lat="31.044339079808452" lon="121.53222242475249">
        <ele>6.321228479035199</ele>
        <time>1970-01-01T00:23:59Z</time>
        <extensions>
          <gpxtpx:TrackPointExtension>
            <gpxtpx:hr>165</gpxtpx:hr>
          </gpxtpx:TrackPointExtension>
        </extensions>
      </trkpt>
      <trkpt lat="31.044318140976948" lon="121.53223675690423">
        <ele>6.301034662872553</ele>
        <time>1970-01-01T00:24:00Z</time>
        <extensions>
          <gpxtpx:TrackPointExtension>
            <gpxtpx:hr>165</gpxtpx:hr>
          </gpxtpx:TrackPointExtension>
        </extensions>
      </trkpt>
      <trkpt lat="31.044297322411037" lon="121.5322518177302">
        <ele>6.2808336187154055</ele>
        <time>1970-01-01T00:24:01Z</time>
        <extensions>
          <gpxtpx:TrackPointExtension>
            <gpxtpx:hr>165</gpxtpx:hr>
          </gpxtpx:TrackPointExtension>
        </extensions>
      </trkpt>
      <trkpt lat="31.044276941465505" lon="121.53226824217278">
        <ele>6.261101524345577</ele>
        <time>1970-01-01T00:24:02Z</time>
        <extensions>
          <gpxtpx:TrackPointExtension>
            <gpxtpx:hr>165</gpxtpx:hr>
          </gpxtpx:TrackPointExtension>
        </extensions>
      </trkpt>
      <trkpt lat="31.044257219079157" lon="121.53228684933684">
        <ele>6.242256984114647</ele>
        <time>1970-01-01T00:24:03Z</time>
        <extensions>
          <gpxtpx:TrackPointExtension>
            <gpxtpx:hr>165</gpxtpx:hr>
          </gpxtpx:TrackPointExtension>
        </extensions>
      </trkpt>
      <trkpt lat="31.044238875712946" lon="121.5323076205789">
        <ele>6.224765163846314</ele>
        <time>1970-01-01T00:24:04Z</time>
        <extensions>
          <gpxtpx:TrackPointExtension>
            <gpxtpx:hr>165</gpxtpx:hr>
          </gpxtpx:TrackPointExtension>
        </extensions>
      </trkpt>
      <trkpt lat="31.044222611406614" lon="121.53233048766353">
        <ele>6.209003685973585</ele>
        <time>1970-01-01T00:24:05Z</time>
        <extensions>
          <gpxtpx:TrackPointExtension>
            <gpxtpx:hr>165</gpxtpx:hr>
          </gpxtpx:TrackPointExtension>
        </extensions>
      </trkpt>
      <trkpt lat="31.04420907124814" lon="121.53235517557926">
        <ele>6.195246486924589</ele>
        <time>1970-01-01T00:24:06Z</time>
        <extensions>
          <gpxtpx:TrackPointExtension>
            <gpxtpx:hr>165</gpxtpx:hr>
          </gpxtpx:TrackPointExtension>
        </extensions>
      </trkpt>
      <trkpt lat="31.044198697476837" lon="121.5323811423542">
        <ele>6.1837562983855605</ele>
        <time>1970-01-01T00:24:07Z</time>
        <extensions>
          <gpxtpx:TrackPointExtension>
            <gpxtpx:hr>165</gpxtpx:hr>
          </gpxtpx:TrackPointExtension>
        </extensions>
      </trkpt>
      <trkpt lat="31.044190933338477" lon="121.53240775140402">
        <ele>6.174749844707549</ele>
        <time>1970-01-01T00:24:08Z</time>
        <extensions>
          <gpxtpx:TrackPointExtension>
            <gpxtpx:hr>165</gpxtpx:hr>
          </gpxtpx:TrackPointExtension>
        </extensions>
      </trkpt>
      <trkpt lat="31.0441848501875" lon="121.53243417824937">
        <ele>6.168168131262064</ele>
        <time>1970-01-01T00:24:09Z</time>
        <extensions>
          <gpxtpx:TrackPointExtension>
            <gpxtpx:hr>165</gpxtpx:hr>
          </gpxtpx:TrackPointExtension>
        </extensions>
      </trkpt>
      <trkpt lat="31.04418025595699" lon="121.53246062553285">
        <ele>6.163839264772832</ele>
        <time>1970-01-01T00:24:10Z</time>
        <extensions>
          <gpxtpx:TrackPointExtension>
            <gpxtpx:hr>165</gpxtpx:hr>
          </gpxtpx:TrackPointExtension>
        </extensions>
      </trkpt>
      <trkpt lat="31.044177267055826" lon="121.53248731435284">
        <ele>6.161644269712269</ele>
        <time>1970-01-01T00:24:11Z</time>
        <extensions>
          <gpxtpx:TrackPointExtension>
            <gpxtpx:hr>165</gpxtpx:hr>
          </gpxtpx:TrackPointExtension>
        </extensions>
      </trkpt>
      <trkpt lat="31.04417606101148" lon="121.53251445706847">
        <ele>6.161825549788773</ele>
        <time>1970-01-01T00:24:12Z</time>
        <extensions>
          <gpxtpx:TrackPointExtension>
            <gpxtpx:hr>165</gpxtpx:hr>
          </gpxtpx:TrackPointExtension>
        </extensions>
      </trkpt>
      <trkpt lat="31.04417726006782" lon="121.53254228218681">
        <ele>6.164516303688288</ele>
        <time>1970-01-01T00:24:13Z</time>
        <extensions>
          <gpxtpx:TrackPointExtension>
            <gpxtpx:hr>164</gpxtpx:hr>
          </gpxtpx:TrackPointExtension>
        </extensions>
      </trkpt>
      <trkpt lat="31.044181746910674" lon="121.53256983077041">
        <ele>6.169751798734069</ele>
        <time>1970-01-01T00:24:14Z</time>
        <extensions>
          <gpxtpx:TrackPointExtension>
            <gpxtpx:hr>164</gpxtpx:hr>
          </gpxtpx:TrackPointExtension>
        </extensions>
      </trkpt>
      <trkpt lat="31.04419052201801" lon="121.53259636487974">
        <ele>6.177476300857961</ele>
        <time>1970-01-01T00:24:15Z</time>
        <extensions>
          <gpxtpx:TrackPointExtension>
            <gpxtpx:hr>164</gpxtpx:hr>
          </gpxtpx:TrackPointExtension>
        </extensions>
      </trkpt>
      <trkpt lat="31.044203433361993" lon="121.53262152967602">
        <ele>6.187569284811616</ele>
        <time>1970-01-01T00:24:16Z</time>
        <extensions>
          <gpxtpx:TrackPointExtension>
            <gpxtpx:hr>164</gpxtpx:hr>
          </gpxtpx:TrackPointExtension>
        </extensions>
      </trkpt>
      <trkpt lat="31.044219388596687" lon="121.5326450155519">
        <ele>6.199925374239683</ele>
        <time>1970-01-01T00:24:17Z</time>
        <extensions>
          <gpxtpx:TrackPointExtension>
            <gpxtpx:hr>164</gpxtpx:hr>
          </gpxtpx:TrackPointExtension>
        </extensions>
      </trkpt>
      <trkpt lat="31.04423763309461" lon="121.53266676321115">
        <ele>6.214445969089866</ele>
        <time>1970-01-01T00:24:18Z</time>
        <extensions>
          <gpxtpx:TrackPointExtension>
            <gpxtpx:hr>164</gpxtpx:hr>
          </gpxtpx:TrackPointExtension>
        </extensions>
      </trkpt>
      <trkpt lat="31.04425721095019" lon="121.53268607701459">
        <ele>6.231377378106117</ele>
        <time>1970-01-01T00:24:19Z</time>
        <extensions>
          <gpxtpx:TrackPointExtension>
            <gpxtpx:hr>164</gpxtpx:hr>
          </gpxtpx:TrackPointExtension>
        </extensions>
      </trkpt>
      <trkpt lat="31.044278146998487" lon="121.53270244820088">
        <ele>6.251391453668475</ele>
        <time>1970-01-01T00:24:20Z</time>
        <extensions>
          <gpxtpx:TrackPointExtension>
            <gpxtpx:hr>164</gpxtpx:hr>
          </gpxtpx:TrackPointExtension>
        </extensions>
      </trkpt>
      <trkpt lat="31.04430088661333" lon="121.53271649285452">
        <ele>6.275193886831403</ele>
        <time>1970-01-01T00:24:21Z</time>
        <extensions>
          <gpxtpx:TrackPointExtension>
            <gpxtpx:hr>164</gpxtpx:hr>
          </gpxtpx:TrackPointExtension>
        </extensions>
      </trkpt>
      <trkpt lat="31.04432490580143" lon="121.53272880751304">
        <ele>6.3029485661536455</ele>
        <time>1970-01-01T00:24:22Z</time>
        <extensions>
          <gpxtpx:TrackPointExtension>
            <gpxtpx:hr>164</gpxtpx:hr>
          </gpxtpx:TrackPointExtension>
        </extensions>
      </trkpt>
      <trkpt lat="31.044349718454093" lon="121.53273930401365">
        <ele>6.334719152189791</ele>
        <time>1970-01-01T00:24:23Z</time>
        <extensions>
          <gpxtpx:TrackPointExtension>
            <gpxtpx:hr>164</gpxtpx:hr>
          </gpxtpx:TrackPointExtension>
        </extensions>
      </trkpt>
      <trkpt lat="31.044375079683796" lon="121.5327480335207">
        <ele>6.369957399554551</ele>
        <time>1970-01-01T00:24:24Z</time>
        <extensions>
          <gpxtpx:TrackPointExtension>
            <gpxtpx:hr>164</gpxtpx:hr>
          </gpxtpx:TrackPointExtension>
        </extensions>
      </trkpt>
      <trkpt lat="31.0444008721493" lon="121.53275486516678">
        <ele>6.407048661261797</ele>
        <time>1970-01-01T00:24:25Z</time>
        <extensions>
          <gpxtpx:TrackPointExtension>
            <gpxtpx:hr>164</gpxtpx:hr>
          </gpxtpx:TrackPointExtension>
        </extensions>
      </trkpt>
      <trkpt lat="31.044426737844294" lon="121.53275889193678">
        <ele>6.444358101114631</ele>
        <time>1970-01-01T00:24:26Z</time>
        <extensions>
          <gpxtpx:TrackPointExtension>
            <gpxtpx:hr>164</gpxtpx:hr>
          </gpxtpx:TrackPointExtension>
        </extensions>
      </trkpt>
      <trkpt lat="31.044451925606445" lon="121.53275966083997">
        <ele>6.480688039213419</ele>
        <time>1970-01-01T00:24:27Z</time>
        <extensions>
          <gpxtpx:TrackPointExtension>
            <gpxtpx:hr>163</gpxtpx:hr>
          </gpxtpx:TrackPointExtension>
        </extensions>
      </trkpt>
      <trkpt lat="31.044476835450464" lon="121.53275692464926">
        <ele>6.5148232243955135</ele>
        <time>1970-01-01T00:24:28Z</time>
        <extensions>
          <gpxtpx:TrackPointExtension>
            <gpxtpx:hr>163</gpxtpx:hr>
          </gpxtpx:TrackPointExtension>
        </extensions>
      </trkpt>
      <trkpt lat="31.044501872856443" lon="121.53275067892912">
        <ele>6.545526000671089</ele>
        <time>1970-01-01T00:24:29Z</time>
        <extensions>
          <gpxtpx:TrackPointExtension>
            <gpxtpx:hr>163</gpxtpx:hr>
          </gpxtpx:TrackPointExtension>
        </extensions>
      </trkpt>
      <trkpt lat="31.04452687095846" lon="121.53274153808697">
        <ele>6.5717972768470645</ele>
        <time>1970-01-01T00:24:30Z</time>
        <extensions>
          <gpxtpx:TrackPointExtension>
            <gpxtpx:hr>163</gpxtpx:hr>
          </gpxtpx:TrackPointExtension>
        </extensions>
      </trkpt>
      <trkpt lat="31.044551721621875" lon="121.53272992527414">
        <ele>6.59261220227927</ele>
        <time>1970-01-01T00:24:31Z</time>
        <extensions>
          <gpxtpx:TrackPointExtension>
            <gpxtpx:hr>163</gpxtpx:hr>
          </gpxtpx:TrackPointExtension>
        </extensions>
      </trkpt>
      <trkpt lat="31.04457575837602" lon="121.53271636593044">
        <ele>6.607132279314101</ele>
        <time>1970-01-01T00:24:32Z</time>
        <extensions>
          <gpxtpx:TrackPointExtension>
            <gpxtpx:hr>163</gpxtpx:hr>
          </gpxtpx:TrackPointExtension>
        </extensions>
      </trkpt>
      <trkpt lat="31.04459874055505" lon="121.53270096941665">
        <ele>6.614893002435565</ele>
        <time>1970-01-01T00:24:33Z</time>
        <extensions>
          <gpxtpx:TrackPointExtension>
            <gpxtpx:hr>163</gpxtpx:hr>
          </gpxtpx:TrackPointExtension>
        </extensions>
      </trkpt>
      <trkpt lat="31.04462069602688" lon="121.5326853430638">
        <ele>6.615959360264242</ele>
        <time>1970-01-01T00:24:34Z</time>
        <extensions>
          <gpxtpx:TrackPointExtension>
            <gpxtpx:hr>162</gpxtpx:hr>
          </gpxtpx:TrackPointExtension>
        </extensions>
      </trkpt>
      <trkpt lat="31.044641776174025" lon="121.53267104648674">
        <ele>6.611130002886057</ele>
        <time>1970-01-01T00:24:35Z</time>
        <extensions>
          <gpxtpx:TrackPointExtension>
            <gpxtpx:hr>162</gpxtpx:hr>
          </gpxtpx:TrackPointExtension>
        </extensions>
      </trkpt>
      <trkpt lat="31.044662422541343" lon="121.532657783423">
        <ele>6.601693001575768</ele>
        <time>1970-01-01T00:24:36Z</time>
        <extensions>
          <gpxtpx:TrackPointExtension>
            <gpxtpx:hr>162</gpxtpx:hr>
          </gpxtpx:TrackPointExtension>
        </extensions>
      </trkpt>
      <trkpt lat="31.044682615555587" lon="121.5326455602616">
        <ele>6.589060220867395</ele>
        <time>1970-01-01T00:24:37Z</time>
        <extensions>
          <gpxtpx:TrackPointExtension>
            <gpxtpx:hr>162</gpxtpx:hr>
          </gpxtpx:TrackPointExtension>
        </extensions>
      </trkpt>
      <trkpt lat="31.044702618409246" lon="121.53263322039454">
        <ele>6.574569450691342</ele>
        <time>1970-01-01T00:24:38Z</time>
        <extensions>
          <gpxtpx:TrackPointExtension>
            <gpxtpx:hr>162</gpxtpx:hr>
          </gpxtpx:TrackPointExtension>
        </extensions>
      </trkpt>
      <trkpt lat="31.044722884894917" lon="121.5326196753158">
        <ele>6.559439678676426</ele>
        <time>1970-01-01T00:24:39Z</time>
        <extensions>
          <gpxtpx:TrackPointExtension>
            <gpxtpx:hr>162</gpxtpx:hr>
          </gpxtpx:TrackPointExtension>
        </extensions>
      </trkpt>
      <trkpt lat="31.044743482245053" lon="121.53260533688321">
        <ele>6.545057444833219</ele>
        <time>1970-01-01T00:24:40Z</time>
        <extensions>
          <gpxtpx:TrackPointExtension>
            <gpxtpx:hr>162</gpxtpx:hr>
          </gpxtpx:TrackPointExtension>
        </extensions>
      </trkpt>
      <trkpt lat="31.044764168076455" lon="121.5325905768806">
        <ele>6.532512639649212</ele>
        <time>1970-01-01T00:24:41Z</time>
        <extensions>
          <gpxtpx:TrackPointExtension>
            <gpxtpx:hr>162</gpxtpx:hr>
          </gpxtpx:TrackPointExtension>
        </extensions>
      </trkpt>
      <trkpt lat="31.044785125207245" lon="121.53257579805977">
        <ele>6.522659436799586</ele>
        <time>1970-01-01T00:24:42Z</time>
        <extensions>
          <gpxtpx:TrackPointExtension>
            <gpxtpx:hr>161</gpxtpx:hr>
          </gpxtpx:TrackPointExtension>
        </extensions>
      </trkpt>
      <trkpt lat="31.044807298817673" lon="121.53256151839751">
        <ele>6.516155662946403</ele>
        <time>1970-01-01T00:24:43Z</time>
        <extensions>
          <gpxtpx:TrackPointExtension>
            <gpxtpx:hr>161</gpxtpx:hr>
          </gpxtpx:TrackPointExtension>
        </extensions>
      </trkpt>
      <trkpt lat="31.04483040172945" lon="121.53254798917058">
        <ele>6.513471416197717</ele>
        <time>1970-01-01T00:24:44Z</time>
        <extensions>
          <gpxtpx:TrackPointExtension>
            <gpxtpx:hr>161</gpxtpx:hr>
          </gpxtpx:TrackPointExtension>
        </extensions>
      </trkpt>
      <trkpt lat="31.044853469413308" lon="121.53253540511885">
        <ele>6.514535637572408</ele>
        <time>1970-01-01T00:24:45Z</time>
        <extensions>
          <gpxtpx:TrackPointExtension>
            <gpxtpx:hr>161</gpxtpx:hr>
          </gpxtpx:TrackPointExtension>
        </extensions>
      </trkpt>
      <trkpt lat="31.04487653751178" lon="121.53252417246169">
        <ele>6.519146925769746</ele>
        <time>1970-01-01T00:24:46Z</time>
        <extensions>
          <gpxtpx:TrackPointExtension>
            <gpxtpx:hr>161</gpxtpx:hr>
          </gpxtpx:TrackPointExtension>
        </extensions>
      </trkpt>
      <trkpt lat="31.04489985827917" lon="121.53251387998364">
        <ele>6.526959149166942</ele>
        <time>1970-01-01T00:24:47Z</time>
        <extensions>
          <gpxtpx:TrackPointExtension>
            <gpxtpx:hr>161</gpxtpx:hr>
          </gpxtpx:TrackPointExtension>
        </extensions>
      </trkpt>
      <trkpt lat="31.044923305377875" lon="121.53250308825429">
        <ele>6.53748626075685</ele>
        <time>1970-01-01T00:24:48Z</time>
        <extensions>
          <gpxtpx:TrackPointExtension>
            <gpxtpx:hr>161</gpxtpx:hr>
          </gpxtpx:TrackPointExtension>
        </extensions>
      </trkpt>
      <trkpt lat="31.04494616421758" lon="121.5324913392163">
        <ele>6.550186919979751</ele>
        <time>1970-01-01T00:24:49Z</time>
        <extensions>
          <gpxtpx:TrackPointExtension>
            <gpxtpx:hr>161</gpxtpx:hr>
          </gpxtpx:TrackPointExtension>
        </extensions>
      </trkpt>
      <trkpt lat="31.044967597479456" lon="121.53247853321798">
        <ele>6.564382554963231</ele>
        <time>1970-01-01T00:24:50Z</time>
        <extensions>
          <gpxtpx:TrackPointExtension>
            <gpxtpx:hr>161</gpxtpx:hr>
          </gpxtpx:TrackPointExtension>
        </extensions>
      </trkpt>
      <trkpt lat="31.044987650605428" lon="121.532464488566">
        <ele>6.579278603196144</ele>
        <time>1970-01-01T00:24:51Z</time>
        <extensions>
          <gpxtpx:TrackPointExtension>
            <gpxtpx:hr>161</gpxtpx:hr>
          </gpxtpx:TrackPointExtension>
        </extensions>
      </trkpt>
      <trkpt lat="31.04500779352081" lon="121.5324490534191">
        <ele>6.594023150391877</ele>
        <time>1970-01-01T00:24:52Z</time>
        <extensions>
          <gpxtpx:TrackPointExtension>
            <gpxtpx:hr>162</gpxtpx:hr>
          </gpxtpx:TrackPointExtension>
        </extensions>
      </trkpt>
      <trkpt lat="31.04502890694046" lon="121.53243262154946">
        <ele>6.607792563736439</ele>
        <time>1970-01-01T00:24:53Z</time>
        <extensions>
          <gpxtpx:TrackPointExtension>
            <gpxtpx:hr>162</gpxtpx:hr>
          </gpxtpx:TrackPointExtension>
        </extensions>
      </trkpt>
      <trkpt lat="31.04505003461525" lon="121.5324158673229">
        <ele>6.619823812507093</ele>
        <time>1970-01-01T00:24:54Z</time>
        <extensions>
          <gpxtpx:TrackPointExtension>
            <gpxtpx:hr>162</gpxtpx:hr>
          </gpxtpx:TrackPointExtension>
        </extensions>
      </trkpt>
      <trkpt lat="31.045070281992384" lon="121.53239850817627">
        <ele>6.62955077458173</ele>
        <time>1970-01-01T00:24:55Z</time>
        <extensions>
          <gpxtpx:TrackPointExtension>
            <gpxtpx:hr>162</gpxtpx:hr>
          </gpxtpx:TrackPointExtension>
        </extensions>
      </trkpt>
      <trkpt lat="31.045089028380062" lon="121.53238026360742">
        <ele>6.636616735719144</ele>
        <time>1970-01-01T00:24:56Z</time>
        <extensions>
          <gpxtpx:TrackPointExtension>
            <gpxtpx:hr>162</gpxtpx:hr>
          </gpxtpx:TrackPointExtension>
        </extensions>
      </trkpt>
      <trkpt lat="31.045106209465736" lon="121.53236110397475">
        <ele>6.640863365493715</ele>
        <time>1970-01-01T00:24:57Z</time>
        <extensions>
          <gpxtpx:TrackPointExtension>
            <gpxtpx:hr>162</gpxtpx:hr>
          </gpxtpx:TrackPointExtension>
        </extensions>
      </trkpt>
      <trkpt lat="31.045122184562167" lon="121.53234156239476">
        <ele>6.642507546581328</ele>
        <time>1970-01-01T00:24:58Z</time>
        <extensions>
          <gpxtpx:TrackPointExtension>
            <gpxtpx:hr>163</gpxtpx:hr>
          </gpxtpx:TrackPointExtension>
        </extensions>
      </trkpt>
      <trkpt lat="31.04513630598648" lon="121.53232098384889">
        <ele>6.6419468289241195</ele>
        <time>1970-01-01T00:24:59Z</time>
        <extensions>
          <gpxtpx:TrackPointExtension>
            <gpxtpx:hr>163</gpxtpx:hr>
          </gpxtpx:TrackPointExtension>
        </extensions>
      </trkpt>
      <trkpt lat="31.04514794978527" lon="121.53229802368121">
        <ele>6.639690357260406</ele>
        <time>1970-01-01T00:25:00Z</time>
        <extensions>
          <gpxtpx:TrackPointExtension>
            <gpxtpx:hr>163</gpxtpx:hr>
          </gpxtpx:TrackPointExtension>
        </extensions>
      </trkpt>
      <trkpt lat="31.045156599427287" lon="121.53227320911793">
        <ele>6.636369481682777</ele>
        <time>1970-01-01T00:25:01Z</time>
        <extensions>
          <gpxtpx:TrackPointExtension>
            <gpxtpx:hr>163</gpxtpx:hr>
          </gpxtpx:TrackPointExtension>
        </extensions>
      </trkpt>
      <trkpt lat="31.0451621165046" lon="121.53224666812861">
        <ele>6.632667734287679</ele>
        <time>1970-01-01T00:25:02Z</time>
        <extensions>
          <gpxtpx:TrackPointExtension>
            <gpxtpx:hr>162</gpxtpx:hr>
          </gpxtpx:TrackPointExtension>
        </extensions>
      </trkpt>
      <trkpt lat="31.04516563225195" lon="121.53221748232839">
        <ele>6.629219283349812</ele>
        <time>1970-01-01T00:25:03Z</time>
        <extensions>
          <gpxtpx:TrackPointExtension>
            <gpxtpx:hr>162</gpxtpx:hr>
          </gpxtpx:TrackPointExtension>
        </extensions>
      </trkpt>
      <trkpt lat="31.045166737251645" lon="121.5321858794636">
        <ele>6.626391615718603</ele>
        <time>1970-01-01T00:25:04Z</time>
        <extensions>
          <gpxtpx:TrackPointExtension>
            <gpxtpx:hr>162</gpxtpx:hr>
          </gpxtpx:TrackPointExtension>
        </extensions>
      </trkpt>
      <trkpt lat="31.04516400820541" lon="121.53215363890241">
        <ele>6.6245010029524565</ele>
        <time>1970-01-01T00:25:05Z</time>
        <extensions>
          <gpxtpx:TrackPointExtension>
            <gpxtpx:hr>162</gpxtpx:hr>
          </gpxtpx:TrackPointExtension>
        </extensions>
      </trkpt>
      <trkpt lat="31.045157273044968" lon="121.53212168958991">
        <ele>6.623777003958821</ele>
        <time>1970-01-01T00:25:06Z</time>
        <extensions>
          <gpxtpx:TrackPointExtension>
            <gpxtpx:hr>162</gpxtpx:hr>
          </gpxtpx:TrackPointExtension>
        </extensions>
      </trkpt>
      <trkpt lat="31.045146460167217" lon="121.532090004108">
        <ele>6.624340313486755</ele>
        <time>1970-01-01T00:25:07Z</time>
        <extensions>
          <gpxtpx:TrackPointExtension>
            <gpxtpx:hr>164</gpxtpx:hr>
          </gpxtpx:TrackPointExtension>
        </extensions>
      </trkpt>
      <trkpt lat="31.045132365920864" lon="121.53205946226787">
        <ele>6.626166737638414</ele>
        <time>1970-01-01T00:25:08Z</time>
        <extensions>
          <gpxtpx:TrackPointExtension>
            <gpxtpx:hr>164</gpxtpx:hr>
          </gpxtpx:TrackPointExtension>
        </extensions>
      </trkpt>
      <trkpt lat="31.045116156972316" lon="121.53203162732088">
        <ele>6.628880380652845</ele>
        <time>1970-01-01T00:25:09Z</time>
        <extensions>
          <gpxtpx:TrackPointExtension>
            <gpxtpx:hr>164</gpxtpx:hr>
          </gpxtpx:TrackPointExtension>
        </extensions>
      </trkpt>
      <trkpt lat="31.045098255708513" lon="121.53200801143088">
        <ele>6.632004548795521</ele>
        <time>1970-01-01T00:25:10Z</time>
        <extensions>
          <gpxtpx:TrackPointExtension>
            <gpxtpx:hr>164</gpxtpx:hr>
          </gpxtpx:TrackPointExtension>
        </extensions>
      </trkpt>
      <trkpt lat="31.045079750277733" lon="121.53198891238763">
        <ele>6.6349647883325815</ele>
        <time>1970-01-01T00:25:11Z</time>
        <extensions>
          <gpxtpx:TrackPointExtension>
            <gpxtpx:hr>164</gpxtpx:hr>
          </gpxtpx:TrackPointExtension>
        </extensions>
      </trkpt>
      <trkpt lat="31.04506051251612" lon="121.53197273361441">
        <ele>6.637132626026869</ele>
        <time>1970-01-01T00:25:12Z</time>
        <extensions>
          <gpxtpx:TrackPointExtension>
            <gpxtpx:hr>164</gpxtpx:hr>
          </gpxtpx:TrackPointExtension>
        </extensions>
      </trkpt>
      <trkpt lat="31.04503976957396" lon="121.5319580481774">
        <ele>6.6378930462524295</ele>
        <time>1970-01-01T00:25:13Z</time>
        <extensions>
          <gpxtpx:TrackPointExtension>
            <gpxtpx:hr>164</gpxtpx:hr>
          </gpxtpx:TrackPointExtension>
        </extensions>
      </trkpt>
      <trkpt lat="31.045017045677312" lon="121.53194419086532">
        <ele>6.636797733604908</ele>
        <time>1970-01-01T00:25:14Z</time>
        <extensions>
          <gpxtpx:TrackPointExtension>
            <gpxtpx:hr>164</gpxtpx:hr>
          </gpxtpx:TrackPointExtension>
        </extensions>
      </trkpt>
      <trkpt lat="31.044992236548957" lon="121.53193124046227">
        <ele>6.633496345952153</ele>
        <time>1970-01-01T00:25:15Z</time>
        <extensions>
          <gpxtpx:TrackPointExtension>
            <gpxtpx:hr>164</gpxtpx:hr>
          </gpxtpx:TrackPointExtension>
        </extensions>
      </trkpt>
      <trkpt lat="31.04496632690508" lon="121.53191984233625">
        <ele>6.6278846533969045</ele>
        <time>1970-01-01T00:25:16Z</time>
        <extensions>
          <gpxtpx:TrackPointExtension>
            <gpxtpx:hr>165</gpxtpx:hr>
          </gpxtpx:TrackPointExtension>
        </extensions>
      </trkpt>
      <trkpt lat="31.04493948755614" lon="121.53191091469239">
        <ele>6.620144164189696</ele>
        <time>1970-01-01T00:25:17Z</time>
        <extensions>
          <gpxtpx:TrackPointExtension>
            <gpxtpx:hr>165</gpxtpx:hr>
          </gpxtpx:TrackPointExtension>
        </extensions>
      </trkpt>
      <trkpt lat="31.04491170691762" lon="121.53190514622804">
        <ele>6.610549535602331</ele>
        <time>1970-01-01T00:25:18Z</time>
        <extensions>
          <gpxtpx:TrackPointExtension>
            <gpxtpx:hr>165</gpxtpx:hr>
          </gpxtpx:TrackPointExtension>
        </extensions>
      </trkpt>
      <trkpt lat="31.04488375693797" lon="121.53190242388472">
        <ele>6.599466376937926</ele>
        <time>1970-01-01T00:25:19Z</time>
        <extensions>
          <gpxtpx:TrackPointExtension>
            <gpxtpx:hr>165</gpxtpx:hr>
          </gpxtpx:TrackPointExtension>
        </extensions>
      </trkpt>
      <trkpt lat="31.044855261847776" lon="121.53190272410777">
        <ele>6.587374035269022</ele>
        <time>1970-01-01T00:25:20Z</time>
        <extensions>
          <gpxtpx:TrackPointExtension>
            <gpxtpx:hr>165</gpxtpx:hr>
          </gpxtpx:TrackPointExtension>
        </extensions>
      </trkpt>
      <trkpt lat="31.04482729482168" lon="121.53190498258978">
        <ele>6.574852325022221</ele>
        <time>1970-01-01T00:25:21Z</time>
        <extensions>
          <gpxtpx:TrackPointExtension>
            <gpxtpx:hr>165</gpxtpx:hr>
          </gpxtpx:TrackPointExtension>
        </extensions>
      </trkpt>
      <trkpt lat="31.04480121214614" lon="121.53190892691941">
        <ele>6.562551394104958</ele>
        <time>1970-01-01T00:25:22Z</time>
        <extensions>
          <gpxtpx:TrackPointExtension>
            <gpxtpx:hr>165</gpxtpx:hr>
          </gpxtpx:TrackPointExtension>
        </extensions>
      </trkpt>
      <trkpt lat="31.044775838672138" lon="121.53191655373898">
        <ele>6.551120216958225</ele>
        <time>1970-01-01T00:25:23Z</time>
        <extensions>
          <gpxtpx:TrackPointExtension>
            <gpxtpx:hr>165</gpxtpx:hr>
          </gpxtpx:TrackPointExtension>
        </extensions>
      </trkpt>
      <trkpt lat="31.04474999729737" lon="121.53192899801978">
        <ele>6.541189820505679</ele>
        <time>1970-01-01T00:25:24Z</time>
        <extensions>
          <gpxtpx:TrackPointExtension>
            <gpxtpx:hr>165</gpxtpx:hr>
          </gpxtpx:TrackPointExtension>
        </extensions>
      </trkpt>
      <trkpt lat="31.044723885176737" lon="121.5319456028052">
        <ele>6.533321904018521</ele>
        <time>1970-01-01T00:25:25Z</time>
        <extensions>
          <gpxtpx:TrackPointExtension>
            <gpxtpx:hr>165</gpxtpx:hr>
          </gpxtpx:TrackPointExtension>
        </extensions>
      </trkpt>
      <trkpt lat="31.0446976552325" lon="121.531964523815">
        <ele>6.527945869602263</ele>
        <time>1970-01-01T00:25:26Z</time>
        <extensions>
          <gpxtpx:TrackPointExtension>
            <gpxtpx:hr>165</gpxtpx:hr>
          </gpxtpx:TrackPointExtension>
        </extensions>
      </trkpt>
      <trkpt lat="31.044671727699654" lon="121.5319837179999">
        <ele>6.525320882909</ele>
        <time>1970-01-01T00:25:27Z</time>
        <extensions>
          <gpxtpx:TrackPointExtension>
            <gpxtpx:hr>165</gpxtpx:hr>
          </gpxtpx:TrackPointExtension>
        </extensions>
      </trkpt>
      <trkpt lat="31.044646710127648" lon="121.53200222684796">
        <ele>6.52552346047014</ele>
        <time>1970-01-01T00:25:28Z</time>
        <extensions>
          <gpxtpx:TrackPointExtension>
            <gpxtpx:hr>165</gpxtpx:hr>
          </gpxtpx:TrackPointExtension>
        </extensions>
      </trkpt>
      <trkpt lat="31.044622980548645" lon="121.53202016408578">
        <ele>6.528513003140688</ele>
        <time>1970-01-01T00:25:29Z</time>
        <extensions>
          <gpxtpx:TrackPointExtension>
            <gpxtpx:hr>165</gpxtpx:hr>
          </gpxtpx:TrackPointExtension>
        </extensions>
      </trkpt>
      <trkpt lat="31.044600076604866" lon="121.53203817950894">
        <ele>6.534091494046152</ele>
        <time>1970-01-01T00:25:30Z</time>
        <extensions>
          <gpxtpx:TrackPointExtension>
            <gpxtpx:hr>165</gpxtpx:hr>
          </gpxtpx:TrackPointExtension>
        </extensions>
      </trkpt>
      <trkpt lat="31.044576916689717" lon="121.53205590341847">
        <ele>6.541957481764257</ele>
        <time>1970-01-01T00:25:31Z</time>
        <extensions>
          <gpxtpx:TrackPointExtension>
            <gpxtpx:hr>165</gpxtpx:hr>
          </gpxtpx:TrackPointExtension>
        </extensions>
      </trkpt>
      <trkpt lat="31.044553378951957" lon="121.53207304738473">
        <ele>6.551763258874416</ele>
        <time>1970-01-01T00:25:32Z</time>
        <extensions>
          <gpxtpx:TrackPointExtension>
            <gpxtpx:hr>165</gpxtpx:hr>
          </gpxtpx:TrackPointExtension>
        </extensions>
      </trkpt>
      <trkpt lat="31.044529964924767" lon="121.53208956807161">
        <ele>6.56303284317255</ele>
        <time>1970-01-01T00:25:33Z</time>
        <extensions>
          <gpxtpx:TrackPointExtension>
            <gpxtpx:hr>165</gpxtpx:hr>
          </gpxtpx:TrackPointExtension>
        </extensions>
      </trkpt>
      <trkpt lat="31.04450665183404" lon="121.53210563908567">
        <ele>6.575275208801031</ele>
        <time>1970-01-01T00:25:34Z</time>
        <extensions>
          <gpxtpx:TrackPointExtension>
            <gpxtpx:hr>165</gpxtpx:hr>
          </gpxtpx:TrackPointExtension>
        </extensions>
      </trkpt>
      <trkpt lat="31.044483144880186" lon="121.53212089375803">
        <ele>6.587695169262588</ele>
        <time>1970-01-01T00:25:35Z</time>
        <extensions>
          <gpxtpx:TrackPointExtension>
            <gpxtpx:hr>165</gpxtpx:hr>
          </gpxtpx:TrackPointExtension>
        </extensions>
      </trkpt>
      <trkpt lat="31.044459412798503" lon="121.53213561957617">
        <ele>6.59922843053937</ele>
        <time>1970-01-01T00:25:36Z</time>
        <extensions>
          <gpxtpx:TrackPointExtension>
            <gpxtpx:hr>165</gpxtpx:hr>
          </gpxtpx:TrackPointExtension>
        </extensions>
      </trkpt>
      <trkpt lat="31.044435456523928" lon="121.53215062203299">
        <ele>6.60884905140847</ele>
        <time>1970-01-01T00:25:37Z</time>
        <extensions>
          <gpxtpx:TrackPointExtension>
            <gpxtpx:hr>165</gpxtpx:hr>
          </gpxtpx:TrackPointExtension>
        </extensions>
      </trkpt>
      <trkpt lat="31.044411307675063" lon="121.5321659959368">
        <ele>6.6153167970478535</ele>
        <time>1970-01-01T00:25:38Z</time>
        <extensions>
          <gpxtpx:TrackPointExtension>
            <gpxtpx:hr>165</gpxtpx:hr>
          </gpxtpx:TrackPointExtension>
        </extensions>
      </trkpt>
      <trkpt lat="31.044387185882258" lon="121.53218216803013">
        <ele>6.6172392116859555</ele>
        <time>1970-01-01T00:25:39Z</time>
        <extensions>
          <gpxtpx:TrackPointExtension>
            <gpxtpx:hr>165</gpxtpx:hr>
          </gpxtpx:TrackPointExtension>
        </extensions>
      </trkpt>
      <trkpt lat="31.044363159708695" lon="121.5321983972322">
        <ele>6.613314009271562</ele>
        <time>1970-01-01T00:25:40Z</time>
        <extensions>
          <gpxtpx:TrackPointExtension>
            <gpxtpx:hr>165</gpxtpx:hr>
          </gpxtpx:TrackPointExtension>
        </extensions>
      </trkpt>
      <trkpt lat="31.044338807529726" lon="121.53221472735002">
        <ele>6.602607974782586</ele>
        <time>1970-01-01T00:25:41Z</time>
        <extensions>
          <gpxtpx:TrackPointExtension>
            <gpxtpx:hr>164</gpxtpx:hr>
          </gpxtpx:TrackPointExtension>
        </extensions>
      </trkpt>
      <trkpt lat="31.044314249605215" lon="121.53223201937786">
        <ele>6.584398983977735</ele>
        <time>1970-01-01T00:25:42Z</time>
        <extensions>
          <gpxtpx:TrackPointExtension>
            <gpxtpx:hr>164</gpxtpx:hr>
          </gpxtpx:TrackPointExtension>
        </extensions>
      </trkpt>
      <trkpt lat="31.04429024704851" lon="121.53225095524644">
        <ele>6.558113727718592</ele>
        <time>1970-01-01T00:25:43Z</time>
        <extensions>
          <gpxtpx:TrackPointExtension>
            <gpxtpx:hr>164</gpxtpx:hr>
          </gpxtpx:TrackPointExtension>
        </extensions>
      </trkpt>
      <trkpt lat="31.04426721804007" lon="121.53227138263782">
        <ele>6.523853663355112</ele>
        <time>1970-01-01T00:25:44Z</time>
        <extensions>
          <gpxtpx:TrackPointExtension>
            <gpxtpx:hr>164</gpxtpx:hr>
          </gpxtpx:TrackPointExtension>
        </extensions>
      </trkpt>
      <trkpt lat="31.04424562153303" lon="121.53229272582284">
        <ele>6.482147960923612</ele>
        <time>1970-01-01T00:25:45Z</time>
        <extensions>
          <gpxtpx:TrackPointExtension>
            <gpxtpx:hr>164</gpxtpx:hr>
          </gpxtpx:TrackPointExtension>
        </extensions>
      </trkpt>
      <trkpt lat="31.044226934936965" lon="121.53231518164738">
        <ele>6.433814857155085</ele>
        <time>1970-01-01T00:25:46Z</time>
        <extensions>
          <gpxtpx:TrackPointExtension>
            <gpxtpx:hr>164</gpxtpx:hr>
          </gpxtpx:TrackPointExtension>
        </extensions>
      </trkpt>
      <trkpt lat="31.044211583847925" lon="121.53233910082989">
        <ele>6.381007461808622</ele>
        <time>1970-01-01T00:25:47Z</time>
        <extensions>
          <gpxtpx:TrackPointExtension>
            <gpxtpx:hr>165</gpxtpx:hr>
          </gpxtpx:TrackPointExtension>
        </extensions>
      </trkpt>
      <trkpt lat="31.04419892805121" lon="121.53236490732458">
        <ele>6.326086828485131</ele>
        <time>1970-01-01T00:25:48Z</time>
        <extensions>
          <gpxtpx:TrackPointExtension>
            <gpxtpx:hr>165</gpxtpx:hr>
          </gpxtpx:TrackPointExtension>
        </extensions>
      </trkpt>
      <trkpt lat="31.044188106114248" lon="121.53239275473605">
        <ele>6.27176804933697</ele>
        <time>1970-01-01T00:25:49Z</time>
        <extensions>
          <gpxtpx:TrackPointExtension>
            <gpxtpx:hr>165</gpxtpx:hr>
          </gpxtpx:TrackPointExtension>
        </extensions>
      </trkpt>
      <trkpt lat="31.044179240335573" lon="121.53242210604678">
        <ele>6.22103984747082</ele>
        <time>1970-01-01T00:25:50Z</time>
        <extensions>
          <gpxtpx:TrackPointExtension>
            <gpxtpx:hr>165</gpxtpx:hr>
          </gpxtpx:TrackPointExtension>
        </extensions>
      </trkpt>
      <trkpt lat="31.044173870308708" lon="121.53245191351638">
        <ele>6.176855118013918</ele>
        <time>1970-01-01T00:25:51Z</time>
        <extensions>
          <gpxtpx:TrackPointExtension>
            <gpxtpx:hr>165</gpxtpx:hr>
          </gpxtpx:TrackPointExtension>
        </extensions>
      </trkpt>
      <trkpt lat="31.044173127146692" lon="121.53248162005825">
        <ele>6.141865599900484</ele>
        <time>1970-01-01T00:25:52Z</time>
        <extensions>
          <gpxtpx:TrackPointExtension>
            <gpxtpx:hr>165</gpxtpx:hr>
          </gpxtpx:TrackPointExtension>
        </extensions>
      </trkpt>
      <trkpt lat="31.044177078319233" lon="121.53251072063935">
        <ele>6.11841537989676</ele>
        <time>1970-01-01T00:25:53Z</time>
        <extensions>
          <gpxtpx:TrackPointExtension>
            <gpxtpx:hr>165</gpxtpx:hr>
          </gpxtpx:TrackPointExtension>
        </extensions>
      </trkpt>
      <trkpt lat="31.044184884484658" lon="121.53253861559362">
        <ele>6.108174799010158</ele>
        <time>1970-01-01T00:25:54Z</time>
        <extensions>
          <gpxtpx:TrackPointExtension>
            <gpxtpx:hr>165</gpxtpx:hr>
          </gpxtpx:TrackPointExtension>
        </extensions>
      </trkpt>
      <trkpt lat="31.044195425263936" lon="121.53256564681097">
        <ele>6.111847556196153</ele>
        <time>1970-01-01T00:25:55Z</time>
        <extensions>
          <gpxtpx:TrackPointExtension>
            <gpxtpx:hr>165</gpxtpx:hr>
          </gpxtpx:TrackPointExtension>
        </extensions>
      </trkpt>
      <trkpt lat="31.044207365701173" lon="121.53259219952683">
        <ele>6.1295724529773</ele>
        <time>1970-01-01T00:25:56Z</time>
        <extensions>
          <gpxtpx:TrackPointExtension>
            <gpxtpx:hr>166</gpxtpx:hr>
          </gpxtpx:TrackPointExtension>
        </extensions>
      </trkpt>
      <trkpt lat="31.0442202100157" lon="121.53261793845263">
        <ele>6.160157468169928</ele>
        <time>1970-01-01T00:25:57Z</time>
        <extensions>
          <gpxtpx:TrackPointExtension>
            <gpxtpx:hr>166</gpxtpx:hr>
          </gpxtpx:TrackPointExtension>
        </extensions>
      </trkpt>
      <trkpt lat="31.044234384196006" lon="121.53264266659525">
        <ele>6.201657369732857</ele>
        <time>1970-01-01T00:25:58Z</time>
        <extensions>
          <gpxtpx:TrackPointExtension>
            <gpxtpx:hr>166</gpxtpx:hr>
          </gpxtpx:TrackPointExtension>
        </extensions>
      </trkpt>
      <trkpt lat="31.04425047706266" lon="121.53266617193107">
        <ele>6.251892030239105</ele>
        <time>1970-01-01T00:25:59Z</time>
        <extensions>
          <gpxtpx:TrackPointExtension>
            <gpxtpx:hr>166</gpxtpx:hr>
          </gpxtpx:TrackPointExtension>
        </extensions>
      </trkpt>
      <trkpt lat="31.044268841910906" lon="121.53268789436812">
        <ele>6.309087392874062</ele>
        <time>1970-01-01T00:26:00Z</time>
        <extensions>
          <gpxtpx:TrackPointExtension>
            <gpxtpx:hr>166</gpxtpx:hr>
          </gpxtpx:TrackPointExtension>
        </extensions>
      </trkpt>
      <trkpt lat="31.044289148678843" lon="121.53270695623895">
        <ele>6.371233379468322</ele>
        <time>1970-01-01T00:26:01Z</time>
        <extensions>
          <gpxtpx:TrackPointExtension>
            <gpxtpx:hr>166</gpxtpx:hr>
          </gpxtpx:TrackPointExtension>
        </extensions>
      </trkpt>
      <trkpt lat="31.04431115767868" lon="121.53272231410195">
        <ele>6.43615192733705</ele>
        <time>1970-01-01T00:26:02Z</time>
        <extensions>
          <gpxtpx:TrackPointExtension>
            <gpxtpx:hr>166</gpxtpx:hr>
          </gpxtpx:TrackPointExtension>
        </extensions>
      </trkpt>
      <trkpt lat="31.044334307029832" lon="121.53273403156841">
        <ele>6.501789298839867</ele>
        <time>1970-01-01T00:26:03Z</time>
        <extensions>
          <gpxtpx:TrackPointExtension>
            <gpxtpx:hr>166</gpxtpx:hr>
          </gpxtpx:TrackPointExtension>
        </extensions>
      </trkpt>
      <trkpt lat="31.04435868329235" lon="121.53274287841228">
        <ele>6.566258958540857</ele>
        <time>1970-01-01T00:26:04Z</time>
        <extensions>
          <gpxtpx:TrackPointExtension>
            <gpxtpx:hr>166</gpxtpx:hr>
          </gpxtpx:TrackPointExtension>
        </extensions>
      </trkpt>
      <trkpt lat="31.04438467426404" lon="121.53274895458816">
        <ele>6.627252374775708</ele>
        <time>1970-01-01T00:26:05Z</time>
        <extensions>
          <gpxtpx:TrackPointExtension>
            <gpxtpx:hr>166</gpxtpx:hr>
          </gpxtpx:TrackPointExtension>
        </extensions>
      </trkpt>
      <trkpt lat="31.044411849018168" lon="121.53275245939709">
        <ele>6.683037814684212</ele>
        <time>1970-01-01T00:26:06Z</time>
        <extensions>
          <gpxtpx:TrackPointExtension>
            <gpxtpx:hr>166</gpxtpx:hr>
          </gpxtpx:TrackPointExtension>
        </extensions>
      </trkpt>
      <trkpt lat="31.04443950020112" lon="121.53275301455261">
        <ele>6.732423424720764</ele>
        <time>1970-01-01T00:26:07Z</time>
        <extensions>
          <gpxtpx:TrackPointExtension>
            <gpxtpx:hr>166</gpxtpx:hr>
          </gpxtpx:TrackPointExtension>
        </extensions>
      </trkpt>
      <trkpt lat="31.044466952777785" lon="121.53274994490725">
        <ele>6.774660155177116</ele>
        <time>1970-01-01T00:26:08Z</time>
        <extensions>
          <gpxtpx:TrackPointExtension>
            <gpxtpx:hr>166</gpxtpx:hr>
          </gpxtpx:TrackPointExtension>
        </extensions>
      </trkpt>
      <trkpt lat="31.044494296221973" lon="121.53274305289962">
        <ele>6.809268211945891</ele>
        <time>1970-01-01T00:26:09Z</time>
        <extensions>
          <gpxtpx:TrackPointExtension>
            <gpxtpx:hr>166</gpxtpx:hr>
          </gpxtpx:TrackPointExtension>
        </extensions>
      </trkpt>
      <trkpt lat="31.044521460041164" lon="121.53273331015161">
        <ele>6.83611814212054</ele>
        <time>1970-01-01T00:26:10Z</time>
        <extensions>
          <gpxtpx:TrackPointExtension>
            <gpxtpx:hr>166</gpxtpx:hr>
          </gpxtpx:TrackPointExtension>
        </extensions>
      </trkpt>
      <trkpt lat="31.044547739835725" lon="121.5327216838909">
        <ele>6.855003150179982</ele>
        <time>1970-01-01T00:26:11Z</time>
        <extensions>
          <gpxtpx:TrackPointExtension>
            <gpxtpx:hr>166</gpxtpx:hr>
          </gpxtpx:TrackPointExtension>
        </extensions>
      </trkpt>
      <trkpt lat="31.044572591542813" lon="121.53270840705677">
        <ele>6.865949328057468</ele>
        <time>1970-01-01T00:26:12Z</time>
        <extensions>
          <gpxtpx:TrackPointExtension>
            <gpxtpx:hr>166</gpxtpx:hr>
          </gpxtpx:TrackPointExtension>
        </extensions>
      </trkpt>
      <trkpt lat="31.04459632706789" lon="121.53269446269292">
        <ele>6.8693029107525945</ele>
        <time>1970-01-01T00:26:13Z</time>
        <extensions>
          <gpxtpx:TrackPointExtension>
            <gpxtpx:hr>166</gpxtpx:hr>
          </gpxtpx:TrackPointExtension>
        </extensions>
      </trkpt>
      <trkpt lat="31.044619550604548" lon="121.53267967892624">
        <ele>6.865618127398193</ele>
        <time>1970-01-01T00:26:14Z</time>
        <extensions>
          <gpxtpx:TrackPointExtension>
            <gpxtpx:hr>166</gpxtpx:hr>
          </gpxtpx:TrackPointExtension>
        </extensions>
      </trkpt>
      <trkpt lat="31.044642361155315" lon="121.53266467950463">
        <ele>6.85575932636857</ele>
        <time>1970-01-01T00:26:15Z</time>
        <extensions>
          <gpxtpx:TrackPointExtension>
            <gpxtpx:hr>166</gpxtpx:hr>
          </gpxtpx:TrackPointExtension>
        </extensions>
      </trkpt>
      <trkpt lat="31.044664690213658" lon="121.53265066899642">
        <ele>6.8409348744899035</ele>
        <time>1970-01-01T00:26:16Z</time>
        <extensions>
          <gpxtpx:TrackPointExtension>
            <gpxtpx:hr>166</gpxtpx:hr>
          </gpxtpx:TrackPointExtension>
        </extensions>
      </trkpt>
      <trkpt lat="31.044686663772794" lon="121.53263788231756">
        <ele>6.822379811666906</ele>
        <time>1970-01-01T00:26:17Z</time>
        <extensions>
          <gpxtpx:TrackPointExtension>
            <gpxtpx:hr>166</gpxtpx:hr>
          </gpxtpx:TrackPointExtension>
        </extensions>
      </trkpt>
      <trkpt lat="31.044708717282862" lon="121.53262616761602">
        <ele>6.801137568429112</ele>
        <time>1970-01-01T00:26:18Z</time>
        <extensions>
          <gpxtpx:TrackPointExtension>
            <gpxtpx:hr>166</gpxtpx:hr>
          </gpxtpx:TrackPointExtension>
        </extensions>
      </trkpt>
      <trkpt lat="31.044731210553987" lon="121.53261464821489">
        <ele>6.778235551901162</ele>
        <time>1970-01-01T00:26:19Z</time>
        <extensions>
          <gpxtpx:TrackPointExtension>
            <gpxtpx:hr>166</gpxtpx:hr>
          </gpxtpx:TrackPointExtension>
        </extensions>
      </trkpt>
      <trkpt lat="31.04475451233022" lon="121.53260331367188">
        <ele>6.754945460706949</ele>
        <time>1970-01-01T00:26:20Z</time>
        <extensions>
          <gpxtpx:TrackPointExtension>
            <gpxtpx:hr>166</gpxtpx:hr>
          </gpxtpx:TrackPointExtension>
        </extensions>
      </trkpt>
      <trkpt lat="31.044778501848807" lon="121.53259223882415">
        <ele>6.732330947183073</ele>
        <time>1970-01-01T00:26:21Z</time>
        <extensions>
          <gpxtpx:TrackPointExtension>
            <gpxtpx:hr>166</gpxtpx:hr>
          </gpxtpx:TrackPointExtension>
        </extensions>
      </trkpt>
      <trkpt lat="31.044802430882267" lon="121.53258116116406">
        <ele>6.711156383156776</ele>
        <time>1970-01-01T00:26:22Z</time>
        <extensions>
          <gpxtpx:TrackPointExtension>
            <gpxtpx:hr>166</gpxtpx:hr>
          </gpxtpx:TrackPointExtension>
        </extensions>
      </trkpt>
      <trkpt lat="31.044826168040004" lon="121.53256991076304">
        <ele>6.691874184645712</ele>
        <time>1970-01-01T00:26:23Z</time>
        <extensions>
          <gpxtpx:TrackPointExtension>
            <gpxtpx:hr>166</gpxtpx:hr>
          </gpxtpx:TrackPointExtension>
        </extensions>
      </trkpt>
      <trkpt lat="31.0448498305018" lon="121.5325580421726">
        <ele>6.674682162702084</ele>
        <time>1970-01-01T00:26:24Z</time>
        <extensions>
          <gpxtpx:TrackPointExtension>
            <gpxtpx:hr>166</gpxtpx:hr>
          </gpxtpx:TrackPointExtension>
        </extensions>
      </trkpt>
      <trkpt lat="31.044873208832815" lon="121.53254548977137">
        <ele>6.6595005970448256</ele>
        <time>1970-01-01T00:26:25Z</time>
        <extensions>
          <gpxtpx:TrackPointExtension>
            <gpxtpx:hr>166</gpxtpx:hr>
          </gpxtpx:TrackPointExtension>
        </extensions>
      </trkpt>
      <trkpt lat="31.04489616794823" lon="121.53253166851447">
        <ele>6.645868095569313</ele>
        <time>1970-01-01T00:26:26Z</time>
        <extensions>
          <gpxtpx:TrackPointExtension>
            <gpxtpx:hr>166</gpxtpx:hr>
          </gpxtpx:TrackPointExtension>
        </extensions>
      </trkpt>
      <trkpt lat="31.044918669182618" lon="121.5325151779286">
        <ele>6.6333321472629905</ele>
        <time>1970-01-01T00:26:27Z</time>
        <extensions>
          <gpxtpx:TrackPointExtension>
            <gpxtpx:hr>165</gpxtpx:hr>
          </gpxtpx:TrackPointExtension>
        </extensions>
      </trkpt>
      <trkpt lat="31.044940557656627" lon="121.53249618235616">
        <ele>6.6216144086793065</ele>
        <time>1970-01-01T00:26:28Z</time>
        <extensions>
          <gpxtpx:TrackPointExtension>
            <gpxtpx:hr>165</gpxtpx:hr>
          </gpxtpx:TrackPointExtension>
        </extensions>
      </trkpt>
      <trkpt lat="31.044961847050462" lon="121.53247626352409">
        <ele>6.6107068015262485</ele>
        <time>1970-01-01T00:26:29Z</time>
        <extensions>
          <gpxtpx:TrackPointExtension>
            <gpxtpx:hr>165</gpxtpx:hr>
          </gpxtpx:TrackPointExtension>
        </extensions>
      </trkpt>
      <trkpt lat="31.04498251325827" lon="121.53245654963767">
        <ele>6.600578676909208</ele>
        <time>1970-01-01T00:26:30Z</time>
        <extensions>
          <gpxtpx:TrackPointExtension>
            <gpxtpx:hr>165</gpxtpx:hr>
          </gpxtpx:TrackPointExtension>
        </extensions>
      </trkpt>
      <trkpt lat="31.04500266614634" lon="121.53243717182397">
        <ele>6.591383397579193</ele>
        <time>1970-01-01T00:26:31Z</time>
        <extensions>
          <gpxtpx:TrackPointExtension>
            <gpxtpx:hr>165</gpxtpx:hr>
          </gpxtpx:TrackPointExtension>
        </extensions>
      </trkpt>
      <trkpt lat="31.04502321421576" lon="121.53241865207373">
        <ele>6.583366365171969</ele>
        <time>1970-01-01T00:26:32Z</time>
        <extensions>
          <gpxtpx:TrackPointExtension>
            <gpxtpx:hr>164</gpxtpx:hr>
          </gpxtpx:TrackPointExtension>
        </extensions>
      </trkpt>
      <trkpt lat="31.045044328991207" lon="121.53240131516267">
        <ele>6.576756915077567</ele>
        <time>1970-01-01T00:26:33Z</time>
        <extensions>
          <gpxtpx:TrackPointExtension>
            <gpxtpx:hr>164</gpxtpx:hr>
          </gpxtpx:TrackPointExtension>
        </extensions>
      </trkpt>
      <trkpt lat="31.045064662916783" lon="121.53238533792602">
        <ele>6.571887015365064</ele>
        <time>1970-01-01T00:26:34Z</time>
        <extensions>
          <gpxtpx:TrackPointExtension>
            <gpxtpx:hr>164</gpxtpx:hr>
          </gpxtpx:TrackPointExtension>
        </extensions>
      </trkpt>
      <trkpt lat="31.04508357321857" lon="121.5323701275661">
        <ele>6.5691718608140945</ele>
        <time>1970-01-01T00:26:35Z</time>
        <extensions>
          <gpxtpx:TrackPointExtension>
            <gpxtpx:hr>164</gpxtpx:hr>
          </gpxtpx:TrackPointExtension>
        </extensions>
      </trkpt>
      <trkpt lat="31.045100934640825" lon="121.53235423480417">
        <ele>6.569037702865899</ele>
        <time>1970-01-01T00:26:36Z</time>
        <extensions>
          <gpxtpx:TrackPointExtension>
            <gpxtpx:hr>164</gpxtpx:hr>
          </gpxtpx:TrackPointExtension>
        </extensions>
      </trkpt>
      <trkpt lat="31.045116660626373" lon="121.5323364265924">
        <ele>6.571794516406953</ele>
        <time>1970-01-01T00:26:37Z</time>
        <extensions>
          <gpxtpx:TrackPointExtension>
            <gpxtpx:hr>164</gpxtpx:hr>
          </gpxtpx:TrackPointExtension>
        </extensions>
      </trkpt>
      <trkpt lat="31.045130563601933" lon="121.53231530027087">
        <ele>6.577778585255146</ele>
        <time>1970-01-01T00:26:38Z</time>
        <extensions>
          <gpxtpx:TrackPointExtension>
            <gpxtpx:hr>164</gpxtpx:hr>
          </gpxtpx:TrackPointExtension>
        </extensions>
      </trkpt>
      <trkpt lat="31.045142016873214" lon="121.53229135546349">
        <ele>6.587193020619452</ele>
        <time>1970-01-01T00:26:39Z</time>
        <extensions>
          <gpxtpx:TrackPointExtension>
            <gpxtpx:hr>164</gpxtpx:hr>
          </gpxtpx:TrackPointExtension>
        </extensions>
      </trkpt>
      <trkpt lat="31.04515080760553" lon="121.53226519377485">
        <ele>6.6000781040638685</ele>
        <time>1970-01-01T00:26:40Z</time>
        <extensions>
          <gpxtpx:TrackPointExtension>
            <gpxtpx:hr>164</gpxtpx:hr>
          </gpxtpx:TrackPointExtension>
        </extensions>
      </trkpt>
      <trkpt lat="31.045156746051543" lon="121.53223676528242">
        <ele>6.616236969828606</ele>
        <time>1970-01-01T00:26:41Z</time>
        <extensions>
          <gpxtpx:TrackPointExtension>
            <gpxtpx:hr>164</gpxtpx:hr>
          </gpxtpx:TrackPointExtension>
        </extensions>
      </trkpt>
      <trkpt lat="31.045159055812814" lon="121.5322065480473">
        <ele>6.635057428851724</ele>
        <time>1970-01-01T00:26:42Z</time>
        <extensions>
          <gpxtpx:TrackPointExtension>
            <gpxtpx:hr>164</gpxtpx:hr>
          </gpxtpx:TrackPointExtension>
        </extensions>
      </trkpt>
      <trkpt lat="31.04515724246516" lon="121.53217565265498">
        <ele>6.655769815668464</ele>
        <time>1970-01-01T00:26:43Z</time>
        <extensions>
          <gpxtpx:TrackPointExtension>
            <gpxtpx:hr>164</gpxtpx:hr>
          </gpxtpx:TrackPointExtension>
        </extensions>
      </trkpt>
      <trkpt lat="31.045152153632642" lon="121.53214556171156">
        <ele>6.677438958548009</ele>
        <time>1970-01-01T00:26:44Z</time>
        <extensions>
          <gpxtpx:TrackPointExtension>
            <gpxtpx:hr>164</gpxtpx:hr>
          </gpxtpx:TrackPointExtension>
        </extensions>
      </trkpt>
      <trkpt lat="31.04514397177615" lon="121.53211697077116">
        <ele>6.699053828604519</ele>
        <time>1970-01-01T00:26:45Z</time>
        <extensions>
          <gpxtpx:TrackPointExtension>
            <gpxtpx:hr>164</gpxtpx:hr>
          </gpxtpx:TrackPointExtension>
        </extensions>
      </trkpt>
      <trkpt lat="31.045132170743397" lon="121.53208984725654">
        <ele>6.719614745117724</ele>
        <time>1970-01-01T00:26:46Z</time>
        <extensions>
          <gpxtpx:TrackPointExtension>
            <gpxtpx:hr>164</gpxtpx:hr>
          </gpxtpx:TrackPointExtension>
        </extensions>
      </trkpt>
      <trkpt lat="31.045116559380244" lon="121.53206432982043">
        <ele>6.738142538815737</ele>
        <time>1970-01-01T00:26:47Z</time>
        <extensions>
          <gpxtpx:TrackPointExtension>
            <gpxtpx:hr>164</gpxtpx:hr>
          </gpxtpx:TrackPointExtension>
        </extensions>
      </trkpt>
      <trkpt lat="31.045098043154532" lon="121.53204116151129">
        <ele>6.753798195160925</ele>
        <time>1970-01-01T00:26:48Z</time>
        <extensions>
          <gpxtpx:TrackPointExtension>
            <gpxtpx:hr>164</gpxtpx:hr>
          </gpxtpx:TrackPointExtension>
        </extensions>
      </trkpt>
      <trkpt lat="31.045078106463286" lon="121.53202009491764">
        <ele>6.7657794607803226</ele>
        <time>1970-01-01T00:26:49Z</time>
        <extensions>
          <gpxtpx:TrackPointExtension>
            <gpxtpx:hr>164</gpxtpx:hr>
          </gpxtpx:TrackPointExtension>
        </extensions>
      </trkpt>
      <trkpt lat="31.04505736998614" lon="121.53200034769013">
        <ele>6.773353082127869</ele>
        <time>1970-01-01T00:26:50Z</time>
        <extensions>
          <gpxtpx:TrackPointExtension>
            <gpxtpx:hr>164</gpxtpx:hr>
          </gpxtpx:TrackPointExtension>
        </extensions>
      </trkpt>
      <trkpt lat="31.045036122753626" lon="121.53198188214002">
        <ele>6.77596452832222</ele>
        <time>1970-01-01T00:26:51Z</time>
        <extensions>
          <gpxtpx:TrackPointExtension>
            <gpxtpx:hr>164</gpxtpx:hr>
          </gpxtpx:TrackPointExtension>
        </extensions>
      </trkpt>
      <trkpt lat="31.04501399114697" lon="121.53196497339864">
        <ele>6.773507222533226</ele>
        <time>1970-01-01T00:26:52Z</time>
        <extensions>
          <gpxtpx:TrackPointExtension>
            <gpxtpx:hr>164</gpxtpx:hr>
          </gpxtpx:TrackPointExtension>
        </extensions>
      </trkpt>
      <trkpt lat="31.044991030815027" lon="121.5319500898263">
        <ele>6.766034426167607</ele>
        <time>1970-01-01T00:26:53Z</time>
        <extensions>
          <gpxtpx:TrackPointExtension>
            <gpxtpx:hr>164</gpxtpx:hr>
          </gpxtpx:TrackPointExtension>
        </extensions>
      </trkpt>
      <trkpt lat="31.044967899807972" lon="121.53193804545202">
        <ele>6.7539653945714235</ele>
        <time>1970-01-01T00:26:54Z</time>
        <extensions>
          <gpxtpx:TrackPointExtension>
            <gpxtpx:hr>164</gpxtpx:hr>
          </gpxtpx:TrackPointExtension>
        </extensions>
      </trkpt>
      <trkpt lat="31.044944518468252" lon="121.53192902987746">
        <ele>6.738087312318385</ele>
        <time>1970-01-01T00:26:55Z</time>
        <extensions>
          <gpxtpx:TrackPointExtension>
            <gpxtpx:hr>164</gpxtpx:hr>
          </gpxtpx:TrackPointExtension>
        </extensions>
      </trkpt>
      <trkpt lat="31.044920681706138" lon="121.53192285769153">
        <ele>6.719272625632584</ele>
        <time>1970-01-01T00:26:56Z</time>
        <extensions>
          <gpxtpx:TrackPointExtension>
            <gpxtpx:hr>164</gpxtpx:hr>
          </gpxtpx:TrackPointExtension>
        </extensions>
      </trkpt>
      <trkpt lat="31.04489605642414" lon="121.53191949069691">
        <ele>6.698209151625633</ele>
        <time>1970-01-01T00:26:57Z</time>
        <extensions>
          <gpxtpx:TrackPointExtension>
            <gpxtpx:hr>164</gpxtpx:hr>
          </gpxtpx:TrackPointExtension>
        </extensions>
      </trkpt>
      <trkpt lat="31.044870824297895" lon="121.53191879668049">
        <ele>6.675641217269003</ele>
        <time>1970-01-01T00:26:58Z</time>
        <extensions>
          <gpxtpx:TrackPointExtension>
            <gpxtpx:hr>164</gpxtpx:hr>
          </gpxtpx:TrackPointExtension>
        </extensions>
      </trkpt>
      <trkpt lat="31.044845289131384" lon="121.53192149403708">
        <ele>6.652376567944884</ele>
        <time>1970-01-01T00:26:59Z</time>
        <extensions>
          <gpxtpx:TrackPointExtension>
            <gpxtpx:hr>164</gpxtpx:hr>
          </gpxtpx:TrackPointExtension>
        </extensions>
      </trkpt>
      <trkpt lat="31.044820247636114" lon="121.53192764448964">
        <ele>6.629264773800969</ele>
        <time>1970-01-01T00:27:00Z</time>
        <extensions>
          <gpxtpx:TrackPointExtension>
            <gpxtpx:hr>164</gpxtpx:hr>
          </gpxtpx:TrackPointExtension>
        </extensions>
      </trkpt>
      <trkpt lat="31.0447960698832" lon="121.53193551339338">
        <ele>6.607110285200179</ele>
        <time>1970-01-01T00:27:01Z</time>
        <extensions>
          <gpxtpx:TrackPointExtension>
            <gpxtpx:hr>165</gpxtpx:hr>
          </gpxtpx:TrackPointExtension>
        </extensions>
      </trkpt>
      <trkpt lat="31.0447722990852" lon="121.53194406434694">
        <ele>6.586399471387267</ele>
        <time>1970-01-01T00:27:02Z</time>
        <extensions>
          <gpxtpx:TrackPointExtension>
            <gpxtpx:hr>165</gpxtpx:hr>
          </gpxtpx:TrackPointExtension>
        </extensions>
      </trkpt>
      <trkpt lat="31.044749373057602" lon="121.5319532399784">
        <ele>6.567396780475974</ele>
        <time>1970-01-01T00:27:03Z</time>
        <extensions>
          <gpxtpx:TrackPointExtension>
            <gpxtpx:hr>165</gpxtpx:hr>
          </gpxtpx:TrackPointExtension>
        </extensions>
      </trkpt>
      <trkpt lat="31.044727522993597" lon="121.53196409250292">
        <ele>6.550161635503173</ele>
        <time>1970-01-01T00:27:04Z</time>
        <extensions>
          <gpxtpx:TrackPointExtension>
            <gpxtpx:hr>165</gpxtpx:hr>
          </gpxtpx:TrackPointExtension>
        </extensions>
      </trkpt>
      <trkpt lat="31.04470642991102" lon="121.53197748276608">
        <ele>6.534563989378512</ele>
        <time>1970-01-01T00:27:05Z</time>
        <extensions>
          <gpxtpx:TrackPointExtension>
            <gpxtpx:hr>165</gpxtpx:hr>
          </gpxtpx:TrackPointExtension>
        </extensions>
      </trkpt>
      <trkpt lat="31.044685217404457" lon="121.53199282329464">
        <ele>6.520286310464144</ele>
        <time>1970-01-01T00:27:06Z</time>
        <extensions>
          <gpxtpx:TrackPointExtension>
            <gpxtpx:hr>165</gpxtpx:hr>
          </gpxtpx:TrackPointExtension>
        </extensions>
      </trkpt>
      <trkpt lat="31.04466310367775" lon="121.53200921332595">
        <ele>6.506929554976523</ele>
        <time>1970-01-01T00:27:07Z</time>
        <extensions>
          <gpxtpx:TrackPointExtension>
            <gpxtpx:hr>165</gpxtpx:hr>
          </gpxtpx:TrackPointExtension>
        </extensions>
      </trkpt>
      <trkpt lat="31.044640125081344" lon="121.53202489447528">
        <ele>6.494084202684462</ele>
        <time>1970-01-01T00:27:08Z</time>
        <extensions>
          <gpxtpx:TrackPointExtension>
            <gpxtpx:hr>164</gpxtpx:hr>
          </gpxtpx:TrackPointExtension>
        </extensions>
      </trkpt>
      <trkpt lat="31.04461665654442" lon="121.53203910928774">
        <ele>6.481352547183633</ele>
        <time>1970-01-01T00:27:09Z</time>
        <extensions>
          <gpxtpx:TrackPointExtension>
            <gpxtpx:hr>164</gpxtpx:hr>
          </gpxtpx:TrackPointExtension>
        </extensions>
      </trkpt>
      <trkpt lat="31.044593294160013" lon="121.53205169311056">
        <ele>6.468321558088064</ele>
        <time>1970-01-01T00:27:10Z</time>
        <extensions>
          <gpxtpx:TrackPointExtension>
            <gpxtpx:hr>164</gpxtpx:hr>
          </gpxtpx:TrackPointExtension>
        </extensions>
      </trkpt>
      <trkpt lat="31.04457024545706" lon="121.53206306316335">
        <ele>6.454639410600066</ele>
        <time>1970-01-01T00:27:11Z</time>
        <extensions>
          <gpxtpx:TrackPointExtension>
            <gpxtpx:hr>164</gpxtpx:hr>
          </gpxtpx:TrackPointExtension>
        </extensions>
      </trkpt>
      <trkpt lat="31.04454724183054" lon="121.53207438948426">
        <ele>6.440256421454251</ele>
        <time>1970-01-01T00:27:12Z</time>
        <extensions>
          <gpxtpx:TrackPointExtension>
            <gpxtpx:hr>164</gpxtpx:hr>
          </gpxtpx:TrackPointExtension>
        </extensions>
      </trkpt>
      <trkpt lat="31.044524601148538" lon="121.53208577932315">
        <ele>6.425347467884421</ele>
        <time>1970-01-01T00:27:13Z</time>
        <extensions>
          <gpxtpx:TrackPointExtension>
            <gpxtpx:hr>165</gpxtpx:hr>
          </gpxtpx:TrackPointExtension>
        </extensions>
      </trkpt>
      <trkpt lat="31.044502317400376" lon="121.53209822398374">
        <ele>6.410151808522642</ele>
        <time>1970-01-01T00:27:14Z</time>
        <extensions>
          <gpxtpx:TrackPointExtension>
            <gpxtpx:hr>165</gpxtpx:hr>
          </gpxtpx:TrackPointExtension>
        </extensions>
      </trkpt>
      <trkpt lat="31.044480279854607" lon="121.53211293248084">
        <ele>6.394722395576537</ele>
        <time>1970-01-01T00:27:15Z</time>
        <extensions>
          <gpxtpx:TrackPointExtension>
            <gpxtpx:hr>165</gpxtpx:hr>
          </gpxtpx:TrackPointExtension>
        </extensions>
      </trkpt>
      <trkpt lat="31.044458431572913" lon="121.53213021437944">
        <ele>6.379165206104517</ele>
        <time>1970-01-01T00:27:16Z</time>
        <extensions>
          <gpxtpx:TrackPointExtension>
            <gpxtpx:hr>165</gpxtpx:hr>
          </gpxtpx:TrackPointExtension>
        </extensions>
      </trkpt>
      <trkpt lat="31.044436623638113" lon="121.53214913752647">
        <ele>6.363664677366614</ele>
        <time>1970-01-01T00:27:17Z</time>
        <extensions>
          <gpxtpx:TrackPointExtension>
            <gpxtpx:hr>164</gpxtpx:hr>
          </gpxtpx:TrackPointExtension>
        </extensions>
      </trkpt>
      <trkpt lat="31.044414701050183" lon="121.53216836501174">
        <ele>6.348460630513728</ele>
        <time>1970-01-01T00:27:18Z</time>
        <extensions>
          <gpxtpx:TrackPointExtension>
            <gpxtpx:hr>164</gpxtpx:hr>
          </gpxtpx:TrackPointExtension>
        </extensions>
      </trkpt>
      <trkpt lat="31.044392022218513" lon="121.5321872778272">
        <ele>6.333779287524521</ele>
        <time>1970-01-01T00:27:19Z</time>
        <extensions>
          <gpxtpx:TrackPointExtension>
            <gpxtpx:hr>164</gpxtpx:hr>
          </gpxtpx:TrackPointExtension>
        </extensions>
      </trkpt>
      <trkpt lat="31.04436921570872" lon="121.53220473510076">
        <ele>6.319858739152551</ele>
        <time>1970-01-01T00:27:20Z</time>
        <extensions>
          <gpxtpx:TrackPointExtension>
            <gpxtpx:hr>164</gpxtpx:hr>
          </gpxtpx:TrackPointExtension>
        </extensions>
      </trkpt>
      <trkpt lat="31.04434680862074" lon="121.53222039443399">
        <ele>6.306897185742855</ele>
        <time>1970-01-01T00:27:21Z</time>
        <extensions>
          <gpxtpx:TrackPointExtension>
            <gpxtpx:hr>164</gpxtpx:hr>
          </gpxtpx:TrackPointExtension>
        </extensions>
      </trkpt>
      <trkpt lat="31.044324738004654" lon="121.53223518003593">
        <ele>6.295001636259258</ele>
        <time>1970-01-01T00:27:22Z</time>
        <extensions>
          <gpxtpx:TrackPointExtension>
            <gpxtpx:hr>164</gpxtpx:hr>
          </gpxtpx:TrackPointExtension>
        </extensions>
      </trkpt>
      <trkpt lat="31.04430292937321" lon="121.53225033854639">
        <ele>6.2841607285663486</ele>
        <time>1970-01-01T00:27:23Z</time>
        <extensions>
          <gpxtpx:TrackPointExtension>
            <gpxtpx:hr>164</gpxtpx:hr>
          </gpxtpx:TrackPointExtension>
        </extensions>
      </trkpt>
      <trkpt lat="31.044281465661552" lon="121.53226749662355">
        <ele>6.274296118877828</ele>
        <time>1970-01-01T00:27:24Z</time>
        <extensions>
          <gpxtpx:TrackPointExtension>
            <gpxtpx:hr>164</gpxtpx:hr>
          </gpxtpx:TrackPointExtension>
        </extensions>
      </trkpt>
      <trkpt lat="31.044261438396894" lon="121.53228701536868">
        <ele>6.265403472818434</ele>
        <time>1970-01-01T00:27:25Z</time>
        <extensions>
          <gpxtpx:TrackPointExtension>
            <gpxtpx:hr>164</gpxtpx:hr>
          </gpxtpx:TrackPointExtension>
        </extensions>
      </trkpt>
      <trkpt lat="31.04424366354973" lon="121.53230863753045">
        <ele>6.25750220939517</ele>
        <time>1970-01-01T00:27:26Z</time>
        <extensions>
          <gpxtpx:TrackPointExtension>
            <gpxtpx:hr>164</gpxtpx:hr>
          </gpxtpx:TrackPointExtension>
        </extensions>
      </trkpt>
      <trkpt lat="31.044228249656356" lon="121.53233167585134">
        <ele>6.25065260566771</ele>
        <time>1970-01-01T00:27:27Z</time>
        <extensions>
          <gpxtpx:TrackPointExtension>
            <gpxtpx:hr>165</gpxtpx:hr>
          </gpxtpx:TrackPointExtension>
        </extensions>
      </trkpt>
      <trkpt lat="31.044214854123314" lon="121.53235621537279">
        <ele>6.2449684562161565</ele>
        <time>1970-01-01T00:27:28Z</time>
        <extensions>
          <gpxtpx:TrackPointExtension>
            <gpxtpx:hr>165</gpxtpx:hr>
          </gpxtpx:TrackPointExtension>
        </extensions>
      </trkpt>
      <trkpt lat="31.044203209728618" lon="121.53238270825938">
        <ele>6.240544487722218</ele>
        <time>1970-01-01T00:27:29Z</time>
        <extensions>
          <gpxtpx:TrackPointExtension>
            <gpxtpx:hr>165</gpxtpx:hr>
          </gpxtpx:TrackPointExtension>
        </extensions>
      </trkpt>
      <trkpt lat="31.044193665278943" lon="121.53241006208049">
        <ele>6.237530404701829</ele>
        <time>1970-01-01T00:27:30Z</time>
        <extensions>
          <gpxtpx:TrackPointExtension>
            <gpxtpx:hr>165</gpxtpx:hr>
          </gpxtpx:TrackPointExtension>
        </extensions>
      </trkpt>
      <trkpt lat="31.044186954643873" lon="121.53243801887704">
        <ele>6.236083135008812</ele>
        <time>1970-01-01T00:27:31Z</time>
        <extensions>
          <gpxtpx:TrackPointExtension>
            <gpxtpx:hr>165</gpxtpx:hr>
          </gpxtpx:TrackPointExtension>
        </extensions>
      </trkpt>
      <trkpt lat="31.044183349081628" lon="121.53246638786634">
        <ele>6.236371602863073</ele>
        <time>1970-01-01T00:27:32Z</time>
        <extensions>
          <gpxtpx:TrackPointExtension>
            <gpxtpx:hr>165</gpxtpx:hr>
          </gpxtpx:TrackPointExtension>
        </extensions>
      </trkpt>
      <trkpt lat="31.044182576106767" lon="121.5324946056846">
        <ele>6.238619354553521</ele>
        <time>1970-01-01T00:27:33Z</time>
        <extensions>
          <gpxtpx:TrackPointExtension>
            <gpxtpx:hr>165</gpxtpx:hr>
          </gpxtpx:TrackPointExtension>
        </extensions>
      </trkpt>
      <trkpt lat="31.04418445964977" lon="121.53252266009382">
        <ele>6.2430420918390155</ele>
        <time>1970-01-01T00:27:34Z</time>
        <extensions>
          <gpxtpx:TrackPointExtension>
            <gpxtpx:hr>165</gpxtpx:hr>
          </gpxtpx:TrackPointExtension>
        </extensions>
      </trkpt>
      <trkpt lat="31.04418898847971" lon="121.53255018918793">
        <ele>6.2498045936226845</ele>
        <time>1970-01-01T00:27:35Z</time>
        <extensions>
          <gpxtpx:TrackPointExtension>
            <gpxtpx:hr>165</gpxtpx:hr>
          </gpxtpx:TrackPointExtension>
        </extensions>
      </trkpt>
      <trkpt lat="31.04419668591543" lon="121.53257698193168">
        <ele>6.259019272401929</ele>
        <time>1970-01-01T00:27:36Z</time>
        <extensions>
          <gpxtpx:TrackPointExtension>
            <gpxtpx:hr>165</gpxtpx:hr>
          </gpxtpx:TrackPointExtension>
        </extensions>
      </trkpt>
      <trkpt lat="31.044207931139297" lon="121.53260287555058">
        <ele>6.270766150206327</ele>
        <time>1970-01-01T00:27:37Z</time>
        <extensions>
          <gpxtpx:TrackPointExtension>
            <gpxtpx:hr>165</gpxtpx:hr>
          </gpxtpx:TrackPointExtension>
        </extensions>
      </trkpt>
      <trkpt lat="31.04422246082899" lon="121.53262812564563">
        <ele>6.285187523812056</ele>
        <time>1970-01-01T00:27:38Z</time>
        <extensions>
          <gpxtpx:TrackPointExtension>
            <gpxtpx:hr>165</gpxtpx:hr>
          </gpxtpx:TrackPointExtension>
        </extensions>
      </trkpt>
      <trkpt lat="31.044239575594517" lon="121.53265258468467">
        <ele>6.302359776571393</ele>
        <time>1970-01-01T00:27:39Z</time>
        <extensions>
          <gpxtpx:TrackPointExtension>
            <gpxtpx:hr>165</gpxtpx:hr>
          </gpxtpx:TrackPointExtension>
        </extensions>
      </trkpt>
      <trkpt lat="31.044257957915192" lon="121.53267453085937">
        <ele>6.322198145091534</ele>
        <time>1970-01-01T00:27:40Z</time>
        <extensions>
          <gpxtpx:TrackPointExtension>
            <gpxtpx:hr>165</gpxtpx:hr>
          </gpxtpx:TrackPointExtension>
        </extensions>
      </trkpt>
      <trkpt lat="31.044276807020267" lon="121.53269339431489">
        <ele>6.344494602642953</ele>
        <time>1970-01-01T00:27:41Z</time>
        <extensions>
          <gpxtpx:TrackPointExtension>
            <gpxtpx:hr>165</gpxtpx:hr>
          </gpxtpx:TrackPointExtension>
        </extensions>
      </trkpt>
      <trkpt lat="31.04429595863181" lon="121.53270946840726">
        <ele>6.369003462605178</ele>
        <time>1970-01-01T00:27:42Z</time>
        <extensions>
          <gpxtpx:TrackPointExtension>
            <gpxtpx:hr>165</gpxtpx:hr>
          </gpxtpx:TrackPointExtension>
        </extensions>
      </trkpt>
      <trkpt lat="31.044316355535493" lon="121.53272297364369">
        <ele>6.395563643425703</ele>
        <time>1970-01-01T00:27:43Z</time>
        <extensions>
          <gpxtpx:TrackPointExtension>
            <gpxtpx:hr>165</gpxtpx:hr>
          </gpxtpx:TrackPointExtension>
        </extensions>
      </trkpt>
      <trkpt lat="31.04433899650156" lon="121.5327342474398">
        <ele>6.4239815743640065</ele>
        <time>1970-01-01T00:27:44Z</time>
        <extensions>
          <gpxtpx:TrackPointExtension>
            <gpxtpx:hr>165</gpxtpx:hr>
          </gpxtpx:TrackPointExtension>
        </extensions>
      </trkpt>
      <trkpt lat="31.044363590341906" lon="121.53274322422122">
        <ele>6.454208887182176</ele>
        <time>1970-01-01T00:27:45Z</time>
        <extensions>
          <gpxtpx:TrackPointExtension>
            <gpxtpx:hr>165</gpxtpx:hr>
          </gpxtpx:TrackPointExtension>
        </extensions>
      </trkpt>
      <trkpt lat="31.044389473359228" lon="121.53274975939387">
        <ele>6.4863600153476</ele>
        <time>1970-01-01T00:27:46Z</time>
        <extensions>
          <gpxtpx:TrackPointExtension>
            <gpxtpx:hr>165</gpxtpx:hr>
          </gpxtpx:TrackPointExtension>
        </extensions>
      </trkpt>
      <trkpt lat="31.04441578658175" lon="121.53275342585015">
        <ele>6.520547610707581</ele>
        <time>1970-01-01T00:27:47Z</time>
        <extensions>
          <gpxtpx:TrackPointExtension>
            <gpxtpx:hr>165</gpxtpx:hr>
          </gpxtpx:TrackPointExtension>
        </extensions>
      </trkpt>
      <trkpt lat="31.044442164550933" lon="121.5327534280485">
        <ele>6.556558451615274</ele>
        <time>1970-01-01T00:27:48Z</time>
        <extensions>
          <gpxtpx:TrackPointExtension>
            <gpxtpx:hr>165</gpxtpx:hr>
          </gpxtpx:TrackPointExtension>
        </extensions>
      </trkpt>
      <trkpt lat="31.04446809008132" lon="121.53274978787704">
        <ele>6.594183046370745</ele>
        <time>1970-01-01T00:27:49Z</time>
        <extensions>
          <gpxtpx:TrackPointExtension>
            <gpxtpx:hr>165</gpxtpx:hr>
          </gpxtpx:TrackPointExtension>
        </extensions>
      </trkpt>
      <trkpt lat="31.04449303200732" lon="121.53274273130754">
        <ele>6.6331344889476895</ele>
        <time>1970-01-01T00:27:50Z</time>
        <extensions>
          <gpxtpx:TrackPointExtension>
            <gpxtpx:hr>165</gpxtpx:hr>
          </gpxtpx:TrackPointExtension>
        </extensions>
      </trkpt>
      <trkpt lat="31.044517205009555" lon="121.53273202704156">
        <ele>6.672999879345298</ele>
        <time>1970-01-01T00:27:51Z</time>
        <extensions>
          <gpxtpx:TrackPointExtension>
            <gpxtpx:hr>165</gpxtpx:hr>
          </gpxtpx:TrackPointExtension>
        </extensions>
      </trkpt>
      <trkpt lat="31.044540801507363" lon="121.53271901825269">
        <ele>6.713396450504661</ele>
        <time>1970-01-01T00:27:52Z</time>
        <extensions>
          <gpxtpx:TrackPointExtension>
            <gpxtpx:hr>165</gpxtpx:hr>
          </gpxtpx:TrackPointExtension>
        </extensions>
      </trkpt>
      <trkpt lat="31.04456407176648" lon="121.53270568632031">
        <ele>6.753737933002412</ele>
        <time>1970-01-01T00:27:53Z</time>
        <extensions>
          <gpxtpx:TrackPointExtension>
            <gpxtpx:hr>165</gpxtpx:hr>
          </gpxtpx:TrackPointExtension>
        </extensions>
      </trkpt>
      <trkpt lat="31.044587196540135" lon="121.53269316563389">
        <ele>6.793362153694034</ele>
        <time>1970-01-01T00:27:54Z</time>
        <extensions>
          <gpxtpx:TrackPointExtension>
            <gpxtpx:hr>165</gpxtpx:hr>
          </gpxtpx:TrackPointExtension>
        </extensions>
      </trkpt>
      <trkpt lat="31.04461012348959" lon="121.53268154814664">
        <ele>6.831585492007434</ele>
        <time>1970-01-01T00:27:55Z</time>
        <extensions>
          <gpxtpx:TrackPointExtension>
            <gpxtpx:hr>165</gpxtpx:hr>
          </gpxtpx:TrackPointExtension>
        </extensions>
      </trkpt>
      <trkpt lat="31.04463277685706" lon="121.5326699867259">
        <ele>6.867767242714763</ele>
        <time>1970-01-01T00:27:56Z</time>
        <extensions>
          <gpxtpx:TrackPointExtension>
            <gpxtpx:hr>165</gpxtpx:hr>
          </gpxtpx:TrackPointExtension>
        </extensions>
      </trkpt>
      <trkpt lat="31.044655172778704" lon="121.53265785604354">
        <ele>6.901238923892379</ele>
        <time>1970-01-01T00:27:57Z</time>
        <extensions>
          <gpxtpx:TrackPointExtension>
            <gpxtpx:hr>165</gpxtpx:hr>
          </gpxtpx:TrackPointExtension>
        </extensions>
      </trkpt>
      <trkpt lat="31.04467774869765" lon="121.53264448980113">
        <ele>6.931691901758313</ele>
        <time>1970-01-01T00:27:58Z</time>
        <extensions>
          <gpxtpx:TrackPointExtension>
            <gpxtpx:hr>163</gpxtpx:hr>
          </gpxtpx:TrackPointExtension>
        </extensions>
      </trkpt>
      <trkpt lat="31.0447004665672" lon="121.53263016811657">
        <ele>6.959048452787101</ele>
        <time>1970-01-01T00:27:59Z</time>
        <extensions>
          <gpxtpx:TrackPointExtension>
            <gpxtpx:hr>163</gpxtpx:hr>
          </gpxtpx:TrackPointExtension>
        </extensions>
      </trkpt>
      <trkpt lat="31.044723012935947" lon="121.53261634171204">
        <ele>6.983326053246856</ele>
        <time>1970-01-01T00:28:00Z</time>
        <extensions>
          <gpxtpx:TrackPointExtension>
            <gpxtpx:hr>163</gpxtpx:hr>
          </gpxtpx:TrackPointExtension>
        </extensions>
      </trkpt>
      <trkpt lat="31.044745589137143" lon="121.53260379545824">
        <ele>7.004390187561512</ele>
        <time>1970-01-01T00:28:01Z</time>
        <extensions>
          <gpxtpx:TrackPointExtension>
            <gpxtpx:hr>163</gpxtpx:hr>
          </gpxtpx:TrackPointExtension>
        </extensions>
      </trkpt>
      <trkpt lat="31.04476812885186" lon="121.53259279153406">
        <ele>7.022318270988762</ele>
        <time>1970-01-01T00:28:02Z</time>
        <extensions>
          <gpxtpx:TrackPointExtension>
            <gpxtpx:hr>163</gpxtpx:hr>
          </gpxtpx:TrackPointExtension>
        </extensions>
      </trkpt>
      <trkpt lat="31.044790539772034" lon="121.53258202589728">
        <ele>7.0371475191786885</ele>
        <time>1970-01-01T00:28:03Z</time>
        <extensions>
          <gpxtpx:TrackPointExtension>
            <gpxtpx:hr>163</gpxtpx:hr>
          </gpxtpx:TrackPointExtension>
        </extensions>
      </trkpt>
      <trkpt lat="31.044813320866265" lon="121.53257037895658">
        <ele>7.048926867544651</ele>
        <time>1970-01-01T00:28:04Z</time>
        <extensions>
          <gpxtpx:TrackPointExtension>
            <gpxtpx:hr>163</gpxtpx:hr>
          </gpxtpx:TrackPointExtension>
        </extensions>
      </trkpt>
      <trkpt lat="31.044836707752296" lon="121.53255777076724">
        <ele>7.057771552354097</ele>
        <time>1970-01-01T00:28:05Z</time>
        <extensions>
          <gpxtpx:TrackPointExtension>
            <gpxtpx:hr>163</gpxtpx:hr>
          </gpxtpx:TrackPointExtension>
        </extensions>
      </trkpt>
      <trkpt lat="31.044860158788115" lon="121.53254427390115">
        <ele>7.063902976922691</ele>
        <time>1970-01-01T00:28:06Z</time>
        <extensions>
          <gpxtpx:TrackPointExtension>
            <gpxtpx:hr>163</gpxtpx:hr>
          </gpxtpx:TrackPointExtension>
        </extensions>
      </trkpt>
      <trkpt lat="31.04488299213553" lon="121.53252983677424">
        <ele>7.067445105873048</ele>
        <time>1970-01-01T00:28:07Z</time>
        <extensions>
          <gpxtpx:TrackPointExtension>
            <gpxtpx:hr>163</gpxtpx:hr>
          </gpxtpx:TrackPointExtension>
        </extensions>
      </trkpt>
      <trkpt lat="31.04490482882016" lon="121.5325140374473">
        <ele>7.06850659288466</ele>
        <time>1970-01-01T00:28:08Z</time>
        <extensions>
          <gpxtpx:TrackPointExtension>
            <gpxtpx:hr>163</gpxtpx:hr>
          </gpxtpx:TrackPointExtension>
        </extensions>
      </trkpt>
      <trkpt lat="31.044925687851784" lon="121.53249755597695">
        <ele>7.06716154050082</ele>
        <time>1970-01-01T00:28:09Z</time>
        <extensions>
          <gpxtpx:TrackPointExtension>
            <gpxtpx:hr>163</gpxtpx:hr>
          </gpxtpx:TrackPointExtension>
        </extensions>
      </trkpt>
      <trkpt lat="31.044945846377054" lon="121.53248065462707">
        <ele>7.063417728058994</ele>
        <time>1970-01-01T00:28:10Z</time>
        <extensions>
          <gpxtpx:TrackPointExtension>
            <gpxtpx:hr>163</gpxtpx:hr>
          </gpxtpx:TrackPointExtension>
        </extensions>
      </trkpt>
      <trkpt lat="31.044966237907794" lon="121.53246381926556">
        <ele>7.057953756302595</ele>
        <time>1970-01-01T00:28:11Z</time>
        <extensions>
          <gpxtpx:TrackPointExtension>
            <gpxtpx:hr>163</gpxtpx:hr>
          </gpxtpx:TrackPointExtension>
        </extensions>
      </trkpt>
      <trkpt lat="31.044987385486667" lon="121.53244828192894">
        <ele>7.051528508774936</ele>
        <time>1970-01-01T00:28:12Z</time>
        <extensions>
          <gpxtpx:TrackPointExtension>
            <gpxtpx:hr>163</gpxtpx:hr>
          </gpxtpx:TrackPointExtension>
        </extensions>
      </trkpt>
      <trkpt lat="31.04500930907996" lon="121.53243383920508">
        <ele>7.044987164437771</ele>
        <time>1970-01-01T00:28:13Z</time>
        <extensions>
          <gpxtpx:TrackPointExtension>
            <gpxtpx:hr>163</gpxtpx:hr>
          </gpxtpx:TrackPointExtension>
        </extensions>
      </trkpt>
      <trkpt lat="31.045031231465984" lon="121.5324198613831">
        <ele>7.0392416743561625</ele>
        <time>1970-01-01T00:28:14Z</time>
        <extensions>
          <gpxtpx:TrackPointExtension>
            <gpxtpx:hr>163</gpxtpx:hr>
          </gpxtpx:TrackPointExtension>
        </extensions>
      </trkpt>
      <trkpt lat="31.045052507411235" lon="121.53240458222909">
        <ele>7.035295600071549</ele>
        <time>1970-01-01T00:28:15Z</time>
        <extensions>
          <gpxtpx:TrackPointExtension>
            <gpxtpx:hr>163</gpxtpx:hr>
          </gpxtpx:TrackPointExtension>
        </extensions>
      </trkpt>
      <trkpt lat="31.04507233122042" lon="121.53238626377022">
        <ele>7.03339110314846</ele>
        <time>1970-01-01T00:28:16Z</time>
        <extensions>
          <gpxtpx:TrackPointExtension>
            <gpxtpx:hr>163</gpxtpx:hr>
          </gpxtpx:TrackPointExtension>
        </extensions>
      </trkpt>
      <trkpt lat="31.045089988222255" lon="121.53236489419436">
        <ele>7.033653044141829</ele>
        <time>1970-01-01T00:28:17Z</time>
        <extensions>
          <gpxtpx:TrackPointExtension>
            <gpxtpx:hr>163</gpxtpx:hr>
          </gpxtpx:TrackPointExtension>
        </extensions>
      </trkpt>
      <trkpt lat="31.045105350959634" lon="121.532340442858">
        <ele>7.036098922602832</ele>
        <time>1970-01-01T00:28:18Z</time>
        <extensions>
          <gpxtpx:TrackPointExtension>
            <gpxtpx:hr>163</gpxtpx:hr>
          </gpxtpx:TrackPointExtension>
        </extensions>
      </trkpt>
      <trkpt lat="31.04511844326555" lon="121.53231380735754">
        <ele>7.040595691651106</ele>
        <time>1970-01-01T00:28:19Z</time>
        <extensions>
          <gpxtpx:TrackPointExtension>
            <gpxtpx:hr>163</gpxtpx:hr>
          </gpxtpx:TrackPointExtension>
        </extensions>
      </trkpt>
      <trkpt lat="31.045129264606718" lon="121.53228608431847">
        <ele>7.046765174716711</ele>
        <time>1970-01-01T00:28:20Z</time>
        <extensions>
          <gpxtpx:TrackPointExtension>
            <gpxtpx:hr>163</gpxtpx:hr>
          </gpxtpx:TrackPointExtension>
        </extensions>
      </trkpt>
      <trkpt lat="31.045137686077208" lon="121.53225726786508">
        <ele>7.05381865054369</ele>
        <time>1970-01-01T00:28:21Z</time>
        <extensions>
          <gpxtpx:TrackPointExtension>
            <gpxtpx:hr>163</gpxtpx:hr>
          </gpxtpx:TrackPointExtension>
        </extensions>
      </trkpt>
      <trkpt lat="31.045143514849048" lon="121.5322278971786">
        <ele>7.060682220384479</ele>
        <time>1970-01-01T00:28:22Z</time>
        <extensions>
          <gpxtpx:TrackPointExtension>
            <gpxtpx:hr>163</gpxtpx:hr>
          </gpxtpx:TrackPointExtension>
        </extensions>
      </trkpt>
      <trkpt lat="31.045146492007827" lon="121.53219786876886">
        <ele>7.066096780821681</ele>
        <time>1970-01-01T00:28:23Z</time>
        <extensions>
          <gpxtpx:TrackPointExtension>
            <gpxtpx:hr>163</gpxtpx:hr>
          </gpxtpx:TrackPointExtension>
        </extensions>
      </trkpt>
      <trkpt lat="31.04514672765244" lon="121.53216725289788">
        <ele>7.068695058114827</ele>
        <time>1970-01-01T00:28:24Z</time>
        <extensions>
          <gpxtpx:TrackPointExtension>
            <gpxtpx:hr>163</gpxtpx:hr>
          </gpxtpx:TrackPointExtension>
        </extensions>
      </trkpt>
      <trkpt lat="31.04514421589781" lon="121.53213644173064">
        <ele>7.067236448638141</ele>
        <time>1970-01-01T00:28:25Z</time>
        <extensions>
          <gpxtpx:TrackPointExtension>
            <gpxtpx:hr>163</gpxtpx:hr>
          </gpxtpx:TrackPointExtension>
        </extensions>
      </trkpt>
      <trkpt lat="31.045138894194807" lon="121.53210629969911">
        <ele>7.060961500741541</ele>
        <time>1970-01-01T00:28:26Z</time>
        <extensions>
          <gpxtpx:TrackPointExtension>
            <gpxtpx:hr>163</gpxtpx:hr>
          </gpxtpx:TrackPointExtension>
        </extensions>
      </trkpt>
      <trkpt lat="31.045130498982815" lon="121.53207812707349">
        <ele>7.049528046511114</ele>
        <time>1970-01-01T00:28:27Z</time>
        <extensions>
          <gpxtpx:TrackPointExtension>
            <gpxtpx:hr>163</gpxtpx:hr>
          </gpxtpx:TrackPointExtension>
        </extensions>
      </trkpt>
      <trkpt lat="31.04511869224388" lon="121.53205221203612">
        <ele>7.0329208401963115</ele>
        <time>1970-01-01T00:28:28Z</time>
        <extensions>
          <gpxtpx:TrackPointExtension>
            <gpxtpx:hr>163</gpxtpx:hr>
          </gpxtpx:TrackPointExtension>
        </extensions>
      </trkpt>
      <trkpt lat="31.04510430969891" lon="121.53202805962631">
        <ele>7.011503582820296</ele>
        <time>1970-01-01T00:28:29Z</time>
        <extensions>
          <gpxtpx:TrackPointExtension>
            <gpxtpx:hr>163</gpxtpx:hr>
          </gpxtpx:TrackPointExtension>
        </extensions>
      </trkpt>
      <trkpt lat="31.045087575500514" lon="121.53200485716917">
        <ele>6.985812472179532</ele>
        <time>1970-01-01T00:28:30Z</time>
        <extensions>
          <gpxtpx:TrackPointExtension>
            <gpxtpx:hr>163</gpxtpx:hr>
          </gpxtpx:TrackPointExtension>
        </extensions>
      </trkpt>
      <trkpt lat="31.045068653102614" lon="121.53198216056842">
        <ele>6.956676812842488</ele>
        <time>1970-01-01T00:28:31Z</time>
        <extensions>
          <gpxtpx:TrackPointExtension>
            <gpxtpx:hr>164</gpxtpx:hr>
          </gpxtpx:TrackPointExtension>
        </extensions>
      </trkpt>
      <trkpt lat="31.045048419725518" lon="121.53196103687662">
        <ele>6.925136862322688</ele>
        <time>1970-01-01T00:28:32Z</time>
        <extensions>
          <gpxtpx:TrackPointExtension>
            <gpxtpx:hr>164</gpxtpx:hr>
          </gpxtpx:TrackPointExtension>
        </extensions>
      </trkpt>
      <trkpt lat="31.045027200108308" lon="121.53194301550867">
        <ele>6.8923135651275516</ele>
        <time>1970-01-01T00:28:33Z</time>
        <extensions>
          <gpxtpx:TrackPointExtension>
            <gpxtpx:hr>164</gpxtpx:hr>
          </gpxtpx:TrackPointExtension>
        </extensions>
      </trkpt>
      <trkpt lat="31.045005115060814" lon="121.53192802060819">
        <ele>6.859405018389225</ele>
        <time>1970-01-01T00:28:34Z</time>
        <extensions>
          <gpxtpx:TrackPointExtension>
            <gpxtpx:hr>164</gpxtpx:hr>
          </gpxtpx:TrackPointExtension>
        </extensions>
      </trkpt>
      <trkpt lat="31.044981993731835" lon="121.53191561264859">
        <ele>6.827585516497493</ele>
        <time>1970-01-01T00:28:35Z</time>
        <extensions>
          <gpxtpx:TrackPointExtension>
            <gpxtpx:hr>164</gpxtpx:hr>
          </gpxtpx:TrackPointExtension>
        </extensions>
      </trkpt>
      <trkpt lat="31.044958159757535" lon="121.53190581934244">
        <ele>6.797809083014727</ele>
        <time>1970-01-01T00:28:36Z</time>
        <extensions>
          <gpxtpx:TrackPointExtension>
            <gpxtpx:hr>164</gpxtpx:hr>
          </gpxtpx:TrackPointExtension>
        </extensions>
      </trkpt>
      <trkpt lat="31.044934025656904" lon="121.53189951091521">
        <ele>6.770748049020767</ele>
        <time>1970-01-01T00:28:37Z</time>
        <extensions>
          <gpxtpx:TrackPointExtension>
            <gpxtpx:hr>164</gpxtpx:hr>
          </gpxtpx:TrackPointExtension>
        </extensions>
      </trkpt>
      <trkpt lat="31.04490926461267" lon="121.53189679925644">
        <ele>6.746882892213762</ele>
        <time>1970-01-01T00:28:38Z</time>
        <extensions>
          <gpxtpx:TrackPointExtension>
            <gpxtpx:hr>164</gpxtpx:hr>
          </gpxtpx:TrackPointExtension>
        </extensions>
      </trkpt>
      <trkpt lat="31.04488386216849" lon="121.53189672408877">
        <ele>6.726311860606074</ele>
        <time>1970-01-01T00:28:39Z</time>
        <extensions>
          <gpxtpx:TrackPointExtension>
            <gpxtpx:hr>164</gpxtpx:hr>
          </gpxtpx:TrackPointExtension>
        </extensions>
      </trkpt>
      <trkpt lat="31.04485799491992" lon="121.53189912764974">
        <ele>6.708922531455755</ele>
        <time>1970-01-01T00:28:40Z</time>
        <extensions>
          <gpxtpx:TrackPointExtension>
            <gpxtpx:hr>164</gpxtpx:hr>
          </gpxtpx:TrackPointExtension>
        </extensions>
      </trkpt>
      <trkpt lat="31.04483238556298" lon="121.53190372816373">
        <ele>6.694329050369561</ele>
        <time>1970-01-01T00:28:41Z</time>
        <extensions>
          <gpxtpx:TrackPointExtension>
            <gpxtpx:hr>164</gpxtpx:hr>
          </gpxtpx:TrackPointExtension>
        </extensions>
      </trkpt>
      <trkpt lat="31.04480774723737" lon="121.53191063173001">
        <ele>6.681861045770347</ele>
        <time>1970-01-01T00:28:42Z</time>
        <extensions>
          <gpxtpx:TrackPointExtension>
            <gpxtpx:hr>164</gpxtpx:hr>
          </gpxtpx:TrackPointExtension>
        </extensions>
      </trkpt>
      <trkpt lat="31.04478391225045" lon="121.5319199510262">
        <ele>6.670713694766164</ele>
        <time>1970-01-01T00:28:43Z</time>
        <extensions>
          <gpxtpx:TrackPointExtension>
            <gpxtpx:hr>164</gpxtpx:hr>
          </gpxtpx:TrackPointExtension>
        </extensions>
      </trkpt>
      <trkpt lat="31.044760568593897" lon="121.53193032844135">
        <ele>6.660193634219468</ele>
        <time>1970-01-01T00:28:44Z</time>
        <extensions>
          <gpxtpx:TrackPointExtension>
            <gpxtpx:hr>164</gpxtpx:hr>
          </gpxtpx:TrackPointExtension>
        </extensions>
      </trkpt>
      <trkpt lat="31.044737442320855" lon="121.53194137929376">
        <ele>6.649608731269836</ele>
        <time>1970-01-01T00:28:45Z</time>
        <extensions>
          <gpxtpx:TrackPointExtension>
            <gpxtpx:hr>164</gpxtpx:hr>
          </gpxtpx:TrackPointExtension>
        </extensions>
      </trkpt>
      <trkpt lat="31.044714238029034" lon="121.53195367974975">
        <ele>6.638399887830019</ele>
        <time>1970-01-01T00:28:46Z</time>
        <extensions>
          <gpxtpx:TrackPointExtension>
            <gpxtpx:hr>164</gpxtpx:hr>
          </gpxtpx:TrackPointExtension>
        </extensions>
      </trkpt>
      <trkpt lat="31.044691268678193" lon="121.53196778915495">
        <ele>6.626317917369306</ele>
        <time>1970-01-01T00:28:47Z</time>
        <extensions>
          <gpxtpx:TrackPointExtension>
            <gpxtpx:hr>164</gpxtpx:hr>
          </gpxtpx:TrackPointExtension>
        </extensions>
      </trkpt>
      <trkpt lat="31.04466907437985" lon="121.53198360826387">
        <ele>6.61325360275805</ele>
        <time>1970-01-01T00:28:48Z</time>
        <extensions>
          <gpxtpx:TrackPointExtension>
            <gpxtpx:hr>164</gpxtpx:hr>
          </gpxtpx:TrackPointExtension>
        </extensions>
      </trkpt>
      <trkpt lat="31.044646935700456" lon="121.53199981538583">
        <ele>6.599284403026104</ele>
        <time>1970-01-01T00:28:49Z</time>
        <extensions>
          <gpxtpx:TrackPointExtension>
            <gpxtpx:hr>164</gpxtpx:hr>
          </gpxtpx:TrackPointExtension>
        </extensions>
      </trkpt>
      <trkpt lat="31.04462436258325" lon="121.53201572306862">
        <ele>6.584664177149534</ele>
        <time>1970-01-01T00:28:50Z</time>
        <extensions>
          <gpxtpx:TrackPointExtension>
            <gpxtpx:hr>164</gpxtpx:hr>
          </gpxtpx:TrackPointExtension>
        </extensions>
      </trkpt>
      <trkpt lat="31.044602136607654" lon="121.5320307390686">
        <ele>6.569797781296074</ele>
        <time>1970-01-01T00:28:51Z</time>
        <extensions>
          <gpxtpx:TrackPointExtension>
            <gpxtpx:hr>164</gpxtpx:hr>
          </gpxtpx:TrackPointExtension>
        </extensions>
      </trkpt>
      <trkpt lat="31.04458024819194" lon="121.53204479655157">
        <ele>6.555201985873282</ele>
        <time>1970-01-01T00:28:52Z</time>
        <extensions>
          <gpxtpx:TrackPointExtension>
            <gpxtpx:hr>164</gpxtpx:hr>
          </gpxtpx:TrackPointExtension>
        </extensions>
      </trkpt>
      <trkpt lat="31.04455808079934" lon="121.53205779746288">
        <ele>6.541457088664174</ele>
        <time>1970-01-01T00:28:53Z</time>
        <extensions>
          <gpxtpx:TrackPointExtension>
            <gpxtpx:hr>164</gpxtpx:hr>
          </gpxtpx:TrackPointExtension>
        </extensions>
      </trkpt>
      <trkpt lat="31.044535735180943" lon="121.53206981529017">
        <ele>6.529219530522823</ele>
        <time>1970-01-01T00:28:54Z</time>
        <extensions>
          <gpxtpx:TrackPointExtension>
            <gpxtpx:hr>164</gpxtpx:hr>
          </gpxtpx:TrackPointExtension>
        </extensions>
      </trkpt>
      <trkpt lat="31.0445137830177" lon="121.5320822684194">
        <ele>6.519108157604933</ele>
        <time>1970-01-01T00:28:55Z</time>
        <extensions>
          <gpxtpx:TrackPointExtension>
            <gpxtpx:hr>164</gpxtpx:hr>
          </gpxtpx:TrackPointExtension>
        </extensions>
      </trkpt>
      <trkpt lat="31.044492354442525" lon="121.53209571709925">
        <ele>6.511618076823652</ele>
        <time>1970-01-01T00:28:56Z</time>
        <extensions>
          <gpxtpx:TrackPointExtension>
            <gpxtpx:hr>164</gpxtpx:hr>
          </gpxtpx:TrackPointExtension>
        </extensions>
      </trkpt>
      <trkpt lat="31.044470872925274" lon="121.53211034927521">
        <ele>6.507186388596892</ele>
        <time>1970-01-01T00:28:57Z</time>
        <extensions>
          <gpxtpx:TrackPointExtension>
            <gpxtpx:hr>164</gpxtpx:hr>
          </gpxtpx:TrackPointExtension>
        </extensions>
      </trkpt>
      <trkpt lat="31.044449085681617" lon="121.5321260305025">
        <ele>6.506094050593674</ele>
        <time>1970-01-01T00:28:58Z</time>
        <extensions>
          <gpxtpx:TrackPointExtension>
            <gpxtpx:hr>164</gpxtpx:hr>
          </gpxtpx:TrackPointExtension>
        </extensions>
      </trkpt>
      <trkpt lat="31.044427076758183" lon="121.53214220158857">
        <ele>6.507957581430674</ele>
        <time>1970-01-01T00:28:59Z</time>
        <extensions>
          <gpxtpx:TrackPointExtension>
            <gpxtpx:hr>164</gpxtpx:hr>
          </gpxtpx:TrackPointExtension>
        </extensions>
      </trkpt>
      <trkpt lat="31.044404442407664" lon="121.5321584272608">
        <ele>6.511904360726476</ele>
        <time>1970-01-01T00:29:00Z</time>
        <extensions>
          <gpxtpx:TrackPointExtension>
            <gpxtpx:hr>164</gpxtpx:hr>
          </gpxtpx:TrackPointExtension>
        </extensions>
      </trkpt>
      <trkpt lat="31.04438121721757" lon="121.53217390567477">
        <ele>6.517017187550664</ele>
        <time>1970-01-01T00:29:01Z</time>
        <extensions>
          <gpxtpx:TrackPointExtension>
            <gpxtpx:hr>164</gpxtpx:hr>
          </gpxtpx:TrackPointExtension>
        </extensions>
      </trkpt>
      <trkpt lat="31.044358088154013" lon="121.53218826727904">
        <ele>6.522650111466646</ele>
        <time>1970-01-01T00:29:02Z</time>
        <extensions>
          <gpxtpx:TrackPointExtension>
            <gpxtpx:hr>164</gpxtpx:hr>
          </gpxtpx:TrackPointExtension>
        </extensions>
      </trkpt>
      <trkpt lat="31.04433595385456" lon="121.53220133624116">
        <ele>6.528087208978832</ele>
        <time>1970-01-01T00:29:03Z</time>
        <extensions>
          <gpxtpx:TrackPointExtension>
            <gpxtpx:hr>164</gpxtpx:hr>
          </gpxtpx:TrackPointExtension>
        </extensions>
      </trkpt>
      <trkpt lat="31.04431521244965" lon="121.53221467928915">
        <ele>6.533051682636142</ele>
        <time>1970-01-01T00:29:04Z</time>
        <extensions>
          <gpxtpx:TrackPointExtension>
            <gpxtpx:hr>164</gpxtpx:hr>
          </gpxtpx:TrackPointExtension>
        </extensions>
      </trkpt>
      <trkpt lat="31.044295579920618" lon="121.53223067543752">
        <ele>6.537779094651341</ele>
        <time>1970-01-01T00:29:05Z</time>
        <extensions>
          <gpxtpx:TrackPointExtension>
            <gpxtpx:hr>164</gpxtpx:hr>
          </gpxtpx:TrackPointExtension>
        </extensions>
      </trkpt>
      <trkpt lat="31.04427685291922" lon="121.53224989534537">
        <ele>6.542489863932133</ele>
        <time>1970-01-01T00:29:06Z</time>
        <extensions>
          <gpxtpx:TrackPointExtension>
            <gpxtpx:hr>164</gpxtpx:hr>
          </gpxtpx:TrackPointExtension>
        </extensions>
      </trkpt>
      <trkpt lat="31.044259781387346" lon="121.53227254727643">
        <ele>6.546912170946598</ele>
        <time>1970-01-01T00:29:07Z</time>
        <extensions>
          <gpxtpx:TrackPointExtension>
            <gpxtpx:hr>163</gpxtpx:hr>
          </gpxtpx:TrackPointExtension>
        </extensions>
      </trkpt>
      <trkpt lat="31.044245409745574" lon="121.53229792828226">
        <ele>6.550896550528705</ele>
        <time>1970-01-01T00:29:08Z</time>
        <extensions>
          <gpxtpx:TrackPointExtension>
            <gpxtpx:hr>163</gpxtpx:hr>
          </gpxtpx:TrackPointExtension>
        </extensions>
      </trkpt>
      <trkpt lat="31.04423320356185" lon="121.5323245971358">
        <ele>6.554503188468516</ele>
        <time>1970-01-01T00:29:09Z</time>
        <extensions>
          <gpxtpx:TrackPointExtension>
            <gpxtpx:hr>163</gpxtpx:hr>
          </gpxtpx:TrackPointExtension>
        </extensions>
      </trkpt>
      <trkpt lat="31.044222066565734" lon="121.53235102570251">
        <ele>6.5580359268933535</ele>
        <time>1970-01-01T00:29:10Z</time>
        <extensions>
          <gpxtpx:TrackPointExtension>
            <gpxtpx:hr>163</gpxtpx:hr>
          </gpxtpx:TrackPointExtension>
        </extensions>
      </trkpt>
      <trkpt lat="31.044211109423877" lon="121.53237645549373">
        <ele>6.5620117308571935</ele>
        <time>1970-01-01T00:29:11Z</time>
        <extensions>
          <gpxtpx:TrackPointExtension>
            <gpxtpx:hr>163</gpxtpx:hr>
          </gpxtpx:TrackPointExtension>
        </extensions>
      </trkpt>
      <trkpt lat="31.04419949448712" lon="121.53240097666868">
        <ele>6.567284639924765</ele>
        <time>1970-01-01T00:29:12Z</time>
        <extensions>
          <gpxtpx:TrackPointExtension>
            <gpxtpx:hr>163</gpxtpx:hr>
          </gpxtpx:TrackPointExtension>
        </extensions>
      </trkpt>
      <trkpt lat="31.044187787314716" lon="121.53242487066701">
        <ele>6.574648691341281</ele>
        <time>1970-01-01T00:29:13Z</time>
        <extensions>
          <gpxtpx:TrackPointExtension>
            <gpxtpx:hr>163</gpxtpx:hr>
          </gpxtpx:TrackPointExtension>
        </extensions>
      </trkpt>
      <trkpt lat="31.044178623701733" lon="121.53244969635078">
        <ele>6.584755259566009</ele>
        <time>1970-01-01T00:29:14Z</time>
        <extensions>
          <gpxtpx:TrackPointExtension>
            <gpxtpx:hr>163</gpxtpx:hr>
          </gpxtpx:TrackPointExtension>
        </extensions>
      </trkpt>
      <trkpt lat="31.0441745158048" lon="121.53247597216894">
        <ele>6.598200310021639</ele>
        <time>1970-01-01T00:29:15Z</time>
        <extensions>
          <gpxtpx:TrackPointExtension>
            <gpxtpx:hr>163</gpxtpx:hr>
          </gpxtpx:TrackPointExtension>
        </extensions>
      </trkpt>
      <trkpt lat="31.044176597859202" lon="121.53250282017855">
        <ele>6.615311142988503</ele>
        <time>1970-01-01T00:29:16Z</time>
        <extensions>
          <gpxtpx:TrackPointExtension>
            <gpxtpx:hr>163</gpxtpx:hr>
          </gpxtpx:TrackPointExtension>
        </extensions>
      </trkpt>
      <trkpt lat="31.044183601492087" lon="121.5325295551968">
        <ele>6.636125219985843</ele>
        <time>1970-01-01T00:29:17Z</time>
        <extensions>
          <gpxtpx:TrackPointExtension>
            <gpxtpx:hr>163</gpxtpx:hr>
          </gpxtpx:TrackPointExtension>
        </extensions>
      </trkpt>
      <trkpt lat="31.044192932971015" lon="121.53255514155013">
        <ele>6.6606380650773644</ele>
        <time>1970-01-01T00:29:18Z</time>
        <extensions>
          <gpxtpx:TrackPointExtension>
            <gpxtpx:hr>163</gpxtpx:hr>
          </gpxtpx:TrackPointExtension>
        </extensions>
      </trkpt>
      <trkpt lat="31.044203631124034" lon="121.53257949795271">
        <ele>6.688784575089812</ele>
        <time>1970-01-01T00:29:19Z</time>
        <extensions>
          <gpxtpx:TrackPointExtension>
            <gpxtpx:hr>163</gpxtpx:hr>
          </gpxtpx:TrackPointExtension>
        </extensions>
      </trkpt>
      <trkpt lat="31.044215832821664" lon="121.53260307326056">
        <ele>6.719941868446767</ele>
        <time>1970-01-01T00:29:20Z</time>
        <extensions>
          <gpxtpx:TrackPointExtension>
            <gpxtpx:hr>163</gpxtpx:hr>
          </gpxtpx:TrackPointExtension>
        </extensions>
      </trkpt>
      <trkpt lat="31.044230126244273" lon="121.53262551567249">
        <ele>6.753503907471895</ele>
        <time>1970-01-01T00:29:21Z</time>
        <extensions>
          <gpxtpx:TrackPointExtension>
            <gpxtpx:hr>162</gpxtpx:hr>
          </gpxtpx:TrackPointExtension>
        </extensions>
      </trkpt>
      <trkpt lat="31.04424657763105" lon="121.53264701010987">
        <ele>6.788671207614243</ele>
        <time>1970-01-01T00:29:22Z</time>
        <extensions>
          <gpxtpx:TrackPointExtension>
            <gpxtpx:hr>162</gpxtpx:hr>
          </gpxtpx:TrackPointExtension>
        </extensions>
      </trkpt>
      <trkpt lat="31.044264575437623" lon="121.5326681012147">
        <ele>6.824450165964663</ele>
        <time>1970-01-01T00:29:23Z</time>
        <extensions>
          <gpxtpx:TrackPointExtension>
            <gpxtpx:hr>162</gpxtpx:hr>
          </gpxtpx:TrackPointExtension>
        </extensions>
      </trkpt>
      <trkpt lat="31.044284612021098" lon="121.53268825805246">
        <ele>6.85973558947444</ele>
        <time>1970-01-01T00:29:24Z</time>
        <extensions>
          <gpxtpx:TrackPointExtension>
            <gpxtpx:hr>162</gpxtpx:hr>
          </gpxtpx:TrackPointExtension>
        </extensions>
      </trkpt>
      <trkpt lat="31.044306945647627" lon="121.53270612333922">
        <ele>6.893667276017368</ele>
        <time>1970-01-01T00:29:25Z</time>
        <extensions>
          <gpxtpx:TrackPointExtension>
            <gpxtpx:hr>162</gpxtpx:hr>
          </gpxtpx:TrackPointExtension>
        </extensions>
      </trkpt>
      <trkpt lat="31.044330660705107" lon="121.53272087278548">
        <ele>6.925299111753702</ele>
        <time>1970-01-01T00:29:26Z</time>
        <extensions>
          <gpxtpx:TrackPointExtension>
            <gpxtpx:hr>162</gpxtpx:hr>
          </gpxtpx:TrackPointExtension>
        </extensions>
      </trkpt>
      <trkpt lat="31.044355669072996" lon="121.53273202138581">
        <ele>6.953888322226703</ele>
        <time>1970-01-01T00:29:27Z</time>
        <extensions>
          <gpxtpx:TrackPointExtension>
            <gpxtpx:hr>162</gpxtpx:hr>
          </gpxtpx:TrackPointExtension>
        </extensions>
      </trkpt>
      <trkpt lat="31.044382286135267" lon="121.53273918402111">
        <ele>6.978987487964332</ele>
        <time>1970-01-01T00:29:28Z</time>
        <extensions>
          <gpxtpx:TrackPointExtension>
            <gpxtpx:hr>162</gpxtpx:hr>
          </gpxtpx:TrackPointExtension>
        </extensions>
      </trkpt>
      <trkpt lat="31.044409641049267" lon="121.53274220936183">
        <ele>7.000387859530747</ele>
        <time>1970-01-01T00:29:29Z</time>
        <extensions>
          <gpxtpx:TrackPointExtension>
            <gpxtpx:hr>162</gpxtpx:hr>
          </gpxtpx:TrackPointExtension>
        </extensions>
      </trkpt>
      <trkpt lat="31.04443709858549" lon="121.53274160786516">
        <ele>7.018289999105036</ele>
        <time>1970-01-01T00:29:30Z</time>
        <extensions>
          <gpxtpx:TrackPointExtension>
            <gpxtpx:hr>162</gpxtpx:hr>
          </gpxtpx:TrackPointExtension>
        </extensions>
      </trkpt>
      <trkpt lat="31.044464629877226" lon="121.53273858062306">
        <ele>7.033236592076719</ele>
        <time>1970-01-01T00:29:31Z</time>
        <extensions>
          <gpxtpx:TrackPointExtension>
            <gpxtpx:hr>162</gpxtpx:hr>
          </gpxtpx:TrackPointExtension>
        </extensions>
      </trkpt>
      <trkpt lat="31.04449187746614" lon="121.53273378088953">
        <ele>7.045931773260236</ele>
        <time>1970-01-01T00:29:32Z</time>
        <extensions>
          <gpxtpx:TrackPointExtension>
            <gpxtpx:hr>163</gpxtpx:hr>
          </gpxtpx:TrackPointExtension>
        </extensions>
      </trkpt>
      <trkpt lat="31.044518716475846" lon="121.53272715455199">
        <ele>7.057102824561298</ele>
        <time>1970-01-01T00:29:33Z</time>
        <extensions>
          <gpxtpx:TrackPointExtension>
            <gpxtpx:hr>163</gpxtpx:hr>
          </gpxtpx:TrackPointExtension>
        </extensions>
      </trkpt>
      <trkpt lat="31.044544783030723" lon="121.5327189676394">
        <ele>7.06755880266428</ele>
        <time>1970-01-01T00:29:34Z</time>
        <extensions>
          <gpxtpx:TrackPointExtension>
            <gpxtpx:hr>163</gpxtpx:hr>
          </gpxtpx:TrackPointExtension>
        </extensions>
      </trkpt>
      <trkpt lat="31.044569839397685" lon="121.53270953647178">
        <ele>7.0781024089083076</ele>
        <time>1970-01-01T00:29:35Z</time>
        <extensions>
          <gpxtpx:TrackPointExtension>
            <gpxtpx:hr>163</gpxtpx:hr>
          </gpxtpx:TrackPointExtension>
        </extensions>
      </trkpt>
      <trkpt lat="31.044594476189996" lon="121.5326985443862">
        <ele>7.089383359067142</ele>
        <time>1970-01-01T00:29:36Z</time>
        <extensions>
          <gpxtpx:TrackPointExtension>
            <gpxtpx:hr>163</gpxtpx:hr>
          </gpxtpx:TrackPointExtension>
        </extensions>
      </trkpt>
      <trkpt lat="31.044618783538183" lon="121.53268680483978">
        <ele>7.101829431951046</ele>
        <time>1970-01-01T00:29:37Z</time>
        <extensions>
          <gpxtpx:TrackPointExtension>
            <gpxtpx:hr>163</gpxtpx:hr>
          </gpxtpx:TrackPointExtension>
        </extensions>
      </trkpt>
      <trkpt lat="31.04464269659944" lon="121.53267487467036">
        <ele>7.115616197697818</ele>
        <time>1970-01-01T00:29:38Z</time>
        <extensions>
          <gpxtpx:TrackPointExtension>
            <gpxtpx:hr>163</gpxtpx:hr>
          </gpxtpx:TrackPointExtension>
        </extensions>
      </trkpt>
      <trkpt lat="31.04466652854833" lon="121.53266191440171">
        <ele>7.130720184184611</ele>
        <time>1970-01-01T00:29:39Z</time>
        <extensions>
          <gpxtpx:TrackPointExtension>
            <gpxtpx:hr>163</gpxtpx:hr>
          </gpxtpx:TrackPointExtension>
        </extensions>
      </trkpt>
      <trkpt lat="31.04469039323296" lon="121.53264813978818">
        <ele>7.146870455704629</ele>
        <time>1970-01-01T00:29:40Z</time>
        <extensions>
          <gpxtpx:TrackPointExtension>
            <gpxtpx:hr>163</gpxtpx:hr>
          </gpxtpx:TrackPointExtension>
        </extensions>
      </trkpt>
      <trkpt lat="31.044714620669204" lon="121.53263411429403">
        <ele>7.163674778304994</ele>
        <time>1970-01-01T00:29:41Z</time>
        <extensions>
          <gpxtpx:TrackPointExtension>
            <gpxtpx:hr>163</gpxtpx:hr>
          </gpxtpx:TrackPointExtension>
        </extensions>
      </trkpt>
      <trkpt lat="31.04473960979962" lon="121.5326200659963">
        <ele>7.180634638294578</ele>
        <time>1970-01-01T00:29:42Z</time>
        <extensions>
          <gpxtpx:TrackPointExtension>
            <gpxtpx:hr>163</gpxtpx:hr>
          </gpxtpx:TrackPointExtension>
        </extensions>
      </trkpt>
      <trkpt lat="31.044764549310003" lon="121.53260662626894">
        <ele>7.197029708884656</ele>
        <time>1970-01-01T00:29:43Z</time>
        <extensions>
          <gpxtpx:TrackPointExtension>
            <gpxtpx:hr>163</gpxtpx:hr>
          </gpxtpx:TrackPointExtension>
        </extensions>
      </trkpt>
      <trkpt lat="31.044788188505795" lon="121.53259359009185">
        <ele>7.212208944372833</ele>
        <time>1970-01-01T00:29:44Z</time>
        <extensions>
          <gpxtpx:TrackPointExtension>
            <gpxtpx:hr>163</gpxtpx:hr>
          </gpxtpx:TrackPointExtension>
        </extensions>
      </trkpt>
      <trkpt lat="31.044810687475312" lon="121.53258043326491">
        <ele>7.225635664537549</ele>
        <time>1970-01-01T00:29:45Z</time>
        <extensions>
          <gpxtpx:TrackPointExtension>
            <gpxtpx:hr>163</gpxtpx:hr>
          </gpxtpx:TrackPointExtension>
        </extensions>
      </trkpt>
      <trkpt lat="31.044833186466587" lon="121.53256781186525">
        <ele>7.236840995028615</ele>
        <time>1970-01-01T00:29:46Z</time>
        <extensions>
          <gpxtpx:TrackPointExtension>
            <gpxtpx:hr>163</gpxtpx:hr>
          </gpxtpx:TrackPointExtension>
        </extensions>
      </trkpt>
      <trkpt lat="31.044856565043403" lon="121.53255563672153">
        <ele>7.24544230196625</ele>
        <time>1970-01-01T00:29:47Z</time>
        <extensions>
          <gpxtpx:TrackPointExtension>
            <gpxtpx:hr>163</gpxtpx:hr>
          </gpxtpx:TrackPointExtension>
        </extensions>
      </trkpt>
      <trkpt lat="31.04488114277792" lon="121.53254279136652">
        <ele>7.251410842873156</ele>
        <time>1970-01-01T00:29:48Z</time>
        <extensions>
          <gpxtpx:TrackPointExtension>
            <gpxtpx:hr>163</gpxtpx:hr>
          </gpxtpx:TrackPointExtension>
        </extensions>
      </trkpt>
      <trkpt lat="31.044906940278366" lon="121.53252860383645">
        <ele>7.254775620996952</ele>
        <time>1970-01-01T00:29:49Z</time>
        <extensions>
          <gpxtpx:TrackPointExtension>
            <gpxtpx:hr>163</gpxtpx:hr>
          </gpxtpx:TrackPointExtension>
        </extensions>
      </trkpt>
      <trkpt lat="31.044933013731423" lon="121.53251261086946">
        <ele>7.255458910018206</ele>
        <time>1970-01-01T00:29:50Z</time>
        <extensions>
          <gpxtpx:TrackPointExtension>
            <gpxtpx:hr>163</gpxtpx:hr>
          </gpxtpx:TrackPointExtension>
        </extensions>
      </trkpt>
      <trkpt lat="31.04495801879729" lon="121.53249498181802">
        <ele>7.253361436538398</ele>
        <time>1970-01-01T00:29:51Z</time>
        <extensions>
          <gpxtpx:TrackPointExtension>
            <gpxtpx:hr>164</gpxtpx:hr>
          </gpxtpx:TrackPointExtension>
        </extensions>
      </trkpt>
      <trkpt lat="31.044981408873188" lon="121.53247642059405">
        <ele>7.248519230633974</ele>
        <time>1970-01-01T00:29:52Z</time>
        <extensions>
          <gpxtpx:TrackPointExtension>
            <gpxtpx:hr>164</gpxtpx:hr>
          </gpxtpx:TrackPointExtension>
        </extensions>
      </trkpt>
      <trkpt lat="31.045003482439302" lon="121.53245730182107">
        <ele>7.241206523962319</ele>
        <time>1970-01-01T00:29:53Z</time>
        <extensions>
          <gpxtpx:TrackPointExtension>
            <gpxtpx:hr>164</gpxtpx:hr>
          </gpxtpx:TrackPointExtension>
        </extensions>
      </trkpt>
      <trkpt lat="31.04502448924373" lon="121.53243845999579">
        <ele>7.231792409904301</ele>
        <time>1970-01-01T00:29:54Z</time>
        <extensions>
          <gpxtpx:TrackPointExtension>
            <gpxtpx:hr>164</gpxtpx:hr>
          </gpxtpx:TrackPointExtension>
        </extensions>
      </trkpt>
      <trkpt lat="31.0450448778729" lon="121.53242011774887">
        <ele>7.220700494945049</ele>
        <time>1970-01-01T00:29:55Z</time>
        <extensions>
          <gpxtpx:TrackPointExtension>
            <gpxtpx:hr>164</gpxtpx:hr>
          </gpxtpx:TrackPointExtension>
        </extensions>
      </trkpt>
      <trkpt lat="31.045065455459" lon="121.53240153064664">
        <ele>7.208346302621067</ele>
        <time>1970-01-01T00:29:56Z</time>
        <extensions>
          <gpxtpx:TrackPointExtension>
            <gpxtpx:hr>164</gpxtpx:hr>
          </gpxtpx:TrackPointExtension>
        </extensions>
      </trkpt>
      <trkpt lat="31.04508556820361" lon="121.53238238262095">
        <ele>7.195082098245621</ele>
        <time>1970-01-01T00:29:57Z</time>
        <extensions>
          <gpxtpx:TrackPointExtension>
            <gpxtpx:hr>164</gpxtpx:hr>
          </gpxtpx:TrackPointExtension>
        </extensions>
      </trkpt>
      <trkpt lat="31.045103450528288" lon="121.53236205893886">
        <ele>7.181404607370496</ele>
        <time>1970-01-01T00:29:58Z</time>
        <extensions>
          <gpxtpx:TrackPointExtension>
            <gpxtpx:hr>164</gpxtpx:hr>
          </gpxtpx:TrackPointExtension>
        </extensions>
      </trkpt>
      <trkpt lat="31.045118123900714" lon="121.53233936460595">
        <ele>7.16771868430078</ele>
        <time>1970-01-01T00:29:59Z</time>
        <extensions>
          <gpxtpx:TrackPointExtension>
            <gpxtpx:hr>164</gpxtpx:hr>
          </gpxtpx:TrackPointExtension>
        </extensions>
      </trkpt>
      <trkpt lat="31.04512984778252" lon="121.53231393268358">
        <ele>7.154371510259807</ele>
        <time>1970-01-01T00:30:00Z</time>
        <extensions>
          <gpxtpx:TrackPointExtension>
            <gpxtpx:hr>165</gpxtpx:hr>
          </gpxtpx:TrackPointExtension>
        </extensions>
      </trkpt>
      <trkpt lat="31.04513901019788" lon="121.53228559379596">
        <ele>7.1417029881849885</ele>
        <time>1970-01-01T00:30:01Z</time>
        <extensions>
          <gpxtpx:TrackPointExtension>
            <gpxtpx:hr>165</gpxtpx:hr>
          </gpxtpx:TrackPointExtension>
        </extensions>
      </trkpt>
      <trkpt lat="31.04514538761101" lon="121.53225469870407">
        <ele>7.130073461681604</ele>
        <time>1970-01-01T00:30:03Z</time>
        <extensions>
          <gpxtpx:TrackPointExtension>
            <gpxtpx:hr>165</gpxtpx:hr>
          </gpxtpx:TrackPointExtension>
        </extensions>
      </trkpt>
      <trkpt lat="31.045148755922984" lon="121.53222216890296">
        <ele>7.1199478870257735</ele>
        <time>1970-01-01T00:30:04Z</time>
        <extensions>
          <gpxtpx:TrackPointExtension>
            <gpxtpx:hr>165</gpxtpx:hr>
          </gpxtpx:TrackPointExtension>
        </extensions>
      </trkpt>
      <trkpt lat="31.04514849115389" lon="121.53218846871918">
        <ele>7.111773191019893</ele>
        <time>1970-01-01T00:30:05Z</time>
        <extensions>
          <gpxtpx:TrackPointExtension>
            <gpxtpx:hr>165</gpxtpx:hr>
          </gpxtpx:TrackPointExtension>
        </extensions>
      </trkpt>
      <trkpt lat="31.04514446300351" lon="121.53215468140274">
        <ele>7.105812192894518</ele>
        <time>1970-01-01T00:30:06Z</time>
        <extensions>
          <gpxtpx:TrackPointExtension>
            <gpxtpx:hr>165</gpxtpx:hr>
          </gpxtpx:TrackPointExtension>
        </extensions>
      </trkpt>
      <trkpt lat="31.045137409702328" lon="121.5321217417989">
        <ele>7.101936586201191</ele>
        <time>1970-01-01T00:30:07Z</time>
        <extensions>
          <gpxtpx:TrackPointExtension>
            <gpxtpx:hr>165</gpxtpx:hr>
          </gpxtpx:TrackPointExtension>
        </extensions>
      </trkpt>
      <trkpt lat="31.045128182749966" lon="121.53209026993585">
        <ele>7.099961155094206</ele>
        <time>1970-01-01T00:30:08Z</time>
        <extensions>
          <gpxtpx:TrackPointExtension>
            <gpxtpx:hr>165</gpxtpx:hr>
          </gpxtpx:TrackPointExtension>
        </extensions>
      </trkpt>
      <trkpt lat="31.04511759412321" lon="121.53206068664326">
        <ele>7.099565335549414</ele>
        <time>1970-01-01T00:30:09Z</time>
        <extensions>
          <gpxtpx:TrackPointExtension>
            <gpxtpx:hr>165</gpxtpx:hr>
          </gpxtpx:TrackPointExtension>
        </extensions>
      </trkpt>
      <trkpt lat="31.045105012190522" lon="121.53203309778067">
        <ele>7.100304597988725</ele>
        <time>1970-01-01T00:30:10Z</time>
        <extensions>
          <gpxtpx:TrackPointExtension>
            <gpxtpx:hr>165</gpxtpx:hr>
          </gpxtpx:TrackPointExtension>
        </extensions>
      </trkpt>
      <trkpt lat="31.04508960657209" lon="121.53200757586914">
        <ele>7.101630935445428</ele>
        <time>1970-01-01T00:30:11Z</time>
        <extensions>
          <gpxtpx:TrackPointExtension>
            <gpxtpx:hr>165</gpxtpx:hr>
          </gpxtpx:TrackPointExtension>
        </extensions>
      </trkpt>
      <trkpt lat="31.04507216471026" lon="121.5319836417728">
        <ele>7.1028978154063225</ele>
        <time>1970-01-01T00:30:12Z</time>
        <extensions>
          <gpxtpx:TrackPointExtension>
            <gpxtpx:hr>165</gpxtpx:hr>
          </gpxtpx:TrackPointExtension>
        </extensions>
      </trkpt>
      <trkpt lat="31.045052915564057" lon="121.53196161952164">
        <ele>7.103429642505944</ele>
        <time>1970-01-01T00:30:13Z</time>
        <extensions>
          <gpxtpx:TrackPointExtension>
            <gpxtpx:hr>166</gpxtpx:hr>
          </gpxtpx:TrackPointExtension>
        </extensions>
      </trkpt>
      <trkpt lat="31.045031522060714" lon="121.53194273604434">
        <ele>7.102747263386846</ele>
        <time>1970-01-01T00:30:14Z</time>
        <extensions>
          <gpxtpx:TrackPointExtension>
            <gpxtpx:hr>166</gpxtpx:hr>
          </gpxtpx:TrackPointExtension>
        </extensions>
      </trkpt>
      <trkpt lat="31.045008281796875" lon="121.53192681494941">
        <ele>7.100505641661584</ele>
        <time>1970-01-01T00:30:15Z</time>
        <extensions>
          <gpxtpx:TrackPointExtension>
            <gpxtpx:hr>166</gpxtpx:hr>
          </gpxtpx:TrackPointExtension>
        </extensions>
      </trkpt>
      <trkpt lat="31.044983879577483" lon="121.53191366184636">
        <ele>7.096454576589167</ele>
        <time>1970-01-01T00:30:16Z</time>
        <extensions>
          <gpxtpx:TrackPointExtension>
            <gpxtpx:hr>166</gpxtpx:hr>
          </gpxtpx:TrackPointExtension>
        </extensions>
      </trkpt>
      <trkpt lat="31.044959264106783" lon="121.5319035208871">
        <ele>7.090595947578549</ele>
        <time>1970-01-01T00:30:17Z</time>
        <extensions>
          <gpxtpx:TrackPointExtension>
            <gpxtpx:hr>166</gpxtpx:hr>
          </gpxtpx:TrackPointExtension>
        </extensions>
      </trkpt>
      <trkpt lat="31.044934948468498" lon="121.53189556472253">
        <ele>7.083114331588149</ele>
        <time>1970-01-01T00:30:18Z</time>
        <extensions>
          <gpxtpx:TrackPointExtension>
            <gpxtpx:hr>166</gpxtpx:hr>
          </gpxtpx:TrackPointExtension>
        </extensions>
      </trkpt>
      <trkpt lat="31.04491087995518" lon="121.5318897231145">
        <ele>7.074491182342172</ele>
        <time>1970-01-01T00:30:19Z</time>
        <extensions>
          <gpxtpx:TrackPointExtension>
            <gpxtpx:hr>166</gpxtpx:hr>
          </gpxtpx:TrackPointExtension>
        </extensions>
      </trkpt>
      <trkpt lat="31.04488666016404" lon="121.53188683698126">
        <ele>7.0654347175732255</ele>
        <time>1970-01-01T00:30:20Z</time>
        <extensions>
          <gpxtpx:TrackPointExtension>
            <gpxtpx:hr>166</gpxtpx:hr>
          </gpxtpx:TrackPointExtension>
        </extensions>
      </trkpt>
      <trkpt lat="31.04486186079212" lon="121.53188753277834">
        <ele>7.0567269725725055</ele>
        <time>1970-01-01T00:30:21Z</time>
        <extensions>
          <gpxtpx:TrackPointExtension>
            <gpxtpx:hr>166</gpxtpx:hr>
          </gpxtpx:TrackPointExtension>
        </extensions>
      </trkpt>
      <trkpt lat="31.044836935084504" lon="121.53189283802499">
        <ele>7.0488772094249725</ele>
        <time>1970-01-01T00:30:22Z</time>
        <extensions>
          <gpxtpx:TrackPointExtension>
            <gpxtpx:hr>166</gpxtpx:hr>
          </gpxtpx:TrackPointExtension>
        </extensions>
      </trkpt>
      <trkpt lat="31.04481272675895" lon="121.53190256433226">
        <ele>7.042393487878144</ele>
        <time>1970-01-01T00:30:23Z</time>
        <extensions>
          <gpxtpx:TrackPointExtension>
            <gpxtpx:hr>166</gpxtpx:hr>
          </gpxtpx:TrackPointExtension>
        </extensions>
      </trkpt>
      <trkpt lat="31.044789222838965" lon="121.53191550984455">
        <ele>7.037638990208507</ele>
        <time>1970-01-01T00:30:24Z</time>
        <extensions>
          <gpxtpx:TrackPointExtension>
            <gpxtpx:hr>166</gpxtpx:hr>
          </gpxtpx:TrackPointExtension>
        </extensions>
      </trkpt>
      <trkpt lat="31.044766092698445" lon="121.53192971635079">
        <ele>7.034763813018799</ele>
        <time>1970-01-01T00:30:25Z</time>
        <extensions>
          <gpxtpx:TrackPointExtension>
            <gpxtpx:hr>166</gpxtpx:hr>
          </gpxtpx:TrackPointExtension>
        </extensions>
      </trkpt>
      <trkpt lat="31.044742979979567" lon="121.53194281943684">
        <ele>7.033765818923712</ele>
        <time>1970-01-01T00:30:26Z</time>
        <extensions>
          <gpxtpx:TrackPointExtension>
            <gpxtpx:hr>166</gpxtpx:hr>
          </gpxtpx:TrackPointExtension>
        </extensions>
      </trkpt>
      <trkpt lat="31.04472007132718" lon="121.5319557096851">
        <ele>7.034286331385374</ele>
        <time>1970-01-01T00:30:27Z</time>
        <extensions>
          <gpxtpx:TrackPointExtension>
            <gpxtpx:hr>166</gpxtpx:hr>
          </gpxtpx:TrackPointExtension>
        </extensions>
      </trkpt>
      <trkpt lat="31.04469718999938" lon="121.53197014223966">
        <ele>7.03580891340971</ele>
        <time>1970-01-01T00:30:28Z</time>
        <extensions>
          <gpxtpx:TrackPointExtension>
            <gpxtpx:hr>166</gpxtpx:hr>
          </gpxtpx:TrackPointExtension>
        </extensions>
      </trkpt>
      <trkpt lat="31.04467394098232" lon="121.5319858847368">
        <ele>7.037679242901504</ele>
        <time>1970-01-01T00:30:29Z</time>
        <extensions>
          <gpxtpx:TrackPointExtension>
            <gpxtpx:hr>166</gpxtpx:hr>
          </gpxtpx:TrackPointExtension>
        </extensions>
      </trkpt>
      <trkpt lat="31.04465092991366" lon="121.53200206010561">
        <ele>7.039124445058405</ele>
        <time>1970-01-01T00:30:30Z</time>
        <extensions>
          <gpxtpx:TrackPointExtension>
            <gpxtpx:hr>166</gpxtpx:hr>
          </gpxtpx:TrackPointExtension>
        </extensions>
      </trkpt>
      <trkpt lat="31.04462860877342" lon="121.53201778138835">
        <ele>7.0393304554745555</ele>
        <time>1970-01-01T00:30:31Z</time>
        <extensions>
          <gpxtpx:TrackPointExtension>
            <gpxtpx:hr>166</gpxtpx:hr>
          </gpxtpx:TrackPointExtension>
        </extensions>
      </trkpt>
      <trkpt lat="31.044606324310017" lon="121.53203308599878">
        <ele>7.037815217860043</ele>
        <time>1970-01-01T00:30:32Z</time>
        <extensions>
          <gpxtpx:TrackPointExtension>
            <gpxtpx:hr>167</gpxtpx:hr>
          </gpxtpx:TrackPointExtension>
        </extensions>
      </trkpt>
      <trkpt lat="31.04458338921124" lon="121.53204801005019">
        <ele>7.034264596179128</ele>
        <time>1970-01-01T00:30:33Z</time>
        <extensions>
          <gpxtpx:TrackPointExtension>
            <gpxtpx:hr>167</gpxtpx:hr>
          </gpxtpx:TrackPointExtension>
        </extensions>
      </trkpt>
      <trkpt lat="31.04456002024635" lon="121.53206252250696">
        <ele>7.0284970588982105</ele>
        <time>1970-01-01T00:30:34Z</time>
        <extensions>
          <gpxtpx:TrackPointExtension>
            <gpxtpx:hr>167</gpxtpx:hr>
          </gpxtpx:TrackPointExtension>
        </extensions>
      </trkpt>
      <trkpt lat="31.04453666144722" lon="121.5320776326564">
        <ele>7.020467451773584</ele>
        <time>1970-01-01T00:30:35Z</time>
        <extensions>
          <gpxtpx:TrackPointExtension>
            <gpxtpx:hr>167</gpxtpx:hr>
          </gpxtpx:TrackPointExtension>
        </extensions>
      </trkpt>
      <trkpt lat="31.044513189879698" lon="121.53209308463059">
        <ele>7.010294325649738</ele>
        <time>1970-01-01T00:30:36Z</time>
        <extensions>
          <gpxtpx:TrackPointExtension>
            <gpxtpx:hr>167</gpxtpx:hr>
          </gpxtpx:TrackPointExtension>
        </extensions>
      </trkpt>
      <trkpt lat="31.044489478463714" lon="121.5321083254069">
        <ele>6.998083163052797</ele>
        <time>1970-01-01T00:30:37Z</time>
        <extensions>
          <gpxtpx:TrackPointExtension>
            <gpxtpx:hr>167</gpxtpx:hr>
          </gpxtpx:TrackPointExtension>
        </extensions>
      </trkpt>
      <trkpt lat="31.044466161089613" lon="121.53212400913588">
        <ele>6.9840137381106615</ele>
        <time>1970-01-01T00:30:38Z</time>
        <extensions>
          <gpxtpx:TrackPointExtension>
            <gpxtpx:hr>167</gpxtpx:hr>
          </gpxtpx:TrackPointExtension>
        </extensions>
      </trkpt>
      <trkpt lat="31.04444339292851" lon="121.53214004197608">
        <ele>6.9683880703523755</ele>
        <time>1970-01-01T00:30:39Z</time>
        <extensions>
          <gpxtpx:TrackPointExtension>
            <gpxtpx:hr>167</gpxtpx:hr>
          </gpxtpx:TrackPointExtension>
        </extensions>
      </trkpt>
      <trkpt lat="31.044420595262352" lon="121.53215658638858">
        <ele>6.95168531127274</ele>
        <time>1970-01-01T00:30:40Z</time>
        <extensions>
          <gpxtpx:TrackPointExtension>
            <gpxtpx:hr>167</gpxtpx:hr>
          </gpxtpx:TrackPointExtension>
        </extensions>
      </trkpt>
      <trkpt lat="31.04439758015541" lon="121.5321725231153">
        <ele>6.934352332726121</ele>
        <time>1970-01-01T00:30:41Z</time>
        <extensions>
          <gpxtpx:TrackPointExtension>
            <gpxtpx:hr>167</gpxtpx:hr>
          </gpxtpx:TrackPointExtension>
        </extensions>
      </trkpt>
      <trkpt lat="31.044374061459308" lon="121.53218692279238">
        <ele>6.916696270927787</ele>
        <time>1970-01-01T00:30:42Z</time>
        <extensions>
          <gpxtpx:TrackPointExtension>
            <gpxtpx:hr>167</gpxtpx:hr>
          </gpxtpx:TrackPointExtension>
        </extensions>
      </trkpt>
      <trkpt lat="31.044349619332376" lon="121.53220076841644">
        <ele>6.898868795484304</ele>
        <time>1970-01-01T00:30:43Z</time>
        <extensions>
          <gpxtpx:TrackPointExtension>
            <gpxtpx:hr>167</gpxtpx:hr>
          </gpxtpx:TrackPointExtension>
        </extensions>
      </trkpt>
      <trkpt lat="31.04432494117217" lon="121.53221391711256">
        <ele>6.88093426823616</ele>
        <time>1970-01-01T00:30:44Z</time>
        <extensions>
          <gpxtpx:TrackPointExtension>
            <gpxtpx:hr>167</gpxtpx:hr>
          </gpxtpx:TrackPointExtension>
        </extensions>
      </trkpt>
      <trkpt lat="31.044301173410787" lon="121.5322270213541">
        <ele>6.863330082967877</ele>
        <time>1970-01-01T00:30:45Z</time>
        <extensions>
          <gpxtpx:TrackPointExtension>
            <gpxtpx:hr>167</gpxtpx:hr>
          </gpxtpx:TrackPointExtension>
        </extensions>
      </trkpt>
      <trkpt lat="31.04427898182907" lon="121.53224173510523">
        <ele>6.846434968523681</ele>
        <time>1970-01-01T00:30:46Z</time>
        <extensions>
          <gpxtpx:TrackPointExtension>
            <gpxtpx:hr>167</gpxtpx:hr>
          </gpxtpx:TrackPointExtension>
        </extensions>
      </trkpt>
      <trkpt lat="31.04425885436814" lon="121.5322592100597">
        <ele>6.83048467990011</ele>
        <time>1970-01-01T00:30:47Z</time>
        <extensions>
          <gpxtpx:TrackPointExtension>
            <gpxtpx:hr>167</gpxtpx:hr>
          </gpxtpx:TrackPointExtension>
        </extensions>
      </trkpt>
      <trkpt lat="31.044241081321942" lon="121.53228019173046">
        <ele>6.815606691874564</ele>
        <time>1970-01-01T00:30:48Z</time>
        <extensions>
          <gpxtpx:TrackPointExtension>
            <gpxtpx:hr>167</gpxtpx:hr>
          </gpxtpx:TrackPointExtension>
        </extensions>
      </trkpt>
      <trkpt lat="31.04422553144948" lon="121.53230391823662">
        <ele>6.801964486017823</ele>
        <time>1970-01-01T00:30:49Z</time>
        <extensions>
          <gpxtpx:TrackPointExtension>
            <gpxtpx:hr>167</gpxtpx:hr>
          </gpxtpx:TrackPointExtension>
        </extensions>
      </trkpt>
      <trkpt lat="31.044211970528124" lon="121.53232952210375">
        <ele>6.7897175550460815</ele>
        <time>1970-01-01T00:30:50Z</time>
        <extensions>
          <gpxtpx:TrackPointExtension>
            <gpxtpx:hr>167</gpxtpx:hr>
          </gpxtpx:TrackPointExtension>
        </extensions>
      </trkpt>
      <trkpt lat="31.0442011207535" lon="121.53235713392853">
        <ele>6.778991536237299</ele>
        <time>1970-01-01T00:30:51Z</time>
        <extensions>
          <gpxtpx:TrackPointExtension>
            <gpxtpx:hr>167</gpxtpx:hr>
          </gpxtpx:TrackPointExtension>
        </extensions>
      </trkpt>
      <trkpt lat="31.044193621092845" lon="121.53238617103287">
        <ele>6.769983689300716</ele>
        <time>1970-01-01T00:30:52Z</time>
        <extensions>
          <gpxtpx:TrackPointExtension>
            <gpxtpx:hr>167</gpxtpx:hr>
          </gpxtpx:TrackPointExtension>
        </extensions>
      </trkpt>
      <trkpt lat="31.04418870159771" lon="121.53241575718212">
        <ele>6.7630033595487475</ele>
        <time>1970-01-01T00:30:53Z</time>
        <extensions>
          <gpxtpx:TrackPointExtension>
            <gpxtpx:hr>167</gpxtpx:hr>
          </gpxtpx:TrackPointExtension>
        </extensions>
      </trkpt>
      <trkpt lat="31.044185092126025" lon="121.53244585873945">
        <ele>6.758280794136226</ele>
        <time>1970-01-01T00:30:54Z</time>
        <extensions>
          <gpxtpx:TrackPointExtension>
            <gpxtpx:hr>167</gpxtpx:hr>
          </gpxtpx:TrackPointExtension>
        </extensions>
      </trkpt>
      <trkpt lat="31.044182003495102" lon="121.53247623761564">
        <ele>6.756851525977254</ele>
        <time>1970-01-01T00:30:55Z</time>
        <extensions>
          <gpxtpx:TrackPointExtension>
            <gpxtpx:hr>167</gpxtpx:hr>
          </gpxtpx:TrackPointExtension>
        </extensions>
      </trkpt>
      <trkpt lat="31.04418022050352" lon="121.53250683578398">
        <ele>6.759743340313435</ele>
        <time>1970-01-01T00:30:56Z</time>
        <extensions>
          <gpxtpx:TrackPointExtension>
            <gpxtpx:hr>167</gpxtpx:hr>
          </gpxtpx:TrackPointExtension>
        </extensions>
      </trkpt>
      <trkpt lat="31.044181443067252" lon="121.5325373607391">
        <ele>6.767564443871379</ele>
        <time>1970-01-01T00:30:57Z</time>
        <extensions>
          <gpxtpx:TrackPointExtension>
            <gpxtpx:hr>167</gpxtpx:hr>
          </gpxtpx:TrackPointExtension>
        </extensions>
      </trkpt>
      <trkpt lat="31.044186297434123" lon="121.53256658733926">
        <ele>6.780137833207846</ele>
        <time>1970-01-01T00:30:58Z</time>
        <extensions>
          <gpxtpx:TrackPointExtension>
            <gpxtpx:hr>167</gpxtpx:hr>
          </gpxtpx:TrackPointExtension>
        </extensions>
      </trkpt>
      <trkpt lat="31.04419455075581" lon="121.53259436822061">
        <ele>6.797375738620758</ele>
        <time>1970-01-01T00:30:59Z</time>
        <extensions>
          <gpxtpx:TrackPointExtension>
            <gpxtpx:hr>167</gpxtpx:hr>
          </gpxtpx:TrackPointExtension>
        </extensions>
      </trkpt>
      <trkpt lat="31.04420596051" lon="121.53262049477424">
        <ele>6.819544896483421</ele>
        <time>1970-01-01T00:31:00Z</time>
        <extensions>
          <gpxtpx:TrackPointExtension>
            <gpxtpx:hr>167</gpxtpx:hr>
          </gpxtpx:TrackPointExtension>
        </extensions>
      </trkpt>
      <trkpt lat="31.04422066182208" lon="121.53264381962857">
        <ele>6.846956722438335</ele>
        <time>1970-01-01T00:31:01Z</time>
        <extensions>
          <gpxtpx:TrackPointExtension>
            <gpxtpx:hr>167</gpxtpx:hr>
          </gpxtpx:TrackPointExtension>
        </extensions>
      </trkpt>
      <trkpt lat="31.04423827239431" lon="121.5326646659656">
        <ele>6.879822061397135</ele>
        <time>1970-01-01T00:31:02Z</time>
        <extensions>
          <gpxtpx:TrackPointExtension>
            <gpxtpx:hr>167</gpxtpx:hr>
          </gpxtpx:TrackPointExtension>
        </extensions>
      </trkpt>
      <trkpt lat="31.04425697617117" lon="121.5326841231153">
        <ele>6.918229261413217</ele>
        <time>1970-01-01T00:31:03Z</time>
        <extensions>
          <gpxtpx:TrackPointExtension>
            <gpxtpx:hr>167</gpxtpx:hr>
          </gpxtpx:TrackPointExtension>
        </extensions>
      </trkpt>
      <trkpt lat="31.04427580195073" lon="121.53270222002801">
        <ele>6.962034468539059</ele>
        <time>1970-01-01T00:31:04Z</time>
        <extensions>
          <gpxtpx:TrackPointExtension>
            <gpxtpx:hr>164</gpxtpx:hr>
          </gpxtpx:TrackPointExtension>
        </extensions>
      </trkpt>
      <trkpt lat="31.04429495941345" lon="121.53271875955367">
        <ele>7.010030816309154</ele>
        <time>1970-01-01T00:31:05Z</time>
        <extensions>
          <gpxtpx:TrackPointExtension>
            <gpxtpx:hr>164</gpxtpx:hr>
          </gpxtpx:TrackPointExtension>
        </extensions>
      </trkpt>
      <trkpt lat="31.044315180030395" lon="121.53273379130975">
        <ele>7.060404096730053</ele>
        <time>1970-01-01T00:31:05Z</time>
        <extensions>
          <gpxtpx:TrackPointExtension>
            <gpxtpx:hr>164</gpxtpx:hr>
          </gpxtpx:TrackPointExtension>
        </extensions>
      </trkpt>
      <trkpt lat="31.04433726748061" lon="121.53274647409191">
        <ele>7.1112141869962215</ele>
        <time>1970-01-01T00:31:06Z</time>
        <extensions>
          <gpxtpx:TrackPointExtension>
            <gpxtpx:hr>164</gpxtpx:hr>
          </gpxtpx:TrackPointExtension>
        </extensions>
      </trkpt>
      <trkpt lat="31.044361280747577" lon="121.5327563721393">
        <ele>7.160195485688746</ele>
        <time>1970-01-01T00:31:07Z</time>
        <extensions>
          <gpxtpx:TrackPointExtension>
            <gpxtpx:hr>164</gpxtpx:hr>
          </gpxtpx:TrackPointExtension>
        </extensions>
      </trkpt>
      <trkpt lat="31.044387037589782" lon="121.53276317076549">
        <ele>7.205301500856876</ele>
        <time>1970-01-01T00:31:08Z</time>
        <extensions>
          <gpxtpx:TrackPointExtension>
            <gpxtpx:hr>164</gpxtpx:hr>
          </gpxtpx:TrackPointExtension>
        </extensions>
      </trkpt>
      <trkpt lat="31.044414239363327" lon="121.532765731173">
        <ele>7.244894644245505</ele>
        <time>1970-01-01T00:31:09Z</time>
        <extensions>
          <gpxtpx:TrackPointExtension>
            <gpxtpx:hr>165</gpxtpx:hr>
          </gpxtpx:TrackPointExtension>
        </extensions>
      </trkpt>
      <trkpt lat="31.04444172728887" lon="121.53276436166038">
        <ele>7.277603923343122</ele>
        <time>1970-01-01T00:31:10Z</time>
        <extensions>
          <gpxtpx:TrackPointExtension>
            <gpxtpx:hr>165</gpxtpx:hr>
          </gpxtpx:TrackPointExtension>
        </extensions>
      </trkpt>
      <trkpt lat="31.04446871341122" lon="121.53275948891044">
        <ele>7.302131353877485</ele>
        <time>1970-01-01T00:31:11Z</time>
        <extensions>
          <gpxtpx:TrackPointExtension>
            <gpxtpx:hr>165</gpxtpx:hr>
          </gpxtpx:TrackPointExtension>
        </extensions>
      </trkpt>
      <trkpt lat="31.04449548125381" lon="121.5327509774275">
        <ele>7.317554451525211</ele>
        <time>1970-01-01T00:31:12Z</time>
        <extensions>
          <gpxtpx:TrackPointExtension>
            <gpxtpx:hr>165</gpxtpx:hr>
          </gpxtpx:TrackPointExtension>
        </extensions>
      </trkpt>
      <trkpt lat="31.0445218179174" lon="121.53273992464122">
        <ele>7.323190927505493</ele>
        <time>1970-01-01T00:31:13Z</time>
        <extensions>
          <gpxtpx:TrackPointExtension>
            <gpxtpx:hr>165</gpxtpx:hr>
          </gpxtpx:TrackPointExtension>
        </extensions>
      </trkpt>
      <trkpt lat="31.04454677400372" lon="121.53272773508967">
        <ele>7.318940989673138</ele>
        <time>1970-01-01T00:31:14Z</time>
        <extensions>
          <gpxtpx:TrackPointExtension>
            <gpxtpx:hr>165</gpxtpx:hr>
          </gpxtpx:TrackPointExtension>
        </extensions>
      </trkpt>
      <trkpt lat="31.044569972108302" lon="121.53271470317391">
        <ele>7.305419933050871</ele>
        <time>1970-01-01T00:31:15Z</time>
        <extensions>
          <gpxtpx:TrackPointExtension>
            <gpxtpx:hr>165</gpxtpx:hr>
          </gpxtpx:TrackPointExtension>
        </extensions>
      </trkpt>
      <trkpt lat="31.04459209249643" lon="121.53270067805424">
        <ele>7.283738167025149</ele>
        <time>1970-01-01T00:31:16Z</time>
        <extensions>
          <gpxtpx:TrackPointExtension>
            <gpxtpx:hr>165</gpxtpx:hr>
          </gpxtpx:TrackPointExtension>
        </extensions>
      </trkpt>
      <trkpt lat="31.044614314257533" lon="121.53268592167724">
        <ele>7.255304564721882</ele>
        <time>1970-01-01T00:31:17Z</time>
        <extensions>
          <gpxtpx:TrackPointExtension>
            <gpxtpx:hr>165</gpxtpx:hr>
          </gpxtpx:TrackPointExtension>
        </extensions>
      </trkpt>
      <trkpt lat="31.04463709181592" lon="121.5326714776974">
        <ele>7.221807768568397</ele>
        <time>1970-01-01T00:31:18Z</time>
        <extensions>
          <gpxtpx:TrackPointExtension>
            <gpxtpx:hr>165</gpxtpx:hr>
          </gpxtpx:TrackPointExtension>
        </extensions>
      </trkpt>
      <trkpt lat="31.044659732732317" lon="121.53265799306592">
        <ele>7.184950420632958</ele>
        <time>1970-01-01T00:31:19Z</time>
        <extensions>
          <gpxtpx:TrackPointExtension>
            <gpxtpx:hr>165</gpxtpx:hr>
          </gpxtpx:TrackPointExtension>
        </extensions>
      </trkpt>
      <trkpt lat="31.044681843916997" lon="121.53264526886487">
        <ele>7.146208735182881</ele>
        <time>1970-01-01T00:31:20Z</time>
        <extensions>
          <gpxtpx:TrackPointExtension>
            <gpxtpx:hr>165</gpxtpx:hr>
          </gpxtpx:TrackPointExtension>
        </extensions>
      </trkpt>
      <trkpt lat="31.04470368282301" lon="121.53263356870802">
        <ele>7.106871904805303</ele>
        <time>1970-01-01T00:31:21Z</time>
        <extensions>
          <gpxtpx:TrackPointExtension>
            <gpxtpx:hr>165</gpxtpx:hr>
          </gpxtpx:TrackPointExtension>
        </extensions>
      </trkpt>
      <trkpt lat="31.044725243730323" lon="121.53262201167877">
        <ele>7.0679683880880475</ele>
        <time>1970-01-01T00:31:22Z</time>
        <extensions>
          <gpxtpx:TrackPointExtension>
            <gpxtpx:hr>164</gpxtpx:hr>
          </gpxtpx:TrackPointExtension>
        </extensions>
      </trkpt>
      <trkpt lat="31.044746680456736" lon="121.53260951851797">
        <ele>7.030223393812776</ele>
        <time>1970-01-01T00:31:23Z</time>
        <extensions>
          <gpxtpx:TrackPointExtension>
            <gpxtpx:hr>164</gpxtpx:hr>
          </gpxtpx:TrackPointExtension>
        </extensions>
      </trkpt>
      <trkpt lat="31.04476846029892" lon="121.53259636766765">
        <ele>6.99406614061445</ele>
        <time>1970-01-01T00:31:24Z</time>
        <extensions>
          <gpxtpx:TrackPointExtension>
            <gpxtpx:hr>164</gpxtpx:hr>
          </gpxtpx:TrackPointExtension>
        </extensions>
      </trkpt>
      <trkpt lat="31.04479039614625" lon="121.53258264740299">
        <ele>6.959674941375852</ele>
        <time>1970-01-01T00:31:25Z</time>
        <extensions>
          <gpxtpx:TrackPointExtension>
            <gpxtpx:hr>164</gpxtpx:hr>
          </gpxtpx:TrackPointExtension>
        </extensions>
      </trkpt>
      <trkpt lat="31.04481237681195" lon="121.53256855227923">
        <ele>6.926975898444653</ele>
        <time>1970-01-01T00:31:26Z</time>
        <extensions>
          <gpxtpx:TrackPointExtension>
            <gpxtpx:hr>164</gpxtpx:hr>
          </gpxtpx:TrackPointExtension>
        </extensions>
      </trkpt>
      <trkpt lat="31.04483456551313" lon="121.53255424439169">
        <ele>6.895829437300563</ele>
        <time>1970-01-01T00:31:27Z</time>
        <extensions>
          <gpxtpx:TrackPointExtension>
            <gpxtpx:hr>164</gpxtpx:hr>
          </gpxtpx:TrackPointExtension>
        </extensions>
      </trkpt>
      <trkpt lat="31.044856677464633" lon="121.5325397188714">
        <ele>6.866058820858598</ele>
        <time>1970-01-01T00:31:28Z</time>
        <extensions>
          <gpxtpx:TrackPointExtension>
            <gpxtpx:hr>165</gpxtpx:hr>
          </gpxtpx:TrackPointExtension>
        </extensions>
      </trkpt>
      <trkpt lat="31.044878611738746" lon="121.53252496530833">
        <ele>6.837572236545384</ele>
        <time>1970-01-01T00:31:29Z</time>
        <extensions>
          <gpxtpx:TrackPointExtension>
            <gpxtpx:hr>165</gpxtpx:hr>
          </gpxtpx:TrackPointExtension>
        </extensions>
      </trkpt>
      <trkpt lat="31.0449006430261" lon="121.53250905198988">
        <ele>6.810746929608285</ele>
        <time>1970-01-01T00:31:30Z</time>
        <extensions>
          <gpxtpx:TrackPointExtension>
            <gpxtpx:hr>165</gpxtpx:hr>
          </gpxtpx:TrackPointExtension>
        </extensions>
      </trkpt>
      <trkpt lat="31.044922630042922" lon="121.53249204135494">
        <ele>6.786009717732668</ele>
        <time>1970-01-01T00:31:31Z</time>
        <extensions>
          <gpxtpx:TrackPointExtension>
            <gpxtpx:hr>165</gpxtpx:hr>
          </gpxtpx:TrackPointExtension>
        </extensions>
      </trkpt>
      <trkpt lat="31.044944566409786" lon="121.53247485337891">
        <ele>6.763750001788139</ele>
        <time>1970-01-01T00:31:32Z</time>
        <extensions>
          <gpxtpx:TrackPointExtension>
            <gpxtpx:hr>165</gpxtpx:hr>
          </gpxtpx:TrackPointExtension>
        </extensions>
      </trkpt>
      <trkpt lat="31.044966328391265" lon="121.53245782578679">
        <ele>6.744346647523344</ele>
        <time>1970-01-01T00:31:33Z</time>
        <extensions>
          <gpxtpx:TrackPointExtension>
            <gpxtpx:hr>164</gpxtpx:hr>
          </gpxtpx:TrackPointExtension>
        </extensions>
      </trkpt>
      <trkpt lat="31.04498762759963" lon="121.532441603765">
        <ele>6.728202628903091</ele>
        <time>1970-01-01T00:31:34Z</time>
        <extensions>
          <gpxtpx:TrackPointExtension>
            <gpxtpx:hr>164</gpxtpx:hr>
          </gpxtpx:TrackPointExtension>
        </extensions>
      </trkpt>
      <trkpt lat="31.04500858370979" lon="121.53242581350764">
        <ele>6.71569793485105</ele>
        <time>1970-01-01T00:31:35Z</time>
        <extensions>
          <gpxtpx:TrackPointExtension>
            <gpxtpx:hr>164</gpxtpx:hr>
          </gpxtpx:TrackPointExtension>
        </extensions>
      </trkpt>
      <trkpt lat="31.045029260564004" lon="121.5324092718725">
        <ele>6.7071665385738015</ele>
        <time>1970-01-01T00:31:36Z</time>
        <extensions>
          <gpxtpx:TrackPointExtension>
            <gpxtpx:hr>164</gpxtpx:hr>
          </gpxtpx:TrackPointExtension>
        </extensions>
      </trkpt>
      <trkpt lat="31.045049121861556" lon="121.53239163828876">
        <ele>6.702650919556618</ele>
        <time>1970-01-01T00:31:37Z</time>
        <extensions>
          <gpxtpx:TrackPointExtension>
            <gpxtpx:hr>164</gpxtpx:hr>
          </gpxtpx:TrackPointExtension>
        </extensions>
      </trkpt>
      <trkpt lat="31.04506753887609" lon="121.53237223378216">
        <ele>6.701896174810827</ele>
        <time>1970-01-01T00:31:38Z</time>
        <extensions>
          <gpxtpx:TrackPointExtension>
            <gpxtpx:hr>164</gpxtpx:hr>
          </gpxtpx:TrackPointExtension>
        </extensions>
      </trkpt>
      <trkpt lat="31.045084157326936" lon="121.53235056140082">
        <ele>6.704506318084896</ele>
        <time>1970-01-01T00:31:39Z</time>
        <extensions>
          <gpxtpx:TrackPointExtension>
            <gpxtpx:hr>164</gpxtpx:hr>
          </gpxtpx:TrackPointExtension>
        </extensions>
      </trkpt>
      <trkpt lat="31.045098815934214" lon="121.53232646403957">
        <ele>6.710380804724991</ele>
        <time>1970-01-01T00:31:40Z</time>
        <extensions>
          <gpxtpx:TrackPointExtension>
            <gpxtpx:hr>164</gpxtpx:hr>
          </gpxtpx:TrackPointExtension>
        </extensions>
      </trkpt>
      <trkpt lat="31.0451112796499" lon="121.53230028204977">
        <ele>6.719231961295009</ele>
        <time>1970-01-01T00:31:41Z</time>
        <extensions>
          <gpxtpx:TrackPointExtension>
            <gpxtpx:hr>164</gpxtpx:hr>
          </gpxtpx:TrackPointExtension>
        </extensions>
      </trkpt>
      <trkpt lat="31.045121358250025" lon="121.53227327902285">
        <ele>6.73058510851115</ele>
        <time>1970-01-01T00:31:42Z</time>
        <extensions>
          <gpxtpx:TrackPointExtension>
            <gpxtpx:hr>164</gpxtpx:hr>
          </gpxtpx:TrackPointExtension>
        </extensions>
      </trkpt>
      <trkpt lat="31.045128806683483" lon="121.5322459867626">
        <ele>6.743837855756283</ele>
        <time>1970-01-01T00:31:43Z</time>
        <extensions>
          <gpxtpx:TrackPointExtension>
            <gpxtpx:hr>164</gpxtpx:hr>
          </gpxtpx:TrackPointExtension>
        </extensions>
      </trkpt>
      <trkpt lat="31.045133468360874" lon="121.53221854872783">
        <ele>6.758434425108135</ele>
        <time>1970-01-01T00:31:44Z</time>
        <extensions>
          <gpxtpx:TrackPointExtension>
            <gpxtpx:hr>164</gpxtpx:hr>
          </gpxtpx:TrackPointExtension>
        </extensions>
      </trkpt>
      <trkpt lat="31.04513571742748" lon="121.53219127187357">
        <ele>6.773726440966129</ele>
        <time>1970-01-01T00:31:45Z</time>
        <extensions>
          <gpxtpx:TrackPointExtension>
            <gpxtpx:hr>164</gpxtpx:hr>
          </gpxtpx:TrackPointExtension>
        </extensions>
      </trkpt>
      <trkpt lat="31.04513582236609" lon="121.53216367810319">
        <ele>6.789150626398623</ele>
        <time>1970-01-01T00:31:46Z</time>
        <extensions>
          <gpxtpx:TrackPointExtension>
            <gpxtpx:hr>164</gpxtpx:hr>
          </gpxtpx:TrackPointExtension>
        </extensions>
      </trkpt>
      <trkpt lat="31.045133864285713" lon="121.53213543002501">
        <ele>6.804215896874666</ele>
        <time>1970-01-01T00:31:47Z</time>
        <extensions>
          <gpxtpx:TrackPointExtension>
            <gpxtpx:hr>164</gpxtpx:hr>
          </gpxtpx:TrackPointExtension>
        </extensions>
      </trkpt>
      <trkpt lat="31.045129160501585" lon="121.53210676443805">
        <ele>6.81845832709223</ele>
        <time>1970-01-01T00:31:48Z</time>
        <extensions>
          <gpxtpx:TrackPointExtension>
            <gpxtpx:hr>164</gpxtpx:hr>
          </gpxtpx:TrackPointExtension>
        </extensions>
      </trkpt>
      <trkpt lat="31.045120548598835" lon="121.53207821641129">
        <ele>6.831510539166629</ele>
        <time>1970-01-01T00:31:49Z</time>
        <extensions>
          <gpxtpx:TrackPointExtension>
            <gpxtpx:hr>164</gpxtpx:hr>
          </gpxtpx:TrackPointExtension>
        </extensions>
      </trkpt>
      <trkpt lat="31.045108291562787" lon="121.53205046087139">
        <ele>6.843047589063644</ele>
        <time>1970-01-01T00:31:50Z</time>
        <extensions>
          <gpxtpx:TrackPointExtension>
            <gpxtpx:hr>164</gpxtpx:hr>
          </gpxtpx:TrackPointExtension>
        </extensions>
      </trkpt>
      <trkpt lat="31.045093270045253" lon="121.53202422562325">
        <ele>6.852712050080299</ele>
        <time>1970-01-01T00:31:51Z</time>
        <extensions>
          <gpxtpx:TrackPointExtension>
            <gpxtpx:hr>164</gpxtpx:hr>
          </gpxtpx:TrackPointExtension>
        </extensions>
      </trkpt>
      <trkpt lat="31.045076669585526" lon="121.53200003834903">
        <ele>6.860130880959332</ele>
        <time>1970-01-01T00:31:52Z</time>
        <extensions>
          <gpxtpx:TrackPointExtension>
            <gpxtpx:hr>163</gpxtpx:hr>
          </gpxtpx:TrackPointExtension>
        </extensions>
      </trkpt>
      <trkpt lat="31.045059157672327" lon="121.53197807229203">
        <ele>6.864978640340269</ele>
        <time>1970-01-01T00:31:53Z</time>
        <extensions>
          <gpxtpx:TrackPointExtension>
            <gpxtpx:hr>163</gpxtpx:hr>
          </gpxtpx:TrackPointExtension>
        </extensions>
      </trkpt>
      <trkpt lat="31.045040502971247" lon="121.53195871212974">
        <ele>6.867007433436811</ele>
        <time>1970-01-01T00:31:54Z</time>
        <extensions>
          <gpxtpx:TrackPointExtension>
            <gpxtpx:hr>163</gpxtpx:hr>
          </gpxtpx:TrackPointExtension>
        </extensions>
      </trkpt>
      <trkpt lat="31.045020877589906" lon="121.53194243751416">
        <ele>6.86604140046984</ele>
        <time>1970-01-01T00:31:55Z</time>
        <extensions>
          <gpxtpx:TrackPointExtension>
            <gpxtpx:hr>163</gpxtpx:hr>
          </gpxtpx:TrackPointExtension>
        </extensions>
      </trkpt>
      <trkpt lat="31.044999994670142" lon="121.53192900419636">
        <ele>6.862008983269334</ele>
        <time>1970-01-01T00:31:56Z</time>
        <extensions>
          <gpxtpx:TrackPointExtension>
            <gpxtpx:hr>163</gpxtpx:hr>
          </gpxtpx:TrackPointExtension>
        </extensions>
      </trkpt>
      <trkpt lat="31.04497797202117" lon="121.53191799734324">
        <ele>6.855027505196631</ele>
        <time>1970-01-01T00:31:57Z</time>
        <extensions>
          <gpxtpx:TrackPointExtension>
            <gpxtpx:hr>163</gpxtpx:hr>
          </gpxtpx:TrackPointExtension>
        </extensions>
      </trkpt>
      <trkpt lat="31.04495529332649" lon="121.53190973692809">
        <ele>6.8458074647933245</ele>
        <time>1970-01-01T00:31:58Z</time>
        <extensions>
          <gpxtpx:TrackPointExtension>
            <gpxtpx:hr>163</gpxtpx:hr>
          </gpxtpx:TrackPointExtension>
        </extensions>
      </trkpt>
      <trkpt lat="31.04493171587529" lon="121.53190456763167">
        <ele>6.83510797098279</ele>
        <time>1970-01-01T00:31:59Z</time>
        <extensions>
          <gpxtpx:TrackPointExtension>
            <gpxtpx:hr>162</gpxtpx:hr>
          </gpxtpx:TrackPointExtension>
        </extensions>
      </trkpt>
      <trkpt lat="31.04490747547154" lon="121.5319025416009">
        <ele>6.823632967658341</ele>
        <time>1970-01-01T00:32:00Z</time>
        <extensions>
          <gpxtpx:TrackPointExtension>
            <gpxtpx:hr>162</gpxtpx:hr>
          </gpxtpx:TrackPointExtension>
        </extensions>
      </trkpt>
      <trkpt lat="31.044883035725885" lon="121.5319035251381">
        <ele>6.812036173418164</ele>
        <time>1970-01-01T00:32:01Z</time>
        <extensions>
          <gpxtpx:TrackPointExtension>
            <gpxtpx:hr>162</gpxtpx:hr>
          </gpxtpx:TrackPointExtension>
        </extensions>
      </trkpt>
      <trkpt lat="31.0448586314392" lon="121.53190740003953">
        <ele>6.80096147954464</ele>
        <time>1970-01-01T00:32:02Z</time>
        <extensions>
          <gpxtpx:TrackPointExtension>
            <gpxtpx:hr>162</gpxtpx:hr>
          </gpxtpx:TrackPointExtension>
        </extensions>
      </trkpt>
      <trkpt lat="31.044834427322197" lon="121.53191369259798">
        <ele>6.790711949579418</ele>
        <time>1970-01-01T00:32:03Z</time>
        <extensions>
          <gpxtpx:TrackPointExtension>
            <gpxtpx:hr>162</gpxtpx:hr>
          </gpxtpx:TrackPointExtension>
        </extensions>
      </trkpt>
      <trkpt lat="31.044810550204602" lon="121.53192176699677">
        <ele>6.781562961637974</ele>
        <time>1970-01-01T00:32:04Z</time>
        <extensions>
          <gpxtpx:TrackPointExtension>
            <gpxtpx:hr>161</gpxtpx:hr>
          </gpxtpx:TrackPointExtension>
        </extensions>
      </trkpt>
      <trkpt lat="31.04478711662966" lon="121.53193049017878">
        <ele>6.773507040925324</ele>
        <time>1970-01-01T00:32:05Z</time>
        <extensions>
          <gpxtpx:TrackPointExtension>
            <gpxtpx:hr>161</gpxtpx:hr>
          </gpxtpx:TrackPointExtension>
        </extensions>
      </trkpt>
      <trkpt lat="31.044764265403444" lon="121.53193963633437">
        <ele>6.766221980564296</ele>
        <time>1970-01-01T00:32:06Z</time>
        <extensions>
          <gpxtpx:TrackPointExtension>
            <gpxtpx:hr>161</gpxtpx:hr>
          </gpxtpx:TrackPointExtension>
        </extensions>
      </trkpt>
      <trkpt lat="31.044741906878933" lon="121.53195047484687">
        <ele>6.759256588295102</ele>
        <time>1970-01-01T00:32:07Z</time>
        <extensions>
          <gpxtpx:TrackPointExtension>
            <gpxtpx:hr>161</gpxtpx:hr>
          </gpxtpx:TrackPointExtension>
        </extensions>
      </trkpt>
      <trkpt lat="31.044719941634188" lon="121.53196281679644">
        <ele>6.751895794644952</ele>
        <time>1970-01-01T00:32:08Z</time>
        <extensions>
          <gpxtpx:TrackPointExtension>
            <gpxtpx:hr>161</gpxtpx:hr>
          </gpxtpx:TrackPointExtension>
        </extensions>
      </trkpt>
      <trkpt lat="31.04469792632021" lon="121.53197639117221">
        <ele>6.743234264664352</ele>
        <time>1970-01-01T00:32:09Z</time>
        <extensions>
          <gpxtpx:TrackPointExtension>
            <gpxtpx:hr>161</gpxtpx:hr>
          </gpxtpx:TrackPointExtension>
        </extensions>
      </trkpt>
      <trkpt lat="31.044675846459327" lon="121.53199062112594">
        <ele>6.732357797212899</ele>
        <time>1970-01-01T00:32:10Z</time>
        <extensions>
          <gpxtpx:TrackPointExtension>
            <gpxtpx:hr>161</gpxtpx:hr>
          </gpxtpx:TrackPointExtension>
        </extensions>
      </trkpt>
      <trkpt lat="31.044654227592495" lon="121.53200448699414">
        <ele>6.718505011871457</ele>
        <time>1970-01-01T00:32:11Z</time>
        <extensions>
          <gpxtpx:TrackPointExtension>
            <gpxtpx:hr>161</gpxtpx:hr>
          </gpxtpx:TrackPointExtension>
        </extensions>
      </trkpt>
      <trkpt lat="31.04463322211497" lon="121.53201794439461">
        <ele>6.700984496623278</ele>
        <time>1970-01-01T00:32:12Z</time>
        <extensions>
          <gpxtpx:TrackPointExtension>
            <gpxtpx:hr>161</gpxtpx:hr>
          </gpxtpx:TrackPointExtension>
        </extensions>
      </trkpt>
      <trkpt lat="31.044612483980007" lon="121.53203117826455">
        <ele>6.680012322962284</ele>
        <time>1970-01-01T00:32:13Z</time>
        <extensions>
          <gpxtpx:TrackPointExtension>
            <gpxtpx:hr>161</gpxtpx:hr>
          </gpxtpx:TrackPointExtension>
        </extensions>
      </trkpt>
      <trkpt lat="31.04459187976681" lon="121.53204494564538">
        <ele>6.656129587441683</ele>
        <time>1970-01-01T00:32:14Z</time>
        <extensions>
          <gpxtpx:TrackPointExtension>
            <gpxtpx:hr>160</gpxtpx:hr>
          </gpxtpx:TrackPointExtension>
        </extensions>
      </trkpt>
      <trkpt lat="31.04457158960636" lon="121.53205948850533">
        <ele>6.630085181444883</ele>
        <time>1970-01-01T00:32:15Z</time>
        <extensions>
          <gpxtpx:TrackPointExtension>
            <gpxtpx:hr>160</gpxtpx:hr>
          </gpxtpx:TrackPointExtension>
        </extensions>
      </trkpt>
      <trkpt lat="31.04455131734363" lon="121.53207422463491">
        <ele>6.602792685851455</ele>
        <time>1970-01-01T00:32:16Z</time>
        <extensions>
          <gpxtpx:TrackPointExtension>
            <gpxtpx:hr>160</gpxtpx:hr>
          </gpxtpx:TrackPointExtension>
        </extensions>
      </trkpt>
      <trkpt lat="31.044529918919753" lon="121.53208922179874">
        <ele>6.575400616042316</ele>
        <time>1970-01-01T00:32:17Z</time>
        <extensions>
          <gpxtpx:TrackPointExtension>
            <gpxtpx:hr>160</gpxtpx:hr>
          </gpxtpx:TrackPointExtension>
        </extensions>
      </trkpt>
      <trkpt lat="31.04450676492382" lon="121.53210469140555">
        <ele>6.549099669791758</ele>
        <time>1970-01-01T00:32:18Z</time>
        <extensions>
          <gpxtpx:TrackPointExtension>
            <gpxtpx:hr>160</gpxtpx:hr>
          </gpxtpx:TrackPointExtension>
        </extensions>
      </trkpt>
      <trkpt lat="31.044482910038493" lon="121.53212020502752">
        <ele>6.525101827457547</ele>
        <time>1970-01-01T00:32:19Z</time>
        <extensions>
          <gpxtpx:TrackPointExtension>
            <gpxtpx:hr>160</gpxtpx:hr>
          </gpxtpx:TrackPointExtension>
        </extensions>
      </trkpt>
      <trkpt lat="31.044459096573608" lon="121.53213570697858">
        <ele>6.504510442726314</ele>
        <time>1970-01-01T00:32:20Z</time>
        <extensions>
          <gpxtpx:TrackPointExtension>
            <gpxtpx:hr>160</gpxtpx:hr>
          </gpxtpx:TrackPointExtension>
        </extensions>
      </trkpt>
      <trkpt lat="31.044435680263835" lon="121.53215070417393">
        <ele>6.488030087202787</ele>
        <time>1970-01-01T00:32:21Z</time>
        <extensions>
          <gpxtpx:TrackPointExtension>
            <gpxtpx:hr>160</gpxtpx:hr>
          </gpxtpx:TrackPointExtension>
        </extensions>
      </trkpt>
      <trkpt lat="31.044412971154554" lon="121.53216477637677">
        <ele>6.476101726293564</ele>
        <time>1970-01-01T00:32:22Z</time>
        <extensions>
          <gpxtpx:TrackPointExtension>
            <gpxtpx:hr>160</gpxtpx:hr>
          </gpxtpx:TrackPointExtension>
        </extensions>
      </trkpt>
      <trkpt lat="31.04439095693474" lon="121.53217852996545">
        <ele>6.468753471039236</ele>
        <time>1970-01-01T00:32:23Z</time>
        <extensions>
          <gpxtpx:TrackPointExtension>
            <gpxtpx:hr>160</gpxtpx:hr>
          </gpxtpx:TrackPointExtension>
        </extensions>
      </trkpt>
      <trkpt lat="31.044369832487785" lon="121.5321921090337">
        <ele>6.465594311244786</ele>
        <time>1970-01-01T00:32:24Z</time>
        <extensions>
          <gpxtpx:TrackPointExtension>
            <gpxtpx:hr>160</gpxtpx:hr>
          </gpxtpx:TrackPointExtension>
        </extensions>
      </trkpt>
      <trkpt lat="31.044349098925085" lon="121.5322062750109">
        <ele>6.46591748483479</ele>
        <time>1970-01-01T00:32:25Z</time>
        <extensions>
          <gpxtpx:TrackPointExtension>
            <gpxtpx:hr>160</gpxtpx:hr>
          </gpxtpx:TrackPointExtension>
        </extensions>
      </trkpt>
      <trkpt lat="31.04432809859943" lon="121.53222197029795">
        <ele>6.468876836821437</ele>
        <time>1970-01-01T00:32:26Z</time>
        <extensions>
          <gpxtpx:TrackPointExtension>
            <gpxtpx:hr>160</gpxtpx:hr>
          </gpxtpx:TrackPointExtension>
        </extensions>
      </trkpt>
      <trkpt lat="31.044307367183553" lon="121.53223886873855">
        <ele>6.4735442558303475</ele>
        <time>1970-01-01T00:32:27Z</time>
        <extensions>
          <gpxtpx:TrackPointExtension>
            <gpxtpx:hr>160</gpxtpx:hr>
          </gpxtpx:TrackPointExtension>
        </extensions>
      </trkpt>
      <trkpt lat="31.04428766725906" lon="121.5322566975479">
        <ele>6.479144827462733</ele>
        <time>1970-01-01T00:32:28Z</time>
        <extensions>
          <gpxtpx:TrackPointExtension>
            <gpxtpx:hr>160</gpxtpx:hr>
          </gpxtpx:TrackPointExtension>
        </extensions>
      </trkpt>
      <trkpt lat="31.044269702817612" lon="121.53227550354376">
        <ele>6.485098815523088</ele>
        <time>1970-01-01T00:32:29Z</time>
        <extensions>
          <gpxtpx:TrackPointExtension>
            <gpxtpx:hr>160</gpxtpx:hr>
          </gpxtpx:TrackPointExtension>
        </extensions>
      </trkpt>
      <trkpt lat="31.044253682738802" lon="121.53229569036672">
        <ele>6.490958355367184</ele>
        <time>1970-01-01T00:32:30Z</time>
        <extensions>
          <gpxtpx:TrackPointExtension>
            <gpxtpx:hr>160</gpxtpx:hr>
          </gpxtpx:TrackPointExtension>
        </extensions>
      </trkpt>
      <trkpt lat="31.044239281876315" lon="121.53231801872586">
        <ele>6.496294494718313</ele>
        <time>1970-01-01T00:32:31Z</time>
        <extensions>
          <gpxtpx:TrackPointExtension>
            <gpxtpx:hr>160</gpxtpx:hr>
          </gpxtpx:TrackPointExtension>
        </extensions>
      </trkpt>
      <trkpt lat="31.044226392001207" lon="121.53234212242636">
        <ele>6.500876074656844</ele>
        <time>1970-01-01T00:32:32Z</time>
        <extensions>
          <gpxtpx:TrackPointExtension>
            <gpxtpx:hr>160</gpxtpx:hr>
          </gpxtpx:TrackPointExtension>
        </extensions>
      </trkpt>
      <trkpt lat="31.044215151568626" lon="121.53236742498271">
        <ele>6.504749392159283</ele>
        <time>1970-01-01T00:32:33Z</time>
        <extensions>
          <gpxtpx:TrackPointExtension>
            <gpxtpx:hr>160</gpxtpx:hr>
          </gpxtpx:TrackPointExtension>
        </extensions>
      </trkpt>
      <trkpt lat="31.044205513552733" lon="121.5323939002176">
        <ele>6.508221604861319</ele>
        <time>1970-01-01T00:32:34Z</time>
        <extensions>
          <gpxtpx:TrackPointExtension>
            <gpxtpx:hr>159</gpxtpx:hr>
          </gpxtpx:TrackPointExtension>
        </extensions>
      </trkpt>
      <trkpt lat="31.04419791879955" lon="121.53242121432501">
        <ele>6.511676837690175</ele>
        <time>1970-01-01T00:32:35Z</time>
        <extensions>
          <gpxtpx:TrackPointExtension>
            <gpxtpx:hr>159</gpxtpx:hr>
          </gpxtpx:TrackPointExtension>
        </extensions>
      </trkpt>
      <trkpt lat="31.044193396020617" lon="121.53244956277246">
        <ele>6.515530367381871</ele>
        <time>1970-01-01T00:32:36Z</time>
        <extensions>
          <gpxtpx:TrackPointExtension>
            <gpxtpx:hr>159</gpxtpx:hr>
          </gpxtpx:TrackPointExtension>
        </extensions>
      </trkpt>
      <trkpt lat="31.044191974391893" lon="121.53247855455002">
        <ele>6.520189004950225</ele>
        <time>1970-01-01T00:32:37Z</time>
        <extensions>
          <gpxtpx:TrackPointExtension>
            <gpxtpx:hr>159</gpxtpx:hr>
          </gpxtpx:TrackPointExtension>
        </extensions>
      </trkpt>
      <trkpt lat="31.04419338607208" lon="121.53250737410112">
        <ele>6.525890755467117</ele>
        <time>1970-01-01T00:32:38Z</time>
        <extensions>
          <gpxtpx:TrackPointExtension>
            <gpxtpx:hr>159</gpxtpx:hr>
          </gpxtpx:TrackPointExtension>
        </extensions>
      </trkpt>
      <trkpt lat="31.044197753314275" lon="121.53253592987163">
        <ele>6.532572036609054</ele>
        <time>1970-01-01T00:32:39Z</time>
        <extensions>
          <gpxtpx:TrackPointExtension>
            <gpxtpx:hr>159</gpxtpx:hr>
          </gpxtpx:TrackPointExtension>
        </extensions>
      </trkpt>
      <trkpt lat="31.044204805221028" lon="121.53256339565037">
        <ele>6.540107326582074</ele>
        <time>1970-01-01T00:32:40Z</time>
        <extensions>
          <gpxtpx:TrackPointExtension>
            <gpxtpx:hr>159</gpxtpx:hr>
          </gpxtpx:TrackPointExtension>
        </extensions>
      </trkpt>
      <trkpt lat="31.044214924059702" lon="121.53258912807917">
        <ele>6.548043484799564</ele>
        <time>1970-01-01T00:32:41Z</time>
        <extensions>
          <gpxtpx:TrackPointExtension>
            <gpxtpx:hr>159</gpxtpx:hr>
          </gpxtpx:TrackPointExtension>
        </extensions>
      </trkpt>
      <trkpt lat="31.04422825225528" lon="121.53261319269846">
        <ele>6.555830789729953</ele>
        <time>1970-01-01T00:32:42Z</time>
        <extensions>
          <gpxtpx:TrackPointExtension>
            <gpxtpx:hr>159</gpxtpx:hr>
          </gpxtpx:TrackPointExtension>
        </extensions>
      </trkpt>
      <trkpt lat="31.044244360454112" lon="121.53263576168462">
        <ele>6.56297002453357</ele>
        <time>1970-01-01T00:32:43Z</time>
        <extensions>
          <gpxtpx:TrackPointExtension>
            <gpxtpx:hr>159</gpxtpx:hr>
          </gpxtpx:TrackPointExtension>
        </extensions>
      </trkpt>
      <trkpt lat="31.04426305930073" lon="121.53265698892253">
        <ele>6.569200932048261</ele>
        <time>1970-01-01T00:32:44Z</time>
        <extensions>
          <gpxtpx:TrackPointExtension>
            <gpxtpx:hr>159</gpxtpx:hr>
          </gpxtpx:TrackPointExtension>
        </extensions>
      </trkpt>
      <trkpt lat="31.04428332847186" lon="121.53267708097196">
        <ele>6.574182752519846</ele>
        <time>1970-01-01T00:32:45Z</time>
        <extensions>
          <gpxtpx:TrackPointExtension>
            <gpxtpx:hr>159</gpxtpx:hr>
          </gpxtpx:TrackPointExtension>
        </extensions>
      </trkpt>
      <trkpt lat="31.044304790990125" lon="121.53269573153244">
        <ele>6.577507342211902</ele>
        <time>1970-01-01T00:32:46Z</time>
        <extensions>
          <gpxtpx:TrackPointExtension>
            <gpxtpx:hr>158</gpxtpx:hr>
          </gpxtpx:TrackPointExtension>
        </extensions>
      </trkpt>
      <trkpt lat="31.044326813815545" lon="121.53271234275883">
        <ele>6.578786221332848</ele>
        <time>1970-01-01T00:32:48Z</time>
        <extensions>
          <gpxtpx:TrackPointExtension>
            <gpxtpx:hr>158</gpxtpx:hr>
          </gpxtpx:TrackPointExtension>
        </extensions>
      </trkpt>
      <trkpt lat="31.04434820548818" lon="121.53272677391762">
        <ele>6.577678516507149</ele>
        <time>1970-01-01T00:32:49Z</time>
        <extensions>
          <gpxtpx:TrackPointExtension>
            <gpxtpx:hr>158</gpxtpx:hr>
          </gpxtpx:TrackPointExtension>
        </extensions>
      </trkpt>
      <trkpt lat="31.04436966679247" lon="121.53273881294429">
        <ele>6.573700510896742</ele>
        <time>1970-01-01T00:32:50Z</time>
        <extensions>
          <gpxtpx:TrackPointExtension>
            <gpxtpx:hr>158</gpxtpx:hr>
          </gpxtpx:TrackPointExtension>
        </extensions>
      </trkpt>
      <trkpt lat="31.04439189351215" lon="121.53274792533684">
        <ele>6.56656629871577</ele>
        <time>1970-01-01T00:32:51Z</time>
        <extensions>
          <gpxtpx:TrackPointExtension>
            <gpxtpx:hr>158</gpxtpx:hr>
          </gpxtpx:TrackPointExtension>
        </extensions>
      </trkpt>
      <trkpt lat="31.044415035312934" lon="121.53275333987364">
        <ele>6.5561948623508215</ele>
        <time>1970-01-01T00:32:52Z</time>
        <extensions>
          <gpxtpx:TrackPointExtension>
            <gpxtpx:hr>158</gpxtpx:hr>
          </gpxtpx:TrackPointExtension>
        </extensions>
      </trkpt>
      <trkpt lat="31.044438872176062" lon="121.53275533437703">
        <ele>6.542660567909479</ele>
        <time>1970-01-01T00:32:53Z</time>
        <extensions>
          <gpxtpx:TrackPointExtension>
            <gpxtpx:hr>159</gpxtpx:hr>
          </gpxtpx:TrackPointExtension>
        </extensions>
      </trkpt>
      <trkpt lat="31.044463020200553" lon="121.53275437805156">
        <ele>6.526100781746209</ele>
        <time>1970-01-01T00:32:54Z</time>
        <extensions>
          <gpxtpx:TrackPointExtension>
            <gpxtpx:hr>159</gpxtpx:hr>
          </gpxtpx:TrackPointExtension>
        </extensions>
      </trkpt>
      <trkpt lat="31.044487373141383" lon="121.53275005717008">
        <ele>6.507101393304765</ele>
        <time>1970-01-01T00:32:55Z</time>
        <extensions>
          <gpxtpx:TrackPointExtension>
            <gpxtpx:hr>159</gpxtpx:hr>
          </gpxtpx:TrackPointExtension>
        </extensions>
      </trkpt>
      <trkpt lat="31.04451160425727" lon="121.53274273039439">
        <ele>6.486166841350496</ele>
        <time>1970-01-01T00:32:56Z</time>
        <extensions>
          <gpxtpx:TrackPointExtension>
            <gpxtpx:hr>159</gpxtpx:hr>
          </gpxtpx:TrackPointExtension>
        </extensions>
      </trkpt>
      <trkpt lat="31.04453554955558" lon="121.53273317479253">
        <ele>6.463765344582498</ele>
        <time>1970-01-01T00:32:57Z</time>
        <extensions>
          <gpxtpx:TrackPointExtension>
            <gpxtpx:hr>159</gpxtpx:hr>
          </gpxtpx:TrackPointExtension>
        </extensions>
      </trkpt>
      <trkpt lat="31.04455799748543" lon="121.53272268350379">
        <ele>6.440374561585486</ele>
        <time>1970-01-01T00:32:58Z</time>
        <extensions>
          <gpxtpx:TrackPointExtension>
            <gpxtpx:hr>159</gpxtpx:hr>
          </gpxtpx:TrackPointExtension>
        </extensions>
      </trkpt>
      <trkpt lat="31.044578740404354" lon="121.53271210350782">
        <ele>6.4165093610063195</ele>
        <time>1970-01-01T00:32:59Z</time>
        <extensions>
          <gpxtpx:TrackPointExtension>
            <gpxtpx:hr>159</gpxtpx:hr>
          </gpxtpx:TrackPointExtension>
        </extensions>
      </trkpt>
      <trkpt lat="31.04459941890982" lon="121.5327009280629">
        <ele>6.393137435428798</ele>
        <time>1970-01-01T00:33:00Z</time>
        <extensions>
          <gpxtpx:TrackPointExtension>
            <gpxtpx:hr>159</gpxtpx:hr>
          </gpxtpx:TrackPointExtension>
        </extensions>
      </trkpt>
      <trkpt lat="31.044620662211432" lon="121.53268979399499">
        <ele>6.371325763873756</ele>
        <time>1970-01-01T00:33:01Z</time>
        <extensions>
          <gpxtpx:TrackPointExtension>
            <gpxtpx:hr>159</gpxtpx:hr>
          </gpxtpx:TrackPointExtension>
        </extensions>
      </trkpt>
      <trkpt lat="31.04464256061105" lon="121.53267865440002">
        <ele>6.352036734111607</ele>
        <time>1970-01-01T00:33:02Z</time>
        <extensions>
          <gpxtpx:TrackPointExtension>
            <gpxtpx:hr>159</gpxtpx:hr>
          </gpxtpx:TrackPointExtension>
        </extensions>
      </trkpt>
      <trkpt lat="31.044664982258794" lon="121.53266669621803">
        <ele>6.3359438218176365</ele>
        <time>1970-01-01T00:33:03Z</time>
        <extensions>
          <gpxtpx:TrackPointExtension>
            <gpxtpx:hr>159</gpxtpx:hr>
          </gpxtpx:TrackPointExtension>
        </extensions>
      </trkpt>
      <trkpt lat="31.04468749047327" lon="121.53265410518269">
        <ele>6.323635422624648</ele>
        <time>1970-01-01T00:33:04Z</time>
        <extensions>
          <gpxtpx:TrackPointExtension>
            <gpxtpx:hr>159</gpxtpx:hr>
          </gpxtpx:TrackPointExtension>
        </extensions>
      </trkpt>
      <trkpt lat="31.044710241485078" lon="121.53264088113883">
        <ele>6.315160481259227</ele>
        <time>1970-01-01T00:33:05Z</time>
        <extensions>
          <gpxtpx:TrackPointExtension>
            <gpxtpx:hr>159</gpxtpx:hr>
          </gpxtpx:TrackPointExtension>
        </extensions>
      </trkpt>
      <trkpt lat="31.044732546288625" lon="121.53262739837315">
        <ele>6.310268868692219</ele>
        <time>1970-01-01T00:33:06Z</time>
        <extensions>
          <gpxtpx:TrackPointExtension>
            <gpxtpx:hr>159</gpxtpx:hr>
          </gpxtpx:TrackPointExtension>
        </extensions>
      </trkpt>
      <trkpt lat="31.044754035380407" lon="121.53261375801804">
        <ele>6.308487685397267</ele>
        <time>1970-01-01T00:33:07Z</time>
        <extensions>
          <gpxtpx:TrackPointExtension>
            <gpxtpx:hr>159</gpxtpx:hr>
          </gpxtpx:TrackPointExtension>
        </extensions>
      </trkpt>
      <trkpt lat="31.044775384222365" lon="121.53259978966948">
        <ele>6.309117770753801</ele>
        <time>1970-01-01T00:33:07Z</time>
        <extensions>
          <gpxtpx:TrackPointExtension>
            <gpxtpx:hr>159</gpxtpx:hr>
          </gpxtpx:TrackPointExtension>
        </extensions>
      </trkpt>
      <trkpt lat="31.044796871706975" lon="121.53258564690813">
        <ele>6.311293421313167</ele>
        <time>1970-01-01T00:33:08Z</time>
        <extensions>
          <gpxtpx:TrackPointExtension>
            <gpxtpx:hr>159</gpxtpx:hr>
          </gpxtpx:TrackPointExtension>
        </extensions>
      </trkpt>
      <trkpt lat="31.044819083996607" lon="121.53257132243772">
        <ele>6.31430391035974</ele>
        <time>1970-01-01T00:33:09Z</time>
        <extensions>
          <gpxtpx:TrackPointExtension>
            <gpxtpx:hr>160</gpxtpx:hr>
          </gpxtpx:TrackPointExtension>
        </extensions>
      </trkpt>
      <trkpt lat="31.04484183697781" lon="121.53255682500696">
        <ele>6.317445842549205</ele>
        <time>1970-01-01T00:33:10Z</time>
        <extensions>
          <gpxtpx:TrackPointExtension>
            <gpxtpx:hr>160</gpxtpx:hr>
          </gpxtpx:TrackPointExtension>
        </extensions>
      </trkpt>
      <trkpt lat="31.044864780505538" lon="121.53254171409986">
        <ele>6.319999258965254</ele>
        <time>1970-01-01T00:33:11Z</time>
        <extensions>
          <gpxtpx:TrackPointExtension>
            <gpxtpx:hr>160</gpxtpx:hr>
          </gpxtpx:TrackPointExtension>
        </extensions>
      </trkpt>
      <trkpt lat="31.04488775622699" lon="121.53252604864255">
        <ele>6.321371772326529</ele>
        <time>1970-01-01T00:33:12Z</time>
        <extensions>
          <gpxtpx:TrackPointExtension>
            <gpxtpx:hr>160</gpxtpx:hr>
          </gpxtpx:TrackPointExtension>
        </extensions>
      </trkpt>
      <trkpt lat="31.044909910880403" lon="121.53251053170312">
        <ele>6.321174413897097</ele>
        <time>1970-01-01T00:33:13Z</time>
        <extensions>
          <gpxtpx:TrackPointExtension>
            <gpxtpx:hr>160</gpxtpx:hr>
          </gpxtpx:TrackPointExtension>
        </extensions>
      </trkpt>
      <trkpt lat="31.04493116785476" lon="121.53249533098023">
        <ele>6.319301092065871</ele>
        <time>1970-01-01T00:33:14Z</time>
        <extensions>
          <gpxtpx:TrackPointExtension>
            <gpxtpx:hr>160</gpxtpx:hr>
          </gpxtpx:TrackPointExtension>
        </extensions>
      </trkpt>
      <trkpt lat="31.04495173890624" lon="121.53248121293711">
        <ele>6.315928283147514</ele>
        <time>1970-01-01T00:33:15Z</time>
        <extensions>
          <gpxtpx:TrackPointExtension>
            <gpxtpx:hr>160</gpxtpx:hr>
          </gpxtpx:TrackPointExtension>
        </extensions>
      </trkpt>
      <trkpt lat="31.04497183291051" lon="121.53246785843862">
        <ele>6.311455709859729</ele>
        <time>1970-01-01T00:33:16Z</time>
        <extensions>
          <gpxtpx:TrackPointExtension>
            <gpxtpx:hr>160</gpxtpx:hr>
          </gpxtpx:TrackPointExtension>
        </extensions>
      </trkpt>
      <trkpt lat="31.044991709007206" lon="121.53245411105303">
        <ele>6.306495533324778</ele>
        <time>1970-01-01T00:33:17Z</time>
        <extensions>
          <gpxtpx:TrackPointExtension>
            <gpxtpx:hr>160</gpxtpx:hr>
          </gpxtpx:TrackPointExtension>
        </extensions>
      </trkpt>
      <trkpt lat="31.04501113792712" lon="121.532439543295">
        <ele>6.301711728796363</ele>
        <time>1970-01-01T00:33:18Z</time>
        <extensions>
          <gpxtpx:TrackPointExtension>
            <gpxtpx:hr>160</gpxtpx:hr>
          </gpxtpx:TrackPointExtension>
        </extensions>
      </trkpt>
      <trkpt lat="31.04503073421426" lon="121.53242311761628">
        <ele>6.29767101816833</ele>
        <time>1970-01-01T00:33:19Z</time>
        <extensions>
          <gpxtpx:TrackPointExtension>
            <gpxtpx:hr>160</gpxtpx:hr>
          </gpxtpx:TrackPointExtension>
        </extensions>
      </trkpt>
      <trkpt lat="31.045050583380817" lon="121.53240535484856">
        <ele>6.294769291765988</ele>
        <time>1970-01-01T00:33:21Z</time>
        <extensions>
          <gpxtpx:TrackPointExtension>
            <gpxtpx:hr>160</gpxtpx:hr>
          </gpxtpx:TrackPointExtension>
        </extensions>
      </trkpt>
      <trkpt lat="31.045069509342152" lon="121.53238672954754">
        <ele>6.293271793983877</ele>
        <time>1970-01-01T00:33:22Z</time>
        <extensions>
          <gpxtpx:TrackPointExtension>
            <gpxtpx:hr>160</gpxtpx:hr>
          </gpxtpx:TrackPointExtension>
        </extensions>
      </trkpt>
      <trkpt lat="31.045086549775302" lon="121.53236619123454">
        <ele>6.293049255385995</ele>
        <time>1970-01-01T00:33:23Z</time>
        <extensions>
          <gpxtpx:TrackPointExtension>
            <gpxtpx:hr>160</gpxtpx:hr>
          </gpxtpx:TrackPointExtension>
        </extensions>
      </trkpt>
      <trkpt lat="31.04510113496922" lon="121.53234336897914">
        <ele>6.293866732157767</ele>
        <time>1970-01-01T00:33:24Z</time>
        <extensions>
          <gpxtpx:TrackPointExtension>
            <gpxtpx:hr>160</gpxtpx:hr>
          </gpxtpx:TrackPointExtension>
        </extensions>
      </trkpt>
      <trkpt lat="31.045113600692865" lon="121.53231786265286">
        <ele>6.295478600077331</ele>
        <time>1970-01-01T00:33:25Z</time>
        <extensions>
          <gpxtpx:TrackPointExtension>
            <gpxtpx:hr>160</gpxtpx:hr>
          </gpxtpx:TrackPointExtension>
        </extensions>
      </trkpt>
      <trkpt lat="31.045124543457433" lon="121.53228995736772">
        <ele>6.297679526731372</ele>
        <time>1970-01-01T00:33:26Z</time>
        <extensions>
          <gpxtpx:TrackPointExtension>
            <gpxtpx:hr>160</gpxtpx:hr>
          </gpxtpx:TrackPointExtension>
        </extensions>
      </trkpt>
      <trkpt lat="31.045133476153858" lon="121.53226023376142">
        <ele>6.30019683111459</ele>
        <time>1970-01-01T00:33:27Z</time>
        <extensions>
          <gpxtpx:TrackPointExtension>
            <gpxtpx:hr>160</gpxtpx:hr>
          </gpxtpx:TrackPointExtension>
        </extensions>
      </trkpt>
      <trkpt lat="31.04513999728265" lon="121.53222960751262">
        <ele>6.302742633037269</ele>
        <time>1970-01-01T00:33:28Z</time>
        <extensions>
          <gpxtpx:TrackPointExtension>
            <gpxtpx:hr>160</gpxtpx:hr>
          </gpxtpx:TrackPointExtension>
        </extensions>
      </trkpt>
      <trkpt lat="31.045143890598982" lon="121.53219958497615">
        <ele>6.305021430365741</ele>
        <time>1970-01-01T00:33:29Z</time>
        <extensions>
          <gpxtpx:TrackPointExtension>
            <gpxtpx:hr>160</gpxtpx:hr>
          </gpxtpx:TrackPointExtension>
        </extensions>
      </trkpt>
      <trkpt lat="31.045144447065308" lon="121.53217015719022">
        <ele>6.306743873283267</ele>
        <time>1970-01-01T00:33:30Z</time>
        <extensions>
          <gpxtpx:TrackPointExtension>
            <gpxtpx:hr>160</gpxtpx:hr>
          </gpxtpx:TrackPointExtension>
        </extensions>
      </trkpt>
      <trkpt lat="31.0451415580857" lon="121.53214111648711">
        <ele>6.307637985795736</ele>
        <time>1970-01-01T00:33:31Z</time>
        <extensions>
          <gpxtpx:TrackPointExtension>
            <gpxtpx:hr>160</gpxtpx:hr>
          </gpxtpx:TrackPointExtension>
        </extensions>
      </trkpt>
      <trkpt lat="31.045135443699767" lon="121.53211217708126">
        <ele>6.307529684156179</ele>
        <time>1970-01-01T00:33:32Z</time>
        <extensions>
          <gpxtpx:TrackPointExtension>
            <gpxtpx:hr>160</gpxtpx:hr>
          </gpxtpx:TrackPointExtension>
        </extensions>
      </trkpt>
      <trkpt lat="31.045126214153054" lon="121.53208339085192">
        <ele>6.306332306936383</ele>
        <time>1970-01-01T00:33:33Z</time>
        <extensions>
          <gpxtpx:TrackPointExtension>
            <gpxtpx:hr>160</gpxtpx:hr>
          </gpxtpx:TrackPointExtension>
        </extensions>
      </trkpt>
      <trkpt lat="31.04511471938275" lon="121.53205624555224">
        <ele>6.304059175774455</ele>
        <time>1970-01-01T00:33:34Z</time>
        <extensions>
          <gpxtpx:TrackPointExtension>
            <gpxtpx:hr>160</gpxtpx:hr>
          </gpxtpx:TrackPointExtension>
        </extensions>
      </trkpt>
      <trkpt lat="31.04510152749443" lon="121.53203066883708">
        <ele>6.3007719879969954</ele>
        <time>1970-01-01T00:33:35Z</time>
        <extensions>
          <gpxtpx:TrackPointExtension>
            <gpxtpx:hr>160</gpxtpx:hr>
          </gpxtpx:TrackPointExtension>
        </extensions>
      </trkpt>
      <trkpt lat="31.045086898996477" lon="121.53200643313114">
        <ele>6.296472819522023</ele>
        <time>1970-01-01T00:33:36Z</time>
        <extensions>
          <gpxtpx:TrackPointExtension>
            <gpxtpx:hr>160</gpxtpx:hr>
          </gpxtpx:TrackPointExtension>
        </extensions>
      </trkpt>
      <trkpt lat="31.045071215387964" lon="121.5319843471941">
        <ele>6.291147639974952</ele>
        <time>1970-01-01T00:33:37Z</time>
        <extensions>
          <gpxtpx:TrackPointExtension>
            <gpxtpx:hr>160</gpxtpx:hr>
          </gpxtpx:TrackPointExtension>
        </extensions>
      </trkpt>
      <trkpt lat="31.045054038980172" lon="121.5319647669384">
        <ele>6.2848133482038975</ele>
        <time>1970-01-01T00:33:38Z</time>
        <extensions>
          <gpxtpx:TrackPointExtension>
            <gpxtpx:hr>160</gpxtpx:hr>
          </gpxtpx:TrackPointExtension>
        </extensions>
      </trkpt>
      <trkpt lat="31.045034968816413" lon="121.53194754477002">
        <ele>6.277493382804096</ele>
        <time>1970-01-01T00:33:39Z</time>
        <extensions>
          <gpxtpx:TrackPointExtension>
            <gpxtpx:hr>160</gpxtpx:hr>
          </gpxtpx:TrackPointExtension>
        </extensions>
      </trkpt>
      <trkpt lat="31.045014045763043" lon="121.53193239842619">
        <ele>6.269189092330635</ele>
        <time>1970-01-01T00:33:40Z</time>
        <extensions>
          <gpxtpx:TrackPointExtension>
            <gpxtpx:hr>160</gpxtpx:hr>
          </gpxtpx:TrackPointExtension>
        </extensions>
      </trkpt>
      <trkpt lat="31.0449917698888" lon="121.53191935159565">
        <ele>6.25981358718127</ele>
        <time>1970-01-01T00:33:41Z</time>
        <extensions>
          <gpxtpx:TrackPointExtension>
            <gpxtpx:hr>160</gpxtpx:hr>
          </gpxtpx:TrackPointExtension>
        </extensions>
      </trkpt>
      <trkpt lat="31.044968712806025" lon="121.531909591981">
        <ele>6.24930259026587</ele>
        <time>1970-01-01T00:33:42Z</time>
        <extensions>
          <gpxtpx:TrackPointExtension>
            <gpxtpx:hr>160</gpxtpx:hr>
          </gpxtpx:TrackPointExtension>
        </extensions>
      </trkpt>
      <trkpt lat="31.04494476246014" lon="121.53190426920392">
        <ele>6.237566697411239</ele>
        <time>1970-01-01T00:33:43Z</time>
        <extensions>
          <gpxtpx:TrackPointExtension>
            <gpxtpx:hr>160</gpxtpx:hr>
          </gpxtpx:TrackPointExtension>
        </extensions>
      </trkpt>
      <trkpt lat="31.044920095569463" lon="121.53190208791699">
        <ele>6.224504149518907</ele>
        <time>1970-01-01T00:33:44Z</time>
        <extensions>
          <gpxtpx:TrackPointExtension>
            <gpxtpx:hr>159</gpxtpx:hr>
          </gpxtpx:TrackPointExtension>
        </extensions>
      </trkpt>
      <trkpt lat="31.04489484880085" lon="121.53190170280658">
        <ele>6.210039655677974</ele>
        <time>1970-01-01T00:33:45Z</time>
        <extensions>
          <gpxtpx:TrackPointExtension>
            <gpxtpx:hr>159</gpxtpx:hr>
          </gpxtpx:TrackPointExtension>
        </extensions>
      </trkpt>
      <trkpt lat="31.044869160850894" lon="121.53190359199019">
        <ele>6.194595101289451</ele>
        <time>1970-01-01T00:33:46Z</time>
        <extensions>
          <gpxtpx:TrackPointExtension>
            <gpxtpx:hr>159</gpxtpx:hr>
          </gpxtpx:TrackPointExtension>
        </extensions>
      </trkpt>
      <trkpt lat="31.044844213656777" lon="121.53190803613387">
        <ele>6.178584420122206</ele>
        <time>1970-01-01T00:33:47Z</time>
        <extensions>
          <gpxtpx:TrackPointExtension>
            <gpxtpx:hr>159</gpxtpx:hr>
          </gpxtpx:TrackPointExtension>
        </extensions>
      </trkpt>
      <trkpt lat="31.044820137918396" lon="121.53191477422402">
        <ele>6.1623542960733175</ele>
        <time>1970-01-01T00:33:48Z</time>
        <extensions>
          <gpxtpx:TrackPointExtension>
            <gpxtpx:hr>159</gpxtpx:hr>
          </gpxtpx:TrackPointExtension>
        </extensions>
      </trkpt>
      <trkpt lat="31.044796226177755" lon="121.53192338398614">
        <ele>6.146162040531635</ele>
        <time>1970-01-01T00:33:49Z</time>
        <extensions>
          <gpxtpx:TrackPointExtension>
            <gpxtpx:hr>159</gpxtpx:hr>
          </gpxtpx:TrackPointExtension>
        </extensions>
      </trkpt>
      <trkpt lat="31.044772745240547" lon="121.53193344254503">
        <ele>6.130274607799947</ele>
        <time>1970-01-01T00:33:50Z</time>
        <extensions>
          <gpxtpx:TrackPointExtension>
            <gpxtpx:hr>159</gpxtpx:hr>
          </gpxtpx:TrackPointExtension>
        </extensions>
      </trkpt>
      <trkpt lat="31.04474957609566" lon="121.53194583417596">
        <ele>6.114605178125203</ele>
        <time>1970-01-01T00:33:51Z</time>
        <extensions>
          <gpxtpx:TrackPointExtension>
            <gpxtpx:hr>159</gpxtpx:hr>
          </gpxtpx:TrackPointExtension>
        </extensions>
      </trkpt>
      <trkpt lat="31.04472632527204" lon="121.53196040783703">
        <ele>6.099063481204212</ele>
        <time>1970-01-01T00:33:52Z</time>
        <extensions>
          <gpxtpx:TrackPointExtension>
            <gpxtpx:hr>159</gpxtpx:hr>
          </gpxtpx:TrackPointExtension>
        </extensions>
      </trkpt>
      <trkpt lat="31.044703473768067" lon="121.53197642438194">
        <ele>6.083764797076583</ele>
        <time>1970-01-01T00:33:53Z</time>
        <extensions>
          <gpxtpx:TrackPointExtension>
            <gpxtpx:hr>159</gpxtpx:hr>
          </gpxtpx:TrackPointExtension>
        </extensions>
      </trkpt>
      <trkpt lat="31.044681684131497" lon="121.5319937320103">
        <ele>6.069157944060862</ele>
        <time>1970-01-01T00:33:54Z</time>
        <extensions>
          <gpxtpx:TrackPointExtension>
            <gpxtpx:hr>159</gpxtpx:hr>
          </gpxtpx:TrackPointExtension>
        </extensions>
      </trkpt>
      <trkpt lat="31.044660469789136" lon="121.53201072378573">
        <ele>6.055605094879866</ele>
        <time>1970-01-01T00:33:55Z</time>
        <extensions>
          <gpxtpx:TrackPointExtension>
            <gpxtpx:hr>159</gpxtpx:hr>
          </gpxtpx:TrackPointExtension>
        </extensions>
      </trkpt>
      <trkpt lat="31.044638560770554" lon="121.5320254246004">
        <ele>6.043295690789819</ele>
        <time>1970-01-01T00:33:56Z</time>
        <extensions>
          <gpxtpx:TrackPointExtension>
            <gpxtpx:hr>159</gpxtpx:hr>
          </gpxtpx:TrackPointExtension>
        </extensions>
      </trkpt>
      <trkpt lat="31.044615748215907" lon="121.53203740938237">
        <ele>6.032285265624523</ele>
        <time>1970-01-01T00:33:57Z</time>
        <extensions>
          <gpxtpx:TrackPointExtension>
            <gpxtpx:hr>159</gpxtpx:hr>
          </gpxtpx:TrackPointExtension>
        </extensions>
      </trkpt>
      <trkpt lat="31.044592471472452" lon="121.53204804875655">
        <ele>6.022569080814719</ele>
        <time>1970-01-01T00:33:58Z</time>
        <extensions>
          <gpxtpx:TrackPointExtension>
            <gpxtpx:hr>159</gpxtpx:hr>
          </gpxtpx:TrackPointExtension>
        </extensions>
      </trkpt>
      <trkpt lat="31.044569502920734" lon="121.53205860654272">
        <ele>6.014176584780216</ele>
        <time>1970-01-01T00:33:59Z</time>
        <extensions>
          <gpxtpx:TrackPointExtension>
            <gpxtpx:hr>159</gpxtpx:hr>
          </gpxtpx:TrackPointExtension>
        </extensions>
      </trkpt>
      <trkpt lat="31.044547272290153" lon="121.53206942384445">
        <ele>6.007184595800936</ele>
        <time>1970-01-01T00:34:00Z</time>
        <extensions>
          <gpxtpx:TrackPointExtension>
            <gpxtpx:hr>159</gpxtpx:hr>
          </gpxtpx:TrackPointExtension>
        </extensions>
      </trkpt>
      <trkpt lat="31.04452452042902" lon="121.53208087340951">
        <ele>6.001720413565636</ele>
        <time>1970-01-01T00:34:01Z</time>
        <extensions>
          <gpxtpx:TrackPointExtension>
            <gpxtpx:hr>160</gpxtpx:hr>
          </gpxtpx:TrackPointExtension>
        </extensions>
      </trkpt>
      <trkpt lat="31.044501056299584" lon="121.5320925300169">
        <ele>5.997972814366221</ele>
        <time>1970-01-01T00:34:02Z</time>
        <extensions>
          <gpxtpx:TrackPointExtension>
            <gpxtpx:hr>160</gpxtpx:hr>
          </gpxtpx:TrackPointExtension>
        </extensions>
      </trkpt>
      <trkpt lat="31.044477739436125" lon="121.532104102778">
        <ele>5.9961236249655485</ele>
        <time>1970-01-01T00:34:03Z</time>
        <extensions>
          <gpxtpx:TrackPointExtension>
            <gpxtpx:hr>160</gpxtpx:hr>
          </gpxtpx:TrackPointExtension>
        </extensions>
      </trkpt>
      <trkpt lat="31.044454594181065" lon="121.53211619069407">
        <ele>5.99620534107089</ele>
        <time>1970-01-01T00:34:04Z</time>
        <extensions>
          <gpxtpx:TrackPointExtension>
            <gpxtpx:hr>160</gpxtpx:hr>
          </gpxtpx:TrackPointExtension>
        </extensions>
      </trkpt>
      <trkpt lat="31.044431491130123" lon="121.53212908501762">
        <ele>5.998133169487119</ele>
        <time>1970-01-01T00:34:05Z</time>
        <extensions>
          <gpxtpx:TrackPointExtension>
            <gpxtpx:hr>160</gpxtpx:hr>
          </gpxtpx:TrackPointExtension>
        </extensions>
      </trkpt>
      <trkpt lat="31.04440830096375" lon="121.53214319742199">
        <ele>6.001706595532596</ele>
        <time>1970-01-01T00:34:06Z</time>
        <extensions>
          <gpxtpx:TrackPointExtension>
            <gpxtpx:hr>160</gpxtpx:hr>
          </gpxtpx:TrackPointExtension>
        </extensions>
      </trkpt>
      <trkpt lat="31.04438527524149" lon="121.53215802856738">
        <ele>6.0066567631438375</ele>
        <time>1970-01-01T00:34:07Z</time>
        <extensions>
          <gpxtpx:TrackPointExtension>
            <gpxtpx:hr>160</gpxtpx:hr>
          </gpxtpx:TrackPointExtension>
        </extensions>
      </trkpt>
      <trkpt lat="31.044362529120605" lon="121.53217302853889">
        <ele>6.0126789174973965</ele>
        <time>1970-01-01T00:34:08Z</time>
        <extensions>
          <gpxtpx:TrackPointExtension>
            <gpxtpx:hr>160</gpxtpx:hr>
          </gpxtpx:TrackPointExtension>
        </extensions>
      </trkpt>
      <trkpt lat="31.04434002256264" lon="121.53218870594979">
        <ele>6.019407391548157</ele>
        <time>1970-01-01T00:34:09Z</time>
        <extensions>
          <gpxtpx:TrackPointExtension>
            <gpxtpx:hr>160</gpxtpx:hr>
          </gpxtpx:TrackPointExtension>
        </extensions>
      </trkpt>
      <trkpt lat="31.04431880043758" lon="121.53220449961447">
        <ele>6.026474111713469</ele>
        <time>1970-01-01T00:34:10Z</time>
        <extensions>
          <gpxtpx:TrackPointExtension>
            <gpxtpx:hr>160</gpxtpx:hr>
          </gpxtpx:TrackPointExtension>
        </extensions>
      </trkpt>
      <trkpt lat="31.04429883237504" lon="121.53222107216696">
        <ele>6.033480051904917</ele>
        <time>1970-01-01T00:34:11Z</time>
        <extensions>
          <gpxtpx:TrackPointExtension>
            <gpxtpx:hr>160</gpxtpx:hr>
          </gpxtpx:TrackPointExtension>
        </extensions>
      </trkpt>
      <trkpt lat="31.044279737772836" lon="121.53223920165442">
        <ele>6.040018531493843</ele>
        <time>1970-01-01T00:34:12Z</time>
        <extensions>
          <gpxtpx:TrackPointExtension>
            <gpxtpx:hr>160</gpxtpx:hr>
          </gpxtpx:TrackPointExtension>
        </extensions>
      </trkpt>
      <trkpt lat="31.044261536887927" lon="121.53225888162869">
        <ele>6.045730982907116</ele>
        <time>1970-01-01T00:34:13Z</time>
        <extensions>
          <gpxtpx:TrackPointExtension>
            <gpxtpx:hr>160</gpxtpx:hr>
          </gpxtpx:TrackPointExtension>
        </extensions>
      </trkpt>
      <trkpt lat="31.04424409044957" lon="121.53228082672138">
        <ele>6.050153950229287</ele>
        <time>1970-01-01T00:34:14Z</time>
        <extensions>
          <gpxtpx:TrackPointExtension>
            <gpxtpx:hr>160</gpxtpx:hr>
          </gpxtpx:TrackPointExtension>
        </extensions>
      </trkpt>
      <trkpt lat="31.044228097556957" lon="121.53230452504691">
        <ele>6.052888052538037</ele>
        <time>1970-01-01T00:34:15Z</time>
        <extensions>
          <gpxtpx:TrackPointExtension>
            <gpxtpx:hr>160</gpxtpx:hr>
          </gpxtpx:TrackPointExtension>
        </extensions>
      </trkpt>
      <trkpt lat="31.044213820028556" lon="121.53233003233207">
        <ele>6.05374775826931</ele>
        <time>1970-01-01T00:34:16Z</time>
        <extensions>
          <gpxtpx:TrackPointExtension>
            <gpxtpx:hr>160</gpxtpx:hr>
          </gpxtpx:TrackPointExtension>
        </extensions>
      </trkpt>
      <trkpt lat="31.044201721954995" lon="121.53235753814253">
        <ele>6.052812337875366</ele>
        <time>1970-01-01T00:34:17Z</time>
        <extensions>
          <gpxtpx:TrackPointExtension>
            <gpxtpx:hr>160</gpxtpx:hr>
          </gpxtpx:TrackPointExtension>
        </extensions>
      </trkpt>
      <trkpt lat="31.04419301238652" lon="121.5323865206188">
        <ele>6.050199995748699</ele>
        <time>1970-01-01T00:34:18Z</time>
        <extensions>
          <gpxtpx:TrackPointExtension>
            <gpxtpx:hr>160</gpxtpx:hr>
          </gpxtpx:TrackPointExtension>
        </extensions>
      </trkpt>
      <trkpt lat="31.044187979310152" lon="121.53241669280396">
        <ele>6.04599267244339</ele>
        <time>1970-01-01T00:34:19Z</time>
        <extensions>
          <gpxtpx:TrackPointExtension>
            <gpxtpx:hr>160</gpxtpx:hr>
          </gpxtpx:TrackPointExtension>
        </extensions>
      </trkpt>
      <trkpt lat="31.044186044459764" lon="121.53244685126106">
        <ele>6.040321263484657</ele>
        <time>1970-01-01T00:34:20Z</time>
        <extensions>
          <gpxtpx:TrackPointExtension>
            <gpxtpx:hr>160</gpxtpx:hr>
          </gpxtpx:TrackPointExtension>
        </extensions>
      </trkpt>
      <trkpt lat="31.04418652833559" lon="121.53247655310628">
        <ele>6.0333509258925915</ele>
        <time>1970-01-01T00:34:21Z</time>
        <extensions>
          <gpxtpx:TrackPointExtension>
            <gpxtpx:hr>160</gpxtpx:hr>
          </gpxtpx:TrackPointExtension>
        </extensions>
      </trkpt>
      <trkpt lat="31.04418878356302" lon="121.53250565282922">
        <ele>6.025251088663936</ele>
        <time>1970-01-01T00:34:22Z</time>
        <extensions>
          <gpxtpx:TrackPointExtension>
            <gpxtpx:hr>160</gpxtpx:hr>
          </gpxtpx:TrackPointExtension>
        </extensions>
      </trkpt>
      <trkpt lat="31.04419271381963" lon="121.53253393672159">
        <ele>6.016242995858192</ele>
        <time>1970-01-01T00:34:23Z</time>
        <extensions>
          <gpxtpx:TrackPointExtension>
            <gpxtpx:hr>159</gpxtpx:hr>
          </gpxtpx:TrackPointExtension>
        </extensions>
      </trkpt>
      <trkpt lat="31.044198847894474" lon="121.53256220941962">
        <ele>6.007337889634073</ele>
        <time>1970-01-01T00:34:24Z</time>
        <extensions>
          <gpxtpx:TrackPointExtension>
            <gpxtpx:hr>159</gpxtpx:hr>
          </gpxtpx:TrackPointExtension>
        </extensions>
      </trkpt>
      <trkpt lat="31.044207085161514" lon="121.53258913066811">
        <ele>5.99974225834012</ele>
        <time>1970-01-01T00:34:25Z</time>
        <extensions>
          <gpxtpx:TrackPointExtension>
            <gpxtpx:hr>159</gpxtpx:hr>
          </gpxtpx:TrackPointExtension>
        </extensions>
      </trkpt>
      <trkpt lat="31.044217723996194" lon="121.53261432130883">
        <ele>5.994514136575162</ele>
        <time>1970-01-01T00:34:26Z</time>
        <extensions>
          <gpxtpx:TrackPointExtension>
            <gpxtpx:hr>159</gpxtpx:hr>
          </gpxtpx:TrackPointExtension>
        </extensions>
      </trkpt>
      <trkpt lat="31.04423150575509" lon="121.53263829924626">
        <ele>5.992270650342107</ele>
        <time>1970-01-01T00:34:27Z</time>
        <extensions>
          <gpxtpx:TrackPointExtension>
            <gpxtpx:hr>159</gpxtpx:hr>
          </gpxtpx:TrackPointExtension>
        </extensions>
      </trkpt>
      <trkpt lat="31.044247935117507" lon="121.53266017304635">
        <ele>5.993557547219098</ele>
        <time>1970-01-01T00:34:28Z</time>
        <extensions>
          <gpxtpx:TrackPointExtension>
            <gpxtpx:hr>159</gpxtpx:hr>
          </gpxtpx:TrackPointExtension>
        </extensions>
      </trkpt>
      <trkpt lat="31.044266281313856" lon="121.53267958462796">
        <ele>5.998442611657083</ele>
        <time>1970-01-01T00:34:29Z</time>
        <extensions>
          <gpxtpx:TrackPointExtension>
            <gpxtpx:hr>159</gpxtpx:hr>
          </gpxtpx:TrackPointExtension>
        </extensions>
      </trkpt>
      <trkpt lat="31.044285758743833" lon="121.53269622678965">
        <ele>6.006755603477359</ele>
        <time>1970-01-01T00:34:30Z</time>
        <extensions>
          <gpxtpx:TrackPointExtension>
            <gpxtpx:hr>159</gpxtpx:hr>
          </gpxtpx:TrackPointExtension>
        </extensions>
      </trkpt>
      <trkpt lat="31.04430626789537" lon="121.5327108797799">
        <ele>6.01824002712965</ele>
        <time>1970-01-01T00:34:31Z</time>
        <extensions>
          <gpxtpx:TrackPointExtension>
            <gpxtpx:hr>159</gpxtpx:hr>
          </gpxtpx:TrackPointExtension>
        </extensions>
      </trkpt>
      <trkpt lat="31.04432776899971" lon="121.53272484114854">
        <ele>6.032368332147598</ele>
        <time>1970-01-01T00:34:32Z</time>
        <extensions>
          <gpxtpx:TrackPointExtension>
            <gpxtpx:hr>158</gpxtpx:hr>
          </gpxtpx:TrackPointExtension>
        </extensions>
      </trkpt>
      <trkpt lat="31.044349664962525" lon="121.53273810784727">
        <ele>6.048462371341884</ele>
        <time>1970-01-01T00:34:33Z</time>
        <extensions>
          <gpxtpx:TrackPointExtension>
            <gpxtpx:hr>158</gpxtpx:hr>
          </gpxtpx:TrackPointExtension>
        </extensions>
      </trkpt>
      <trkpt lat="31.04437241085177" lon="121.53274932296758">
        <ele>6.065953696146607</ele>
        <time>1970-01-01T00:34:34Z</time>
        <extensions>
          <gpxtpx:TrackPointExtension>
            <gpxtpx:hr>158</gpxtpx:hr>
          </gpxtpx:TrackPointExtension>
        </extensions>
      </trkpt>
      <trkpt lat="31.044396414125973" lon="121.53275705272965">
        <ele>6.084254443645477</ele>
        <time>1970-01-01T00:34:35Z</time>
        <extensions>
          <gpxtpx:TrackPointExtension>
            <gpxtpx:hr>158</gpxtpx:hr>
          </gpxtpx:TrackPointExtension>
        </extensions>
      </trkpt>
      <trkpt lat="31.04442158189088" lon="121.53276035094947">
        <ele>6.102607148699462</ele>
        <time>1970-01-01T00:34:36Z</time>
        <extensions>
          <gpxtpx:TrackPointExtension>
            <gpxtpx:hr>158</gpxtpx:hr>
          </gpxtpx:TrackPointExtension>
        </extensions>
      </trkpt>
      <trkpt lat="31.044447984190676" lon="121.53275914957486">
        <ele>6.120455308817327</ele>
        <time>1970-01-01T00:34:37Z</time>
        <extensions>
          <gpxtpx:TrackPointExtension>
            <gpxtpx:hr>158</gpxtpx:hr>
          </gpxtpx:TrackPointExtension>
        </extensions>
      </trkpt>
      <trkpt lat="31.04447494396402" lon="121.53275367692171">
        <ele>6.137400270439684</ele>
        <time>1970-01-01T00:34:38Z</time>
        <extensions>
          <gpxtpx:TrackPointExtension>
            <gpxtpx:hr>158</gpxtpx:hr>
          </gpxtpx:TrackPointExtension>
        </extensions>
      </trkpt>
      <trkpt lat="31.044501859400803" lon="121.53274455915385">
        <ele>6.153115187771618</ele>
        <time>1970-01-01T00:34:39Z</time>
        <extensions>
          <gpxtpx:TrackPointExtension>
            <gpxtpx:hr>158</gpxtpx:hr>
          </gpxtpx:TrackPointExtension>
        </extensions>
      </trkpt>
      <trkpt lat="31.04452794458803" lon="121.5327334719256">
        <ele>6.167377791367471</ele>
        <time>1970-01-01T00:34:40Z</time>
        <extensions>
          <gpxtpx:TrackPointExtension>
            <gpxtpx:hr>158</gpxtpx:hr>
          </gpxtpx:TrackPointExtension>
        </extensions>
      </trkpt>
      <trkpt lat="31.04455240958635" lon="121.53272106422257">
        <ele>6.180260942317545</ele>
        <time>1970-01-01T00:34:41Z</time>
        <extensions>
          <gpxtpx:TrackPointExtension>
            <gpxtpx:hr>158</gpxtpx:hr>
          </gpxtpx:TrackPointExtension>
        </extensions>
      </trkpt>
      <trkpt lat="31.0445749052122" lon="121.53270782811107">
        <ele>6.1916545843705535</ele>
        <time>1970-01-01T00:34:42Z</time>
        <extensions>
          <gpxtpx:TrackPointExtension>
            <gpxtpx:hr>157</gpxtpx:hr>
          </gpxtpx:TrackPointExtension>
        </extensions>
      </trkpt>
      <trkpt lat="31.044596026198658" lon="121.53269438892254">
        <ele>6.201539780013263</ele>
        <time>1970-01-01T00:34:43Z</time>
        <extensions>
          <gpxtpx:TrackPointExtension>
            <gpxtpx:hr>157</gpxtpx:hr>
          </gpxtpx:TrackPointExtension>
        </extensions>
      </trkpt>
      <trkpt lat="31.044617302888632" lon="121.53268038096081">
        <ele>6.210146498866379</ele>
        <time>1970-01-01T00:34:44Z</time>
        <extensions>
          <gpxtpx:TrackPointExtension>
            <gpxtpx:hr>157</gpxtpx:hr>
          </gpxtpx:TrackPointExtension>
        </extensions>
      </trkpt>
      <trkpt lat="31.04463906261241" lon="121.53266604522017">
        <ele>6.218007929623127</ele>
        <time>1970-01-01T00:34:45Z</time>
        <extensions>
          <gpxtpx:TrackPointExtension>
            <gpxtpx:hr>157</gpxtpx:hr>
          </gpxtpx:TrackPointExtension>
        </extensions>
      </trkpt>
      <trkpt lat="31.04466107021696" lon="121.5326516292811">
        <ele>6.2254567593336105</ele>
        <time>1970-01-01T00:34:46Z</time>
        <extensions>
          <gpxtpx:TrackPointExtension>
            <gpxtpx:hr>157</gpxtpx:hr>
          </gpxtpx:TrackPointExtension>
        </extensions>
      </trkpt>
      <trkpt lat="31.044683487259302" lon="121.53263738305822">
        <ele>6.232968402095139</ele>
        <time>1970-01-01T00:34:47Z</time>
        <extensions>
          <gpxtpx:TrackPointExtension>
            <gpxtpx:hr>156</gpxtpx:hr>
          </gpxtpx:TrackPointExtension>
        </extensions>
      </trkpt>
      <trkpt lat="31.04470603975358" lon="121.53262382646821">
        <ele>6.240978039801121</ele>
        <time>1970-01-01T00:34:48Z</time>
        <extensions>
          <gpxtpx:TrackPointExtension>
            <gpxtpx:hr>156</gpxtpx:hr>
          </gpxtpx:TrackPointExtension>
        </extensions>
      </trkpt>
      <trkpt lat="31.044728753732045" lon="121.53261054300364">
        <ele>6.249626367352903</ele>
        <time>1970-01-01T00:34:49Z</time>
        <extensions>
          <gpxtpx:TrackPointExtension>
            <gpxtpx:hr>156</gpxtpx:hr>
          </gpxtpx:TrackPointExtension>
        </extensions>
      </trkpt>
      <trkpt lat="31.044751908098632" lon="121.53259718544756">
        <ele>6.258392032235861</ele>
        <time>1970-01-01T00:34:50Z</time>
        <extensions>
          <gpxtpx:TrackPointExtension>
            <gpxtpx:hr>156</gpxtpx:hr>
          </gpxtpx:TrackPointExtension>
        </extensions>
      </trkpt>
      <trkpt lat="31.04477498121443" lon="121.53258350897941">
        <ele>6.266929619945586</ele>
        <time>1970-01-01T00:34:51Z</time>
        <extensions>
          <gpxtpx:TrackPointExtension>
            <gpxtpx:hr>156</gpxtpx:hr>
          </gpxtpx:TrackPointExtension>
        </extensions>
      </trkpt>
      <trkpt lat="31.04479774535282" lon="121.53256915538452">
        <ele>6.274653720669448</ele>
        <time>1970-01-01T00:34:52Z</time>
        <extensions>
          <gpxtpx:TrackPointExtension>
            <gpxtpx:hr>157</gpxtpx:hr>
          </gpxtpx:TrackPointExtension>
        </extensions>
      </trkpt>
      <trkpt lat="31.04482054298113" lon="121.53255423059574">
        <ele>6.280931445769966</ele>
        <time>1970-01-01T00:34:53Z</time>
        <extensions>
          <gpxtpx:TrackPointExtension>
            <gpxtpx:hr>157</gpxtpx:hr>
          </gpxtpx:TrackPointExtension>
        </extensions>
      </trkpt>
      <trkpt lat="31.04484407178334" lon="121.53253861968837">
        <ele>6.285207513719797</ele>
        <time>1970-01-01T00:34:54Z</time>
        <extensions>
          <gpxtpx:TrackPointExtension>
            <gpxtpx:hr>157</gpxtpx:hr>
          </gpxtpx:TrackPointExtension>
        </extensions>
      </trkpt>
      <trkpt lat="31.044868254769774" lon="121.53252244435232">
        <ele>6.287280771881342</ele>
        <time>1970-01-01T00:34:55Z</time>
        <extensions>
          <gpxtpx:TrackPointExtension>
            <gpxtpx:hr>157</gpxtpx:hr>
          </gpxtpx:TrackPointExtension>
        </extensions>
      </trkpt>
      <trkpt lat="31.044892104229454" lon="121.5325056806379">
        <ele>6.286706341430545</ele>
        <time>1970-01-01T00:34:56Z</time>
        <extensions>
          <gpxtpx:TrackPointExtension>
            <gpxtpx:hr>157</gpxtpx:hr>
          </gpxtpx:TrackPointExtension>
        </extensions>
      </trkpt>
      <trkpt lat="31.044915316930265" lon="121.53248875233928">
        <ele>6.28330946713686</ele>
        <time>1970-01-01T00:34:57Z</time>
        <extensions>
          <gpxtpx:TrackPointExtension>
            <gpxtpx:hr>156</gpxtpx:hr>
          </gpxtpx:TrackPointExtension>
        </extensions>
      </trkpt>
      <trkpt lat="31.04493842036242" lon="121.53247186287628">
        <ele>6.277087900787592</ele>
        <time>1970-01-01T00:34:58Z</time>
        <extensions>
          <gpxtpx:TrackPointExtension>
            <gpxtpx:hr>156</gpxtpx:hr>
          </gpxtpx:TrackPointExtension>
        </extensions>
      </trkpt>
      <trkpt lat="31.04496160098054" lon="121.53245443598611">
        <ele>6.268125140108168</ele>
        <time>1970-01-01T00:34:59Z</time>
        <extensions>
          <gpxtpx:TrackPointExtension>
            <gpxtpx:hr>156</gpxtpx:hr>
          </gpxtpx:TrackPointExtension>
        </extensions>
      </trkpt>
      <trkpt lat="31.04498411438152" lon="121.53243749495337">
        <ele>6.256742650642991</ele>
        <time>1970-01-01T00:35:00Z</time>
        <extensions>
          <gpxtpx:TrackPointExtension>
            <gpxtpx:hr>156</gpxtpx:hr>
          </gpxtpx:TrackPointExtension>
        </extensions>
      </trkpt>
      <trkpt lat="31.04500565540472" lon="121.53242184695365">
        <ele>6.243646691553295</ele>
        <time>1970-01-01T00:35:01Z</time>
        <extensions>
          <gpxtpx:TrackPointExtension>
            <gpxtpx:hr>156</gpxtpx:hr>
          </gpxtpx:TrackPointExtension>
        </extensions>
      </trkpt>
      <trkpt lat="31.04502677444921" lon="121.53240797691124">
        <ele>6.229554344899952</ele>
        <time>1970-01-01T00:35:02Z</time>
        <extensions>
          <gpxtpx:TrackPointExtension>
            <gpxtpx:hr>156</gpxtpx:hr>
          </gpxtpx:TrackPointExtension>
        </extensions>
      </trkpt>
      <trkpt lat="31.045047909511702" lon="121.53239457436055">
        <ele>6.215154373086989</ele>
        <time>1970-01-01T00:35:03Z</time>
        <extensions>
          <gpxtpx:TrackPointExtension>
            <gpxtpx:hr>156</gpxtpx:hr>
          </gpxtpx:TrackPointExtension>
        </extensions>
      </trkpt>
      <trkpt lat="31.045068459519747" lon="121.53237852481088">
        <ele>6.2012455109506845</ele>
        <time>1970-01-01T00:35:04Z</time>
        <extensions>
          <gpxtpx:TrackPointExtension>
            <gpxtpx:hr>156</gpxtpx:hr>
          </gpxtpx:TrackPointExtension>
        </extensions>
      </trkpt>
      <trkpt lat="31.045087460507407" lon="121.53235880713022">
        <ele>6.188709702342749</ele>
        <time>1970-01-01T00:35:05Z</time>
        <extensions>
          <gpxtpx:TrackPointExtension>
            <gpxtpx:hr>156</gpxtpx:hr>
          </gpxtpx:TrackPointExtension>
        </extensions>
      </trkpt>
      <trkpt lat="31.045104168603682" lon="121.53233611334485">
        <ele>6.178158310241997</ele>
        <time>1970-01-01T00:35:06Z</time>
        <extensions>
          <gpxtpx:TrackPointExtension>
            <gpxtpx:hr>156</gpxtpx:hr>
          </gpxtpx:TrackPointExtension>
        </extensions>
      </trkpt>
      <trkpt lat="31.045118079051964" lon="121.5323118600666">
        <ele>6.169747106730938</ele>
        <time>1970-01-01T00:35:07Z</time>
        <extensions>
          <gpxtpx:TrackPointExtension>
            <gpxtpx:hr>157</gpxtpx:hr>
          </gpxtpx:TrackPointExtension>
        </extensions>
      </trkpt>
      <trkpt lat="31.045128677390398" lon="121.53228638248835">
        <ele>6.163134240545332</ele>
        <time>1970-01-01T00:35:08Z</time>
        <extensions>
          <gpxtpx:TrackPointExtension>
            <gpxtpx:hr>157</gpxtpx:hr>
          </gpxtpx:TrackPointExtension>
        </extensions>
      </trkpt>
      <trkpt lat="31.045136221408494" lon="121.53225834961773">
        <ele>6.157692015171051</ele>
        <time>1970-01-01T00:35:09Z</time>
        <extensions>
          <gpxtpx:TrackPointExtension>
            <gpxtpx:hr>157</gpxtpx:hr>
          </gpxtpx:TrackPointExtension>
        </extensions>
      </trkpt>
      <trkpt lat="31.045141779297932" lon="121.53222837299529">
        <ele>6.152716183103621</ele>
        <time>1970-01-01T00:35:10Z</time>
        <extensions>
          <gpxtpx:TrackPointExtension>
            <gpxtpx:hr>157</gpxtpx:hr>
          </gpxtpx:TrackPointExtension>
        </extensions>
      </trkpt>
      <trkpt lat="31.04514571893624" lon="121.53219797448295">
        <ele>6.14745784830302</ele>
        <time>1970-01-01T00:35:11Z</time>
        <extensions>
          <gpxtpx:TrackPointExtension>
            <gpxtpx:hr>157</gpxtpx:hr>
          </gpxtpx:TrackPointExtension>
        </extensions>
      </trkpt>
      <trkpt lat="31.04514732442063" lon="121.53216831032314">
        <ele>6.14133218023926</ele>
        <time>1970-01-01T00:35:12Z</time>
        <extensions>
          <gpxtpx:TrackPointExtension>
            <gpxtpx:hr>157</gpxtpx:hr>
          </gpxtpx:TrackPointExtension>
        </extensions>
      </trkpt>
      <trkpt lat="31.045145973839205" lon="121.53214007882502">
        <ele>6.13410141132772</ele>
        <time>1970-01-01T00:35:13Z</time>
        <extensions>
          <gpxtpx:TrackPointExtension>
            <gpxtpx:hr>157</gpxtpx:hr>
          </gpxtpx:TrackPointExtension>
        </extensions>
      </trkpt>
      <trkpt lat="31.045141671224133" lon="121.53211192191822">
        <ele>6.125703124329448</ele>
        <time>1970-01-01T00:35:14Z</time>
        <extensions>
          <gpxtpx:TrackPointExtension>
            <gpxtpx:hr>157</gpxtpx:hr>
          </gpxtpx:TrackPointExtension>
        </extensions>
      </trkpt>
      <trkpt lat="31.045134942151062" lon="121.5320832748723">
        <ele>6.116838357411325</ele>
        <time>1970-01-01T00:35:15Z</time>
        <extensions>
          <gpxtpx:TrackPointExtension>
            <gpxtpx:hr>157</gpxtpx:hr>
          </gpxtpx:TrackPointExtension>
        </extensions>
      </trkpt>
      <trkpt lat="31.04512609111534" lon="121.53205467446574">
        <ele>6.108454938977957</ele>
        <time>1970-01-01T00:35:16Z</time>
        <extensions>
          <gpxtpx:TrackPointExtension>
            <gpxtpx:hr>157</gpxtpx:hr>
          </gpxtpx:TrackPointExtension>
        </extensions>
      </trkpt>
      <trkpt lat="31.045115223565993" lon="121.53202649437378">
        <ele>6.101568997837603</ele>
        <time>1970-01-01T00:35:17Z</time>
        <extensions>
          <gpxtpx:TrackPointExtension>
            <gpxtpx:hr>158</gpxtpx:hr>
          </gpxtpx:TrackPointExtension>
        </extensions>
      </trkpt>
      <trkpt lat="31.04510242875044" lon="121.53199967266147">
        <ele>6.097230138257146</ele>
        <time>1970-01-01T00:35:18Z</time>
        <extensions>
          <gpxtpx:TrackPointExtension>
            <gpxtpx:hr>158</gpxtpx:hr>
          </gpxtpx:TrackPointExtension>
        </extensions>
      </trkpt>
      <trkpt lat="31.04508714851797" lon="121.5319750577894">
        <ele>6.096570062451065</ele>
        <time>1970-01-01T00:35:19Z</time>
        <extensions>
          <gpxtpx:TrackPointExtension>
            <gpxtpx:hr>158</gpxtpx:hr>
          </gpxtpx:TrackPointExtension>
        </extensions>
      </trkpt>
      <trkpt lat="31.04507008056712" lon="121.53195312429507">
        <ele>6.099998829886317</ele>
        <time>1970-01-01T00:35:20Z</time>
        <extensions>
          <gpxtpx:TrackPointExtension>
            <gpxtpx:hr>158</gpxtpx:hr>
          </gpxtpx:TrackPointExtension>
        </extensions>
      </trkpt>
      <trkpt lat="31.045052112206772" lon="121.53193460368873">
        <ele>6.107572025619447</ele>
        <time>1970-01-01T00:35:21Z</time>
        <extensions>
          <gpxtpx:TrackPointExtension>
            <gpxtpx:hr>158</gpxtpx:hr>
          </gpxtpx:TrackPointExtension>
        </extensions>
      </trkpt>
      <trkpt lat="31.04503275406142" lon="121.53191977003216">
        <ele>6.119186102412641</ele>
        <time>1970-01-01T00:35:22Z</time>
        <extensions>
          <gpxtpx:TrackPointExtension>
            <gpxtpx:hr>158</gpxtpx:hr>
          </gpxtpx:TrackPointExtension>
        </extensions>
      </trkpt>
      <trkpt lat="31.04501135021623" lon="121.53190792107982">
        <ele>6.134331284090877</ele>
        <time>1970-01-01T00:35:23Z</time>
        <extensions>
          <gpxtpx:TrackPointExtension>
            <gpxtpx:hr>158</gpxtpx:hr>
          </gpxtpx:TrackPointExtension>
        </extensions>
      </trkpt>
      <trkpt lat="31.04498770746525" lon="121.53189866916783">
        <ele>6.152218235656619</ele>
        <time>1970-01-01T00:35:24Z</time>
        <extensions>
          <gpxtpx:TrackPointExtension>
            <gpxtpx:hr>158</gpxtpx:hr>
          </gpxtpx:TrackPointExtension>
        </extensions>
      </trkpt>
      <trkpt lat="31.044963316195947" lon="121.53189230555489">
        <ele>6.171738303266466</ele>
        <time>1970-01-01T00:35:25Z</time>
        <extensions>
          <gpxtpx:TrackPointExtension>
            <gpxtpx:hr>158</gpxtpx:hr>
          </gpxtpx:TrackPointExtension>
        </extensions>
      </trkpt>
      <trkpt lat="31.044938893225133" lon="121.53188937285107">
        <ele>6.191468824632466</ele>
        <time>1970-01-01T00:35:26Z</time>
        <extensions>
          <gpxtpx:TrackPointExtension>
            <gpxtpx:hr>158</gpxtpx:hr>
          </gpxtpx:TrackPointExtension>
        </extensions>
      </trkpt>
      <trkpt lat="31.044913499471967" lon="121.53188982649615">
        <ele>6.209780842997134</ele>
        <time>1970-01-01T00:35:27Z</time>
        <extensions>
          <gpxtpx:TrackPointExtension>
            <gpxtpx:hr>158</gpxtpx:hr>
          </gpxtpx:TrackPointExtension>
        </extensions>
      </trkpt>
      <trkpt lat="31.044887425850288" lon="121.53189304932133">
        <ele>6.225248949602246</ele>
        <time>1970-01-01T00:35:28Z</time>
        <extensions>
          <gpxtpx:TrackPointExtension>
            <gpxtpx:hr>158</gpxtpx:hr>
          </gpxtpx:TrackPointExtension>
        </extensions>
      </trkpt>
      <trkpt lat="31.044861584709505" lon="121.53189913034281">
        <ele>6.236561305820942</ele>
        <time>1970-01-01T00:35:29Z</time>
        <extensions>
          <gpxtpx:TrackPointExtension>
            <gpxtpx:hr>158</gpxtpx:hr>
          </gpxtpx:TrackPointExtension>
        </extensions>
      </trkpt>
      <trkpt lat="31.044836744197845" lon="121.53190807053666">
        <ele>6.242847133427858</ele>
        <time>1970-01-01T00:35:30Z</time>
        <extensions>
          <gpxtpx:TrackPointExtension>
            <gpxtpx:hr>160</gpxtpx:hr>
          </gpxtpx:TrackPointExtension>
        </extensions>
      </trkpt>
      <trkpt lat="31.044813154552322" lon="121.53191962677616">
        <ele>6.24380093999207</ele>
        <time>1970-01-01T00:35:31Z</time>
        <extensions>
          <gpxtpx:TrackPointExtension>
            <gpxtpx:hr>160</gpxtpx:hr>
          </gpxtpx:TrackPointExtension>
        </extensions>
      </trkpt>
      <trkpt lat="31.044790445636654" lon="121.5319333434705">
        <ele>6.239559265784919</ele>
        <time>1970-01-01T00:35:32Z</time>
        <extensions>
          <gpxtpx:TrackPointExtension>
            <gpxtpx:hr>160</gpxtpx:hr>
          </gpxtpx:TrackPointExtension>
        </extensions>
      </trkpt>
      <trkpt lat="31.044768073839503" lon="121.53194823217954">
        <ele>6.231287864968181</ele>
        <time>1970-01-01T00:35:33Z</time>
        <extensions>
          <gpxtpx:TrackPointExtension>
            <gpxtpx:hr>160</gpxtpx:hr>
          </gpxtpx:TrackPointExtension>
        </extensions>
      </trkpt>
      <trkpt lat="31.04474549815289" lon="121.53196391397637">
        <ele>6.220446257852018</ele>
        <time>1970-01-01T00:35:34Z</time>
        <extensions>
          <gpxtpx:TrackPointExtension>
            <gpxtpx:hr>160</gpxtpx:hr>
          </gpxtpx:TrackPointExtension>
        </extensions>
      </trkpt>
      <trkpt lat="31.044722452801388" lon="121.53197962609701">
        <ele>6.208502424880862</ele>
        <time>1970-01-01T00:35:35Z</time>
        <extensions>
          <gpxtpx:TrackPointExtension>
            <gpxtpx:hr>160</gpxtpx:hr>
          </gpxtpx:TrackPointExtension>
        </extensions>
      </trkpt>
      <trkpt lat="31.044698758514" lon="121.53199519266684">
        <ele>6.19674482755363</ele>
        <time>1970-01-01T00:35:36Z</time>
        <extensions>
          <gpxtpx:TrackPointExtension>
            <gpxtpx:hr>160</gpxtpx:hr>
          </gpxtpx:TrackPointExtension>
        </extensions>
      </trkpt>
      <trkpt lat="31.044674453618374" lon="121.53201031445315">
        <ele>6.186468744650483</ele>
        <time>1970-01-01T00:35:37Z</time>
        <extensions>
          <gpxtpx:TrackPointExtension>
            <gpxtpx:hr>160</gpxtpx:hr>
          </gpxtpx:TrackPointExtension>
        </extensions>
      </trkpt>
      <trkpt lat="31.044650049887103" lon="121.53202407240714">
        <ele>6.179077037610114</ele>
        <time>1970-01-01T00:35:38Z</time>
        <extensions>
          <gpxtpx:TrackPointExtension>
            <gpxtpx:hr>160</gpxtpx:hr>
          </gpxtpx:TrackPointExtension>
        </extensions>
      </trkpt>
      <trkpt lat="31.04462591944824" lon="121.53203705360916">
        <ele>6.175804208964109</ele>
        <time>1970-01-01T00:35:39Z</time>
        <extensions>
          <gpxtpx:TrackPointExtension>
            <gpxtpx:hr>161</gpxtpx:hr>
          </gpxtpx:TrackPointExtension>
        </extensions>
      </trkpt>
      <trkpt lat="31.044602569945393" lon="121.53204952093061">
        <ele>6.177929160185158</ele>
        <time>1970-01-01T00:35:40Z</time>
        <extensions>
          <gpxtpx:TrackPointExtension>
            <gpxtpx:hr>161</gpxtpx:hr>
          </gpxtpx:TrackPointExtension>
        </extensions>
      </trkpt>
      <trkpt lat="31.044579768576938" lon="121.53206223603999">
        <ele>6.187122276984155</ele>
        <time>1970-01-01T00:35:41Z</time>
        <extensions>
          <gpxtpx:TrackPointExtension>
            <gpxtpx:hr>161</gpxtpx:hr>
          </gpxtpx:TrackPointExtension>
        </extensions>
      </trkpt>
      <trkpt lat="31.044556839116314" lon="121.53207572142777">
        <ele>6.204704484902322</ele>
        <time>1970-01-01T00:35:42Z</time>
        <extensions>
          <gpxtpx:TrackPointExtension>
            <gpxtpx:hr>161</gpxtpx:hr>
          </gpxtpx:TrackPointExtension>
        </extensions>
      </trkpt>
      <trkpt lat="31.0445338380393" lon="121.53208969278117">
        <ele>6.230777349323034</ele>
        <time>1970-01-01T00:35:43Z</time>
        <extensions>
          <gpxtpx:TrackPointExtension>
            <gpxtpx:hr>161</gpxtpx:hr>
          </gpxtpx:TrackPointExtension>
        </extensions>
      </trkpt>
      <trkpt lat="31.044510635931317" lon="121.53210486256664">
        <ele>6.264903568662703</ele>
        <time>1970-01-01T00:35:44Z</time>
        <extensions>
          <gpxtpx:TrackPointExtension>
            <gpxtpx:hr>161</gpxtpx:hr>
          </gpxtpx:TrackPointExtension>
        </extensions>
      </trkpt>
      <trkpt lat="31.04448726348754" lon="121.53212081971553">
        <ele>6.306170579046011</ele>
        <time>1970-01-01T00:35:45Z</time>
        <extensions>
          <gpxtpx:TrackPointExtension>
            <gpxtpx:hr>161</gpxtpx:hr>
          </gpxtpx:TrackPointExtension>
        </extensions>
      </trkpt>
      <trkpt lat="31.044463806247027" lon="121.53213645631736">
        <ele>6.352415601722896</ele>
        <time>1970-01-01T00:35:46Z</time>
        <extensions>
          <gpxtpx:TrackPointExtension>
            <gpxtpx:hr>161</gpxtpx:hr>
          </gpxtpx:TrackPointExtension>
        </extensions>
      </trkpt>
      <trkpt lat="31.044440162983612" lon="121.53215179487898">
        <ele>6.401483531109989</ele>
        <time>1970-01-01T00:35:47Z</time>
        <extensions>
          <gpxtpx:TrackPointExtension>
            <gpxtpx:hr>161</gpxtpx:hr>
          </gpxtpx:TrackPointExtension>
        </extensions>
      </trkpt>
      <trkpt lat="31.04441691252648" lon="121.5321665883632">
        <ele>6.45121512748301</ele>
        <time>1970-01-01T00:35:48Z</time>
        <extensions>
          <gpxtpx:TrackPointExtension>
            <gpxtpx:hr>161</gpxtpx:hr>
          </gpxtpx:TrackPointExtension>
        </extensions>
      </trkpt>
      <trkpt lat="31.044393699331664" lon="121.53218100682507">
        <ele>6.499343880452216</ele>
        <time>1970-01-01T00:35:49Z</time>
        <extensions>
          <gpxtpx:TrackPointExtension>
            <gpxtpx:hr>161</gpxtpx:hr>
          </gpxtpx:TrackPointExtension>
        </extensions>
      </trkpt>
      <trkpt lat="31.04437001476438" lon="121.53219550138044">
        <ele>6.543436905369163</ele>
        <time>1970-01-01T00:35:50Z</time>
        <extensions>
          <gpxtpx:TrackPointExtension>
            <gpxtpx:hr>161</gpxtpx:hr>
          </gpxtpx:TrackPointExtension>
        </extensions>
      </trkpt>
      <trkpt lat="31.044346500649496" lon="121.53220964428708">
        <ele>6.581004415638745</ele>
        <time>1970-01-01T00:35:51Z</time>
        <extensions>
          <gpxtpx:TrackPointExtension>
            <gpxtpx:hr>161</gpxtpx:hr>
          </gpxtpx:TrackPointExtension>
        </extensions>
      </trkpt>
      <trkpt lat="31.04432350777536" lon="121.5322237935832">
        <ele>6.609535411000252</ele>
        <time>1970-01-01T00:35:52Z</time>
        <extensions>
          <gpxtpx:TrackPointExtension>
            <gpxtpx:hr>161</gpxtpx:hr>
          </gpxtpx:TrackPointExtension>
        </extensions>
      </trkpt>
      <trkpt lat="31.04430139787429" lon="121.53223879381811">
        <ele>6.6269012205302715</ele>
        <time>1970-01-01T00:35:53Z</time>
        <extensions>
          <gpxtpx:TrackPointExtension>
            <gpxtpx:hr>161</gpxtpx:hr>
          </gpxtpx:TrackPointExtension>
        </extensions>
      </trkpt>
      <trkpt lat="31.044280324826346" lon="121.53225558263522">
        <ele>6.631602879613638</ele>
        <time>1970-01-01T00:35:54Z</time>
        <extensions>
          <gpxtpx:TrackPointExtension>
            <gpxtpx:hr>161</gpxtpx:hr>
          </gpxtpx:TrackPointExtension>
        </extensions>
      </trkpt>
      <trkpt lat="31.044260318195153" lon="121.5322752550201">
        <ele>6.622832164168358</ele>
        <time>1970-01-01T00:35:55Z</time>
        <extensions>
          <gpxtpx:TrackPointExtension>
            <gpxtpx:hr>161</gpxtpx:hr>
          </gpxtpx:TrackPointExtension>
        </extensions>
      </trkpt>
      <trkpt lat="31.044242910121834" lon="121.53229762709366">
        <ele>6.6009796261787415</ele>
        <time>1970-01-01T00:35:56Z</time>
        <extensions>
          <gpxtpx:TrackPointExtension>
            <gpxtpx:hr>162</gpxtpx:hr>
          </gpxtpx:TrackPointExtension>
        </extensions>
      </trkpt>
      <trkpt lat="31.04422979859276" lon="121.53232273956607">
        <ele>6.567137901671231</ele>
        <time>1970-01-01T00:35:57Z</time>
        <extensions>
          <gpxtpx:TrackPointExtension>
            <gpxtpx:hr>162</gpxtpx:hr>
          </gpxtpx:TrackPointExtension>
        </extensions>
      </trkpt>
      <trkpt lat="31.044220976533836" lon="121.53235103860149">
        <ele>6.52322746347636</ele>
        <time>1970-01-01T00:35:58Z</time>
        <extensions>
          <gpxtpx:TrackPointExtension>
            <gpxtpx:hr>162</gpxtpx:hr>
          </gpxtpx:TrackPointExtension>
        </extensions>
      </trkpt>
      <trkpt lat="31.044214987307413" lon="121.53238121023841">
        <ele>6.471808711066842</ele>
        <time>1970-01-01T00:35:59Z</time>
        <extensions>
          <gpxtpx:TrackPointExtension>
            <gpxtpx:hr>162</gpxtpx:hr>
          </gpxtpx:TrackPointExtension>
        </extensions>
      </trkpt>
      <trkpt lat="31.044210325640396" lon="121.53241249880513">
        <ele>6.415566062554717</ele>
        <time>1970-01-01T00:36:00Z</time>
        <extensions>
          <gpxtpx:TrackPointExtension>
            <gpxtpx:hr>162</gpxtpx:hr>
          </gpxtpx:TrackPointExtension>
        </extensions>
      </trkpt>
      <trkpt lat="31.044206464015794" lon="121.53244449485234">
        <ele>6.357333546504378</ele>
        <time>1970-01-01T00:36:01Z</time>
        <extensions>
          <gpxtpx:TrackPointExtension>
            <gpxtpx:hr>162</gpxtpx:hr>
          </gpxtpx:TrackPointExtension>
        </extensions>
      </trkpt>
      <trkpt lat="31.04420340943426" lon="121.53247595469432">
        <ele>6.299844027496874</ele>
        <time>1970-01-01T00:36:02Z</time>
        <extensions>
          <gpxtpx:TrackPointExtension>
            <gpxtpx:hr>162</gpxtpx:hr>
          </gpxtpx:TrackPointExtension>
        </extensions>
      </trkpt>
      <trkpt lat="31.044201688852276" lon="121.53250710105875">
        <ele>6.245314962230623</ele>
        <time>1970-01-01T00:36:03Z</time>
        <extensions>
          <gpxtpx:TrackPointExtension>
            <gpxtpx:hr>162</gpxtpx:hr>
          </gpxtpx:TrackPointExtension>
        </extensions>
      </trkpt>
      <trkpt lat="31.044201952865755" lon="121.53253752897103">
        <ele>6.19513579364866</ele>
        <time>1970-01-01T00:36:04Z</time>
        <extensions>
          <gpxtpx:TrackPointExtension>
            <gpxtpx:hr>162</gpxtpx:hr>
          </gpxtpx:TrackPointExtension>
        </extensions>
      </trkpt>
      <trkpt lat="31.04420528482026" lon="121.53256670246411">
        <ele>6.150372821837664</ele>
        <time>1970-01-01T00:36:05Z</time>
        <extensions>
          <gpxtpx:TrackPointExtension>
            <gpxtpx:hr>162</gpxtpx:hr>
          </gpxtpx:TrackPointExtension>
        </extensions>
      </trkpt>
      <trkpt lat="31.04421263013486" lon="121.53259521978292">
        <ele>6.11184449493885</ele>
        <time>1970-01-01T00:36:06Z</time>
        <extensions>
          <gpxtpx:TrackPointExtension>
            <gpxtpx:hr>162</gpxtpx:hr>
          </gpxtpx:TrackPointExtension>
        </extensions>
      </trkpt>
      <trkpt lat="31.044223652789082" lon="121.53262239927338">
        <ele>6.079935199581087</ele>
        <time>1970-01-01T00:36:07Z</time>
        <extensions>
          <gpxtpx:TrackPointExtension>
            <gpxtpx:hr>162</gpxtpx:hr>
          </gpxtpx:TrackPointExtension>
        </extensions>
      </trkpt>
      <trkpt lat="31.04423767566027" lon="121.53264815361614">
        <ele>6.054708015173674</ele>
        <time>1970-01-01T00:36:08Z</time>
        <extensions>
          <gpxtpx:TrackPointExtension>
            <gpxtpx:hr>162</gpxtpx:hr>
          </gpxtpx:TrackPointExtension>
        </extensions>
      </trkpt>
      <trkpt lat="31.044253681942948" lon="121.53267258090902">
        <ele>6.036205192096531</ele>
        <time>1970-01-01T00:36:09Z</time>
        <extensions>
          <gpxtpx:TrackPointExtension>
            <gpxtpx:hr>162</gpxtpx:hr>
          </gpxtpx:TrackPointExtension>
        </extensions>
      </trkpt>
      <trkpt lat="31.04427138500003" lon="121.53269490403228">
        <ele>6.024088190868497</ele>
        <time>1970-01-01T00:36:10Z</time>
        <extensions>
          <gpxtpx:TrackPointExtension>
            <gpxtpx:hr>162</gpxtpx:hr>
          </gpxtpx:TrackPointExtension>
        </extensions>
      </trkpt>
      <trkpt lat="31.044290957605366" lon="121.53271488311783">
        <ele>6.0171800665557384</ele>
        <time>1970-01-01T00:36:11Z</time>
        <extensions>
          <gpxtpx:TrackPointExtension>
            <gpxtpx:hr>162</gpxtpx:hr>
          </gpxtpx:TrackPointExtension>
        </extensions>
      </trkpt>
      <trkpt lat="31.044312151046192" lon="121.53273162710431">
        <ele>6.014009691774845</ele>
        <time>1970-01-01T00:36:12Z</time>
        <extensions>
          <gpxtpx:TrackPointExtension>
            <gpxtpx:hr>161</gpxtpx:hr>
          </gpxtpx:TrackPointExtension>
        </extensions>
      </trkpt>
      <trkpt lat="31.044334819849137" lon="121.53274439922325">
        <ele>6.0132165141403675</ele>
        <time>1970-01-01T00:36:13Z</time>
        <extensions>
          <gpxtpx:TrackPointExtension>
            <gpxtpx:hr>161</gpxtpx:hr>
          </gpxtpx:TrackPointExtension>
        </extensions>
      </trkpt>
      <trkpt lat="31.04435835533287" lon="121.5327528166296">
        <ele>6.013777908869088</ele>
        <time>1970-01-01T00:36:14Z</time>
        <extensions>
          <gpxtpx:TrackPointExtension>
            <gpxtpx:hr>161</gpxtpx:hr>
          </gpxtpx:TrackPointExtension>
        </extensions>
      </trkpt>
      <trkpt lat="31.04438388360684" lon="121.53275600247623">
        <ele>6.014897403307259</ele>
        <time>1970-01-01T00:36:15Z</time>
        <extensions>
          <gpxtpx:TrackPointExtension>
            <gpxtpx:hr>161</gpxtpx:hr>
          </gpxtpx:TrackPointExtension>
        </extensions>
      </trkpt>
      <trkpt lat="31.044411392325312" lon="121.53275524507877">
        <ele>6.016304868273437</ele>
        <time>1970-01-01T00:36:16Z</time>
        <extensions>
          <gpxtpx:TrackPointExtension>
            <gpxtpx:hr>161</gpxtpx:hr>
          </gpxtpx:TrackPointExtension>
        </extensions>
      </trkpt>
      <trkpt lat="31.04443829955731" lon="121.5327527550155">
        <ele>6.0180137967690825</ele>
        <time>1970-01-01T00:36:17Z</time>
        <extensions>
          <gpxtpx:TrackPointExtension>
            <gpxtpx:hr>160</gpxtpx:hr>
          </gpxtpx:TrackPointExtension>
        </extensions>
      </trkpt>
      <trkpt lat="31.044464321432127" lon="121.53274875320498">
        <ele>6.02002527564764</ele>
        <time>1970-01-01T00:36:18Z</time>
        <extensions>
          <gpxtpx:TrackPointExtension>
            <gpxtpx:hr>160</gpxtpx:hr>
          </gpxtpx:TrackPointExtension>
        </extensions>
      </trkpt>
      <trkpt lat="31.04449007659256" lon="121.532742997437">
        <ele>6.02198769710958</ele>
        <time>1970-01-01T00:36:19Z</time>
        <extensions>
          <gpxtpx:TrackPointExtension>
            <gpxtpx:hr>160</gpxtpx:hr>
          </gpxtpx:TrackPointExtension>
        </extensions>
      </trkpt>
      <trkpt lat="31.04451584945301" lon="121.53273539228172">
        <ele>6.023590497672558</ele>
        <time>1970-01-01T00:36:20Z</time>
        <extensions>
          <gpxtpx:TrackPointExtension>
            <gpxtpx:hr>160</gpxtpx:hr>
          </gpxtpx:TrackPointExtension>
        </extensions>
      </trkpt>
      <trkpt lat="31.044541745531763" lon="121.53272585537293">
        <ele>6.024844060651958</ele>
        <time>1970-01-01T00:36:21Z</time>
        <extensions>
          <gpxtpx:TrackPointExtension>
            <gpxtpx:hr>160</gpxtpx:hr>
          </gpxtpx:TrackPointExtension>
        </extensions>
      </trkpt>
      <trkpt lat="31.04456682866519" lon="121.53271449068426">
        <ele>6.026141133159399</ele>
        <time>1970-01-01T00:36:22Z</time>
        <extensions>
          <gpxtpx:TrackPointExtension>
            <gpxtpx:hr>160</gpxtpx:hr>
          </gpxtpx:TrackPointExtension>
        </extensions>
      </trkpt>
      <trkpt lat="31.044590913021036" lon="121.53270102001372">
        <ele>6.028038498945534</ele>
        <time>1970-01-01T00:36:23Z</time>
        <extensions>
          <gpxtpx:TrackPointExtension>
            <gpxtpx:hr>160</gpxtpx:hr>
          </gpxtpx:TrackPointExtension>
        </extensions>
      </trkpt>
      <trkpt lat="31.044614223464215" lon="121.53268630759767">
        <ele>6.031508871354163</ele>
        <time>1970-01-01T00:36:24Z</time>
        <extensions>
          <gpxtpx:TrackPointExtension>
            <gpxtpx:hr>160</gpxtpx:hr>
          </gpxtpx:TrackPointExtension>
        </extensions>
      </trkpt>
      <trkpt lat="31.044636582547923" lon="121.53267205329107">
        <ele>6.037500242702663</ele>
        <time>1970-01-01T00:36:25Z</time>
        <extensions>
          <gpxtpx:TrackPointExtension>
            <gpxtpx:hr>160</gpxtpx:hr>
          </gpxtpx:TrackPointExtension>
        </extensions>
      </trkpt>
      <trkpt lat="31.044658350117274" lon="121.53265868230702">
        <ele>6.046475828625262</ele>
        <time>1970-01-01T00:36:26Z</time>
        <extensions>
          <gpxtpx:TrackPointExtension>
            <gpxtpx:hr>160</gpxtpx:hr>
          </gpxtpx:TrackPointExtension>
        </extensions>
      </trkpt>
      <trkpt lat="31.044679738462747" lon="121.53264632538159">
        <ele>6.058227031491697</ele>
        <time>1970-01-01T00:36:27Z</time>
        <extensions>
          <gpxtpx:TrackPointExtension>
            <gpxtpx:hr>160</gpxtpx:hr>
          </gpxtpx:TrackPointExtension>
        </extensions>
      </trkpt>
      <trkpt lat="31.044701498686052" lon="121.53263441965879">
        <ele>6.07243790011853</ele>
        <time>1970-01-01T00:36:28Z</time>
        <extensions>
          <gpxtpx:TrackPointExtension>
            <gpxtpx:hr>160</gpxtpx:hr>
          </gpxtpx:TrackPointExtension>
        </extensions>
      </trkpt>
      <trkpt lat="31.044724263806234" lon="121.53262177234576">
        <ele>6.08882643096149</ele>
        <time>1970-01-01T00:36:29Z</time>
        <extensions>
          <gpxtpx:TrackPointExtension>
            <gpxtpx:hr>160</gpxtpx:hr>
          </gpxtpx:TrackPointExtension>
        </extensions>
      </trkpt>
      <trkpt lat="31.04474734356752" lon="121.53260824254929">
        <ele>6.1070636454969645</ele>
        <time>1970-01-01T00:36:30Z</time>
        <extensions>
          <gpxtpx:TrackPointExtension>
            <gpxtpx:hr>160</gpxtpx:hr>
          </gpxtpx:TrackPointExtension>
        </extensions>
      </trkpt>
      <trkpt lat="31.044770645195186" lon="121.53259396366006">
        <ele>6.126729570329189</ele>
        <time>1970-01-01T00:36:31Z</time>
        <extensions>
          <gpxtpx:TrackPointExtension>
            <gpxtpx:hr>160</gpxtpx:hr>
          </gpxtpx:TrackPointExtension>
        </extensions>
      </trkpt>
      <trkpt lat="31.044794315195666" lon="121.53257948463802">
        <ele>6.148134494200349</ele>
        <time>1970-01-01T00:36:32Z</time>
        <extensions>
          <gpxtpx:TrackPointExtension>
            <gpxtpx:hr>160</gpxtpx:hr>
          </gpxtpx:TrackPointExtension>
        </extensions>
      </trkpt>
      <trkpt lat="31.044818549119892" lon="121.53256502323492">
        <ele>6.1717600943520665</ele>
        <time>1970-01-01T00:36:33Z</time>
        <extensions>
          <gpxtpx:TrackPointExtension>
            <gpxtpx:hr>161</gpxtpx:hr>
          </gpxtpx:TrackPointExtension>
        </extensions>
      </trkpt>
      <trkpt lat="31.044842999572584" lon="121.53255083041132">
        <ele>6.19797838293016</ele>
        <time>1970-01-01T00:36:34Z</time>
        <extensions>
          <gpxtpx:TrackPointExtension>
            <gpxtpx:hr>161</gpxtpx:hr>
          </gpxtpx:TrackPointExtension>
        </extensions>
      </trkpt>
      <trkpt lat="31.044867406120133" lon="121.53253653815095">
        <ele>6.227071073837578</ele>
        <time>1970-01-01T00:36:35Z</time>
        <extensions>
          <gpxtpx:TrackPointExtension>
            <gpxtpx:hr>161</gpxtpx:hr>
          </gpxtpx:TrackPointExtension>
        </extensions>
      </trkpt>
      <trkpt lat="31.044891794333502" lon="121.53252183673574">
        <ele>6.259416605345905</ele>
        <time>1970-01-01T00:36:36Z</time>
        <extensions>
          <gpxtpx:TrackPointExtension>
            <gpxtpx:hr>161</gpxtpx:hr>
          </gpxtpx:TrackPointExtension>
        </extensions>
      </trkpt>
      <trkpt lat="31.044915894308524" lon="121.53250737695606">
        <ele>6.295616831630468</ele>
        <time>1970-01-01T00:36:37Z</time>
        <extensions>
          <gpxtpx:TrackPointExtension>
            <gpxtpx:hr>161</gpxtpx:hr>
          </gpxtpx:TrackPointExtension>
        </extensions>
      </trkpt>
      <trkpt lat="31.044939476891855" lon="121.53249275095153">
        <ele>6.335152748040855</ele>
        <time>1970-01-01T00:36:38Z</time>
        <extensions>
          <gpxtpx:TrackPointExtension>
            <gpxtpx:hr>162</gpxtpx:hr>
          </gpxtpx:TrackPointExtension>
        </extensions>
      </trkpt>
      <trkpt lat="31.044962853605462" lon="121.53247771462638">
        <ele>6.377177473157644</ele>
        <time>1970-01-01T00:36:39Z</time>
        <extensions>
          <gpxtpx:TrackPointExtension>
            <gpxtpx:hr>162</gpxtpx:hr>
          </gpxtpx:TrackPointExtension>
        </extensions>
      </trkpt>
      <trkpt lat="31.044986304072793" lon="121.53246194777962">
        <ele>6.420802557840943</ele>
        <time>1970-01-01T00:36:40Z</time>
        <extensions>
          <gpxtpx:TrackPointExtension>
            <gpxtpx:hr>162</gpxtpx:hr>
          </gpxtpx:TrackPointExtension>
        </extensions>
      </trkpt>
      <trkpt lat="31.045009470546358" lon="121.5324455266065">
        <ele>6.46474779676646</ele>
        <time>1970-01-01T00:36:41Z</time>
        <extensions>
          <gpxtpx:TrackPointExtension>
            <gpxtpx:hr>162</gpxtpx:hr>
          </gpxtpx:TrackPointExtension>
        </extensions>
      </trkpt>
      <trkpt lat="31.04503197628321" lon="121.53242913334556">
        <ele>6.507429530844092</ele>
        <time>1970-01-01T00:36:42Z</time>
        <extensions>
          <gpxtpx:TrackPointExtension>
            <gpxtpx:hr>162</gpxtpx:hr>
          </gpxtpx:TrackPointExtension>
        </extensions>
      </trkpt>
      <trkpt lat="31.04505337002537" lon="121.53241289133537">
        <ele>6.5471755266189575</ele>
        <time>1970-01-01T00:36:43Z</time>
        <extensions>
          <gpxtpx:TrackPointExtension>
            <gpxtpx:hr>162</gpxtpx:hr>
          </gpxtpx:TrackPointExtension>
        </extensions>
      </trkpt>
      <trkpt lat="31.045073144216627" lon="121.53239648198353">
        <ele>6.582158441655338</ele>
        <time>1970-01-01T00:36:44Z</time>
        <extensions>
          <gpxtpx:TrackPointExtension>
            <gpxtpx:hr>162</gpxtpx:hr>
          </gpxtpx:TrackPointExtension>
        </extensions>
      </trkpt>
      <trkpt lat="31.045090948672335" lon="121.53237851600359">
        <ele>6.610435824841261</ele>
        <time>1970-01-01T00:36:45Z</time>
        <extensions>
          <gpxtpx:TrackPointExtension>
            <gpxtpx:hr>162</gpxtpx:hr>
          </gpxtpx:TrackPointExtension>
        </extensions>
      </trkpt>
      <trkpt lat="31.045106752570934" lon="121.53235819704541">
        <ele>6.630617102608085</ele>
        <time>1970-01-01T00:36:46Z</time>
        <extensions>
          <gpxtpx:TrackPointExtension>
            <gpxtpx:hr>162</gpxtpx:hr>
          </gpxtpx:TrackPointExtension>
        </extensions>
      </trkpt>
      <trkpt lat="31.045120574079046" lon="121.53233563116254">
        <ele>6.641595588065684</ele>
        <time>1970-01-01T00:36:47Z</time>
        <extensions>
          <gpxtpx:TrackPointExtension>
            <gpxtpx:hr>162</gpxtpx:hr>
          </gpxtpx:TrackPointExtension>
        </extensions>
      </trkpt>
      <trkpt lat="31.045133156792062" lon="121.53231029411573">
        <ele>6.642888358794153</ele>
        <time>1970-01-01T00:36:48Z</time>
        <extensions>
          <gpxtpx:TrackPointExtension>
            <gpxtpx:hr>162</gpxtpx:hr>
          </gpxtpx:TrackPointExtension>
        </extensions>
      </trkpt>
      <trkpt lat="31.045144428648378" lon="121.53228285915807">
        <ele>6.634802056476474</ele>
        <time>1970-01-01T00:36:49Z</time>
        <extensions>
          <gpxtpx:TrackPointExtension>
            <gpxtpx:hr>162</gpxtpx:hr>
          </gpxtpx:TrackPointExtension>
        </extensions>
      </trkpt>
      <trkpt lat="31.045153088260978" lon="121.53225321188758">
        <ele>6.61834520008415</ele>
        <time>1970-01-01T00:36:50Z</time>
        <extensions>
          <gpxtpx:TrackPointExtension>
            <gpxtpx:hr>162</gpxtpx:hr>
          </gpxtpx:TrackPointExtension>
        </extensions>
      </trkpt>
      <trkpt lat="31.04515855378423" lon="121.53222097918243">
        <ele>6.595281418412924</ele>
        <time>1970-01-01T00:36:51Z</time>
        <extensions>
          <gpxtpx:TrackPointExtension>
            <gpxtpx:hr>162</gpxtpx:hr>
          </gpxtpx:TrackPointExtension>
        </extensions>
      </trkpt>
      <trkpt lat="31.045160762455875" lon="121.53218714816808">
        <ele>6.567690257914364</ele>
        <time>1970-01-01T00:36:52Z</time>
        <extensions>
          <gpxtpx:TrackPointExtension>
            <gpxtpx:hr>162</gpxtpx:hr>
          </gpxtpx:TrackPointExtension>
        </extensions>
      </trkpt>
      <trkpt lat="31.045159336206574" lon="121.53215290191977">
        <ele>6.537769346497953</ele>
        <time>1970-01-01T00:36:53Z</time>
        <extensions>
          <gpxtpx:TrackPointExtension>
            <gpxtpx:hr>162</gpxtpx:hr>
          </gpxtpx:TrackPointExtension>
        </extensions>
      </trkpt>
      <trkpt lat="31.045153440480412" lon="121.5321202720858">
        <ele>6.5076370956376195</ele>
        <time>1970-01-01T00:36:54Z</time>
        <extensions>
          <gpxtpx:TrackPointExtension>
            <gpxtpx:hr>162</gpxtpx:hr>
          </gpxtpx:TrackPointExtension>
        </extensions>
      </trkpt>
      <trkpt lat="31.04514257011256" lon="121.53208992040919">
        <ele>6.479169660247862</ele>
        <time>1970-01-01T00:36:55Z</time>
        <extensions>
          <gpxtpx:TrackPointExtension>
            <gpxtpx:hr>162</gpxtpx:hr>
          </gpxtpx:TrackPointExtension>
        </extensions>
      </trkpt>
      <trkpt lat="31.045128040535083" lon="121.53206139297302">
        <ele>6.453681913204491</ele>
        <time>1970-01-01T00:36:56Z</time>
        <extensions>
          <gpxtpx:TrackPointExtension>
            <gpxtpx:hr>162</gpxtpx:hr>
          </gpxtpx:TrackPointExtension>
        </extensions>
      </trkpt>
      <trkpt lat="31.045111471077124" lon="121.53203450478175">
        <ele>6.432094722986221</ele>
        <time>1970-01-01T00:36:57Z</time>
        <extensions>
          <gpxtpx:TrackPointExtension>
            <gpxtpx:hr>162</gpxtpx:hr>
          </gpxtpx:TrackPointExtension>
        </extensions>
      </trkpt>
      <trkpt lat="31.04509375393004" lon="121.53200905670226">
        <ele>6.414957149885595</ele>
        <time>1970-01-01T00:36:58Z</time>
        <extensions>
          <gpxtpx:TrackPointExtension>
            <gpxtpx:hr>162</gpxtpx:hr>
          </gpxtpx:TrackPointExtension>
        </extensions>
      </trkpt>
      <trkpt lat="31.045075496777496" lon="121.53198567591589">
        <ele>6.40246868878603</ele>
        <time>1970-01-01T00:36:59Z</time>
        <extensions>
          <gpxtpx:TrackPointExtension>
            <gpxtpx:hr>162</gpxtpx:hr>
          </gpxtpx:TrackPointExtension>
        </extensions>
      </trkpt>
      <trkpt lat="31.045055762682527" lon="121.53196470391032">
        <ele>6.394546558149159</ele>
        <time>1970-01-01T00:37:00Z</time>
        <extensions>
          <gpxtpx:TrackPointExtension>
            <gpxtpx:hr>162</gpxtpx:hr>
          </gpxtpx:TrackPointExtension>
        </extensions>
      </trkpt>
      <trkpt lat="31.045033851843304" lon="121.53194607674126">
        <ele>6.390515705570579</ele>
        <time>1970-01-01T00:37:01Z</time>
        <extensions>
          <gpxtpx:TrackPointExtension>
            <gpxtpx:hr>162</gpxtpx:hr>
          </gpxtpx:TrackPointExtension>
        </extensions>
      </trkpt>
      <trkpt lat="31.0450101256328" lon="121.53193061122356">
        <ele>6.389416242018342</ele>
        <time>1970-01-01T00:37:02Z</time>
        <extensions>
          <gpxtpx:TrackPointExtension>
            <gpxtpx:hr>162</gpxtpx:hr>
          </gpxtpx:TrackPointExtension>
        </extensions>
      </trkpt>
      <trkpt lat="31.044984953393865" lon="121.53191879127122">
        <ele>6.390123474411666</ele>
        <time>1970-01-01T00:37:03Z</time>
        <extensions>
          <gpxtpx:TrackPointExtension>
            <gpxtpx:hr>162</gpxtpx:hr>
          </gpxtpx:TrackPointExtension>
        </extensions>
      </trkpt>
      <trkpt lat="31.04495889539315" lon="121.53191026517153">
        <ele>6.391343237832189</ele>
        <time>1970-01-01T00:37:04Z</time>
        <extensions>
          <gpxtpx:TrackPointExtension>
            <gpxtpx:hr>162</gpxtpx:hr>
          </gpxtpx:TrackPointExtension>
        </extensions>
      </trkpt>
      <trkpt lat="31.04493177808511" lon="121.53190446804547">
        <ele>6.391784212552011</ele>
        <time>1970-01-01T00:37:05Z</time>
        <extensions>
          <gpxtpx:TrackPointExtension>
            <gpxtpx:hr>162</gpxtpx:hr>
          </gpxtpx:TrackPointExtension>
        </extensions>
      </trkpt>
      <trkpt lat="31.04490393597087" lon="121.53190189484356">
        <ele>6.3904836336150765</ele>
        <time>1970-01-01T00:37:06Z</time>
        <extensions>
          <gpxtpx:TrackPointExtension>
            <gpxtpx:hr>162</gpxtpx:hr>
          </gpxtpx:TrackPointExtension>
        </extensions>
      </trkpt>
      <trkpt lat="31.044876578197005" lon="121.5319027278599">
        <ele>6.386716539040208</ele>
        <time>1970-01-01T00:37:07Z</time>
        <extensions>
          <gpxtpx:TrackPointExtension>
            <gpxtpx:hr>162</gpxtpx:hr>
          </gpxtpx:TrackPointExtension>
        </extensions>
      </trkpt>
      <trkpt lat="31.044850496887058" lon="121.53190636733186">
        <ele>6.379956690594554</ele>
        <time>1970-01-01T00:37:08Z</time>
        <extensions>
          <gpxtpx:TrackPointExtension>
            <gpxtpx:hr>162</gpxtpx:hr>
          </gpxtpx:TrackPointExtension>
        </extensions>
      </trkpt>
      <trkpt lat="31.044825010330946" lon="121.53191267569305">
        <ele>6.370164329186082</ele>
        <time>1970-01-01T00:37:09Z</time>
        <extensions>
          <gpxtpx:TrackPointExtension>
            <gpxtpx:hr>162</gpxtpx:hr>
          </gpxtpx:TrackPointExtension>
        </extensions>
      </trkpt>
      <trkpt lat="31.044799347550835" lon="121.53192056481741">
        <ele>6.357483059167862</ele>
        <time>1970-01-01T00:37:10Z</time>
        <extensions>
          <gpxtpx:TrackPointExtension>
            <gpxtpx:hr>162</gpxtpx:hr>
          </gpxtpx:TrackPointExtension>
        </extensions>
      </trkpt>
      <trkpt lat="31.0447741977267" lon="121.53192836547966">
        <ele>6.34224939160049</ele>
        <time>1970-01-01T00:37:11Z</time>
        <extensions>
          <gpxtpx:TrackPointExtension>
            <gpxtpx:hr>162</gpxtpx:hr>
          </gpxtpx:TrackPointExtension>
        </extensions>
      </trkpt>
      <trkpt lat="31.04474974784892" lon="121.53193639168477">
        <ele>6.325015729293227</ele>
        <time>1970-01-01T00:37:12Z</time>
        <extensions>
          <gpxtpx:TrackPointExtension>
            <gpxtpx:hr>162</gpxtpx:hr>
          </gpxtpx:TrackPointExtension>
        </extensions>
      </trkpt>
      <trkpt lat="31.044726224010574" lon="121.53194605151775">
        <ele>6.3065342381596565</ele>
        <time>1970-01-01T00:37:13Z</time>
        <extensions>
          <gpxtpx:TrackPointExtension>
            <gpxtpx:hr>162</gpxtpx:hr>
          </gpxtpx:TrackPointExtension>
        </extensions>
      </trkpt>
      <trkpt lat="31.044706079481397" lon="121.53195681037161">
        <ele>6.287519725039601</ele>
        <time>1970-01-01T00:37:14Z</time>
        <extensions>
          <gpxtpx:TrackPointExtension>
            <gpxtpx:hr>162</gpxtpx:hr>
          </gpxtpx:TrackPointExtension>
        </extensions>
      </trkpt>
      <trkpt lat="31.044689048927673" lon="121.53196722746698">
        <ele>6.2687382735311985</ele>
        <time>1970-01-01T00:37:15Z</time>
        <extensions>
          <gpxtpx:TrackPointExtension>
            <gpxtpx:hr>162</gpxtpx:hr>
          </gpxtpx:TrackPointExtension>
        </extensions>
      </trkpt>
      <trkpt lat="31.04467258544512" lon="121.53197851722064">
        <ele>6.250877098180354</ele>
        <time>1970-01-01T00:37:16Z</time>
        <extensions>
          <gpxtpx:TrackPointExtension>
            <gpxtpx:hr>162</gpxtpx:hr>
          </gpxtpx:TrackPointExtension>
        </extensions>
      </trkpt>
      <trkpt lat="31.04465632704011" lon="121.53199058355915">
        <ele>6.234451322816312</ele>
        <time>1970-01-01T00:37:17Z</time>
        <extensions>
          <gpxtpx:TrackPointExtension>
            <gpxtpx:hr>162</gpxtpx:hr>
          </gpxtpx:TrackPointExtension>
        </extensions>
      </trkpt>
      <trkpt lat="31.044639819250254" lon="121.5320015901432">
        <ele>6.219770969823003</ele>
        <time>1970-01-01T00:37:18Z</time>
        <extensions>
          <gpxtpx:TrackPointExtension>
            <gpxtpx:hr>162</gpxtpx:hr>
          </gpxtpx:TrackPointExtension>
        </extensions>
      </trkpt>
      <trkpt lat="31.044622601441475" lon="121.53201233315414">
        <ele>6.207061234861612</ele>
        <time>1970-01-01T00:37:19Z</time>
        <extensions>
          <gpxtpx:TrackPointExtension>
            <gpxtpx:hr>162</gpxtpx:hr>
          </gpxtpx:TrackPointExtension>
        </extensions>
      </trkpt>
      <trkpt lat="31.044604590867646" lon="121.53202299565278">
        <ele>6.196345400996506</ele>
        <time>1970-01-01T00:37:20Z</time>
        <extensions>
          <gpxtpx:TrackPointExtension>
            <gpxtpx:hr>162</gpxtpx:hr>
          </gpxtpx:TrackPointExtension>
        </extensions>
      </trkpt>
      <trkpt lat="31.044585906280126" lon="121.53203358602346">
        <ele>6.187549089081585</ele>
        <time>1970-01-01T00:37:21Z</time>
        <extensions>
          <gpxtpx:TrackPointExtension>
            <gpxtpx:hr>162</gpxtpx:hr>
          </gpxtpx:TrackPointExtension>
        </extensions>
      </trkpt>
      <trkpt lat="31.044564240500602" lon="121.5320461908706">
        <ele>6.180619056336582</ele>
        <time>1970-01-01T00:37:22Z</time>
        <extensions>
          <gpxtpx:TrackPointExtension>
            <gpxtpx:hr>162</gpxtpx:hr>
          </gpxtpx:TrackPointExtension>
        </extensions>
      </trkpt>
      <trkpt lat="31.044538850381727" lon="121.53206117157956">
        <ele>6.1754741901531816</ele>
        <time>1970-01-01T00:37:23Z</time>
        <extensions>
          <gpxtpx:TrackPointExtension>
            <gpxtpx:hr>162</gpxtpx:hr>
          </gpxtpx:TrackPointExtension>
        </extensions>
      </trkpt>
      <trkpt lat="31.044512028008903" lon="121.53207756814498">
        <ele>6.171983377076685</ele>
        <time>1970-01-01T00:37:24Z</time>
        <extensions>
          <gpxtpx:TrackPointExtension>
            <gpxtpx:hr>161</gpxtpx:hr>
          </gpxtpx:TrackPointExtension>
        </extensions>
      </trkpt>
      <trkpt lat="31.04448569822365" lon="121.5320939994263">
        <ele>6.170059994794428</ele>
        <time>1970-01-01T00:37:25Z</time>
        <extensions>
          <gpxtpx:TrackPointExtension>
            <gpxtpx:hr>161</gpxtpx:hr>
          </gpxtpx:TrackPointExtension>
        </extensions>
      </trkpt>
      <trkpt lat="31.044460320754716" lon="121.5321098543957">
        <ele>6.1696245251223445</ele>
        <time>1970-01-01T00:37:26Z</time>
        <extensions>
          <gpxtpx:TrackPointExtension>
            <gpxtpx:hr>161</gpxtpx:hr>
          </gpxtpx:TrackPointExtension>
        </extensions>
      </trkpt>
      <trkpt lat="31.04443590094292" lon="121.53212560545876">
        <ele>6.170513482764363</ele>
        <time>1970-01-01T00:37:27Z</time>
        <extensions>
          <gpxtpx:TrackPointExtension>
            <gpxtpx:hr>161</gpxtpx:hr>
          </gpxtpx:TrackPointExtension>
        </extensions>
      </trkpt>
      <trkpt lat="31.044412353116726" lon="121.53214148305138">
        <ele>6.172585328109562</ele>
        <time>1970-01-01T00:37:28Z</time>
        <extensions>
          <gpxtpx:TrackPointExtension>
            <gpxtpx:hr>162</gpxtpx:hr>
          </gpxtpx:TrackPointExtension>
        </extensions>
      </trkpt>
      <trkpt lat="31.04438903594594" lon="121.53215787258344">
        <ele>6.175531167536974</ele>
        <time>1970-01-01T00:37:29Z</time>
        <extensions>
          <gpxtpx:TrackPointExtension>
            <gpxtpx:hr>162</gpxtpx:hr>
          </gpxtpx:TrackPointExtension>
        </extensions>
      </trkpt>
      <trkpt lat="31.04436617813573" lon="121.53217444152288">
        <ele>6.1789517886936665</ele>
        <time>1970-01-01T00:37:30Z</time>
        <extensions>
          <gpxtpx:TrackPointExtension>
            <gpxtpx:hr>162</gpxtpx:hr>
          </gpxtpx:TrackPointExtension>
        </extensions>
      </trkpt>
      <trkpt lat="31.0443441928726" lon="121.53219097992516">
        <ele>6.182402526959777</ele>
        <time>1970-01-01T00:37:31Z</time>
        <extensions>
          <gpxtpx:TrackPointExtension>
            <gpxtpx:hr>162</gpxtpx:hr>
          </gpxtpx:TrackPointExtension>
        </extensions>
      </trkpt>
      <trkpt lat="31.044323247071926" lon="121.5322075976388">
        <ele>6.185420399531722</ele>
        <time>1970-01-01T00:37:32Z</time>
        <extensions>
          <gpxtpx:TrackPointExtension>
            <gpxtpx:hr>161</gpxtpx:hr>
          </gpxtpx:TrackPointExtension>
        </extensions>
      </trkpt>
      <trkpt lat="31.0443029226647" lon="121.53222473792296">
        <ele>6.187506016343832</ele>
        <time>1970-01-01T00:37:33Z</time>
        <extensions>
          <gpxtpx:TrackPointExtension>
            <gpxtpx:hr>161</gpxtpx:hr>
          </gpxtpx:TrackPointExtension>
        </extensions>
      </trkpt>
      <trkpt lat="31.044282753676114" lon="121.5322432563442">
        <ele>6.188207688741386</ele>
        <time>1970-01-01T00:37:34Z</time>
        <extensions>
          <gpxtpx:TrackPointExtension>
            <gpxtpx:hr>161</gpxtpx:hr>
          </gpxtpx:TrackPointExtension>
        </extensions>
      </trkpt>
      <trkpt lat="31.044263399630672" lon="121.53226258330447">
        <ele>6.187141937203705</ele>
        <time>1970-01-01T00:37:35Z</time>
        <extensions>
          <gpxtpx:TrackPointExtension>
            <gpxtpx:hr>161</gpxtpx:hr>
          </gpxtpx:TrackPointExtension>
        </extensions>
      </trkpt>
      <trkpt lat="31.044245623268843" lon="121.53228267423704">
        <ele>6.184013359248638</ele>
        <time>1970-01-01T00:37:36Z</time>
        <extensions>
          <gpxtpx:TrackPointExtension>
            <gpxtpx:hr>161</gpxtpx:hr>
          </gpxtpx:TrackPointExtension>
        </extensions>
      </trkpt>
      <trkpt lat="31.044230040113774" lon="121.53230418270749">
        <ele>6.178743697702885</ele>
        <time>1970-01-01T00:37:37Z</time>
        <extensions>
          <gpxtpx:TrackPointExtension>
            <gpxtpx:hr>161</gpxtpx:hr>
          </gpxtpx:TrackPointExtension>
        </extensions>
      </trkpt>
      <trkpt lat="31.044216874067452" lon="121.53232750556708">
        <ele>6.171372540295124</ele>
        <time>1970-01-01T00:37:38Z</time>
        <extensions>
          <gpxtpx:TrackPointExtension>
            <gpxtpx:hr>161</gpxtpx:hr>
          </gpxtpx:TrackPointExtension>
        </extensions>
      </trkpt>
      <trkpt lat="31.04420610615677" lon="121.53235363235157">
        <ele>6.162254207767546</ele>
        <time>1970-01-01T00:37:39Z</time>
        <extensions>
          <gpxtpx:TrackPointExtension>
            <gpxtpx:hr>161</gpxtpx:hr>
          </gpxtpx:TrackPointExtension>
        </extensions>
      </trkpt>
      <trkpt lat="31.04419812101291" lon="121.53238173853767">
        <ele>6.152009624056518</ele>
        <time>1970-01-01T00:37:40Z</time>
        <extensions>
          <gpxtpx:TrackPointExtension>
            <gpxtpx:hr>161</gpxtpx:hr>
          </gpxtpx:TrackPointExtension>
        </extensions>
      </trkpt>
      <trkpt lat="31.04419287355444" lon="121.53241042061465">
        <ele>6.141339186578989</ele>
        <time>1970-01-01T00:37:41Z</time>
        <extensions>
          <gpxtpx:TrackPointExtension>
            <gpxtpx:hr>161</gpxtpx:hr>
          </gpxtpx:TrackPointExtension>
        </extensions>
      </trkpt>
      <trkpt lat="31.044190242964238" lon="121.53243869002472">
        <ele>6.131385199725628</ele>
        <time>1970-01-01T00:37:42Z</time>
        <extensions>
          <gpxtpx:TrackPointExtension>
            <gpxtpx:hr>161</gpxtpx:hr>
          </gpxtpx:TrackPointExtension>
        </extensions>
      </trkpt>
      <trkpt lat="31.044190360776977" lon="121.53246623385415">
        <ele>6.1232795706018806</ele>
        <time>1970-01-01T00:37:43Z</time>
        <extensions>
          <gpxtpx:TrackPointExtension>
            <gpxtpx:hr>161</gpxtpx:hr>
          </gpxtpx:TrackPointExtension>
        </extensions>
      </trkpt>
      <trkpt lat="31.04419317761832" lon="121.5324939373223">
        <ele>6.1184778325259686</ele>
        <time>1970-01-01T00:37:44Z</time>
        <extensions>
          <gpxtpx:TrackPointExtension>
            <gpxtpx:hr>160</gpxtpx:hr>
          </gpxtpx:TrackPointExtension>
        </extensions>
      </trkpt>
      <trkpt lat="31.044198433860092" lon="121.53252169725364">
        <ele>6.118801547214389</ele>
        <time>1970-01-01T00:37:45Z</time>
        <extensions>
          <gpxtpx:TrackPointExtension>
            <gpxtpx:hr>160</gpxtpx:hr>
          </gpxtpx:TrackPointExtension>
        </extensions>
      </trkpt>
      <trkpt lat="31.044205966408583" lon="121.5325491192978">
        <ele>6.125963746570051</ele>
        <time>1970-01-01T00:37:46Z</time>
        <extensions>
          <gpxtpx:TrackPointExtension>
            <gpxtpx:hr>160</gpxtpx:hr>
          </gpxtpx:TrackPointExtension>
        </extensions>
      </trkpt>
      <trkpt lat="31.044215332698148" lon="121.53257600513084">
        <ele>6.1411685310304165</ele>
        <time>1970-01-01T00:37:47Z</time>
        <extensions>
          <gpxtpx:TrackPointExtension>
            <gpxtpx:hr>160</gpxtpx:hr>
          </gpxtpx:TrackPointExtension>
        </extensions>
      </trkpt>
      <trkpt lat="31.044225847074316" lon="121.53260151408578">
        <ele>6.165443692356348</ele>
        <time>1970-01-01T00:37:48Z</time>
        <extensions>
          <gpxtpx:TrackPointExtension>
            <gpxtpx:hr>160</gpxtpx:hr>
          </gpxtpx:TrackPointExtension>
        </extensions>
      </trkpt>
      <trkpt lat="31.04423781706313" lon="121.5326249886463">
        <ele>6.199761826545</ele>
        <time>1970-01-01T00:37:49Z</time>
        <extensions>
          <gpxtpx:TrackPointExtension>
            <gpxtpx:hr>159</gpxtpx:hr>
          </gpxtpx:TrackPointExtension>
        </extensions>
      </trkpt>
      <trkpt lat="31.04425175620872" lon="121.53264594531414">
        <ele>6.2451087245717645</ele>
        <time>1970-01-01T00:37:50Z</time>
        <extensions>
          <gpxtpx:TrackPointExtension>
            <gpxtpx:hr>159</gpxtpx:hr>
          </gpxtpx:TrackPointExtension>
        </extensions>
      </trkpt>
      <trkpt lat="31.044267772121067" lon="121.53266434768761">
        <ele>6.302168016321957</ele>
        <time>1970-01-01T00:37:51Z</time>
        <extensions>
          <gpxtpx:TrackPointExtension>
            <gpxtpx:hr>159</gpxtpx:hr>
          </gpxtpx:TrackPointExtension>
        </extensions>
      </trkpt>
      <trkpt lat="31.044286069223496" lon="121.5326807531017">
        <ele>6.37000089418143</ele>
        <time>1970-01-01T00:37:52Z</time>
        <extensions>
          <gpxtpx:TrackPointExtension>
            <gpxtpx:hr>159</gpxtpx:hr>
          </gpxtpx:TrackPointExtension>
        </extensions>
      </trkpt>
      <trkpt lat="31.044306222943078" lon="121.53269569797901">
        <ele>6.4470686642453074</ele>
        <time>1970-01-01T00:37:53Z</time>
        <extensions>
          <gpxtpx:TrackPointExtension>
            <gpxtpx:hr>159</gpxtpx:hr>
          </gpxtpx:TrackPointExtension>
        </extensions>
      </trkpt>
      <trkpt lat="31.044328214653333" lon="121.53270984538865">
        <ele>6.53128841239959</ele>
        <time>1970-01-01T00:37:54Z</time>
        <extensions>
          <gpxtpx:TrackPointExtension>
            <gpxtpx:hr>159</gpxtpx:hr>
          </gpxtpx:TrackPointExtension>
        </extensions>
      </trkpt>
      <trkpt lat="31.044352041982766" lon="121.53272320154421">
        <ele>6.61958497390151</ele>
        <time>1970-01-01T00:37:55Z</time>
        <extensions>
          <gpxtpx:TrackPointExtension>
            <gpxtpx:hr>159</gpxtpx:hr>
          </gpxtpx:TrackPointExtension>
        </extensions>
      </trkpt>
      <trkpt lat="31.04437703888663" lon="121.53273504313512">
        <ele>6.708670321851969</ele>
        <time>1970-01-01T00:37:56Z</time>
        <extensions>
          <gpxtpx:TrackPointExtension>
            <gpxtpx:hr>159</gpxtpx:hr>
          </gpxtpx:TrackPointExtension>
        </extensions>
      </trkpt>
      <trkpt lat="31.044402834220868" lon="121.53274405829775">
        <ele>6.79522705450654</ele>
        <time>1970-01-01T00:37:57Z</time>
        <extensions>
          <gpxtpx:TrackPointExtension>
            <gpxtpx:hr>159</gpxtpx:hr>
          </gpxtpx:TrackPointExtension>
        </extensions>
      </trkpt>
      <trkpt lat="31.044428722006224" lon="121.53274947009369">
        <ele>6.876008774153888</ele>
        <time>1970-01-01T00:37:58Z</time>
        <extensions>
          <gpxtpx:TrackPointExtension>
            <gpxtpx:hr>159</gpxtpx:hr>
          </gpxtpx:TrackPointExtension>
        </extensions>
      </trkpt>
      <trkpt lat="31.04445396525438" lon="121.53275145676943">
        <ele>6.947962449863553</ele>
        <time>1970-01-01T00:37:59Z</time>
        <extensions>
          <gpxtpx:TrackPointExtension>
            <gpxtpx:hr>159</gpxtpx:hr>
          </gpxtpx:TrackPointExtension>
        </extensions>
      </trkpt>
      <trkpt lat="31.044478896962136" lon="121.5327502253672">
        <ele>7.00859647616744</ele>
        <time>1970-01-01T00:38:00Z</time>
        <extensions>
          <gpxtpx:TrackPointExtension>
            <gpxtpx:hr>159</gpxtpx:hr>
          </gpxtpx:TrackPointExtension>
        </extensions>
      </trkpt>
      <trkpt lat="31.044503417047903" lon="121.532746554549">
        <ele>7.055769345723093</ele>
        <time>1970-01-01T00:38:01Z</time>
        <extensions>
          <gpxtpx:TrackPointExtension>
            <gpxtpx:hr>159</gpxtpx:hr>
          </gpxtpx:TrackPointExtension>
        </extensions>
      </trkpt>
      <trkpt lat="31.044527144403514" lon="121.53274016525275">
        <ele>7.088059790432453</ele>
        <time>1970-01-01T00:38:02Z</time>
        <extensions>
          <gpxtpx:TrackPointExtension>
            <gpxtpx:hr>159</gpxtpx:hr>
          </gpxtpx:TrackPointExtension>
        </extensions>
      </trkpt>
      <trkpt lat="31.04454988383919" lon="121.53273053741508">
        <ele>7.1049163937568665</ele>
        <time>1970-01-01T00:38:03Z</time>
        <extensions>
          <gpxtpx:TrackPointExtension>
            <gpxtpx:hr>160</gpxtpx:hr>
          </gpxtpx:TrackPointExtension>
        </extensions>
      </trkpt>
      <trkpt lat="31.044571407740197" lon="121.53271835653428">
        <ele>7.106596403755248</ele>
        <time>1970-01-01T00:38:04Z</time>
        <extensions>
          <gpxtpx:TrackPointExtension>
            <gpxtpx:hr>160</gpxtpx:hr>
          </gpxtpx:TrackPointExtension>
        </extensions>
      </trkpt>
      <trkpt lat="31.044592282212715" lon="121.53270388495832">
        <ele>7.093872694298625</ele>
        <time>1970-01-01T00:38:05Z</time>
        <extensions>
          <gpxtpx:TrackPointExtension>
            <gpxtpx:hr>160</gpxtpx:hr>
          </gpxtpx:TrackPointExtension>
        </extensions>
      </trkpt>
      <trkpt lat="31.04461274331511" lon="121.53268810521833">
        <ele>7.068127730861306</ele>
        <time>1970-01-01T00:38:06Z</time>
        <extensions>
          <gpxtpx:TrackPointExtension>
            <gpxtpx:hr>160</gpxtpx:hr>
          </gpxtpx:TrackPointExtension>
        </extensions>
      </trkpt>
      <trkpt lat="31.044633278311036" lon="121.53267199734404">
        <ele>7.031089247204363</ele>
        <time>1970-01-01T00:38:07Z</time>
        <extensions>
          <gpxtpx:TrackPointExtension>
            <gpxtpx:hr>160</gpxtpx:hr>
          </gpxtpx:TrackPointExtension>
        </extensions>
      </trkpt>
      <trkpt lat="31.044654211159116" lon="121.53265606556309">
        <ele>6.984607710503042</ele>
        <time>1970-01-01T00:38:08Z</time>
        <extensions>
          <gpxtpx:TrackPointExtension>
            <gpxtpx:hr>160</gpxtpx:hr>
          </gpxtpx:TrackPointExtension>
        </extensions>
      </trkpt>
      <trkpt lat="31.044675141867582" lon="121.53264093817455">
        <ele>6.9305072436109185</ele>
        <time>1970-01-01T00:38:09Z</time>
        <extensions>
          <gpxtpx:TrackPointExtension>
            <gpxtpx:hr>160</gpxtpx:hr>
          </gpxtpx:TrackPointExtension>
        </extensions>
      </trkpt>
      <trkpt lat="31.04469631068364" lon="121.5326264366442">
        <ele>6.87079250998795</ele>
        <time>1970-01-01T00:38:10Z</time>
        <extensions>
          <gpxtpx:TrackPointExtension>
            <gpxtpx:hr>159</gpxtpx:hr>
          </gpxtpx:TrackPointExtension>
        </extensions>
      </trkpt>
      <trkpt lat="31.044717615481616" lon="121.53261272695612">
        <ele>6.807203641161323</ele>
        <time>1970-01-01T00:38:11Z</time>
        <extensions>
          <gpxtpx:TrackPointExtension>
            <gpxtpx:hr>159</gpxtpx:hr>
          </gpxtpx:TrackPointExtension>
        </extensions>
      </trkpt>
      <trkpt lat="31.044739035774175" lon="121.5325996846863">
        <ele>6.7413896871730685</ele>
        <time>1970-01-01T00:38:12Z</time>
        <extensions>
          <gpxtpx:TrackPointExtension>
            <gpxtpx:hr>159</gpxtpx:hr>
          </gpxtpx:TrackPointExtension>
        </extensions>
      </trkpt>
      <trkpt lat="31.04476071674338" lon="121.53258719523859">
        <ele>6.675012945197523</ele>
        <time>1970-01-01T00:38:13Z</time>
        <extensions>
          <gpxtpx:TrackPointExtension>
            <gpxtpx:hr>159</gpxtpx:hr>
          </gpxtpx:TrackPointExtension>
        </extensions>
      </trkpt>
      <trkpt lat="31.044782586222567" lon="121.53257555474413">
        <ele>6.609497201628983</ele>
        <time>1970-01-01T00:38:14Z</time>
        <extensions>
          <gpxtpx:TrackPointExtension>
            <gpxtpx:hr>159</gpxtpx:hr>
          </gpxtpx:TrackPointExtension>
        </extensions>
      </trkpt>
      <trkpt lat="31.044804799482815" lon="121.53256409363937">
        <ele>6.54602627735585</ele>
        <time>1970-01-01T00:38:15Z</time>
        <extensions>
          <gpxtpx:TrackPointExtension>
            <gpxtpx:hr>159</gpxtpx:hr>
          </gpxtpx:TrackPointExtension>
        </extensions>
      </trkpt>
      <trkpt lat="31.0448271432882" lon="121.5325523275486">
        <ele>6.485670930705965</ele>
        <time>1970-01-01T00:38:16Z</time>
        <extensions>
          <gpxtpx:TrackPointExtension>
            <gpxtpx:hr>159</gpxtpx:hr>
          </gpxtpx:TrackPointExtension>
        </extensions>
      </trkpt>
      <trkpt lat="31.04484972756075" lon="121.53253963716269">
        <ele>6.429440681822598</ele>
        <time>1970-01-01T00:38:17Z</time>
        <extensions>
          <gpxtpx:TrackPointExtension>
            <gpxtpx:hr>159</gpxtpx:hr>
          </gpxtpx:TrackPointExtension>
        </extensions>
      </trkpt>
      <trkpt lat="31.04487253817411" lon="121.53252583851405">
        <ele>6.37830457277596</ele>
        <time>1970-01-01T00:38:18Z</time>
        <extensions>
          <gpxtpx:TrackPointExtension>
            <gpxtpx:hr>159</gpxtpx:hr>
          </gpxtpx:TrackPointExtension>
        </extensions>
      </trkpt>
      <trkpt lat="31.04489485143174" lon="121.53251191323149">
        <ele>6.333082576282322</ele>
        <time>1970-01-01T00:38:19Z</time>
        <extensions>
          <gpxtpx:TrackPointExtension>
            <gpxtpx:hr>159</gpxtpx:hr>
          </gpxtpx:TrackPointExtension>
        </extensions>
      </trkpt>
      <trkpt lat="31.04491646010596" lon="121.53249821327292">
        <ele>6.294373270124197</ele>
        <time>1970-01-01T00:38:20Z</time>
        <extensions>
          <gpxtpx:TrackPointExtension>
            <gpxtpx:hr>159</gpxtpx:hr>
          </gpxtpx:TrackPointExtension>
        </extensions>
      </trkpt>
      <trkpt lat="31.044937687824547" lon="121.53248489969647">
        <ele>6.262520305812359</ele>
        <time>1970-01-01T00:38:21Z</time>
        <extensions>
          <gpxtpx:TrackPointExtension>
            <gpxtpx:hr>159</gpxtpx:hr>
          </gpxtpx:TrackPointExtension>
        </extensions>
      </trkpt>
      <trkpt lat="31.044959241556853" lon="121.53247188543627">
        <ele>6.237616081722081</ele>
        <time>1970-01-01T00:38:22Z</time>
        <extensions>
          <gpxtpx:TrackPointExtension>
            <gpxtpx:hr>159</gpxtpx:hr>
          </gpxtpx:TrackPointExtension>
        </extensions>
      </trkpt>
      <trkpt lat="31.044981257661103" lon="121.53245887760421">
        <ele>6.2195441499352455</ele>
        <time>1970-01-01T00:38:23Z</time>
        <extensions>
          <gpxtpx:TrackPointExtension>
            <gpxtpx:hr>156</gpxtpx:hr>
          </gpxtpx:TrackPointExtension>
        </extensions>
      </trkpt>
      <trkpt lat="31.045003450790414" lon="121.53244559825009">
        <ele>6.207964920438826</ele>
        <time>1970-01-01T00:38:24Z</time>
        <extensions>
          <gpxtpx:TrackPointExtension>
            <gpxtpx:hr>156</gpxtpx:hr>
          </gpxtpx:TrackPointExtension>
        </extensions>
      </trkpt>
      <trkpt lat="31.04502550769326" lon="121.53243149969244">
        <ele>6.202429731376469</ele>
        <time>1970-01-01T00:38:25Z</time>
        <extensions>
          <gpxtpx:TrackPointExtension>
            <gpxtpx:hr>156</gpxtpx:hr>
          </gpxtpx:TrackPointExtension>
        </extensions>
      </trkpt>
      <trkpt lat="31.0450465746415" lon="121.53241641235694">
        <ele>6.202433407306671</ele>
        <time>1970-01-01T00:38:26Z</time>
        <extensions>
          <gpxtpx:TrackPointExtension>
            <gpxtpx:hr>156</gpxtpx:hr>
          </gpxtpx:TrackPointExtension>
        </extensions>
      </trkpt>
      <trkpt lat="31.04506643837922" lon="121.53239946016187">
        <ele>6.207414086908102</ele>
        <time>1970-01-01T00:38:27Z</time>
        <extensions>
          <gpxtpx:TrackPointExtension>
            <gpxtpx:hr>156</gpxtpx:hr>
          </gpxtpx:TrackPointExtension>
        </extensions>
      </trkpt>
      <trkpt lat="31.045084509931513" lon="121.53237961172678">
        <ele>6.216591044329107</ele>
        <time>1970-01-01T00:38:28Z</time>
        <extensions>
          <gpxtpx:TrackPointExtension>
            <gpxtpx:hr>156</gpxtpx:hr>
          </gpxtpx:TrackPointExtension>
        </extensions>
      </trkpt>
      <trkpt lat="31.04510008905293" lon="121.53235708553858">
        <ele>6.229206937365234</ele>
        <time>1970-01-01T00:38:29Z</time>
        <extensions>
          <gpxtpx:TrackPointExtension>
            <gpxtpx:hr>158</gpxtpx:hr>
          </gpxtpx:TrackPointExtension>
        </extensions>
      </trkpt>
      <trkpt lat="31.045113946357155" lon="121.5323321711464">
        <ele>6.244435656815767</ele>
        <time>1970-01-01T00:38:30Z</time>
        <extensions>
          <gpxtpx:TrackPointExtension>
            <gpxtpx:hr>158</gpxtpx:hr>
          </gpxtpx:TrackPointExtension>
        </extensions>
      </trkpt>
      <trkpt lat="31.045126601940908" lon="121.53230541640454">
        <ele>6.261422226205468</ele>
        <time>1970-01-01T00:38:31Z</time>
        <extensions>
          <gpxtpx:TrackPointExtension>
            <gpxtpx:hr>158</gpxtpx:hr>
          </gpxtpx:TrackPointExtension>
        </extensions>
      </trkpt>
      <trkpt lat="31.045137080854584" lon="121.5322770812222">
        <ele>6.279359552077949</ele>
        <time>1970-01-01T00:38:32Z</time>
        <extensions>
          <gpxtpx:TrackPointExtension>
            <gpxtpx:hr>158</gpxtpx:hr>
          </gpxtpx:TrackPointExtension>
        </extensions>
      </trkpt>
      <trkpt lat="31.0451437525956" lon="121.53224763425919">
        <ele>6.2972810305655</ele>
        <time>1970-01-01T00:38:33Z</time>
        <extensions>
          <gpxtpx:TrackPointExtension>
            <gpxtpx:hr>158</gpxtpx:hr>
          </gpxtpx:TrackPointExtension>
        </extensions>
      </trkpt>
      <trkpt lat="31.045145960703223" lon="121.53221751891792">
        <ele>6.314273107796907</ele>
        <time>1970-01-01T00:38:34Z</time>
        <extensions>
          <gpxtpx:TrackPointExtension>
            <gpxtpx:hr>158</gpxtpx:hr>
          </gpxtpx:TrackPointExtension>
        </extensions>
      </trkpt>
      <trkpt lat="31.045144384115712" lon="121.53218604455739">
        <ele>6.329575420357287</ele>
        <time>1970-01-01T00:38:35Z</time>
        <extensions>
          <gpxtpx:TrackPointExtension>
            <gpxtpx:hr>157</gpxtpx:hr>
          </gpxtpx:TrackPointExtension>
        </extensions>
      </trkpt>
      <trkpt lat="31.045140165657727" lon="121.53215409330261">
        <ele>6.342607902362943</ele>
        <time>1970-01-01T00:38:36Z</time>
        <extensions>
          <gpxtpx:TrackPointExtension>
            <gpxtpx:hr>157</gpxtpx:hr>
          </gpxtpx:TrackPointExtension>
        </extensions>
      </trkpt>
      <trkpt lat="31.04513345655042" lon="121.53212234892787">
        <ele>6.352873786352575</ele>
        <time>1970-01-01T00:38:37Z</time>
        <extensions>
          <gpxtpx:TrackPointExtension>
            <gpxtpx:hr>157</gpxtpx:hr>
          </gpxtpx:TrackPointExtension>
        </extensions>
      </trkpt>
      <trkpt lat="31.04512407803825" lon="121.53209164921807">
        <ele>6.359999471344054</ele>
        <time>1970-01-01T00:38:38Z</time>
        <extensions>
          <gpxtpx:TrackPointExtension>
            <gpxtpx:hr>157</gpxtpx:hr>
          </gpxtpx:TrackPointExtension>
        </extensions>
      </trkpt>
      <trkpt lat="31.045112106782316" lon="121.53206314706837">
        <ele>6.363770405761898</ele>
        <time>1970-01-01T00:38:39Z</time>
        <extensions>
          <gpxtpx:TrackPointExtension>
            <gpxtpx:hr>157</gpxtpx:hr>
          </gpxtpx:TrackPointExtension>
        </extensions>
      </trkpt>
      <trkpt lat="31.045097243754533" lon="121.53203621741594">
        <ele>6.3641425259411335</ele>
        <time>1970-01-01T00:38:40Z</time>
        <extensions>
          <gpxtpx:TrackPointExtension>
            <gpxtpx:hr>157</gpxtpx:hr>
          </gpxtpx:TrackPointExtension>
        </extensions>
      </trkpt>
      <trkpt lat="31.045080006170537" lon="121.53201052309286">
        <ele>6.361239588819444</ele>
        <time>1970-01-01T00:38:41Z</time>
        <extensions>
          <gpxtpx:TrackPointExtension>
            <gpxtpx:hr>159</gpxtpx:hr>
          </gpxtpx:TrackPointExtension>
        </extensions>
      </trkpt>
      <trkpt lat="31.045061527423535" lon="121.53198675163371">
        <ele>6.355327752418816</ele>
        <time>1970-01-01T00:38:42Z</time>
        <extensions>
          <gpxtpx:TrackPointExtension>
            <gpxtpx:hr>159</gpxtpx:hr>
          </gpxtpx:TrackPointExtension>
        </extensions>
      </trkpt>
      <trkpt lat="31.045042085500242" lon="121.5319650295182">
        <ele>6.346874973736703</ele>
        <time>1970-01-01T00:38:43Z</time>
        <extensions>
          <gpxtpx:TrackPointExtension>
            <gpxtpx:hr>159</gpxtpx:hr>
          </gpxtpx:TrackPointExtension>
        </extensions>
      </trkpt>
      <trkpt lat="31.045021710556192" lon="121.53194555830365">
        <ele>6.336445567198098</ele>
        <time>1970-01-01T00:38:44Z</time>
        <extensions>
          <gpxtpx:TrackPointExtension>
            <gpxtpx:hr>159</gpxtpx:hr>
          </gpxtpx:TrackPointExtension>
        </extensions>
      </trkpt>
      <trkpt lat="31.045000117020397" lon="121.53192875142248">
        <ele>6.324594059027731</ele>
        <time>1970-01-01T00:38:45Z</time>
        <extensions>
          <gpxtpx:TrackPointExtension>
            <gpxtpx:hr>159</gpxtpx:hr>
          </gpxtpx:TrackPointExtension>
        </extensions>
      </trkpt>
      <trkpt lat="31.044976695353377" lon="121.53191477486632">
        <ele>6.311749778687954</ele>
        <time>1970-01-01T00:38:46Z</time>
        <extensions>
          <gpxtpx:TrackPointExtension>
            <gpxtpx:hr>159</gpxtpx:hr>
          </gpxtpx:TrackPointExtension>
        </extensions>
      </trkpt>
      <trkpt lat="31.04495208775366" lon="121.53190416035736">
        <ele>6.298281089402735</ele>
        <time>1970-01-01T00:38:47Z</time>
        <extensions>
          <gpxtpx:TrackPointExtension>
            <gpxtpx:hr>159</gpxtpx:hr>
          </gpxtpx:TrackPointExtension>
        </extensions>
      </trkpt>
      <trkpt lat="31.04492702681075" lon="121.53189773268645">
        <ele>6.2846040185540915</ele>
        <time>1970-01-01T00:38:48Z</time>
        <extensions>
          <gpxtpx:TrackPointExtension>
            <gpxtpx:hr>159</gpxtpx:hr>
          </gpxtpx:TrackPointExtension>
        </extensions>
      </trkpt>
      <trkpt lat="31.044901669603764" lon="121.53189614779335">
        <ele>6.271106878295541</ele>
        <time>1970-01-01T00:38:49Z</time>
        <extensions>
          <gpxtpx:TrackPointExtension>
            <gpxtpx:hr>159</gpxtpx:hr>
          </gpxtpx:TrackPointExtension>
        </extensions>
      </trkpt>
      <trkpt lat="31.044876371765667" lon="121.53189836820783">
        <ele>6.258113763295114</ele>
        <time>1970-01-01T00:38:50Z</time>
        <extensions>
          <gpxtpx:TrackPointExtension>
            <gpxtpx:hr>159</gpxtpx:hr>
          </gpxtpx:TrackPointExtension>
        </extensions>
      </trkpt>
      <trkpt lat="31.044851244493362" lon="121.53190280552946">
        <ele>6.2459005657583475</ele>
        <time>1970-01-01T00:38:51Z</time>
        <extensions>
          <gpxtpx:TrackPointExtension>
            <gpxtpx:hr>159</gpxtpx:hr>
          </gpxtpx:TrackPointExtension>
        </extensions>
      </trkpt>
      <trkpt lat="31.044826138220493" lon="121.53190926541627">
        <ele>6.234684200026095</ele>
        <time>1970-01-01T00:38:52Z</time>
        <extensions>
          <gpxtpx:TrackPointExtension>
            <gpxtpx:hr>160</gpxtpx:hr>
          </gpxtpx:TrackPointExtension>
        </extensions>
      </trkpt>
      <trkpt lat="31.04480126162704" lon="121.53191759992602">
        <ele>6.224638864398003</ele>
        <time>1970-01-01T00:38:53Z</time>
        <extensions>
          <gpxtpx:TrackPointExtension>
            <gpxtpx:hr>160</gpxtpx:hr>
          </gpxtpx:TrackPointExtension>
        </extensions>
      </trkpt>
      <trkpt lat="31.04477658380776" lon="121.53192753454903">
        <ele>6.215895290486515</ele>
        <time>1970-01-01T00:38:54Z</time>
        <extensions>
          <gpxtpx:TrackPointExtension>
            <gpxtpx:hr>160</gpxtpx:hr>
          </gpxtpx:TrackPointExtension>
        </extensions>
      </trkpt>
      <trkpt lat="31.044751988245945" lon="121.53193886835014">
        <ele>6.208540828898549</ele>
        <time>1970-01-01T00:38:55Z</time>
        <extensions>
          <gpxtpx:TrackPointExtension>
            <gpxtpx:hr>160</gpxtpx:hr>
          </gpxtpx:TrackPointExtension>
        </extensions>
      </trkpt>
      <trkpt lat="31.04472752721623" lon="121.53195094147091">
        <ele>6.202544290572405</ele>
        <time>1970-01-01T00:38:56Z</time>
        <extensions>
          <gpxtpx:TrackPointExtension>
            <gpxtpx:hr>160</gpxtpx:hr>
          </gpxtpx:TrackPointExtension>
        </extensions>
      </trkpt>
      <trkpt lat="31.04470287763695" lon="121.53196412251393">
        <ele>6.197867694310844</ele>
        <time>1970-01-01T00:38:57Z</time>
        <extensions>
          <gpxtpx:TrackPointExtension>
            <gpxtpx:hr>160</gpxtpx:hr>
          </gpxtpx:TrackPointExtension>
        </extensions>
      </trkpt>
      <trkpt lat="31.04467821720205" lon="121.5319783138338">
        <ele>6.194340934976935</ele>
        <time>1970-01-01T00:38:58Z</time>
        <extensions>
          <gpxtpx:TrackPointExtension>
            <gpxtpx:hr>160</gpxtpx:hr>
          </gpxtpx:TrackPointExtension>
        </extensions>
      </trkpt>
      <trkpt lat="31.044654083994125" lon="121.5319926460168">
        <ele>6.19165825843811</ele>
        <time>1970-01-01T00:38:59Z</time>
        <extensions>
          <gpxtpx:TrackPointExtension>
            <gpxtpx:hr>160</gpxtpx:hr>
          </gpxtpx:TrackPointExtension>
        </extensions>
      </trkpt>
      <trkpt lat="31.0446299994034" lon="121.53200701123033">
        <ele>6.189471269026399</ele>
        <time>1970-01-01T00:39:00Z</time>
        <extensions>
          <gpxtpx:TrackPointExtension>
            <gpxtpx:hr>160</gpxtpx:hr>
          </gpxtpx:TrackPointExtension>
        </extensions>
      </trkpt>
      <trkpt lat="31.044605789565914" lon="121.53202086797957">
        <ele>6.187427124008536</ele>
        <time>1970-01-01T00:39:01Z</time>
        <extensions>
          <gpxtpx:TrackPointExtension>
            <gpxtpx:hr>160</gpxtpx:hr>
          </gpxtpx:TrackPointExtension>
        </extensions>
      </trkpt>
      <trkpt lat="31.044581652785723" lon="121.53203472068016">
        <ele>6.1851487793028355</ele>
        <time>1970-01-01T00:39:02Z</time>
        <extensions>
          <gpxtpx:TrackPointExtension>
            <gpxtpx:hr>161</gpxtpx:hr>
          </gpxtpx:TrackPointExtension>
        </extensions>
      </trkpt>
      <trkpt lat="31.044557221799153" lon="121.53204948977766">
        <ele>6.1823617443442345</ele>
        <time>1970-01-01T00:39:03Z</time>
        <extensions>
          <gpxtpx:TrackPointExtension>
            <gpxtpx:hr>161</gpxtpx:hr>
          </gpxtpx:TrackPointExtension>
        </extensions>
      </trkpt>
      <trkpt lat="31.044532558559897" lon="121.53206490202557">
        <ele>6.178946319967508</ele>
        <time>1970-01-01T00:39:04Z</time>
        <extensions>
          <gpxtpx:TrackPointExtension>
            <gpxtpx:hr>161</gpxtpx:hr>
          </gpxtpx:TrackPointExtension>
        </extensions>
      </trkpt>
      <trkpt lat="31.04450785385864" lon="121.53208069366995">
        <ele>6.174808828160167</ele>
        <time>1970-01-01T00:39:05Z</time>
        <extensions>
          <gpxtpx:TrackPointExtension>
            <gpxtpx:hr>161</gpxtpx:hr>
          </gpxtpx:TrackPointExtension>
        </extensions>
      </trkpt>
      <trkpt lat="31.04448362519639" lon="121.53209591834873">
        <ele>6.169861810281873</ele>
        <time>1970-01-01T00:39:06Z</time>
        <extensions>
          <gpxtpx:TrackPointExtension>
            <gpxtpx:hr>161</gpxtpx:hr>
          </gpxtpx:TrackPointExtension>
        </extensions>
      </trkpt>
      <trkpt lat="31.04445997365448" lon="121.53211024892958">
        <ele>6.164098961278796</ele>
        <time>1970-01-01T00:39:07Z</time>
        <extensions>
          <gpxtpx:TrackPointExtension>
            <gpxtpx:hr>161</gpxtpx:hr>
          </gpxtpx:TrackPointExtension>
        </extensions>
      </trkpt>
      <trkpt lat="31.044436332811216" lon="121.53212446565783">
        <ele>6.157537993043661</ele>
        <time>1970-01-01T00:39:08Z</time>
        <extensions>
          <gpxtpx:TrackPointExtension>
            <gpxtpx:hr>161</gpxtpx:hr>
          </gpxtpx:TrackPointExtension>
        </extensions>
      </trkpt>
      <trkpt lat="31.04441279935299" lon="121.53213902617354">
        <ele>6.150143364444375</ele>
        <time>1970-01-01T00:39:09Z</time>
        <extensions>
          <gpxtpx:TrackPointExtension>
            <gpxtpx:hr>161</gpxtpx:hr>
          </gpxtpx:TrackPointExtension>
        </extensions>
      </trkpt>
      <trkpt lat="31.04438931759922" lon="121.53215455391106">
        <ele>6.141960174776614</ele>
        <time>1970-01-01T00:39:10Z</time>
        <extensions>
          <gpxtpx:TrackPointExtension>
            <gpxtpx:hr>161</gpxtpx:hr>
          </gpxtpx:TrackPointExtension>
        </extensions>
      </trkpt>
      <trkpt lat="31.044366321190275" lon="121.53217059198344">
        <ele>6.133623413741589</ele>
        <time>1970-01-01T00:39:11Z</time>
        <extensions>
          <gpxtpx:TrackPointExtension>
            <gpxtpx:hr>161</gpxtpx:hr>
          </gpxtpx:TrackPointExtension>
        </extensions>
      </trkpt>
      <trkpt lat="31.04434423713034" lon="121.53218666395819">
        <ele>6.125884031876922</ele>
        <time>1970-01-01T00:39:12Z</time>
        <extensions>
          <gpxtpx:TrackPointExtension>
            <gpxtpx:hr>161</gpxtpx:hr>
          </gpxtpx:TrackPointExtension>
        </extensions>
      </trkpt>
      <trkpt lat="31.044322901114903" lon="121.53220325900803">
        <ele>6.119355295784771</ele>
        <time>1970-01-01T00:39:13Z</time>
        <extensions>
          <gpxtpx:TrackPointExtension>
            <gpxtpx:hr>161</gpxtpx:hr>
          </gpxtpx:TrackPointExtension>
        </extensions>
      </trkpt>
      <trkpt lat="31.044302528149082" lon="121.5322202980679">
        <ele>6.114299403503537</ele>
        <time>1970-01-01T00:39:14Z</time>
        <extensions>
          <gpxtpx:TrackPointExtension>
            <gpxtpx:hr>161</gpxtpx:hr>
          </gpxtpx:TrackPointExtension>
        </extensions>
      </trkpt>
      <trkpt lat="31.044283289438525" lon="121.53223842713201">
        <ele>6.110926806926727</ele>
        <time>1970-01-01T00:39:15Z</time>
        <extensions>
          <gpxtpx:TrackPointExtension>
            <gpxtpx:hr>161</gpxtpx:hr>
          </gpxtpx:TrackPointExtension>
        </extensions>
      </trkpt>
      <trkpt lat="31.044265360651426" lon="121.5322589312647">
        <ele>6.109393389895558</ele>
        <time>1970-01-01T00:39:16Z</time>
        <extensions>
          <gpxtpx:TrackPointExtension>
            <gpxtpx:hr>161</gpxtpx:hr>
          </gpxtpx:TrackPointExtension>
        </extensions>
      </trkpt>
      <trkpt lat="31.04424978103832" lon="121.53228226706923">
        <ele>6.109826773405075</ele>
        <time>1970-01-01T00:39:17Z</time>
        <extensions>
          <gpxtpx:TrackPointExtension>
            <gpxtpx:hr>161</gpxtpx:hr>
          </gpxtpx:TrackPointExtension>
        </extensions>
      </trkpt>
      <trkpt lat="31.044236886882253" lon="121.53230810076253">
        <ele>6.112259331159294</ele>
        <time>1970-01-01T00:39:18Z</time>
        <extensions>
          <gpxtpx:TrackPointExtension>
            <gpxtpx:hr>161</gpxtpx:hr>
          </gpxtpx:TrackPointExtension>
        </extensions>
      </trkpt>
      <trkpt lat="31.04422634187814" lon="121.53233526633431">
        <ele>6.116137212142348</ele>
        <time>1970-01-01T00:39:19Z</time>
        <extensions>
          <gpxtpx:TrackPointExtension>
            <gpxtpx:hr>161</gpxtpx:hr>
          </gpxtpx:TrackPointExtension>
        </extensions>
      </trkpt>
      <trkpt lat="31.04421809215973" lon="121.53236332996181">
        <ele>6.120887275785208</ele>
        <time>1970-01-01T00:39:20Z</time>
        <extensions>
          <gpxtpx:TrackPointExtension>
            <gpxtpx:hr>161</gpxtpx:hr>
          </gpxtpx:TrackPointExtension>
        </extensions>
      </trkpt>
      <trkpt lat="31.04421214486042" lon="121.53239184394886">
        <ele>6.126434163190424</ele>
        <time>1970-01-01T00:39:21Z</time>
        <extensions>
          <gpxtpx:TrackPointExtension>
            <gpxtpx:hr>161</gpxtpx:hr>
          </gpxtpx:TrackPointExtension>
        </extensions>
      </trkpt>
      <trkpt lat="31.04420859346833" lon="121.53242011580772">
        <ele>6.132949814200401</ele>
        <time>1970-01-01T00:39:22Z</time>
        <extensions>
          <gpxtpx:TrackPointExtension>
            <gpxtpx:hr>161</gpxtpx:hr>
          </gpxtpx:TrackPointExtension>
        </extensions>
      </trkpt>
      <trkpt lat="31.044207091858972" lon="121.53244897759397">
        <ele>6.140438332222402</ele>
        <time>1970-01-01T00:39:23Z</time>
        <extensions>
          <gpxtpx:TrackPointExtension>
            <gpxtpx:hr>161</gpxtpx:hr>
          </gpxtpx:TrackPointExtension>
        </extensions>
      </trkpt>
      <trkpt lat="31.044207083660922" lon="121.53247786841044">
        <ele>6.148079538717866</ele>
        <time>1970-01-01T00:39:24Z</time>
        <extensions>
          <gpxtpx:TrackPointExtension>
            <gpxtpx:hr>161</gpxtpx:hr>
          </gpxtpx:TrackPointExtension>
        </extensions>
      </trkpt>
      <trkpt lat="31.044208607600766" lon="121.53250583434692">
        <ele>6.155179952271283</ele>
        <time>1970-01-01T00:39:25Z</time>
        <extensions>
          <gpxtpx:TrackPointExtension>
            <gpxtpx:hr>161</gpxtpx:hr>
          </gpxtpx:TrackPointExtension>
        </extensions>
      </trkpt>
      <trkpt lat="31.044211711576672" lon="121.53253311357597">
        <ele>6.160848257131875</ele>
        <time>1970-01-01T00:39:26Z</time>
        <extensions>
          <gpxtpx:TrackPointExtension>
            <gpxtpx:hr>161</gpxtpx:hr>
          </gpxtpx:TrackPointExtension>
        </extensions>
      </trkpt>
      <trkpt lat="31.044216111727646" lon="121.53255939995653">
        <ele>6.163994370028377</ele>
        <time>1970-01-01T00:39:27Z</time>
        <extensions>
          <gpxtpx:TrackPointExtension>
            <gpxtpx:hr>161</gpxtpx:hr>
          </gpxtpx:TrackPointExtension>
        </extensions>
      </trkpt>
      <trkpt lat="31.044222996763914" lon="121.53258492747459">
        <ele>6.163688858039677</ele>
        <time>1970-01-01T00:39:28Z</time>
        <extensions>
          <gpxtpx:TrackPointExtension>
            <gpxtpx:hr>161</gpxtpx:hr>
          </gpxtpx:TrackPointExtension>
        </extensions>
      </trkpt>
      <trkpt lat="31.044233444440852" lon="121.53260962096606">
        <ele>6.159859756939113</ele>
        <time>1970-01-01T00:39:29Z</time>
        <extensions>
          <gpxtpx:TrackPointExtension>
            <gpxtpx:hr>161</gpxtpx:hr>
          </gpxtpx:TrackPointExtension>
        </extensions>
      </trkpt>
      <trkpt lat="31.044247052963346" lon="121.53263271758222">
        <ele>6.152566912584007</ele>
        <time>1970-01-01T00:39:30Z</time>
        <extensions>
          <gpxtpx:TrackPointExtension>
            <gpxtpx:hr>161</gpxtpx:hr>
          </gpxtpx:TrackPointExtension>
        </extensions>
      </trkpt>
      <trkpt lat="31.04426335006222" lon="121.53265433374526">
        <ele>6.14252548571676</ele>
        <time>1970-01-01T00:39:31Z</time>
        <extensions>
          <gpxtpx:TrackPointExtension>
            <gpxtpx:hr>161</gpxtpx:hr>
          </gpxtpx:TrackPointExtension>
        </extensions>
      </trkpt>
      <trkpt lat="31.044281330133796" lon="121.53267480494252">
        <ele>6.1313904002308846</ele>
        <time>1970-01-01T00:39:32Z</time>
        <extensions>
          <gpxtpx:TrackPointExtension>
            <gpxtpx:hr>161</gpxtpx:hr>
          </gpxtpx:TrackPointExtension>
        </extensions>
      </trkpt>
      <trkpt lat="31.044300134129095" lon="121.53269372538648">
        <ele>6.120711267925799</ele>
        <time>1970-01-01T00:39:33Z</time>
        <extensions>
          <gpxtpx:TrackPointExtension>
            <gpxtpx:hr>161</gpxtpx:hr>
          </gpxtpx:TrackPointExtension>
        </extensions>
      </trkpt>
      <trkpt lat="31.044320349802383" lon="121.53271061501414">
        <ele>6.111126119270921</ele>
        <time>1970-01-01T00:39:34Z</time>
        <extensions>
          <gpxtpx:TrackPointExtension>
            <gpxtpx:hr>160</gpxtpx:hr>
          </gpxtpx:TrackPointExtension>
        </extensions>
      </trkpt>
      <trkpt lat="31.044342289310624" lon="121.53272470369207">
        <ele>6.103386362083256</ele>
        <time>1970-01-01T00:39:35Z</time>
        <extensions>
          <gpxtpx:TrackPointExtension>
            <gpxtpx:hr>160</gpxtpx:hr>
          </gpxtpx:TrackPointExtension>
        </extensions>
      </trkpt>
      <trkpt lat="31.044366108011335" lon="121.53273480680193">
        <ele>6.098352782428265</ele>
        <time>1970-01-01T00:39:36Z</time>
        <extensions>
          <gpxtpx:TrackPointExtension>
            <gpxtpx:hr>160</gpxtpx:hr>
          </gpxtpx:TrackPointExtension>
        </extensions>
      </trkpt>
      <trkpt lat="31.04439171570013" lon="121.5327412956085">
        <ele>6.096667401492596</ele>
        <time>1970-01-01T00:39:37Z</time>
        <extensions>
          <gpxtpx:TrackPointExtension>
            <gpxtpx:hr>160</gpxtpx:hr>
          </gpxtpx:TrackPointExtension>
        </extensions>
      </trkpt>
      <trkpt lat="31.044418443460135" lon="121.53274493286533">
        <ele>6.099017639644444</ele>
        <time>1970-01-01T00:39:38Z</time>
        <extensions>
          <gpxtpx:TrackPointExtension>
            <gpxtpx:hr>160</gpxtpx:hr>
          </gpxtpx:TrackPointExtension>
        </extensions>
      </trkpt>
      <trkpt lat="31.044445664455253" lon="121.5327445681992">
        <ele>6.105866692960262</ele>
        <time>1970-01-01T00:39:39Z</time>
        <extensions>
          <gpxtpx:TrackPointExtension>
            <gpxtpx:hr>160</gpxtpx:hr>
          </gpxtpx:TrackPointExtension>
        </extensions>
      </trkpt>
      <trkpt lat="31.044472018677304" lon="121.5327401899873">
        <ele>6.11724073626101</ele>
        <time>1970-01-01T00:39:40Z</time>
        <extensions>
          <gpxtpx:TrackPointExtension>
            <gpxtpx:hr>160</gpxtpx:hr>
          </gpxtpx:TrackPointExtension>
        </extensions>
      </trkpt>
      <trkpt lat="31.044496372285558" lon="121.53273312388606">
        <ele>6.132555545307696</ele>
        <time>1970-01-01T00:39:41Z</time>
        <extensions>
          <gpxtpx:TrackPointExtension>
            <gpxtpx:hr>160</gpxtpx:hr>
          </gpxtpx:TrackPointExtension>
        </extensions>
      </trkpt>
      <trkpt lat="31.044517216060896" lon="121.5327247988429">
        <ele>6.150412365794182</ele>
        <time>1970-01-01T00:39:42Z</time>
        <extensions>
          <gpxtpx:TrackPointExtension>
            <gpxtpx:hr>160</gpxtpx:hr>
          </gpxtpx:TrackPointExtension>
        </extensions>
      </trkpt>
      <trkpt lat="31.044535433775504" lon="121.53271577010096">
        <ele>6.1689669555053115</ele>
        <time>1970-01-01T00:39:43Z</time>
        <extensions>
          <gpxtpx:TrackPointExtension>
            <gpxtpx:hr>160</gpxtpx:hr>
          </gpxtpx:TrackPointExtension>
        </extensions>
      </trkpt>
      <trkpt lat="31.04455329924356" lon="121.53270578187556">
        <ele>6.186268888413906</ele>
        <time>1970-01-01T00:39:44Z</time>
        <extensions>
          <gpxtpx:TrackPointExtension>
            <gpxtpx:hr>160</gpxtpx:hr>
          </gpxtpx:TrackPointExtension>
        </extensions>
      </trkpt>
      <trkpt lat="31.044571294766055" lon="121.53269614176308">
        <ele>6.200561304576695</ele>
        <time>1970-01-01T00:39:45Z</time>
        <extensions>
          <gpxtpx:TrackPointExtension>
            <gpxtpx:hr>160</gpxtpx:hr>
          </gpxtpx:TrackPointExtension>
        </extensions>
      </trkpt>
      <trkpt lat="31.04459036075617" lon="121.53268710535741">
        <ele>6.2104521850124</ele>
        <time>1970-01-01T00:39:46Z</time>
        <extensions>
          <gpxtpx:TrackPointExtension>
            <gpxtpx:hr>160</gpxtpx:hr>
          </gpxtpx:TrackPointExtension>
        </extensions>
      </trkpt>
      <trkpt lat="31.04461162308603" lon="121.5326766994386">
        <ele>6.215258264914155</ele>
        <time>1970-01-01T00:39:47Z</time>
        <extensions>
          <gpxtpx:TrackPointExtension>
            <gpxtpx:hr>160</gpxtpx:hr>
          </gpxtpx:TrackPointExtension>
        </extensions>
      </trkpt>
      <trkpt lat="31.044636765697106" lon="121.53266314200441">
        <ele>6.214665794745088</ele>
        <time>1970-01-01T00:39:48Z</time>
        <extensions>
          <gpxtpx:TrackPointExtension>
            <gpxtpx:hr>161</gpxtpx:hr>
          </gpxtpx:TrackPointExtension>
        </extensions>
      </trkpt>
      <trkpt lat="31.044665325804676" lon="121.53264687409052">
        <ele>6.208797983825207</ele>
        <time>1970-01-01T00:39:49Z</time>
        <extensions>
          <gpxtpx:TrackPointExtension>
            <gpxtpx:hr>161</gpxtpx:hr>
          </gpxtpx:TrackPointExtension>
        </extensions>
      </trkpt>
      <trkpt lat="31.044694026132337" lon="121.53263013767206">
        <ele>6.198130625300109</ele>
        <time>1970-01-01T00:39:50Z</time>
        <extensions>
          <gpxtpx:TrackPointExtension>
            <gpxtpx:hr>161</gpxtpx:hr>
          </gpxtpx:TrackPointExtension>
        </extensions>
      </trkpt>
      <trkpt lat="31.04472082168025" lon="121.53261443784318">
        <ele>6.1833622716367245</ele>
        <time>1970-01-01T00:39:51Z</time>
        <extensions>
          <gpxtpx:TrackPointExtension>
            <gpxtpx:hr>161</gpxtpx:hr>
          </gpxtpx:TrackPointExtension>
        </extensions>
      </trkpt>
      <trkpt lat="31.04474593213723" lon="121.5325997448595">
        <ele>6.165538841858506</ele>
        <time>1970-01-01T00:39:52Z</time>
        <extensions>
          <gpxtpx:TrackPointExtension>
            <gpxtpx:hr>161</gpxtpx:hr>
          </gpxtpx:TrackPointExtension>
        </extensions>
      </trkpt>
      <trkpt lat="31.04476999286885" lon="121.53258573932779">
        <ele>6.145838724449277</ele>
        <time>1970-01-01T00:39:53Z</time>
        <extensions>
          <gpxtpx:TrackPointExtension>
            <gpxtpx:hr>161</gpxtpx:hr>
          </gpxtpx:TrackPointExtension>
        </extensions>
      </trkpt>
      <trkpt lat="31.04479408528541" lon="121.53257191012597">
        <ele>6.125569464638829</ele>
        <time>1970-01-01T00:39:54Z</time>
        <extensions>
          <gpxtpx:TrackPointExtension>
            <gpxtpx:hr>161</gpxtpx:hr>
          </gpxtpx:TrackPointExtension>
        </extensions>
      </trkpt>
      <trkpt lat="31.044818806058128" lon="121.53255791244896">
        <ele>6.1060955030843616</ele>
        <time>1970-01-01T00:39:55Z</time>
        <extensions>
          <gpxtpx:TrackPointExtension>
            <gpxtpx:hr>161</gpxtpx:hr>
          </gpxtpx:TrackPointExtension>
        </extensions>
      </trkpt>
      <trkpt lat="31.044843749827965" lon="121.5325440983869">
        <ele>6.08867830503732</ele>
        <time>1970-01-01T00:39:56Z</time>
        <extensions>
          <gpxtpx:TrackPointExtension>
            <gpxtpx:hr>161</gpxtpx:hr>
          </gpxtpx:TrackPointExtension>
        </extensions>
      </trkpt>
      <trkpt lat="31.04486952286609" lon="121.53253028930418">
        <ele>6.0745243383571506</ele>
        <time>1970-01-01T00:39:57Z</time>
        <extensions>
          <gpxtpx:TrackPointExtension>
            <gpxtpx:hr>161</gpxtpx:hr>
          </gpxtpx:TrackPointExtension>
        </extensions>
      </trkpt>
      <trkpt lat="31.044895590942822" lon="121.53251581181092">
        <ele>6.06462830863893</ele>
        <time>1970-01-01T00:39:58Z</time>
        <extensions>
          <gpxtpx:TrackPointExtension>
            <gpxtpx:hr>161</gpxtpx:hr>
          </gpxtpx:TrackPointExtension>
        </extensions>
      </trkpt>
      <trkpt lat="31.044920842651727" lon="121.5324992741667">
        <ele>6.0598306730389595</ele>
        <time>1970-01-01T00:39:59Z</time>
        <extensions>
          <gpxtpx:TrackPointExtension>
            <gpxtpx:hr>161</gpxtpx:hr>
          </gpxtpx:TrackPointExtension>
        </extensions>
      </trkpt>
      <trkpt lat="31.044945421351485" lon="121.53248176364716">
        <ele>6.06089005433023</ele>
        <time>1970-01-01T00:40:00Z</time>
        <extensions>
          <gpxtpx:TrackPointExtension>
            <gpxtpx:hr>161</gpxtpx:hr>
          </gpxtpx:TrackPointExtension>
        </extensions>
      </trkpt>
      <trkpt lat="31.044968974528793" lon="121.5324661733234">
        <ele>6.068350678309798</ele>
        <time>1970-01-01T00:40:01Z</time>
        <extensions>
          <gpxtpx:TrackPointExtension>
            <gpxtpx:hr>161</gpxtpx:hr>
          </gpxtpx:TrackPointExtension>
        </extensions>
      </trkpt>
      <trkpt lat="31.044991458444873" lon="121.53245226077753">
        <ele>6.082158378325403</ele>
        <time>1970-01-01T00:40:02Z</time>
        <extensions>
          <gpxtpx:TrackPointExtension>
            <gpxtpx:hr>161</gpxtpx:hr>
          </gpxtpx:TrackPointExtension>
        </extensions>
      </trkpt>
      <trkpt lat="31.045013071544318" lon="121.53243858928991">
        <ele>6.102007817476988</ele>
        <time>1970-01-01T00:40:03Z</time>
        <extensions>
          <gpxtpx:TrackPointExtension>
            <gpxtpx:hr>161</gpxtpx:hr>
          </gpxtpx:TrackPointExtension>
        </extensions>
      </trkpt>
      <trkpt lat="31.045033674429657" lon="121.53242346316394">
        <ele>6.127302901819348</ele>
        <time>1970-01-01T00:40:04Z</time>
        <extensions>
          <gpxtpx:TrackPointExtension>
            <gpxtpx:hr>161</gpxtpx:hr>
          </gpxtpx:TrackPointExtension>
        </extensions>
      </trkpt>
      <trkpt lat="31.045053473557697" lon="121.5324055024066">
        <ele>6.15688116941601</ele>
        <time>1970-01-01T00:40:05Z</time>
        <extensions>
          <gpxtpx:TrackPointExtension>
            <gpxtpx:hr>161</gpxtpx:hr>
          </gpxtpx:TrackPointExtension>
        </extensions>
      </trkpt>
      <trkpt lat="31.045071936723282" lon="121.53238491093745">
        <ele>6.189485998824239</ele>
        <time>1970-01-01T00:40:06Z</time>
        <extensions>
          <gpxtpx:TrackPointExtension>
            <gpxtpx:hr>161</gpxtpx:hr>
          </gpxtpx:TrackPointExtension>
        </extensions>
      </trkpt>
      <trkpt lat="31.045088607407354" lon="121.5323619220296">
        <ele>6.223712354898453</ele>
        <time>1970-01-01T00:40:07Z</time>
        <extensions>
          <gpxtpx:TrackPointExtension>
            <gpxtpx:hr>161</gpxtpx:hr>
          </gpxtpx:TrackPointExtension>
        </extensions>
      </trkpt>
      <trkpt lat="31.045103392429137" lon="121.53233698980115">
        <ele>6.258057964965701</ele>
        <time>1970-01-01T00:40:08Z</time>
        <extensions>
          <gpxtpx:TrackPointExtension>
            <gpxtpx:hr>161</gpxtpx:hr>
          </gpxtpx:TrackPointExtension>
        </extensions>
      </trkpt>
      <trkpt lat="31.045115825605954" lon="121.53231091644899">
        <ele>6.291012413799763</ele>
        <time>1970-01-01T00:40:09Z</time>
        <extensions>
          <gpxtpx:TrackPointExtension>
            <gpxtpx:hr>161</gpxtpx:hr>
          </gpxtpx:TrackPointExtension>
        </extensions>
      </trkpt>
      <trkpt lat="31.04512579361975" lon="121.53228414248281">
        <ele>6.321273733861744</ele>
        <time>1970-01-01T00:40:10Z</time>
        <extensions>
          <gpxtpx:TrackPointExtension>
            <gpxtpx:hr>161</gpxtpx:hr>
          </gpxtpx:TrackPointExtension>
        </extensions>
      </trkpt>
      <trkpt lat="31.04513315487908" lon="121.53225697254011">
        <ele>6.347609335556626</ele>
        <time>1970-01-01T00:40:11Z</time>
        <extensions>
          <gpxtpx:TrackPointExtension>
            <gpxtpx:hr>161</gpxtpx:hr>
          </gpxtpx:TrackPointExtension>
        </extensions>
      </trkpt>
      <trkpt lat="31.045137818573366" lon="121.53222853467184">
        <ele>6.368785346858203</ele>
        <time>1970-01-01T00:40:12Z</time>
        <extensions>
          <gpxtpx:TrackPointExtension>
            <gpxtpx:hr>161</gpxtpx:hr>
          </gpxtpx:TrackPointExtension>
        </extensions>
      </trkpt>
      <trkpt lat="31.04513973816081" lon="121.53219887074512">
        <ele>6.383747226558626</ele>
        <time>1970-01-01T00:40:13Z</time>
        <extensions>
          <gpxtpx:TrackPointExtension>
            <gpxtpx:hr>161</gpxtpx:hr>
          </gpxtpx:TrackPointExtension>
        </extensions>
      </trkpt>
      <trkpt lat="31.045138335860766" lon="121.53216868482092">
        <ele>6.391796497628093</ele>
        <time>1970-01-01T00:40:14Z</time>
        <extensions>
          <gpxtpx:TrackPointExtension>
            <gpxtpx:hr>161</gpxtpx:hr>
          </gpxtpx:TrackPointExtension>
        </extensions>
      </trkpt>
      <trkpt lat="31.045133160069778" lon="121.53213847631257">
        <ele>6.392616502940655</ele>
        <time>1970-01-01T00:40:15Z</time>
        <extensions>
          <gpxtpx:TrackPointExtension>
            <gpxtpx:hr>161</gpxtpx:hr>
          </gpxtpx:TrackPointExtension>
        </extensions>
      </trkpt>
      <trkpt lat="31.045125340409225" lon="121.53210897964577">
        <ele>6.386223901994526</ele>
        <time>1970-01-01T00:40:16Z</time>
        <extensions>
          <gpxtpx:TrackPointExtension>
            <gpxtpx:hr>161</gpxtpx:hr>
          </gpxtpx:TrackPointExtension>
        </extensions>
      </trkpt>
      <trkpt lat="31.045115434545156" lon="121.53208023669464">
        <ele>6.373063853941858</ele>
        <time>1970-01-01T00:40:17Z</time>
        <extensions>
          <gpxtpx:TrackPointExtension>
            <gpxtpx:hr>161</gpxtpx:hr>
          </gpxtpx:TrackPointExtension>
        </extensions>
      </trkpt>
      <trkpt lat="31.045103043656702" lon="121.53205241987658">
        <ele>6.3539052894338965</ele>
        <time>1970-01-01T00:40:18Z</time>
        <extensions>
          <gpxtpx:TrackPointExtension>
            <gpxtpx:hr>161</gpxtpx:hr>
          </gpxtpx:TrackPointExtension>
        </extensions>
      </trkpt>
      <trkpt lat="31.04508805534755" lon="121.53202606209555">
        <ele>6.329592219553888</ele>
        <time>1970-01-01T00:40:19Z</time>
        <extensions>
          <gpxtpx:TrackPointExtension>
            <gpxtpx:hr>161</gpxtpx:hr>
          </gpxtpx:TrackPointExtension>
        </extensions>
      </trkpt>
      <trkpt lat="31.045070117981503" lon="121.53200112298843">
        <ele>6.300779755227268</ele>
        <time>1970-01-01T00:40:20Z</time>
        <extensions>
          <gpxtpx:TrackPointExtension>
            <gpxtpx:hr>161</gpxtpx:hr>
          </gpxtpx:TrackPointExtension>
        </extensions>
      </trkpt>
      <trkpt lat="31.045049691154446" lon="121.53197780219548">
        <ele>6.268109954893589</ele>
        <time>1970-01-01T00:40:21Z</time>
        <extensions>
          <gpxtpx:TrackPointExtension>
            <gpxtpx:hr>161</gpxtpx:hr>
          </gpxtpx:TrackPointExtension>
        </extensions>
      </trkpt>
      <trkpt lat="31.04502734839439" lon="121.53195738092957">
        <ele>6.232364932075143</ele>
        <time>1970-01-01T00:40:22Z</time>
        <extensions>
          <gpxtpx:TrackPointExtension>
            <gpxtpx:hr>161</gpxtpx:hr>
          </gpxtpx:TrackPointExtension>
        </extensions>
      </trkpt>
      <trkpt lat="31.04500352628285" lon="121.53194151780266">
        <ele>6.194545689970255</ele>
        <time>1970-01-01T00:40:23Z</time>
        <extensions>
          <gpxtpx:TrackPointExtension>
            <gpxtpx:hr>161</gpxtpx:hr>
          </gpxtpx:TrackPointExtension>
        </extensions>
      </trkpt>
      <trkpt lat="31.044979253654287" lon="121.53193040650146">
        <ele>6.155637078918517</ele>
        <time>1970-01-01T00:40:24Z</time>
        <extensions>
          <gpxtpx:TrackPointExtension>
            <gpxtpx:hr>161</gpxtpx:hr>
          </gpxtpx:TrackPointExtension>
        </extensions>
      </trkpt>
      <trkpt lat="31.04495453798061" lon="121.53192272503577">
        <ele>6.116534863598645</ele>
        <time>1970-01-01T00:40:25Z</time>
        <extensions>
          <gpxtpx:TrackPointExtension>
            <gpxtpx:hr>161</gpxtpx:hr>
          </gpxtpx:TrackPointExtension>
        </extensions>
      </trkpt>
      <trkpt lat="31.044929347375074" lon="121.53191742485981">
        <ele>6.078048264607787</ele>
        <time>1970-01-01T00:40:26Z</time>
        <extensions>
          <gpxtpx:TrackPointExtension>
            <gpxtpx:hr>161</gpxtpx:hr>
          </gpxtpx:TrackPointExtension>
        </extensions>
      </trkpt>
      <trkpt lat="31.044904468534234" lon="121.53191399006622">
        <ele>6.040834871120751</ele>
        <time>1970-01-01T00:40:27Z</time>
        <extensions>
          <gpxtpx:TrackPointExtension>
            <gpxtpx:hr>161</gpxtpx:hr>
          </gpxtpx:TrackPointExtension>
        </extensions>
      </trkpt>
      <trkpt lat="31.044879851845753" lon="121.53191255131743">
        <ele>6.0053343726322055</ele>
        <time>1970-01-01T00:40:28Z</time>
        <extensions>
          <gpxtpx:TrackPointExtension>
            <gpxtpx:hr>161</gpxtpx:hr>
          </gpxtpx:TrackPointExtension>
        </extensions>
      </trkpt>
      <trkpt lat="31.04485530235264" lon="121.53191360531565">
        <ele>5.971844530664384</ele>
        <time>1970-01-01T00:40:29Z</time>
        <extensions>
          <gpxtpx:TrackPointExtension>
            <gpxtpx:hr>161</gpxtpx:hr>
          </gpxtpx:TrackPointExtension>
        </extensions>
      </trkpt>
      <trkpt lat="31.044830649128066" lon="121.53191798425141">
        <ele>5.940722757950425</ele>
        <time>1970-01-01T00:40:30Z</time>
        <extensions>
          <gpxtpx:TrackPointExtension>
            <gpxtpx:hr>161</gpxtpx:hr>
          </gpxtpx:TrackPointExtension>
        </extensions>
      </trkpt>
      <trkpt lat="31.044806011991707" lon="121.53192579808291">
        <ele>5.912284439429641</ele>
        <time>1970-01-01T00:40:31Z</time>
        <extensions>
          <gpxtpx:TrackPointExtension>
            <gpxtpx:hr>161</gpxtpx:hr>
          </gpxtpx:TrackPointExtension>
        </extensions>
      </trkpt>
      <trkpt lat="31.0447819933949" lon="121.53193582544344">
        <ele>5.88675482198596</ele>
        <time>1970-01-01T00:40:32Z</time>
        <extensions>
          <gpxtpx:TrackPointExtension>
            <gpxtpx:hr>161</gpxtpx:hr>
          </gpxtpx:TrackPointExtension>
        </extensions>
      </trkpt>
      <trkpt lat="31.044758546911776" lon="121.53194758782531">
        <ele>5.864274077117443</ele>
        <time>1970-01-01T00:40:33Z</time>
        <extensions>
          <gpxtpx:TrackPointExtension>
            <gpxtpx:hr>161</gpxtpx:hr>
          </gpxtpx:TrackPointExtension>
        </extensions>
      </trkpt>
      <trkpt lat="31.044735149926698" lon="121.53196025570027">
        <ele>5.844866355881095</ele>
        <time>1970-01-01T00:40:34Z</time>
        <extensions>
          <gpxtpx:TrackPointExtension>
            <gpxtpx:hr>161</gpxtpx:hr>
          </gpxtpx:TrackPointExtension>
        </extensions>
      </trkpt>
      <trkpt lat="31.044711524192437" lon="121.53197291077308">
        <ele>5.8282131515443325</ele>
        <time>1970-01-01T00:40:35Z</time>
        <extensions>
          <gpxtpx:TrackPointExtension>
            <gpxtpx:hr>161</gpxtpx:hr>
          </gpxtpx:TrackPointExtension>
        </extensions>
      </trkpt>
      <trkpt lat="31.04468832775292" lon="121.53198559209189">
        <ele>5.813841588795185</ele>
        <time>1970-01-01T00:40:36Z</time>
        <extensions>
          <gpxtpx:TrackPointExtension>
            <gpxtpx:hr>161</gpxtpx:hr>
          </gpxtpx:TrackPointExtension>
        </extensions>
      </trkpt>
      <trkpt lat="31.044665903264214" lon="121.53199831528688">
        <ele>5.801312416791916</ele>
        <time>1970-01-01T00:40:37Z</time>
        <extensions>
          <gpxtpx:TrackPointExtension>
            <gpxtpx:hr>161</gpxtpx:hr>
          </gpxtpx:TrackPointExtension>
        </extensions>
      </trkpt>
      <trkpt lat="31.044643331639755" lon="121.53201200036115">
        <ele>5.790456963703036</ele>
        <time>1970-01-01T00:40:38Z</time>
        <extensions>
          <gpxtpx:TrackPointExtension>
            <gpxtpx:hr>161</gpxtpx:hr>
          </gpxtpx:TrackPointExtension>
        </extensions>
      </trkpt>
      <trkpt lat="31.044620673315283" lon="121.53202651964652">
        <ele>5.78109085559845</ele>
        <time>1970-01-01T00:40:39Z</time>
        <extensions>
          <gpxtpx:TrackPointExtension>
            <gpxtpx:hr>161</gpxtpx:hr>
          </gpxtpx:TrackPointExtension>
        </extensions>
      </trkpt>
      <trkpt lat="31.044598278236425" lon="121.53204089018202">
        <ele>5.772910229861736</ele>
        <time>1970-01-01T00:40:40Z</time>
        <extensions>
          <gpxtpx:TrackPointExtension>
            <gpxtpx:hr>161</gpxtpx:hr>
          </gpxtpx:TrackPointExtension>
        </extensions>
      </trkpt>
      <trkpt lat="31.044575782002525" lon="121.53205478980098">
        <ele>5.765507067553699</ele>
        <time>1970-01-01T00:40:41Z</time>
        <extensions>
          <gpxtpx:TrackPointExtension>
            <gpxtpx:hr>161</gpxtpx:hr>
          </gpxtpx:TrackPointExtension>
        </extensions>
      </trkpt>
      <trkpt lat="31.044553582311874" lon="121.5320677464566">
        <ele>5.758464101701975</ele>
        <time>1970-01-01T00:40:42Z</time>
        <extensions>
          <gpxtpx:TrackPointExtension>
            <gpxtpx:hr>161</gpxtpx:hr>
          </gpxtpx:TrackPointExtension>
        </extensions>
      </trkpt>
      <trkpt lat="31.04453159259351" lon="121.53208049901144">
        <ele>5.751870336942375</ele>
        <time>1970-01-01T00:40:43Z</time>
        <extensions>
          <gpxtpx:TrackPointExtension>
            <gpxtpx:hr>161</gpxtpx:hr>
          </gpxtpx:TrackPointExtension>
        </extensions>
      </trkpt>
      <trkpt lat="31.044509566357195" lon="121.53209389415403">
        <ele>5.745828337967396</ele>
        <time>1970-01-01T00:40:44Z</time>
        <extensions>
          <gpxtpx:TrackPointExtension>
            <gpxtpx:hr>161</gpxtpx:hr>
          </gpxtpx:TrackPointExtension>
        </extensions>
      </trkpt>
      <trkpt lat="31.044487630480976" lon="121.53210779421438">
        <ele>5.740547246299684</ele>
        <time>1970-01-01T00:40:45Z</time>
        <extensions>
          <gpxtpx:TrackPointExtension>
            <gpxtpx:hr>161</gpxtpx:hr>
          </gpxtpx:TrackPointExtension>
        </extensions>
      </trkpt>
      <trkpt lat="31.044465023333068" lon="121.53212203957521">
        <ele>5.736371780745685</ele>
        <time>1970-01-01T00:40:46Z</time>
        <extensions>
          <gpxtpx:TrackPointExtension>
            <gpxtpx:hr>161</gpxtpx:hr>
          </gpxtpx:TrackPointExtension>
        </extensions>
      </trkpt>
      <trkpt lat="31.044441969152114" lon="121.53213582781517">
        <ele>5.7337405532598495</ele>
        <time>1970-01-01T00:40:47Z</time>
        <extensions>
          <gpxtpx:TrackPointExtension>
            <gpxtpx:hr>160</gpxtpx:hr>
          </gpxtpx:TrackPointExtension>
        </extensions>
      </trkpt>
      <trkpt lat="31.044419203880274" lon="121.53214899951952">
        <ele>5.733215039595962</ele>
        <time>1970-01-01T00:40:48Z</time>
        <extensions>
          <gpxtpx:TrackPointExtension>
            <gpxtpx:hr>160</gpxtpx:hr>
          </gpxtpx:TrackPointExtension>
        </extensions>
      </trkpt>
      <trkpt lat="31.044396432391487" lon="121.53216222752452">
        <ele>5.735345349647105</ele>
        <time>1970-01-01T00:40:49Z</time>
        <extensions>
          <gpxtpx:TrackPointExtension>
            <gpxtpx:hr>160</gpxtpx:hr>
          </gpxtpx:TrackPointExtension>
        </extensions>
      </trkpt>
      <trkpt lat="31.04437374369203" lon="121.53217546206295">
        <ele>5.740583969280124</ele>
        <time>1970-01-01T00:40:50Z</time>
        <extensions>
          <gpxtpx:TrackPointExtension>
            <gpxtpx:hr>160</gpxtpx:hr>
          </gpxtpx:TrackPointExtension>
        </extensions>
      </trkpt>
      <trkpt lat="31.04435127901934" lon="121.53218891162388">
        <ele>5.749231014400721</ele>
        <time>1970-01-01T00:40:51Z</time>
        <extensions>
          <gpxtpx:TrackPointExtension>
            <gpxtpx:hr>160</gpxtpx:hr>
          </gpxtpx:TrackPointExtension>
        </extensions>
      </trkpt>
      <trkpt lat="31.04432869487833" lon="121.53220289939854">
        <ele>5.761522621847689</ele>
        <time>1970-01-01T00:40:52Z</time>
        <extensions>
          <gpxtpx:TrackPointExtension>
            <gpxtpx:hr>160</gpxtpx:hr>
          </gpxtpx:TrackPointExtension>
        </extensions>
      </trkpt>
      <trkpt lat="31.044306093104048" lon="121.53221789970917">
        <ele>5.77725497353822</ele>
        <time>1970-01-01T00:40:53Z</time>
        <extensions>
          <gpxtpx:TrackPointExtension>
            <gpxtpx:hr>161</gpxtpx:hr>
          </gpxtpx:TrackPointExtension>
        </extensions>
      </trkpt>
      <trkpt lat="31.044284340627573" lon="121.5322344671109">
        <ele>5.795993066392839</ele>
        <time>1970-01-01T00:40:54Z</time>
        <extensions>
          <gpxtpx:TrackPointExtension>
            <gpxtpx:hr>161</gpxtpx:hr>
          </gpxtpx:TrackPointExtension>
        </extensions>
      </trkpt>
      <trkpt lat="31.0442643873919" lon="121.5322529379553">
        <ele>5.817185507155955</ele>
        <time>1970-01-01T00:40:55Z</time>
        <extensions>
          <gpxtpx:TrackPointExtension>
            <gpxtpx:hr>161</gpxtpx:hr>
          </gpxtpx:TrackPointExtension>
        </extensions>
      </trkpt>
      <trkpt lat="31.04424653744631" lon="121.53227441662118">
        <ele>5.840282213874161</ele>
        <time>1970-01-01T00:40:56Z</time>
        <extensions>
          <gpxtpx:TrackPointExtension>
            <gpxtpx:hr>161</gpxtpx:hr>
          </gpxtpx:TrackPointExtension>
        </extensions>
      </trkpt>
      <trkpt lat="31.044230489553605" lon="121.53229930044903">
        <ele>5.864639660343528</ele>
        <time>1970-01-01T00:40:57Z</time>
        <extensions>
          <gpxtpx:TrackPointExtension>
            <gpxtpx:hr>161</gpxtpx:hr>
          </gpxtpx:TrackPointExtension>
        </extensions>
      </trkpt>
      <trkpt lat="31.04421645599972" lon="121.53232670125945">
        <ele>5.889911432750523</ele>
        <time>1970-01-01T00:40:58Z</time>
        <extensions>
          <gpxtpx:TrackPointExtension>
            <gpxtpx:hr>161</gpxtpx:hr>
          </gpxtpx:TrackPointExtension>
        </extensions>
      </trkpt>
      <trkpt lat="31.044205260574156" lon="121.53235589229442">
        <ele>5.915861287154257</ele>
        <time>1970-01-01T00:40:59Z</time>
        <extensions>
          <gpxtpx:TrackPointExtension>
            <gpxtpx:hr>161</gpxtpx:hr>
          </gpxtpx:TrackPointExtension>
        </extensions>
      </trkpt>
      <trkpt lat="31.044197467894183" lon="121.5323857293269">
        <ele>5.942216645926237</ele>
        <time>1970-01-01T00:41:00Z</time>
        <extensions>
          <gpxtpx:TrackPointExtension>
            <gpxtpx:hr>161</gpxtpx:hr>
          </gpxtpx:TrackPointExtension>
        </extensions>
      </trkpt>
      <trkpt lat="31.044192910407343" lon="121.53241545464068">
        <ele>5.968429380096495</ele>
        <time>1970-01-01T00:41:01Z</time>
        <extensions>
          <gpxtpx:TrackPointExtension>
            <gpxtpx:hr>161</gpxtpx:hr>
          </gpxtpx:TrackPointExtension>
        </extensions>
      </trkpt>
      <trkpt lat="31.044191077201383" lon="121.53244558143194">
        <ele>5.994130580686033</ele>
        <time>1970-01-01T00:41:02Z</time>
        <extensions>
          <gpxtpx:TrackPointExtension>
            <gpxtpx:hr>161</gpxtpx:hr>
          </gpxtpx:TrackPointExtension>
        </extensions>
      </trkpt>
      <trkpt lat="31.044191867994662" lon="121.53247579085702">
        <ele>6.019245735369623</ele>
        <time>1970-01-01T00:41:03Z</time>
        <extensions>
          <gpxtpx:TrackPointExtension>
            <gpxtpx:hr>161</gpxtpx:hr>
          </gpxtpx:TrackPointExtension>
        </extensions>
      </trkpt>
      <trkpt lat="31.04419521244938" lon="121.53250581045975">
        <ele>6.043926025740802</ele>
        <time>1970-01-01T00:41:04Z</time>
        <extensions>
          <gpxtpx:TrackPointExtension>
            <gpxtpx:hr>161</gpxtpx:hr>
          </gpxtpx:TrackPointExtension>
        </extensions>
      </trkpt>
      <trkpt lat="31.04420057707904" lon="121.53253599595509">
        <ele>6.068406981416047</ele>
        <time>1970-01-01T00:41:05Z</time>
        <extensions>
          <gpxtpx:TrackPointExtension>
            <gpxtpx:hr>161</gpxtpx:hr>
          </gpxtpx:TrackPointExtension>
        </extensions>
      </trkpt>
      <trkpt lat="31.044208069834962" lon="121.5325652125129">
        <ele>6.092771541327238</ele>
        <time>1970-01-01T00:41:06Z</time>
        <extensions>
          <gpxtpx:TrackPointExtension>
            <gpxtpx:hr>161</gpxtpx:hr>
          </gpxtpx:TrackPointExtension>
        </extensions>
      </trkpt>
      <trkpt lat="31.044218699807633" lon="121.53259304485154">
        <ele>6.117064744234085</ele>
        <time>1970-01-01T00:41:07Z</time>
        <extensions>
          <gpxtpx:TrackPointExtension>
            <gpxtpx:hr>161</gpxtpx:hr>
          </gpxtpx:TrackPointExtension>
        </extensions>
      </trkpt>
      <trkpt lat="31.044232500640867" lon="121.5326198432946">
        <ele>6.14131404645741</ele>
        <time>1970-01-01T00:41:08Z</time>
        <extensions>
          <gpxtpx:TrackPointExtension>
            <gpxtpx:hr>161</gpxtpx:hr>
          </gpxtpx:TrackPointExtension>
        </extensions>
      </trkpt>
      <trkpt lat="31.04424877630258" lon="121.53264506521822">
        <ele>6.1655000085011125</ele>
        <time>1970-01-01T00:41:09Z</time>
        <extensions>
          <gpxtpx:TrackPointExtension>
            <gpxtpx:hr>161</gpxtpx:hr>
          </gpxtpx:TrackPointExtension>
        </extensions>
      </trkpt>
      <trkpt lat="31.044267697984257" lon="121.53266856279676">
        <ele>6.189527801238</ele>
        <time>1970-01-01T00:41:10Z</time>
        <extensions>
          <gpxtpx:TrackPointExtension>
            <gpxtpx:hr>161</gpxtpx:hr>
          </gpxtpx:TrackPointExtension>
        </extensions>
      </trkpt>
      <trkpt lat="31.04428913327827" lon="121.532690159656">
        <ele>6.212758586741984</ele>
        <time>1970-01-01T00:41:11Z</time>
        <extensions>
          <gpxtpx:TrackPointExtension>
            <gpxtpx:hr>161</gpxtpx:hr>
          </gpxtpx:TrackPointExtension>
        </extensions>
      </trkpt>
      <trkpt lat="31.044312031255334" lon="121.53270934473122">
        <ele>6.234634178690612</ele>
        <time>1970-01-01T00:41:12Z</time>
        <extensions>
          <gpxtpx:TrackPointExtension>
            <gpxtpx:hr>161</gpxtpx:hr>
          </gpxtpx:TrackPointExtension>
        </extensions>
      </trkpt>
      <trkpt lat="31.04433622069253" lon="121.53272559612702">
        <ele>6.254655098542571</ele>
        <time>1970-01-01T00:41:13Z</time>
        <extensions>
          <gpxtpx:TrackPointExtension>
            <gpxtpx:hr>161</gpxtpx:hr>
          </gpxtpx:TrackPointExtension>
        </extensions>
      </trkpt>
      <trkpt lat="31.04436161072971" lon="121.5327392146114">
        <ele>6.272352986037731</ele>
        <time>1970-01-01T00:41:14Z</time>
        <extensions>
          <gpxtpx:TrackPointExtension>
            <gpxtpx:hr>161</gpxtpx:hr>
          </gpxtpx:TrackPointExtension>
        </extensions>
      </trkpt>
      <trkpt lat="31.044387990538425" lon="121.5327497449637">
        <ele>6.287266737781465</ele>
        <time>1970-01-01T00:41:15Z</time>
        <extensions>
          <gpxtpx:TrackPointExtension>
            <gpxtpx:hr>161</gpxtpx:hr>
          </gpxtpx:TrackPointExtension>
        </extensions>
      </trkpt>
      <trkpt lat="31.044415551181295" lon="121.53275548804925">
        <ele>6.299292298965156</ele>
        <time>1970-01-01T00:41:16Z</time>
        <extensions>
          <gpxtpx:TrackPointExtension>
            <gpxtpx:hr>161</gpxtpx:hr>
          </gpxtpx:TrackPointExtension>
        </extensions>
      </trkpt>
      <trkpt lat="31.044443531716826" lon="121.53275619166998">
        <ele>6.308400030247867</ele>
        <time>1970-01-01T00:41:17Z</time>
        <extensions>
          <gpxtpx:TrackPointExtension>
            <gpxtpx:hr>161</gpxtpx:hr>
          </gpxtpx:TrackPointExtension>
        </extensions>
      </trkpt>
      <trkpt lat="31.044471095960418" lon="121.5327520318351">
        <ele>6.314704408869147</ele>
        <time>1970-01-01T00:41:18Z</time>
        <extensions>
          <gpxtpx:TrackPointExtension>
            <gpxtpx:hr>161</gpxtpx:hr>
          </gpxtpx:TrackPointExtension>
        </extensions>
      </trkpt>
      <trkpt lat="31.044497709290475" lon="121.53274353546675">
        <ele>6.318560470826924</ele>
        <time>1970-01-01T00:41:19Z</time>
        <extensions>
          <gpxtpx:TrackPointExtension>
            <gpxtpx:hr>161</gpxtpx:hr>
          </gpxtpx:TrackPointExtension>
        </extensions>
      </trkpt>
      <trkpt lat="31.044522891828294" lon="121.53273248780518">
        <ele>6.320402738638222</ele>
        <time>1970-01-01T00:41:20Z</time>
        <extensions>
          <gpxtpx:TrackPointExtension>
            <gpxtpx:hr>161</gpxtpx:hr>
          </gpxtpx:TrackPointExtension>
        </extensions>
      </trkpt>
      <trkpt lat="31.044546938951637" lon="121.53271965198918">
        <ele>6.320650828070939</ele>
        <time>1970-01-01T00:41:21Z</time>
        <extensions>
          <gpxtpx:TrackPointExtension>
            <gpxtpx:hr>161</gpxtpx:hr>
          </gpxtpx:TrackPointExtension>
        </extensions>
      </trkpt>
      <trkpt lat="31.044570427967404" lon="121.53270501809322">
        <ele>6.319862753152847</ele>
        <time>1970-01-01T00:41:22Z</time>
        <extensions>
          <gpxtpx:TrackPointExtension>
            <gpxtpx:hr>161</gpxtpx:hr>
          </gpxtpx:TrackPointExtension>
        </extensions>
      </trkpt>
      <trkpt lat="31.0445939633907" lon="121.53268986540502">
        <ele>6.318565866909921</ele>
        <time>1970-01-01T00:41:23Z</time>
        <extensions>
          <gpxtpx:TrackPointExtension>
            <gpxtpx:hr>162</gpxtpx:hr>
          </gpxtpx:TrackPointExtension>
        </extensions>
      </trkpt>
      <trkpt lat="31.044618005450044" lon="121.5326747768521">
        <ele>6.316825544461608</ele>
        <time>1970-01-01T00:41:24Z</time>
        <extensions>
          <gpxtpx:TrackPointExtension>
            <gpxtpx:hr>162</gpxtpx:hr>
          </gpxtpx:TrackPointExtension>
        </extensions>
      </trkpt>
      <trkpt lat="31.044642514427473" lon="121.53265952729288">
        <ele>6.314688577316701</ele>
        <time>1970-01-01T00:41:25Z</time>
        <extensions>
          <gpxtpx:TrackPointExtension>
            <gpxtpx:hr>162</gpxtpx:hr>
          </gpxtpx:TrackPointExtension>
        </extensions>
      </trkpt>
      <trkpt lat="31.044667134693952" lon="121.53264475879304">
        <ele>6.312181946821511</ele>
        <time>1970-01-01T00:41:26Z</time>
        <extensions>
          <gpxtpx:TrackPointExtension>
            <gpxtpx:hr>162</gpxtpx:hr>
          </gpxtpx:TrackPointExtension>
        </extensions>
      </trkpt>
      <trkpt lat="31.044691828830288" lon="121.53263061677498">
        <ele>6.30918602924794</ele>
        <time>1970-01-01T00:41:27Z</time>
        <extensions>
          <gpxtpx:TrackPointExtension>
            <gpxtpx:hr>162</gpxtpx:hr>
          </gpxtpx:TrackPointExtension>
        </extensions>
      </trkpt>
      <trkpt lat="31.0447167131264" lon="121.53261746772486">
        <ele>6.305412361398339</ele>
        <time>1970-01-01T00:41:28Z</time>
        <extensions>
          <gpxtpx:TrackPointExtension>
            <gpxtpx:hr>162</gpxtpx:hr>
          </gpxtpx:TrackPointExtension>
        </extensions>
      </trkpt>
      <trkpt lat="31.044741286653885" lon="121.53260565313036">
        <ele>6.300614513456821</ele>
        <time>1970-01-01T00:41:29Z</time>
        <extensions>
          <gpxtpx:TrackPointExtension>
            <gpxtpx:hr>162</gpxtpx:hr>
          </gpxtpx:TrackPointExtension>
        </extensions>
      </trkpt>
      <trkpt lat="31.044765640423773" lon="121.53259403709146">
        <ele>6.294420533813536</ele>
        <time>1970-01-01T00:41:30Z</time>
        <extensions>
          <gpxtpx:TrackPointExtension>
            <gpxtpx:hr>162</gpxtpx:hr>
          </gpxtpx:TrackPointExtension>
        </extensions>
      </trkpt>
      <trkpt lat="31.044790110678367" lon="121.53258162931121">
        <ele>6.28654167894274</ele>
        <time>1970-01-01T00:41:31Z</time>
        <extensions>
          <gpxtpx:TrackPointExtension>
            <gpxtpx:hr>162</gpxtpx:hr>
          </gpxtpx:TrackPointExtension>
        </extensions>
      </trkpt>
      <trkpt lat="31.044814286481035" lon="121.53256843139884">
        <ele>6.276840324513614</ele>
        <time>1970-01-01T00:41:32Z</time>
        <extensions>
          <gpxtpx:TrackPointExtension>
            <gpxtpx:hr>163</gpxtpx:hr>
          </gpxtpx:TrackPointExtension>
        </extensions>
      </trkpt>
      <trkpt lat="31.044838454537373" lon="121.53255413039402">
        <ele>6.265344831161201</ele>
        <time>1970-01-01T00:41:33Z</time>
        <extensions>
          <gpxtpx:TrackPointExtension>
            <gpxtpx:hr>163</gpxtpx:hr>
          </gpxtpx:TrackPointExtension>
        </extensions>
      </trkpt>
      <trkpt lat="31.044862863255084" lon="121.53253841190973">
        <ele>6.252630018629134</ele>
        <time>1970-01-01T00:41:34Z</time>
        <extensions>
          <gpxtpx:TrackPointExtension>
            <gpxtpx:hr>163</gpxtpx:hr>
          </gpxtpx:TrackPointExtension>
        </extensions>
      </trkpt>
      <trkpt lat="31.044887037692142" lon="121.5325226090657">
        <ele>6.239474053494632</ele>
        <time>1970-01-01T00:41:35Z</time>
        <extensions>
          <gpxtpx:TrackPointExtension>
            <gpxtpx:hr>163</gpxtpx:hr>
          </gpxtpx:TrackPointExtension>
        </extensions>
      </trkpt>
      <trkpt lat="31.04491130966583" lon="121.5325078026045">
        <ele>6.226743476465344</ele>
        <time>1970-01-01T00:41:36Z</time>
        <extensions>
          <gpxtpx:TrackPointExtension>
            <gpxtpx:hr>163</gpxtpx:hr>
          </gpxtpx:TrackPointExtension>
        </extensions>
      </trkpt>
      <trkpt lat="31.044936142189414" lon="121.53249379240569">
        <ele>6.215293766930699</ele>
        <time>1970-01-01T00:41:37Z</time>
        <extensions>
          <gpxtpx:TrackPointExtension>
            <gpxtpx:hr>163</gpxtpx:hr>
          </gpxtpx:TrackPointExtension>
        </extensions>
      </trkpt>
      <trkpt lat="31.044960849399825" lon="121.53248025420848">
        <ele>6.205953667871654</ele>
        <time>1970-01-01T00:41:38Z</time>
        <extensions>
          <gpxtpx:TrackPointExtension>
            <gpxtpx:hr>163</gpxtpx:hr>
          </gpxtpx:TrackPointExtension>
        </extensions>
      </trkpt>
      <trkpt lat="31.044985216818773" lon="121.53246653092823">
        <ele>6.199694698676467</ele>
        <time>1970-01-01T00:41:39Z</time>
        <extensions>
          <gpxtpx:TrackPointExtension>
            <gpxtpx:hr>163</gpxtpx:hr>
          </gpxtpx:TrackPointExtension>
        </extensions>
      </trkpt>
      <trkpt lat="31.04500956933175" lon="121.53245208071552">
        <ele>6.197342696599662</ele>
        <time>1970-01-01T00:41:40Z</time>
        <extensions>
          <gpxtpx:TrackPointExtension>
            <gpxtpx:hr>163</gpxtpx:hr>
          </gpxtpx:TrackPointExtension>
        </extensions>
      </trkpt>
      <trkpt lat="31.045033510251344" lon="121.53243670364478">
        <ele>6.199480121023953</ele>
        <time>1970-01-01T00:41:41Z</time>
        <extensions>
          <gpxtpx:TrackPointExtension>
            <gpxtpx:hr>163</gpxtpx:hr>
          </gpxtpx:TrackPointExtension>
        </extensions>
      </trkpt>
      <trkpt lat="31.045056247153" lon="121.53241980372742">
        <ele>6.206399210728705</ele>
        <time>1970-01-01T00:41:42Z</time>
        <extensions>
          <gpxtpx:TrackPointExtension>
            <gpxtpx:hr>163</gpxtpx:hr>
          </gpxtpx:TrackPointExtension>
        </extensions>
      </trkpt>
      <trkpt lat="31.045076864191884" lon="121.53240070414715">
        <ele>6.218214414082468</ele>
        <time>1970-01-01T00:41:43Z</time>
        <extensions>
          <gpxtpx:TrackPointExtension>
            <gpxtpx:hr>163</gpxtpx:hr>
          </gpxtpx:TrackPointExtension>
        </extensions>
      </trkpt>
      <trkpt lat="31.04509463898838" lon="121.53237859610667">
        <ele>6.234086841344833</ele>
        <time>1970-01-01T00:41:44Z</time>
        <extensions>
          <gpxtpx:TrackPointExtension>
            <gpxtpx:hr>163</gpxtpx:hr>
          </gpxtpx:TrackPointExtension>
        </extensions>
      </trkpt>
      <trkpt lat="31.045109892221696" lon="121.53235299371728">
        <ele>6.2529072957113385</ele>
        <time>1970-01-01T00:41:45Z</time>
        <extensions>
          <gpxtpx:TrackPointExtension>
            <gpxtpx:hr>163</gpxtpx:hr>
          </gpxtpx:TrackPointExtension>
        </extensions>
      </trkpt>
      <trkpt lat="31.045123203142918" lon="121.53232467516227">
        <ele>6.27341225463897</ele>
        <time>1970-01-01T00:41:46Z</time>
        <extensions>
          <gpxtpx:TrackPointExtension>
            <gpxtpx:hr>163</gpxtpx:hr>
          </gpxtpx:TrackPointExtension>
        </extensions>
      </trkpt>
      <trkpt lat="31.045134226558478" lon="121.53229502889172">
        <ele>6.294184897094965</ele>
        <time>1970-01-01T00:41:47Z</time>
        <extensions>
          <gpxtpx:TrackPointExtension>
            <gpxtpx:hr>163</gpxtpx:hr>
          </gpxtpx:TrackPointExtension>
        </extensions>
      </trkpt>
      <trkpt lat="31.045142647597046" lon="121.5322640573084">
        <ele>6.313763167709112</ele>
        <time>1970-01-01T00:41:48Z</time>
        <extensions>
          <gpxtpx:TrackPointExtension>
            <gpxtpx:hr>163</gpxtpx:hr>
          </gpxtpx:TrackPointExtension>
        </extensions>
      </trkpt>
      <trkpt lat="31.04514815329762" lon="121.5322313653913">
        <ele>6.331047149375081</ele>
        <time>1970-01-01T00:41:49Z</time>
        <extensions>
          <gpxtpx:TrackPointExtension>
            <gpxtpx:hr>163</gpxtpx:hr>
          </gpxtpx:TrackPointExtension>
        </extensions>
      </trkpt>
      <trkpt lat="31.0451496960159" lon="121.53219839986932">
        <ele>6.3450484508648515</ele>
        <time>1970-01-01T00:41:50Z</time>
        <extensions>
          <gpxtpx:TrackPointExtension>
            <gpxtpx:hr>163</gpxtpx:hr>
          </gpxtpx:TrackPointExtension>
        </extensions>
      </trkpt>
      <trkpt lat="31.04514669736142" lon="121.53216630598777">
        <ele>6.354924158193171</ele>
        <time>1970-01-01T00:41:51Z</time>
        <extensions>
          <gpxtpx:TrackPointExtension>
            <gpxtpx:hr>163</gpxtpx:hr>
          </gpxtpx:TrackPointExtension>
        </extensions>
      </trkpt>
      <trkpt lat="31.045139709345527" lon="121.5321349551693">
        <ele>6.360316679812968</ele>
        <time>1970-01-01T00:41:52Z</time>
        <extensions>
          <gpxtpx:TrackPointExtension>
            <gpxtpx:hr>163</gpxtpx:hr>
          </gpxtpx:TrackPointExtension>
        </extensions>
      </trkpt>
      <trkpt lat="31.04512890625571" lon="121.53210446872207">
        <ele>6.361126757226884</ele>
        <time>1970-01-01T00:41:53Z</time>
        <extensions>
          <gpxtpx:TrackPointExtension>
            <gpxtpx:hr>163</gpxtpx:hr>
          </gpxtpx:TrackPointExtension>
        </extensions>
      </trkpt>
      <trkpt lat="31.045114412119176" lon="121.53207490294203">
        <ele>6.357666673138738</ele>
        <time>1970-01-01T00:41:54Z</time>
        <extensions>
          <gpxtpx:TrackPointExtension>
            <gpxtpx:hr>163</gpxtpx:hr>
          </gpxtpx:TrackPointExtension>
        </extensions>
      </trkpt>
      <trkpt lat="31.045098073182427" lon="121.53204696589847">
        <ele>6.350680119358003</ele>
        <time>1970-01-01T00:41:55Z</time>
        <extensions>
          <gpxtpx:TrackPointExtension>
            <gpxtpx:hr>163</gpxtpx:hr>
          </gpxtpx:TrackPointExtension>
        </extensions>
      </trkpt>
      <trkpt lat="31.045081035187465" lon="121.5320217090244">
        <ele>6.341213991865516</ele>
        <time>1970-01-01T00:41:56Z</time>
        <extensions>
          <gpxtpx:TrackPointExtension>
            <gpxtpx:hr>163</gpxtpx:hr>
          </gpxtpx:TrackPointExtension>
        </extensions>
      </trkpt>
      <trkpt lat="31.045062477895176" lon="121.53199913145457">
        <ele>6.330144134350121</ele>
        <time>1970-01-01T00:41:57Z</time>
        <extensions>
          <gpxtpx:TrackPointExtension>
            <gpxtpx:hr>163</gpxtpx:hr>
          </gpxtpx:TrackPointExtension>
        </extensions>
      </trkpt>
      <trkpt lat="31.045041618032695" lon="121.53197879984613">
        <ele>6.3184454860165715</ele>
        <time>1970-01-01T00:41:58Z</time>
        <extensions>
          <gpxtpx:TrackPointExtension>
            <gpxtpx:hr>163</gpxtpx:hr>
          </gpxtpx:TrackPointExtension>
        </extensions>
      </trkpt>
      <trkpt lat="31.045017706315676" lon="121.53196091917816">
        <ele>6.306651380844414</ele>
        <time>1970-01-01T00:41:59Z</time>
        <extensions>
          <gpxtpx:TrackPointExtension>
            <gpxtpx:hr>163</gpxtpx:hr>
          </gpxtpx:TrackPointExtension>
        </extensions>
      </trkpt>
      <trkpt lat="31.044991817698154" lon="121.53194549763099">
        <ele>6.29480960033834</ele>
        <time>1970-01-01T00:42:00Z</time>
        <extensions>
          <gpxtpx:TrackPointExtension>
            <gpxtpx:hr>163</gpxtpx:hr>
          </gpxtpx:TrackPointExtension>
        </extensions>
      </trkpt>
      <trkpt lat="31.04496569385974" lon="121.53193251200105">
        <ele>6.282709090039134</ele>
        <time>1970-01-01T00:42:01Z</time>
        <extensions>
          <gpxtpx:TrackPointExtension>
            <gpxtpx:hr>164</gpxtpx:hr>
          </gpxtpx:TrackPointExtension>
        </extensions>
      </trkpt>
      <trkpt lat="31.044939325209167" lon="121.5319225476842">
        <ele>6.269864278845489</ele>
        <time>1970-01-01T00:42:02Z</time>
        <extensions>
          <gpxtpx:TrackPointExtension>
            <gpxtpx:hr>164</gpxtpx:hr>
          </gpxtpx:TrackPointExtension>
        </extensions>
      </trkpt>
      <trkpt lat="31.04491296577884" lon="121.53191571312263">
        <ele>6.2555141011253</ele>
        <time>1970-01-01T00:42:03Z</time>
        <extensions>
          <gpxtpx:TrackPointExtension>
            <gpxtpx:hr>164</gpxtpx:hr>
          </gpxtpx:TrackPointExtension>
        </extensions>
      </trkpt>
      <trkpt lat="31.044886797340787" lon="121.53191254171752">
        <ele>6.2390293618664145</ele>
        <time>1970-01-01T00:42:04Z</time>
        <extensions>
          <gpxtpx:TrackPointExtension>
            <gpxtpx:hr>164</gpxtpx:hr>
          </gpxtpx:TrackPointExtension>
        </extensions>
      </trkpt>
      <trkpt lat="31.044860370991803" lon="121.53191273998921">
        <ele>6.220064639113843</ele>
        <time>1970-01-01T00:42:05Z</time>
        <extensions>
          <gpxtpx:TrackPointExtension>
            <gpxtpx:hr>164</gpxtpx:hr>
          </gpxtpx:TrackPointExtension>
        </extensions>
      </trkpt>
      <trkpt lat="31.044834207653807" lon="121.53191574612381">
        <ele>6.198263027705252</ele>
        <time>1970-01-01T00:42:06Z</time>
        <extensions>
          <gpxtpx:TrackPointExtension>
            <gpxtpx:hr>164</gpxtpx:hr>
          </gpxtpx:TrackPointExtension>
        </extensions>
      </trkpt>
      <trkpt lat="31.044808808452284" lon="121.53192212263471">
        <ele>6.173161359503865</ele>
        <time>1970-01-01T00:42:07Z</time>
        <extensions>
          <gpxtpx:TrackPointExtension>
            <gpxtpx:hr>164</gpxtpx:hr>
          </gpxtpx:TrackPointExtension>
        </extensions>
      </trkpt>
      <trkpt lat="31.044784528812706" lon="121.53193170938184">
        <ele>6.144523926079273</ele>
        <time>1970-01-01T00:42:08Z</time>
        <extensions>
          <gpxtpx:TrackPointExtension>
            <gpxtpx:hr>164</gpxtpx:hr>
          </gpxtpx:TrackPointExtension>
        </extensions>
      </trkpt>
      <trkpt lat="31.044761860905048" lon="121.5319441873231">
        <ele>6.112426589243114</ele>
        <time>1970-01-01T00:42:09Z</time>
        <extensions>
          <gpxtpx:TrackPointExtension>
            <gpxtpx:hr>164</gpxtpx:hr>
          </gpxtpx:TrackPointExtension>
        </extensions>
      </trkpt>
      <trkpt lat="31.044740228937272" lon="121.53195897679626">
        <ele>6.077275451272726</ele>
        <time>1970-01-01T00:42:10Z</time>
        <extensions>
          <gpxtpx:TrackPointExtension>
            <gpxtpx:hr>164</gpxtpx:hr>
          </gpxtpx:TrackPointExtension>
        </extensions>
      </trkpt>
      <trkpt lat="31.0447188899724" lon="121.53197469840052">
        <ele>6.039725432172418</ele>
        <time>1970-01-01T00:42:11Z</time>
        <extensions>
          <gpxtpx:TrackPointExtension>
            <gpxtpx:hr>164</gpxtpx:hr>
          </gpxtpx:TrackPointExtension>
        </extensions>
      </trkpt>
      <trkpt lat="31.04469727212978" lon="121.53199070305499">
        <ele>6.000840905122459</ele>
        <time>1970-01-01T00:42:12Z</time>
        <extensions>
          <gpxtpx:TrackPointExtension>
            <gpxtpx:hr>164</gpxtpx:hr>
          </gpxtpx:TrackPointExtension>
        </extensions>
      </trkpt>
      <trkpt lat="31.0446753248844" lon="121.53200638534884">
        <ele>5.961748670786619</ele>
        <time>1970-01-01T00:42:13Z</time>
        <extensions>
          <gpxtpx:TrackPointExtension>
            <gpxtpx:hr>164</gpxtpx:hr>
          </gpxtpx:TrackPointExtension>
        </extensions>
      </trkpt>
      <trkpt lat="31.044653562787342" lon="121.53202104336755">
        <ele>5.923580459319055</ele>
        <time>1970-01-01T00:42:14Z</time>
        <extensions>
          <gpxtpx:TrackPointExtension>
            <gpxtpx:hr>164</gpxtpx:hr>
          </gpxtpx:TrackPointExtension>
        </extensions>
      </trkpt>
      <trkpt lat="31.04463153556562" lon="121.53203521329586">
        <ele>5.887591975741088</ele>
        <time>1970-01-01T00:42:15Z</time>
        <extensions>
          <gpxtpx:TrackPointExtension>
            <gpxtpx:hr>164</gpxtpx:hr>
          </gpxtpx:TrackPointExtension>
        </extensions>
      </trkpt>
      <trkpt lat="31.04460912996335" lon="121.53204903361399">
        <ele>5.854810858145356</ele>
        <time>1970-01-01T00:42:16Z</time>
        <extensions>
          <gpxtpx:TrackPointExtension>
            <gpxtpx:hr>164</gpxtpx:hr>
          </gpxtpx:TrackPointExtension>
        </extensions>
      </trkpt>
      <trkpt lat="31.04458634054769" lon="121.53206300194493">
        <ele>5.826238546520472</ele>
        <time>1970-01-01T00:42:17Z</time>
        <extensions>
          <gpxtpx:TrackPointExtension>
            <gpxtpx:hr>164</gpxtpx:hr>
          </gpxtpx:TrackPointExtension>
        </extensions>
      </trkpt>
      <trkpt lat="31.044563192450205" lon="121.53207821074787">
        <ele>5.8028369983658195</ele>
        <time>1970-01-01T00:42:18Z</time>
        <extensions>
          <gpxtpx:TrackPointExtension>
            <gpxtpx:hr>164</gpxtpx:hr>
          </gpxtpx:TrackPointExtension>
        </extensions>
      </trkpt>
      <trkpt lat="31.04453992364828" lon="121.53209416682594">
        <ele>5.785477513447404</ele>
        <time>1970-01-01T00:42:19Z</time>
        <extensions>
          <gpxtpx:TrackPointExtension>
            <gpxtpx:hr>164</gpxtpx:hr>
          </gpxtpx:TrackPointExtension>
        </extensions>
      </trkpt>
      <trkpt lat="31.044516443626417" lon="121.5321102443059">
        <ele>5.774836327880621</ele>
        <time>1970-01-01T00:42:20Z</time>
        <extensions>
          <gpxtpx:TrackPointExtension>
            <gpxtpx:hr>164</gpxtpx:hr>
          </gpxtpx:TrackPointExtension>
        </extensions>
      </trkpt>
      <trkpt lat="31.044493094521616" lon="121.53212561187718">
        <ele>5.771477932110429</ele>
        <time>1970-01-01T00:42:21Z</time>
        <extensions>
          <gpxtpx:TrackPointExtension>
            <gpxtpx:hr>164</gpxtpx:hr>
          </gpxtpx:TrackPointExtension>
        </extensions>
      </trkpt>
      <trkpt lat="31.04447022149313" lon="121.53213979367219">
        <ele>5.775672041811049</ele>
        <time>1970-01-01T00:42:22Z</time>
        <extensions>
          <gpxtpx:TrackPointExtension>
            <gpxtpx:hr>164</gpxtpx:hr>
          </gpxtpx:TrackPointExtension>
        </extensions>
      </trkpt>
      <trkpt lat="31.044447033567913" lon="121.53215395015283">
        <ele>5.7874022917822</ele>
        <time>1970-01-01T00:42:23Z</time>
        <extensions>
          <gpxtpx:TrackPointExtension>
            <gpxtpx:hr>164</gpxtpx:hr>
          </gpxtpx:TrackPointExtension>
        </extensions>
      </trkpt>
      <trkpt lat="31.044423122806837" lon="121.5321681843264">
        <ele>5.8064057575538754</ele>
        <time>1970-01-01T00:42:24Z</time>
        <extensions>
          <gpxtpx:TrackPointExtension>
            <gpxtpx:hr>165</gpxtpx:hr>
          </gpxtpx:TrackPointExtension>
        </extensions>
      </trkpt>
      <trkpt lat="31.044398701577055" lon="121.5321821401401">
        <ele>5.831905893981457</ele>
        <time>1970-01-01T00:42:25Z</time>
        <extensions>
          <gpxtpx:TrackPointExtension>
            <gpxtpx:hr>165</gpxtpx:hr>
          </gpxtpx:TrackPointExtension>
        </extensions>
      </trkpt>
      <trkpt lat="31.044374235767258" lon="121.53219609958317">
        <ele>5.862915216013789</ele>
        <time>1970-01-01T00:42:26Z</time>
        <extensions>
          <gpxtpx:TrackPointExtension>
            <gpxtpx:hr>165</gpxtpx:hr>
          </gpxtpx:TrackPointExtension>
        </extensions>
      </trkpt>
      <trkpt lat="31.04435057424" lon="121.53221043829922">
        <ele>5.897952711209655</ele>
        <time>1970-01-01T00:42:27Z</time>
        <extensions>
          <gpxtpx:TrackPointExtension>
            <gpxtpx:hr>165</gpxtpx:hr>
          </gpxtpx:TrackPointExtension>
        </extensions>
      </trkpt>
      <trkpt lat="31.044327667400903" lon="121.5322260651469">
        <ele>5.935141699388623</ele>
        <time>1970-01-01T00:42:28Z</time>
        <extensions>
          <gpxtpx:TrackPointExtension>
            <gpxtpx:hr>165</gpxtpx:hr>
          </gpxtpx:TrackPointExtension>
        </extensions>
      </trkpt>
      <trkpt lat="31.044305281033065" lon="121.53224330684955">
        <ele>5.972583008930087</ele>
        <time>1970-01-01T00:42:29Z</time>
        <extensions>
          <gpxtpx:TrackPointExtension>
            <gpxtpx:hr>165</gpxtpx:hr>
          </gpxtpx:TrackPointExtension>
        </extensions>
      </trkpt>
      <trkpt lat="31.04428395943605" lon="121.5322627119114">
        <ele>6.008762523531914</ele>
        <time>1970-01-01T00:42:30Z</time>
        <extensions>
          <gpxtpx:TrackPointExtension>
            <gpxtpx:hr>165</gpxtpx:hr>
          </gpxtpx:TrackPointExtension>
        </extensions>
      </trkpt>
      <trkpt lat="31.04426440509573" lon="121.53228531166344">
        <ele>6.042268879711628</ele>
        <time>1970-01-01T00:42:31Z</time>
        <extensions>
          <gpxtpx:TrackPointExtension>
            <gpxtpx:hr>165</gpxtpx:hr>
          </gpxtpx:TrackPointExtension>
        </extensions>
      </trkpt>
      <trkpt lat="31.04424731792166" lon="121.53231094599302">
        <ele>6.071807263419032</ele>
        <time>1970-01-01T00:42:32Z</time>
        <extensions>
          <gpxtpx:TrackPointExtension>
            <gpxtpx:hr>165</gpxtpx:hr>
          </gpxtpx:TrackPointExtension>
        </extensions>
      </trkpt>
      <trkpt lat="31.04423311458096" lon="121.53233928106714">
        <ele>6.096233137883246</ele>
        <time>1970-01-01T00:42:33Z</time>
        <extensions>
          <gpxtpx:TrackPointExtension>
            <gpxtpx:hr>165</gpxtpx:hr>
          </gpxtpx:TrackPointExtension>
        </extensions>
      </trkpt>
      <trkpt lat="31.044222177228033" lon="121.53236898981675">
        <ele>6.1146695194765925</ele>
        <time>1970-01-01T00:42:34Z</time>
        <extensions>
          <gpxtpx:TrackPointExtension>
            <gpxtpx:hr>165</gpxtpx:hr>
          </gpxtpx:TrackPointExtension>
        </extensions>
      </trkpt>
      <trkpt lat="31.04421506283973" lon="121.53239821332335">
        <ele>6.126784643158317</ele>
        <time>1970-01-01T00:42:35Z</time>
        <extensions>
          <gpxtpx:TrackPointExtension>
            <gpxtpx:hr>165</gpxtpx:hr>
          </gpxtpx:TrackPointExtension>
        </extensions>
      </trkpt>
      <trkpt lat="31.044211304152363" lon="121.53242787076013">
        <ele>6.132586520165205</ele>
        <time>1970-01-01T00:42:36Z</time>
        <extensions>
          <gpxtpx:TrackPointExtension>
            <gpxtpx:hr>165</gpxtpx:hr>
          </gpxtpx:TrackPointExtension>
        </extensions>
      </trkpt>
      <trkpt lat="31.04421005727096" lon="121.53245804522248">
        <ele>6.132466930896044</ele>
        <time>1970-01-01T00:42:37Z</time>
        <extensions>
          <gpxtpx:TrackPointExtension>
            <gpxtpx:hr>165</gpxtpx:hr>
          </gpxtpx:TrackPointExtension>
        </extensions>
      </trkpt>
      <trkpt lat="31.044211395319124" lon="121.53248767611878">
        <ele>6.1272580828517675</ele>
        <time>1970-01-01T00:42:38Z</time>
        <extensions>
          <gpxtpx:TrackPointExtension>
            <gpxtpx:hr>165</gpxtpx:hr>
          </gpxtpx:TrackPointExtension>
        </extensions>
      </trkpt>
      <trkpt lat="31.044215618259933" lon="121.53251707596408">
        <ele>6.118008208461106</ele>
        <time>1970-01-01T00:42:39Z</time>
        <extensions>
          <gpxtpx:TrackPointExtension>
            <gpxtpx:hr>165</gpxtpx:hr>
          </gpxtpx:TrackPointExtension>
        </extensions>
      </trkpt>
      <trkpt lat="31.044222229587007" lon="121.53254545979617">
        <ele>6.106181807816029</ele>
        <time>1970-01-01T00:42:40Z</time>
        <extensions>
          <gpxtpx:TrackPointExtension>
            <gpxtpx:hr>165</gpxtpx:hr>
          </gpxtpx:TrackPointExtension>
        </extensions>
      </trkpt>
      <trkpt lat="31.044231132264407" lon="121.53257229917673">
        <ele>6.093318484723568</ele>
        <time>1970-01-01T00:42:41Z</time>
        <extensions>
          <gpxtpx:TrackPointExtension>
            <gpxtpx:hr>165</gpxtpx:hr>
          </gpxtpx:TrackPointExtension>
        </extensions>
      </trkpt>
      <trkpt lat="31.044242611827805" lon="121.53259818496718">
        <ele>6.080788650549948</ele>
        <time>1970-01-01T00:42:42Z</time>
        <extensions>
          <gpxtpx:TrackPointExtension>
            <gpxtpx:hr>165</gpxtpx:hr>
          </gpxtpx:TrackPointExtension>
        </extensions>
      </trkpt>
      <trkpt lat="31.044256716727652" lon="121.53262340690708">
        <ele>6.069486427120864</ele>
        <time>1970-01-01T00:42:43Z</time>
        <extensions>
          <gpxtpx:TrackPointExtension>
            <gpxtpx:hr>165</gpxtpx:hr>
          </gpxtpx:TrackPointExtension>
        </extensions>
      </trkpt>
      <trkpt lat="31.044273589563456" lon="121.53264762671728">
        <ele>6.060226703993976</ele>
        <time>1970-01-01T00:42:44Z</time>
        <extensions>
          <gpxtpx:TrackPointExtension>
            <gpxtpx:hr>165</gpxtpx:hr>
          </gpxtpx:TrackPointExtension>
        </extensions>
      </trkpt>
      <trkpt lat="31.044292708839663" lon="121.53267029253554">
        <ele>6.053809297271073</ele>
        <time>1970-01-01T00:42:45Z</time>
        <extensions>
          <gpxtpx:TrackPointExtension>
            <gpxtpx:hr>165</gpxtpx:hr>
          </gpxtpx:TrackPointExtension>
        </extensions>
      </trkpt>
      <trkpt lat="31.044313209497066" lon="121.53269044293015">
        <ele>6.050883559510112</ele>
        <time>1970-01-01T00:42:46Z</time>
        <extensions>
          <gpxtpx:TrackPointExtension>
            <gpxtpx:hr>165</gpxtpx:hr>
          </gpxtpx:TrackPointExtension>
        </extensions>
      </trkpt>
      <trkpt lat="31.04433548692625" lon="121.5327073727093">
        <ele>6.05180511251092</ele>
        <time>1970-01-01T00:42:47Z</time>
        <extensions>
          <gpxtpx:TrackPointExtension>
            <gpxtpx:hr>165</gpxtpx:hr>
          </gpxtpx:TrackPointExtension>
        </extensions>
      </trkpt>
      <trkpt lat="31.044359508660403" lon="121.53272179291571">
        <ele>6.05629947502166</ele>
        <time>1970-01-01T00:42:48Z</time>
        <extensions>
          <gpxtpx:TrackPointExtension>
            <gpxtpx:hr>165</gpxtpx:hr>
          </gpxtpx:TrackPointExtension>
        </extensions>
      </trkpt>
      <trkpt lat="31.044384867198467" lon="121.53273469352726">
        <ele>6.063886541873217</ele>
        <time>1970-01-01T00:42:49Z</time>
        <extensions>
          <gpxtpx:TrackPointExtension>
            <gpxtpx:hr>165</gpxtpx:hr>
          </gpxtpx:TrackPointExtension>
        </extensions>
      </trkpt>
      <trkpt lat="31.044411800410273" lon="121.53274579977852">
        <ele>6.073959432542324</ele>
        <time>1970-01-01T00:42:50Z</time>
        <extensions>
          <gpxtpx:TrackPointExtension>
            <gpxtpx:hr>165</gpxtpx:hr>
          </gpxtpx:TrackPointExtension>
        </extensions>
      </trkpt>
      <trkpt lat="31.044439811337387" lon="121.53275345432658">
        <ele>6.085803651250899</ele>
        <time>1970-01-01T00:42:51Z</time>
        <extensions>
          <gpxtpx:TrackPointExtension>
            <gpxtpx:hr>165</gpxtpx:hr>
          </gpxtpx:TrackPointExtension>
        </extensions>
      </trkpt>
      <trkpt lat="31.044468393392403" lon="121.53275512955643">
        <ele>6.0986231826245785</ele>
        <time>1970-01-01T00:42:52Z</time>
        <extensions>
          <gpxtpx:TrackPointExtension>
            <gpxtpx:hr>165</gpxtpx:hr>
          </gpxtpx:TrackPointExtension>
        </extensions>
      </trkpt>
      <trkpt lat="31.04449695923654" lon="121.53274992482824">
        <ele>6.111546801403165</ele>
        <time>1970-01-01T00:42:53Z</time>
        <extensions>
          <gpxtpx:TrackPointExtension>
            <gpxtpx:hr>165</gpxtpx:hr>
          </gpxtpx:TrackPointExtension>
        </extensions>
      </trkpt>
      <trkpt lat="31.04452464452465" lon="121.53273882541836">
        <ele>6.12381817959249</ele>
        <time>1970-01-01T00:42:54Z</time>
        <extensions>
          <gpxtpx:TrackPointExtension>
            <gpxtpx:hr>165</gpxtpx:hr>
          </gpxtpx:TrackPointExtension>
        </extensions>
      </trkpt>
      <trkpt lat="31.044550504569333" lon="121.53272336528202">
        <ele>6.134943533688784</ele>
        <time>1970-01-01T00:42:55Z</time>
        <extensions>
          <gpxtpx:TrackPointExtension>
            <gpxtpx:hr>165</gpxtpx:hr>
          </gpxtpx:TrackPointExtension>
        </extensions>
      </trkpt>
      <trkpt lat="31.044574932674944" lon="121.53270532249886">
        <ele>6.144685666076839</ele>
        <time>1970-01-01T00:42:56Z</time>
        <extensions>
          <gpxtpx:TrackPointExtension>
            <gpxtpx:hr>165</gpxtpx:hr>
          </gpxtpx:TrackPointExtension>
        </extensions>
      </trkpt>
      <trkpt lat="31.044598744262796" lon="121.53268550662624">
        <ele>6.152911350131035</ele>
        <time>1970-01-01T00:42:57Z</time>
        <extensions>
          <gpxtpx:TrackPointExtension>
            <gpxtpx:hr>165</gpxtpx:hr>
          </gpxtpx:TrackPointExtension>
        </extensions>
      </trkpt>
      <trkpt lat="31.044622510573934" lon="121.53266505236593">
        <ele>6.159870954230428</ele>
        <time>1970-01-01T00:42:58Z</time>
        <extensions>
          <gpxtpx:TrackPointExtension>
            <gpxtpx:hr>165</gpxtpx:hr>
          </gpxtpx:TrackPointExtension>
        </extensions>
      </trkpt>
      <trkpt lat="31.044646880103407" lon="121.53264469236038">
        <ele>6.165990713983774</ele>
        <time>1970-01-01T00:42:59Z</time>
        <extensions>
          <gpxtpx:TrackPointExtension>
            <gpxtpx:hr>165</gpxtpx:hr>
          </gpxtpx:TrackPointExtension>
        </extensions>
      </trkpt>
      <trkpt lat="31.044671673252925" lon="121.53262502426547">
        <ele>6.1717631705105305</ele>
        <time>1970-01-01T00:43:00Z</time>
        <extensions>
          <gpxtpx:TrackPointExtension>
            <gpxtpx:hr>165</gpxtpx:hr>
          </gpxtpx:TrackPointExtension>
        </extensions>
      </trkpt>
      <trkpt lat="31.044696476019837" lon="121.53260765902517">
        <ele>6.17765096295625</ele>
        <time>1970-01-01T00:43:01Z</time>
        <extensions>
          <gpxtpx:TrackPointExtension>
            <gpxtpx:hr>164</gpxtpx:hr>
          </gpxtpx:TrackPointExtension>
        </extensions>
      </trkpt>
      <trkpt lat="31.044721308004917" lon="121.53259293655066">
        <ele>6.184155532158911</ele>
        <time>1970-01-01T00:43:02Z</time>
        <extensions>
          <gpxtpx:TrackPointExtension>
            <gpxtpx:hr>164</gpxtpx:hr>
          </gpxtpx:TrackPointExtension>
        </extensions>
      </trkpt>
      <trkpt lat="31.04474643663246" lon="121.53258002053552">
        <ele>6.191419081762433</ele>
        <time>1970-01-01T00:43:03Z</time>
        <extensions>
          <gpxtpx:TrackPointExtension>
            <gpxtpx:hr>164</gpxtpx:hr>
          </gpxtpx:TrackPointExtension>
        </extensions>
      </trkpt>
      <trkpt lat="31.044771831334767" lon="121.53256874943412">
        <ele>6.199500480666757</ele>
        <time>1970-01-01T00:43:04Z</time>
        <extensions>
          <gpxtpx:TrackPointExtension>
            <gpxtpx:hr>164</gpxtpx:hr>
          </gpxtpx:TrackPointExtension>
        </extensions>
      </trkpt>
      <trkpt lat="31.04479759014327" lon="121.53255912203835">
        <ele>6.208446737378836</ele>
        <time>1970-01-01T00:43:05Z</time>
        <extensions>
          <gpxtpx:TrackPointExtension>
            <gpxtpx:hr>164</gpxtpx:hr>
          </gpxtpx:TrackPointExtension>
        </extensions>
      </trkpt>
      <trkpt lat="31.044823951194005" lon="121.53255022183696">
        <ele>6.218336982652545</ele>
        <time>1970-01-01T00:43:06Z</time>
        <extensions>
          <gpxtpx:TrackPointExtension>
            <gpxtpx:hr>164</gpxtpx:hr>
          </gpxtpx:TrackPointExtension>
        </extensions>
      </trkpt>
      <trkpt lat="31.044850440340827" lon="121.53254089056188">
        <ele>6.229077396914363</ele>
        <time>1970-01-01T00:43:07Z</time>
        <extensions>
          <gpxtpx:TrackPointExtension>
            <gpxtpx:hr>164</gpxtpx:hr>
          </gpxtpx:TrackPointExtension>
        </extensions>
      </trkpt>
      <trkpt lat="31.04487699407981" lon="121.53252986028257">
        <ele>6.240482666529715</ele>
        <time>1970-01-01T00:43:08Z</time>
        <extensions>
          <gpxtpx:TrackPointExtension>
            <gpxtpx:hr>164</gpxtpx:hr>
          </gpxtpx:TrackPointExtension>
        </extensions>
      </trkpt>
      <trkpt lat="31.04490335023895" lon="121.53251663667048">
        <ele>6.252268438227475</ele>
        <time>1970-01-01T00:43:09Z</time>
        <extensions>
          <gpxtpx:TrackPointExtension>
            <gpxtpx:hr>164</gpxtpx:hr>
          </gpxtpx:TrackPointExtension>
        </extensions>
      </trkpt>
      <trkpt lat="31.044929123589984" lon="121.53250179314145">
        <ele>6.264231512323022</ele>
        <time>1970-01-01T00:43:10Z</time>
        <extensions>
          <gpxtpx:TrackPointExtension>
            <gpxtpx:hr>164</gpxtpx:hr>
          </gpxtpx:TrackPointExtension>
        </extensions>
      </trkpt>
      <trkpt lat="31.04495477233933" lon="121.53248585707189">
        <ele>6.276803543791175</ele>
        <time>1970-01-01T00:43:11Z</time>
        <extensions>
          <gpxtpx:TrackPointExtension>
            <gpxtpx:hr>164</gpxtpx:hr>
          </gpxtpx:TrackPointExtension>
        </extensions>
      </trkpt>
      <trkpt lat="31.044980691249886" lon="121.53246922001652">
        <ele>6.290473158471286</ele>
        <time>1970-01-01T00:43:12Z</time>
        <extensions>
          <gpxtpx:TrackPointExtension>
            <gpxtpx:hr>164</gpxtpx:hr>
          </gpxtpx:TrackPointExtension>
        </extensions>
      </trkpt>
      <trkpt lat="31.045006633026794" lon="121.53245246484794">
        <ele>6.305541004985571</ele>
        <time>1970-01-01T00:43:13Z</time>
        <extensions>
          <gpxtpx:TrackPointExtension>
            <gpxtpx:hr>164</gpxtpx:hr>
          </gpxtpx:TrackPointExtension>
        </extensions>
      </trkpt>
      <trkpt lat="31.045032635021105" lon="121.53243559168443">
        <ele>6.3222903199493885</ele>
        <time>1970-01-01T00:43:14Z</time>
        <extensions>
          <gpxtpx:TrackPointExtension>
            <gpxtpx:hr>164</gpxtpx:hr>
          </gpxtpx:TrackPointExtension>
        </extensions>
      </trkpt>
      <trkpt lat="31.045058135037394" lon="121.5324183312405">
        <ele>6.341038513928652</ele>
        <time>1970-01-01T00:43:15Z</time>
        <extensions>
          <gpxtpx:TrackPointExtension>
            <gpxtpx:hr>164</gpxtpx:hr>
          </gpxtpx:TrackPointExtension>
        </extensions>
      </trkpt>
      <trkpt lat="31.045081377229035" lon="121.53239931796836">
        <ele>6.361172346398234</ele>
        <time>1970-01-01T00:43:16Z</time>
        <extensions>
          <gpxtpx:TrackPointExtension>
            <gpxtpx:hr>165</gpxtpx:hr>
          </gpxtpx:TrackPointExtension>
        </extensions>
      </trkpt>
      <trkpt lat="31.045100924647265" lon="121.53237684425797">
        <ele>6.382079900242388</ele>
        <time>1970-01-01T00:43:17Z</time>
        <extensions>
          <gpxtpx:TrackPointExtension>
            <gpxtpx:hr>165</gpxtpx:hr>
          </gpxtpx:TrackPointExtension>
        </extensions>
      </trkpt>
      <trkpt lat="31.045116822998555" lon="121.53235066924553">
        <ele>6.403124761767685</ele>
        <time>1970-01-01T00:43:18Z</time>
        <extensions>
          <gpxtpx:TrackPointExtension>
            <gpxtpx:hr>165</gpxtpx:hr>
          </gpxtpx:TrackPointExtension>
        </extensions>
      </trkpt>
      <trkpt lat="31.045130034545476" lon="121.53232109271414">
        <ele>6.423585847020149</ele>
        <time>1970-01-01T00:43:19Z</time>
        <extensions>
          <gpxtpx:TrackPointExtension>
            <gpxtpx:hr>165</gpxtpx:hr>
          </gpxtpx:TrackPointExtension>
        </extensions>
      </trkpt>
      <trkpt lat="31.045140664256206" lon="121.53228951935857">
        <ele>6.442544021643698</ele>
        <time>1970-01-01T00:43:20Z</time>
        <extensions>
          <gpxtpx:TrackPointExtension>
            <gpxtpx:hr>165</gpxtpx:hr>
          </gpxtpx:TrackPointExtension>
        </extensions>
      </trkpt>
      <trkpt lat="31.045147810687485" lon="121.53225751606372">
        <ele>6.4595323307439685</ele>
        <time>1970-01-01T00:43:21Z</time>
        <extensions>
          <gpxtpx:TrackPointExtension>
            <gpxtpx:hr>164</gpxtpx:hr>
          </gpxtpx:TrackPointExtension>
        </extensions>
      </trkpt>
      <trkpt lat="31.045151201412057" lon="121.53222506343872">
        <ele>6.473897966556251</ele>
        <time>1970-01-01T00:43:22Z</time>
        <extensions>
          <gpxtpx:TrackPointExtension>
            <gpxtpx:hr>164</gpxtpx:hr>
          </gpxtpx:TrackPointExtension>
        </extensions>
      </trkpt>
      <trkpt lat="31.045151179174812" lon="121.53219243380791">
        <ele>6.484942286275327</ele>
        <time>1970-01-01T00:43:23Z</time>
        <extensions>
          <gpxtpx:TrackPointExtension>
            <gpxtpx:hr>164</gpxtpx:hr>
          </gpxtpx:TrackPointExtension>
        </extensions>
      </trkpt>
      <trkpt lat="31.045146991626343" lon="121.53216013651975">
        <ele>6.492095717228949</ele>
        <time>1970-01-01T00:43:24Z</time>
        <extensions>
          <gpxtpx:TrackPointExtension>
            <gpxtpx:hr>164</gpxtpx:hr>
          </gpxtpx:TrackPointExtension>
        </extensions>
      </trkpt>
      <trkpt lat="31.045138069154888" lon="121.53212817977908">
        <ele>6.495113502256572</ele>
        <time>1970-01-01T00:43:25Z</time>
        <extensions>
          <gpxtpx:TrackPointExtension>
            <gpxtpx:hr>164</gpxtpx:hr>
          </gpxtpx:TrackPointExtension>
        </extensions>
      </trkpt>
      <trkpt lat="31.04512546625617" lon="121.53209718165418">
        <ele>6.494118711911142</ele>
        <time>1970-01-01T00:43:26Z</time>
        <extensions>
          <gpxtpx:TrackPointExtension>
            <gpxtpx:hr>164</gpxtpx:hr>
          </gpxtpx:TrackPointExtension>
        </extensions>
      </trkpt>
      <trkpt lat="31.045110067892058" lon="121.53206724045202">
        <ele>6.489645655266941</ele>
        <time>1970-01-01T00:43:27Z</time>
        <extensions>
          <gpxtpx:TrackPointExtension>
            <gpxtpx:hr>165</gpxtpx:hr>
          </gpxtpx:TrackPointExtension>
        </extensions>
      </trkpt>
      <trkpt lat="31.04509243873775" lon="121.53203837209739">
        <ele>6.482461738400161</ele>
        <time>1970-01-01T00:43:28Z</time>
        <extensions>
          <gpxtpx:TrackPointExtension>
            <gpxtpx:hr>165</gpxtpx:hr>
          </gpxtpx:TrackPointExtension>
        </extensions>
      </trkpt>
      <trkpt lat="31.045073116213104" lon="121.53201125175241">
        <ele>6.47333862259984</ele>
        <time>1970-01-01T00:43:29Z</time>
        <extensions>
          <gpxtpx:TrackPointExtension>
            <gpxtpx:hr>165</gpxtpx:hr>
          </gpxtpx:TrackPointExtension>
        </extensions>
      </trkpt>
      <trkpt lat="31.045051546481197" lon="121.53198575895806">
        <ele>6.463019771501422</ele>
        <time>1970-01-01T00:43:30Z</time>
        <extensions>
          <gpxtpx:TrackPointExtension>
            <gpxtpx:hr>165</gpxtpx:hr>
          </gpxtpx:TrackPointExtension>
        </extensions>
      </trkpt>
      <trkpt lat="31.04502830713222" lon="121.53196168927276">
        <ele>6.451930198818445</ele>
        <time>1970-01-01T00:43:31Z</time>
        <extensions>
          <gpxtpx:TrackPointExtension>
            <gpxtpx:hr>165</gpxtpx:hr>
          </gpxtpx:TrackPointExtension>
        </extensions>
      </trkpt>
      <trkpt lat="31.045004323035084" lon="121.53194019943055">
        <ele>6.440226494334638</ele>
        <time>1970-01-01T00:43:32Z</time>
        <extensions>
          <gpxtpx:TrackPointExtension>
            <gpxtpx:hr>165</gpxtpx:hr>
          </gpxtpx:TrackPointExtension>
        </extensions>
      </trkpt>
      <trkpt lat="31.044979628659245" lon="121.53192285700666">
        <ele>6.427840082906187</ele>
        <time>1970-01-01T00:43:33Z</time>
        <extensions>
          <gpxtpx:TrackPointExtension>
            <gpxtpx:hr>165</gpxtpx:hr>
          </gpxtpx:TrackPointExtension>
        </extensions>
      </trkpt>
      <trkpt lat="31.0449541501969" lon="121.53191027119259">
        <ele>6.41451386641711</ele>
        <time>1970-01-01T00:43:34Z</time>
        <extensions>
          <gpxtpx:TrackPointExtension>
            <gpxtpx:hr>165</gpxtpx:hr>
          </gpxtpx:TrackPointExtension>
        </extensions>
      </trkpt>
      <trkpt lat="31.044927416378403" lon="121.53190164532832">
        <ele>6.399902433156967</ele>
        <time>1970-01-01T00:43:35Z</time>
        <extensions>
          <gpxtpx:TrackPointExtension>
            <gpxtpx:hr>165</gpxtpx:hr>
          </gpxtpx:TrackPointExtension>
        </extensions>
      </trkpt>
      <trkpt lat="31.044899985876242" lon="121.53189547303937">
        <ele>6.383906188420951</ele>
        <time>1970-01-01T00:43:36Z</time>
        <extensions>
          <gpxtpx:TrackPointExtension>
            <gpxtpx:hr>165</gpxtpx:hr>
          </gpxtpx:TrackPointExtension>
        </extensions>
      </trkpt>
      <trkpt lat="31.044872575082273" lon="121.53189131947782">
        <ele>6.366534715518355</ele>
        <time>1970-01-01T00:43:37Z</time>
        <extensions>
          <gpxtpx:TrackPointExtension>
            <gpxtpx:hr>165</gpxtpx:hr>
          </gpxtpx:TrackPointExtension>
        </extensions>
      </trkpt>
      <trkpt lat="31.04484496939212" lon="121.53188950670888">
        <ele>6.347802017815411</ele>
        <time>1970-01-01T00:43:38Z</time>
        <extensions>
          <gpxtpx:TrackPointExtension>
            <gpxtpx:hr>165</gpxtpx:hr>
          </gpxtpx:TrackPointExtension>
        </extensions>
      </trkpt>
      <trkpt lat="31.04481784796487" lon="121.53188997643619">
        <ele>6.3276210790500045</ele>
        <time>1970-01-01T00:43:39Z</time>
        <extensions>
          <gpxtpx:TrackPointExtension>
            <gpxtpx:hr>165</gpxtpx:hr>
          </gpxtpx:TrackPointExtension>
        </extensions>
      </trkpt>
      <trkpt lat="31.04479089321889" lon="121.53189278950578">
        <ele>6.3060199320316315</ele>
        <time>1970-01-01T00:43:40Z</time>
        <extensions>
          <gpxtpx:TrackPointExtension>
            <gpxtpx:hr>165</gpxtpx:hr>
          </gpxtpx:TrackPointExtension>
        </extensions>
      </trkpt>
      <trkpt lat="31.044764146268307" lon="121.53189882704729">
        <ele>6.283175529912114</ele>
        <time>1970-01-01T00:43:41Z</time>
        <extensions>
          <gpxtpx:TrackPointExtension>
            <gpxtpx:hr>165</gpxtpx:hr>
          </gpxtpx:TrackPointExtension>
        </extensions>
      </trkpt>
      <trkpt lat="31.04473840903575" lon="121.53190877074599">
        <ele>6.259392195381224</ele>
        <time>1970-01-01T00:43:42Z</time>
        <extensions>
          <gpxtpx:TrackPointExtension>
            <gpxtpx:hr>165</gpxtpx:hr>
          </gpxtpx:TrackPointExtension>
        </extensions>
      </trkpt>
      <trkpt lat="31.044713234614775" lon="121.53192230128185">
        <ele>6.235047259368002</ele>
        <time>1970-01-01T00:43:43Z</time>
        <extensions>
          <gpxtpx:TrackPointExtension>
            <gpxtpx:hr>165</gpxtpx:hr>
          </gpxtpx:TrackPointExtension>
        </extensions>
      </trkpt>
      <trkpt lat="31.044689031031716" lon="121.53193751696436">
        <ele>6.2106118788942695</ele>
        <time>1970-01-01T00:43:44Z</time>
        <extensions>
          <gpxtpx:TrackPointExtension>
            <gpxtpx:hr>165</gpxtpx:hr>
          </gpxtpx:TrackPointExtension>
        </extensions>
      </trkpt>
      <trkpt lat="31.044666059931156" lon="121.53195307797597">
        <ele>6.1865324061363935</ele>
        <time>1970-01-01T00:43:45Z</time>
        <extensions>
          <gpxtpx:TrackPointExtension>
            <gpxtpx:hr>165</gpxtpx:hr>
          </gpxtpx:TrackPointExtension>
        </extensions>
      </trkpt>
      <trkpt lat="31.044643599034185" lon="121.53196868876014">
        <ele>6.1632922207936645</ele>
        <time>1970-01-01T00:43:46Z</time>
        <extensions>
          <gpxtpx:TrackPointExtension>
            <gpxtpx:hr>165</gpxtpx:hr>
          </gpxtpx:TrackPointExtension>
        </extensions>
      </trkpt>
      <trkpt lat="31.044621142551982" lon="121.53198380296914">
        <ele>6.141367452219129</ele>
        <time>1970-01-01T00:43:47Z</time>
        <extensions>
          <gpxtpx:TrackPointExtension>
            <gpxtpx:hr>165</gpxtpx:hr>
          </gpxtpx:TrackPointExtension>
        </extensions>
      </trkpt>
      <trkpt lat="31.04459827528807" lon="121.53199900962335">
        <ele>6.121123481541872</ele>
        <time>1970-01-01T00:43:48Z</time>
        <extensions>
          <gpxtpx:TrackPointExtension>
            <gpxtpx:hr>165</gpxtpx:hr>
          </gpxtpx:TrackPointExtension>
        </extensions>
      </trkpt>
      <trkpt lat="31.04457474350999" lon="121.53201468043123">
        <ele>6.103147387504578</ele>
        <time>1970-01-01T00:43:49Z</time>
        <extensions>
          <gpxtpx:TrackPointExtension>
            <gpxtpx:hr>165</gpxtpx:hr>
          </gpxtpx:TrackPointExtension>
        </extensions>
      </trkpt>
      <trkpt lat="31.044550387947744" lon="121.53203103436336">
        <ele>6.087970062159002</ele>
        <time>1970-01-01T00:43:50Z</time>
        <extensions>
          <gpxtpx:TrackPointExtension>
            <gpxtpx:hr>165</gpxtpx:hr>
          </gpxtpx:TrackPointExtension>
        </extensions>
      </trkpt>
      <trkpt lat="31.044524797047465" lon="121.5320482489416">
        <ele>6.076262553222477</ele>
        <time>1970-01-01T00:43:51Z</time>
        <extensions>
          <gpxtpx:TrackPointExtension>
            <gpxtpx:hr>165</gpxtpx:hr>
          </gpxtpx:TrackPointExtension>
        </extensions>
      </trkpt>
      <trkpt lat="31.04449826275316" lon="121.53206573672578">
        <ele>6.06884628161788</ele>
        <time>1970-01-01T00:43:52Z</time>
        <extensions>
          <gpxtpx:TrackPointExtension>
            <gpxtpx:hr>165</gpxtpx:hr>
          </gpxtpx:TrackPointExtension>
        </extensions>
      </trkpt>
      <trkpt lat="31.044471391676524" lon="121.53208345521043">
        <ele>6.066484925337136</ele>
        <time>1970-01-01T00:43:53Z</time>
        <extensions>
          <gpxtpx:TrackPointExtension>
            <gpxtpx:hr>165</gpxtpx:hr>
          </gpxtpx:TrackPointExtension>
        </extensions>
      </trkpt>
      <trkpt lat="31.044445025000577" lon="121.53210104386616">
        <ele>6.069775623269379</ele>
        <time>1970-01-01T00:43:54Z</time>
        <extensions>
          <gpxtpx:TrackPointExtension>
            <gpxtpx:hr>165</gpxtpx:hr>
          </gpxtpx:TrackPointExtension>
        </extensions>
      </trkpt>
      <trkpt lat="31.044419741528305" lon="121.53211841764589">
        <ele>6.079222897998989</ele>
        <time>1970-01-01T00:43:55Z</time>
        <extensions>
          <gpxtpx:TrackPointExtension>
            <gpxtpx:hr>165</gpxtpx:hr>
          </gpxtpx:TrackPointExtension>
        </extensions>
      </trkpt>
      <trkpt lat="31.044395553319454" lon="121.53213559629651">
        <ele>6.095101412385702</ele>
        <time>1970-01-01T00:43:56Z</time>
        <extensions>
          <gpxtpx:TrackPointExtension>
            <gpxtpx:hr>165</gpxtpx:hr>
          </gpxtpx:TrackPointExtension>
        </extensions>
      </trkpt>
      <trkpt lat="31.04437250123136" lon="121.53215392242899">
        <ele>6.117263559252024</ele>
        <time>1970-01-01T00:43:57Z</time>
        <extensions>
          <gpxtpx:TrackPointExtension>
            <gpxtpx:hr>165</gpxtpx:hr>
          </gpxtpx:TrackPointExtension>
        </extensions>
      </trkpt>
      <trkpt lat="31.044350378414872" lon="121.53217511251326">
        <ele>6.145418587140739</ele>
        <time>1970-01-01T00:43:58Z</time>
        <extensions>
          <gpxtpx:TrackPointExtension>
            <gpxtpx:hr>166</gpxtpx:hr>
          </gpxtpx:TrackPointExtension>
        </extensions>
      </trkpt>
      <trkpt lat="31.044328533019012" lon="121.532197996589">
        <ele>6.178722709417343</ele>
        <time>1970-01-01T00:43:59Z</time>
        <extensions>
          <gpxtpx:TrackPointExtension>
            <gpxtpx:hr>166</gpxtpx:hr>
          </gpxtpx:TrackPointExtension>
        </extensions>
      </trkpt>
      <trkpt lat="31.044306691402095" lon="121.5322207595093">
        <ele>6.216038841754198</ele>
        <time>1970-01-01T00:44:00Z</time>
        <extensions>
          <gpxtpx:TrackPointExtension>
            <gpxtpx:hr>166</gpxtpx:hr>
          </gpxtpx:TrackPointExtension>
        </extensions>
      </trkpt>
      <trkpt lat="31.044285652113626" lon="121.5322431717913">
        <ele>6.256119241006672</ele>
        <time>1970-01-01T00:44:01Z</time>
        <extensions>
          <gpxtpx:TrackPointExtension>
            <gpxtpx:hr>166</gpxtpx:hr>
          </gpxtpx:TrackPointExtension>
        </extensions>
      </trkpt>
      <trkpt lat="31.044266246306652" lon="121.53226566655462">
        <ele>6.297806343063712</ele>
        <time>1970-01-01T00:44:02Z</time>
        <extensions>
          <gpxtpx:TrackPointExtension>
            <gpxtpx:hr>166</gpxtpx:hr>
          </gpxtpx:TrackPointExtension>
        </extensions>
      </trkpt>
      <trkpt lat="31.044248224106795" lon="121.53228895643174">
        <ele>6.339838774874806</ele>
        <time>1970-01-01T00:44:03Z</time>
        <extensions>
          <gpxtpx:TrackPointExtension>
            <gpxtpx:hr>165</gpxtpx:hr>
          </gpxtpx:TrackPointExtension>
        </extensions>
      </trkpt>
      <trkpt lat="31.04423151076969" lon="121.53231347975867">
        <ele>6.380684239789844</ele>
        <time>1970-01-01T00:44:04Z</time>
        <extensions>
          <gpxtpx:TrackPointExtension>
            <gpxtpx:hr>165</gpxtpx:hr>
          </gpxtpx:TrackPointExtension>
        </extensions>
      </trkpt>
      <trkpt lat="31.04421692059398" lon="121.5323397243906">
        <ele>6.418784912675619</ele>
        <time>1970-01-01T00:44:05Z</time>
        <extensions>
          <gpxtpx:TrackPointExtension>
            <gpxtpx:hr>165</gpxtpx:hr>
          </gpxtpx:TrackPointExtension>
        </extensions>
      </trkpt>
      <trkpt lat="31.044205010764326" lon="121.53236854744003">
        <ele>6.452770304866135</ele>
        <time>1970-01-01T00:44:06Z</time>
        <extensions>
          <gpxtpx:TrackPointExtension>
            <gpxtpx:hr>165</gpxtpx:hr>
          </gpxtpx:TrackPointExtension>
        </extensions>
      </trkpt>
      <trkpt lat="31.044195629170733" lon="121.53239957062235">
        <ele>6.481446699239314</ele>
        <time>1970-01-01T00:44:07Z</time>
        <extensions>
          <gpxtpx:TrackPointExtension>
            <gpxtpx:hr>165</gpxtpx:hr>
          </gpxtpx:TrackPointExtension>
        </extensions>
      </trkpt>
      <trkpt lat="31.044189166276816" lon="121.53243181380381">
        <ele>6.503928566351533</ele>
        <time>1970-01-01T00:44:08Z</time>
        <extensions>
          <gpxtpx:TrackPointExtension>
            <gpxtpx:hr>165</gpxtpx:hr>
          </gpxtpx:TrackPointExtension>
        </extensions>
      </trkpt>
      <trkpt lat="31.044186455880407" lon="121.53246509852983">
        <ele>6.519736130721867</ele>
        <time>1970-01-01T00:44:09Z</time>
        <extensions>
          <gpxtpx:TrackPointExtension>
            <gpxtpx:hr>165</gpxtpx:hr>
          </gpxtpx:TrackPointExtension>
        </extensions>
      </trkpt>
      <trkpt lat="31.04418824050402" lon="121.53249831561975">
        <ele>6.5287493346259</ele>
        <time>1970-01-01T00:44:10Z</time>
        <extensions>
          <gpxtpx:TrackPointExtension>
            <gpxtpx:hr>165</gpxtpx:hr>
          </gpxtpx:TrackPointExtension>
        </extensions>
      </trkpt>
      <trkpt lat="31.04419480233242" lon="121.53253079644536">
        <ele>6.531070896424353</ele>
        <time>1970-01-01T00:44:11Z</time>
        <extensions>
          <gpxtpx:TrackPointExtension>
            <gpxtpx:hr>165</gpxtpx:hr>
          </gpxtpx:TrackPointExtension>
        </extensions>
      </trkpt>
      <trkpt lat="31.04420517264817" lon="121.53256263164019">
        <ele>6.5273251524195075</ele>
        <time>1970-01-01T00:44:12Z</time>
        <extensions>
          <gpxtpx:TrackPointExtension>
            <gpxtpx:hr>165</gpxtpx:hr>
          </gpxtpx:TrackPointExtension>
        </extensions>
      </trkpt>
      <trkpt lat="31.044218186602002" lon="121.53259293729386">
        <ele>6.518206080421805</ele>
        <time>1970-01-01T00:44:13Z</time>
        <extensions>
          <gpxtpx:TrackPointExtension>
            <gpxtpx:hr>165</gpxtpx:hr>
          </gpxtpx:TrackPointExtension>
        </extensions>
      </trkpt>
      <trkpt lat="31.044234045803034" lon="121.53262189536707">
        <ele>6.504473827779293</ele>
        <time>1970-01-01T00:44:14Z</time>
        <extensions>
          <gpxtpx:TrackPointExtension>
            <gpxtpx:hr>164</gpxtpx:hr>
          </gpxtpx:TrackPointExtension>
        </extensions>
      </trkpt>
      <trkpt lat="31.04425230952499" lon="121.53264997573969">
        <ele>6.486971856094897</ele>
        <time>1970-01-01T00:44:15Z</time>
        <extensions>
          <gpxtpx:TrackPointExtension>
            <gpxtpx:hr>164</gpxtpx:hr>
          </gpxtpx:TrackPointExtension>
        </extensions>
      </trkpt>
      <trkpt lat="31.044271305300843" lon="121.53267600838525">
        <ele>6.4666529865935445</ele>
        <time>1970-01-01T00:44:16Z</time>
        <extensions>
          <gpxtpx:TrackPointExtension>
            <gpxtpx:hr>164</gpxtpx:hr>
          </gpxtpx:TrackPointExtension>
        </extensions>
      </trkpt>
      <trkpt lat="31.044291762326587" lon="121.53269999512577">
        <ele>6.44456454180181</ele>
        <time>1970-01-01T00:44:17Z</time>
        <extensions>
          <gpxtpx:TrackPointExtension>
            <gpxtpx:hr>164</gpxtpx:hr>
          </gpxtpx:TrackPointExtension>
        </extensions>
      </trkpt>
      <trkpt lat="31.044313728741706" lon="121.53272196857021">
        <ele>6.4217556761577725</ele>
        <time>1970-01-01T00:44:18Z</time>
        <extensions>
          <gpxtpx:TrackPointExtension>
            <gpxtpx:hr>164</gpxtpx:hr>
          </gpxtpx:TrackPointExtension>
        </extensions>
      </trkpt>
      <trkpt lat="31.044337041429973" lon="121.53273993240957">
        <ele>6.399243852123618</ele>
        <time>1970-01-01T00:44:19Z</time>
        <extensions>
          <gpxtpx:TrackPointExtension>
            <gpxtpx:hr>164</gpxtpx:hr>
          </gpxtpx:TrackPointExtension>
        </extensions>
      </trkpt>
      <trkpt lat="31.044362429051894" lon="121.53275263178362">
        <ele>6.377975261770189</ele>
        <time>1970-01-01T00:44:20Z</time>
        <extensions>
          <gpxtpx:TrackPointExtension>
            <gpxtpx:hr>164</gpxtpx:hr>
          </gpxtpx:TrackPointExtension>
        </extensions>
      </trkpt>
      <trkpt lat="31.044389511394222" lon="121.53276112714693">
        <ele>6.358715092763305</ele>
        <time>1970-01-01T00:44:21Z</time>
        <extensions>
          <gpxtpx:TrackPointExtension>
            <gpxtpx:hr>164</gpxtpx:hr>
          </gpxtpx:TrackPointExtension>
        </extensions>
      </trkpt>
      <trkpt lat="31.04441778506597" lon="121.53276718123796">
        <ele>6.34199830237776</ele>
        <time>1970-01-01T00:44:22Z</time>
        <extensions>
          <gpxtpx:TrackPointExtension>
            <gpxtpx:hr>164</gpxtpx:hr>
          </gpxtpx:TrackPointExtension>
        </extensions>
      </trkpt>
      <trkpt lat="31.044446644190547" lon="121.53277168385688">
        <ele>6.328138766810298</ele>
        <time>1970-01-01T00:44:23Z</time>
        <extensions>
          <gpxtpx:TrackPointExtension>
            <gpxtpx:hr>164</gpxtpx:hr>
          </gpxtpx:TrackPointExtension>
        </extensions>
      </trkpt>
      <trkpt lat="31.0444748522432" lon="121.53277399549465">
        <ele>6.317352085374296</ele>
        <time>1970-01-01T00:44:24Z</time>
        <extensions>
          <gpxtpx:TrackPointExtension>
            <gpxtpx:hr>164</gpxtpx:hr>
          </gpxtpx:TrackPointExtension>
        </extensions>
      </trkpt>
      <trkpt lat="31.044503159745062" lon="121.53277243031808">
        <ele>6.309956734068692</ele>
        <time>1970-01-01T00:44:25Z</time>
        <extensions>
          <gpxtpx:TrackPointExtension>
            <gpxtpx:hr>164</gpxtpx:hr>
          </gpxtpx:TrackPointExtension>
        </extensions>
      </trkpt>
      <trkpt lat="31.044533074534115" lon="121.532766183073">
        <ele>6.306173673830926</ele>
        <time>1970-01-01T00:44:26Z</time>
        <extensions>
          <gpxtpx:TrackPointExtension>
            <gpxtpx:hr>164</gpxtpx:hr>
          </gpxtpx:TrackPointExtension>
        </extensions>
      </trkpt>
      <trkpt lat="31.044563074391768" lon="121.53275554123316">
        <ele>6.305982448160648</ele>
        <time>1970-01-01T00:44:27Z</time>
        <extensions>
          <gpxtpx:TrackPointExtension>
            <gpxtpx:hr>164</gpxtpx:hr>
          </gpxtpx:TrackPointExtension>
        </extensions>
      </trkpt>
      <trkpt lat="31.04459139247433" lon="121.53274102405459">
        <ele>6.3092494988814</ele>
        <time>1970-01-01T00:44:28Z</time>
        <extensions>
          <gpxtpx:TrackPointExtension>
            <gpxtpx:hr>164</gpxtpx:hr>
          </gpxtpx:TrackPointExtension>
        </extensions>
      </trkpt>
      <trkpt lat="31.04461806008374" lon="121.53272413796365">
        <ele>6.315762573853135</ele>
        <time>1970-01-01T00:44:29Z</time>
        <extensions>
          <gpxtpx:TrackPointExtension>
            <gpxtpx:hr>164</gpxtpx:hr>
          </gpxtpx:TrackPointExtension>
        </extensions>
      </trkpt>
      <trkpt lat="31.04464272036058" lon="121.53270752986725">
        <ele>6.325057493522763</ele>
        <time>1970-01-01T00:44:30Z</time>
        <extensions>
          <gpxtpx:TrackPointExtension>
            <gpxtpx:hr>164</gpxtpx:hr>
          </gpxtpx:TrackPointExtension>
        </extensions>
      </trkpt>
      <trkpt lat="31.044666151889228" lon="121.5326915349387">
        <ele>6.336644692346454</ele>
        <time>1970-01-01T00:44:31Z</time>
        <extensions>
          <gpxtpx:TrackPointExtension>
            <gpxtpx:hr>164</gpxtpx:hr>
          </gpxtpx:TrackPointExtension>
        </extensions>
      </trkpt>
      <trkpt lat="31.04468908414846" lon="121.53267519737604">
        <ele>6.349993024021387</ele>
        <time>1970-01-01T00:44:32Z</time>
        <extensions>
          <gpxtpx:TrackPointExtension>
            <gpxtpx:hr>164</gpxtpx:hr>
          </gpxtpx:TrackPointExtension>
        </extensions>
      </trkpt>
      <trkpt lat="31.044711225227484" lon="121.5326587346947">
        <ele>6.36453515663743</ele>
        <time>1970-01-01T00:44:33Z</time>
        <extensions>
          <gpxtpx:TrackPointExtension>
            <gpxtpx:hr>164</gpxtpx:hr>
          </gpxtpx:TrackPointExtension>
        </extensions>
      </trkpt>
      <trkpt lat="31.044733906384323" lon="121.53264266002047">
        <ele>6.3796687768772244</ele>
        <time>1970-01-01T00:44:34Z</time>
        <extensions>
          <gpxtpx:TrackPointExtension>
            <gpxtpx:hr>164</gpxtpx:hr>
          </gpxtpx:TrackPointExtension>
        </extensions>
      </trkpt>
      <trkpt lat="31.044757904264248" lon="121.53262738784376">
        <ele>6.394776630215347</ele>
        <time>1970-01-01T00:44:35Z</time>
        <extensions>
          <gpxtpx:TrackPointExtension>
            <gpxtpx:hr>164</gpxtpx:hr>
          </gpxtpx:TrackPointExtension>
        </extensions>
      </trkpt>
      <trkpt lat="31.04478283281029" lon="121.53261237936928">
        <ele>6.409217615611851</ele>
        <time>1970-01-01T00:44:36Z</time>
        <extensions>
          <gpxtpx:TrackPointExtension>
            <gpxtpx:hr>163</gpxtpx:hr>
          </gpxtpx:TrackPointExtension>
        </extensions>
      </trkpt>
      <trkpt lat="31.044807600295016" lon="121.53259739633593">
        <ele>6.422369132749736</ele>
        <time>1970-01-01T00:44:37Z</time>
        <extensions>
          <gpxtpx:TrackPointExtension>
            <gpxtpx:hr>163</gpxtpx:hr>
          </gpxtpx:TrackPointExtension>
        </extensions>
      </trkpt>
      <trkpt lat="31.0448309490386" lon="121.53258199608092">
        <ele>6.433694277890027</ele>
        <time>1970-01-01T00:44:38Z</time>
        <extensions>
          <gpxtpx:TrackPointExtension>
            <gpxtpx:hr>163</gpxtpx:hr>
          </gpxtpx:TrackPointExtension>
        </extensions>
      </trkpt>
      <trkpt lat="31.044852693940424" lon="121.53256561029849">
        <ele>6.44279739074409</ele>
        <time>1970-01-01T00:44:39Z</time>
        <extensions>
          <gpxtpx:TrackPointExtension>
            <gpxtpx:hr>163</gpxtpx:hr>
          </gpxtpx:TrackPointExtension>
        </extensions>
      </trkpt>
      <trkpt lat="31.044872776014085" lon="121.53254974243166">
        <ele>6.4494468523189425</ele>
        <time>1970-01-01T00:44:40Z</time>
        <extensions>
          <gpxtpx:TrackPointExtension>
            <gpxtpx:hr>163</gpxtpx:hr>
          </gpxtpx:TrackPointExtension>
        </extensions>
      </trkpt>
      <trkpt lat="31.044892128768524" lon="121.53253429780526">
        <ele>6.453568050637841</ele>
        <time>1970-01-01T00:44:41Z</time>
        <extensions>
          <gpxtpx:TrackPointExtension>
            <gpxtpx:hr>163</gpxtpx:hr>
          </gpxtpx:TrackPointExtension>
        </extensions>
      </trkpt>
      <trkpt lat="31.044912689590294" lon="121.53251775366408">
        <ele>6.455260704271495</ele>
        <time>1970-01-01T00:44:42Z</time>
        <extensions>
          <gpxtpx:TrackPointExtension>
            <gpxtpx:hr>163</gpxtpx:hr>
          </gpxtpx:TrackPointExtension>
        </extensions>
      </trkpt>
      <trkpt lat="31.044934643035763" lon="121.53250075225328">
        <ele>6.4549997840076685</ele>
        <time>1970-01-01T00:44:43Z</time>
        <extensions>
          <gpxtpx:TrackPointExtension>
            <gpxtpx:hr>163</gpxtpx:hr>
          </gpxtpx:TrackPointExtension>
        </extensions>
      </trkpt>
      <trkpt lat="31.044957989413625" lon="121.5324838656344">
        <ele>6.453300311230123</ele>
        <time>1970-01-01T00:44:44Z</time>
        <extensions>
          <gpxtpx:TrackPointExtension>
            <gpxtpx:hr>163</gpxtpx:hr>
          </gpxtpx:TrackPointExtension>
        </extensions>
      </trkpt>
      <trkpt lat="31.044982844926874" lon="121.53246710232058">
        <ele>6.45091288164258</ele>
        <time>1970-01-01T00:44:45Z</time>
        <extensions>
          <gpxtpx:TrackPointExtension>
            <gpxtpx:hr>163</gpxtpx:hr>
          </gpxtpx:TrackPointExtension>
        </extensions>
      </trkpt>
      <trkpt lat="31.045008433747643" lon="121.53245082521377">
        <ele>6.4487271616235375</ele>
        <time>1970-01-01T00:44:46Z</time>
        <extensions>
          <gpxtpx:TrackPointExtension>
            <gpxtpx:hr>163</gpxtpx:hr>
          </gpxtpx:TrackPointExtension>
        </extensions>
      </trkpt>
      <trkpt lat="31.04503338607607" lon="121.53243461915645">
        <ele>6.447617046535015</ele>
        <time>1970-01-01T00:44:47Z</time>
        <extensions>
          <gpxtpx:TrackPointExtension>
            <gpxtpx:hr>163</gpxtpx:hr>
          </gpxtpx:TrackPointExtension>
        </extensions>
      </trkpt>
      <trkpt lat="31.045055727375782" lon="121.53241786602212">
        <ele>6.448021193034947</ele>
        <time>1970-01-01T00:44:48Z</time>
        <extensions>
          <gpxtpx:TrackPointExtension>
            <gpxtpx:hr>163</gpxtpx:hr>
          </gpxtpx:TrackPointExtension>
        </extensions>
      </trkpt>
      <trkpt lat="31.045074422961434" lon="121.53239963157014">
        <ele>6.4503906192258</ele>
        <time>1970-01-01T00:44:49Z</time>
        <extensions>
          <gpxtpx:TrackPointExtension>
            <gpxtpx:hr>163</gpxtpx:hr>
          </gpxtpx:TrackPointExtension>
        </extensions>
      </trkpt>
      <trkpt lat="31.045090400479722" lon="121.53237884968263">
        <ele>6.454813445918262</ele>
        <time>1970-01-01T00:44:50Z</time>
        <extensions>
          <gpxtpx:TrackPointExtension>
            <gpxtpx:hr>163</gpxtpx:hr>
          </gpxtpx:TrackPointExtension>
        </extensions>
      </trkpt>
      <trkpt lat="31.045105329663315" lon="121.53235471561295">
        <ele>6.460995148867369</ele>
        <time>1970-01-01T00:44:51Z</time>
        <extensions>
          <gpxtpx:TrackPointExtension>
            <gpxtpx:hr>163</gpxtpx:hr>
          </gpxtpx:TrackPointExtension>
        </extensions>
      </trkpt>
      <trkpt lat="31.045118649524593" lon="121.53232783984546">
        <ele>6.4685297859832644</ele>
        <time>1970-01-01T00:44:52Z</time>
        <extensions>
          <gpxtpx:TrackPointExtension>
            <gpxtpx:hr>163</gpxtpx:hr>
          </gpxtpx:TrackPointExtension>
        </extensions>
      </trkpt>
      <trkpt lat="31.04512775043026" lon="121.53230284252815">
        <ele>6.477066886611283</ele>
        <time>1970-01-01T00:44:53Z</time>
        <extensions>
          <gpxtpx:TrackPointExtension>
            <gpxtpx:hr>163</gpxtpx:hr>
          </gpxtpx:TrackPointExtension>
        </extensions>
      </trkpt>
      <trkpt lat="31.04513206009701" lon="121.53228004988298">
        <ele>6.486055579967797</ele>
        <time>1970-01-01T00:44:54Z</time>
        <extensions>
          <gpxtpx:TrackPointExtension>
            <gpxtpx:hr>163</gpxtpx:hr>
          </gpxtpx:TrackPointExtension>
        </extensions>
      </trkpt>
      <trkpt lat="31.04513362090284" lon="121.53225802143429">
        <ele>6.494873533025384</ele>
        <time>1970-01-01T00:44:55Z</time>
        <extensions>
          <gpxtpx:TrackPointExtension>
            <gpxtpx:hr>163</gpxtpx:hr>
          </gpxtpx:TrackPointExtension>
        </extensions>
      </trkpt>
      <trkpt lat="31.045133766304232" lon="121.53223704994465">
        <ele>6.502928661182523</ele>
        <time>1970-01-01T00:44:56Z</time>
        <extensions>
          <gpxtpx:TrackPointExtension>
            <gpxtpx:hr>163</gpxtpx:hr>
          </gpxtpx:TrackPointExtension>
        </extensions>
      </trkpt>
      <trkpt lat="31.04513165316732" lon="121.53221475274053">
        <ele>6.509621141478419</ele>
        <time>1970-01-01T00:44:56Z</time>
        <extensions>
          <gpxtpx:TrackPointExtension>
            <gpxtpx:hr>163</gpxtpx:hr>
          </gpxtpx:TrackPointExtension>
        </extensions>
      </trkpt>
      <trkpt lat="31.0451275168524" lon="121.53219150622999">
        <ele>6.5143421944230795</ele>
        <time>1970-01-01T00:44:57Z</time>
        <extensions>
          <gpxtpx:TrackPointExtension>
            <gpxtpx:hr>163</gpxtpx:hr>
          </gpxtpx:TrackPointExtension>
        </extensions>
      </trkpt>
      <trkpt lat="31.045122297759615" lon="121.5321687913992">
        <ele>6.516755837015808</ele>
        <time>1970-01-01T00:44:58Z</time>
        <extensions>
          <gpxtpx:TrackPointExtension>
            <gpxtpx:hr>163</gpxtpx:hr>
          </gpxtpx:TrackPointExtension>
        </extensions>
      </trkpt>
      <trkpt lat="31.045115725236712" lon="121.53214601996528">
        <ele>6.516683574765921</ele>
        <time>1970-01-01T00:44:59Z</time>
        <extensions>
          <gpxtpx:TrackPointExtension>
            <gpxtpx:hr>163</gpxtpx:hr>
          </gpxtpx:TrackPointExtension>
        </extensions>
      </trkpt>
      <trkpt lat="31.045105928939385" lon="121.53211937602073">
        <ele>6.514031837694347</ele>
        <time>1970-01-01T00:45:00Z</time>
        <extensions>
          <gpxtpx:TrackPointExtension>
            <gpxtpx:hr>163</gpxtpx:hr>
          </gpxtpx:TrackPointExtension>
        </extensions>
      </trkpt>
      <trkpt lat="31.04509142486326" lon="121.53208771090289">
        <ele>6.508944543078542</ele>
        <time>1970-01-01T00:45:01Z</time>
        <extensions>
          <gpxtpx:TrackPointExtension>
            <gpxtpx:hr>163</gpxtpx:hr>
          </gpxtpx:TrackPointExtension>
        </extensions>
      </trkpt>
      <trkpt lat="31.045073201961188" lon="121.5320559726388">
        <ele>6.5019116858020425</ele>
        <time>1970-01-01T00:45:02Z</time>
        <extensions>
          <gpxtpx:TrackPointExtension>
            <gpxtpx:hr>163</gpxtpx:hr>
          </gpxtpx:TrackPointExtension>
        </extensions>
      </trkpt>
      <trkpt lat="31.04505276380503" lon="121.53202782273905">
        <ele>6.493494920432568</ele>
        <time>1970-01-01T00:45:03Z</time>
        <extensions>
          <gpxtpx:TrackPointExtension>
            <gpxtpx:hr>163</gpxtpx:hr>
          </gpxtpx:TrackPointExtension>
        </extensions>
      </trkpt>
      <trkpt lat="31.045030536678137" lon="121.53200333922061">
        <ele>6.484135054983199</ele>
        <time>1970-01-01T00:45:04Z</time>
        <extensions>
          <gpxtpx:TrackPointExtension>
            <gpxtpx:hr>163</gpxtpx:hr>
          </gpxtpx:TrackPointExtension>
        </extensions>
      </trkpt>
      <trkpt lat="31.045007183013293" lon="121.53198189228107">
        <ele>6.47394501324743</ele>
        <time>1970-01-01T00:45:05Z</time>
        <extensions>
          <gpxtpx:TrackPointExtension>
            <gpxtpx:hr>163</gpxtpx:hr>
          </gpxtpx:TrackPointExtension>
        </extensions>
      </trkpt>
      <trkpt lat="31.04498273052465" lon="121.53196284774849">
        <ele>6.462954365648329</ele>
        <time>1970-01-01T00:45:06Z</time>
        <extensions>
          <gpxtpx:TrackPointExtension>
            <gpxtpx:hr>163</gpxtpx:hr>
          </gpxtpx:TrackPointExtension>
        </extensions>
      </trkpt>
      <trkpt lat="31.044957607861754" lon="121.53194604865008">
        <ele>6.451000881381333</ele>
        <time>1970-01-01T00:45:07Z</time>
        <extensions>
          <gpxtpx:TrackPointExtension>
            <gpxtpx:hr>163</gpxtpx:hr>
          </gpxtpx:TrackPointExtension>
        </extensions>
      </trkpt>
      <trkpt lat="31.04493209808031" lon="121.53193166833681">
        <ele>6.4378268932923675</ele>
        <time>1970-01-01T00:45:08Z</time>
        <extensions>
          <gpxtpx:TrackPointExtension>
            <gpxtpx:hr>163</gpxtpx:hr>
          </gpxtpx:TrackPointExtension>
        </extensions>
      </trkpt>
      <trkpt lat="31.044906144822797" lon="121.53192047230888">
        <ele>6.423227115534246</ele>
        <time>1970-01-01T00:45:09Z</time>
        <extensions>
          <gpxtpx:TrackPointExtension>
            <gpxtpx:hr>163</gpxtpx:hr>
          </gpxtpx:TrackPointExtension>
        </extensions>
      </trkpt>
      <trkpt lat="31.044879932217" lon="121.53191350652234">
        <ele>6.407508668489754</ele>
        <time>1970-01-01T00:45:10Z</time>
        <extensions>
          <gpxtpx:TrackPointExtension>
            <gpxtpx:hr>163</gpxtpx:hr>
          </gpxtpx:TrackPointExtension>
        </extensions>
      </trkpt>
      <trkpt lat="31.04485334198166" lon="121.53191162216366">
        <ele>6.390970749780536</ele>
        <time>1970-01-01T00:45:11Z</time>
        <extensions>
          <gpxtpx:TrackPointExtension>
            <gpxtpx:hr>163</gpxtpx:hr>
          </gpxtpx:TrackPointExtension>
        </extensions>
      </trkpt>
      <trkpt lat="31.044827023684856" lon="121.53191475237905">
        <ele>6.3743382897228</ele>
        <time>1970-01-01T00:45:12Z</time>
        <extensions>
          <gpxtpx:TrackPointExtension>
            <gpxtpx:hr>163</gpxtpx:hr>
          </gpxtpx:TrackPointExtension>
        </extensions>
      </trkpt>
      <trkpt lat="31.04480211038507" lon="121.53192212007396">
        <ele>6.358633816242218</ele>
        <time>1970-01-01T00:45:13Z</time>
        <extensions>
          <gpxtpx:TrackPointExtension>
            <gpxtpx:hr>163</gpxtpx:hr>
          </gpxtpx:TrackPointExtension>
        </extensions>
      </trkpt>
      <trkpt lat="31.0447785742179" lon="121.53193259624224">
        <ele>6.344867695122957</ele>
        <time>1970-01-01T00:45:14Z</time>
        <extensions>
          <gpxtpx:TrackPointExtension>
            <gpxtpx:hr>163</gpxtpx:hr>
          </gpxtpx:TrackPointExtension>
        </extensions>
      </trkpt>
      <trkpt lat="31.04475546068501" lon="121.53194456584735">
        <ele>6.333705288358033</ele>
        <time>1970-01-01T00:45:15Z</time>
        <extensions>
          <gpxtpx:TrackPointExtension>
            <gpxtpx:hr>163</gpxtpx:hr>
          </gpxtpx:TrackPointExtension>
        </extensions>
      </trkpt>
      <trkpt lat="31.04473179045406" lon="121.53195694651534">
        <ele>6.325919447466731</ele>
        <time>1970-01-01T00:45:16Z</time>
        <extensions>
          <gpxtpx:TrackPointExtension>
            <gpxtpx:hr>163</gpxtpx:hr>
          </gpxtpx:TrackPointExtension>
        </extensions>
      </trkpt>
      <trkpt lat="31.04470785689136" lon="121.53196876272986">
        <ele>6.321688019670546</ele>
        <time>1970-01-01T00:45:17Z</time>
        <extensions>
          <gpxtpx:TrackPointExtension>
            <gpxtpx:hr>164</gpxtpx:hr>
          </gpxtpx:TrackPointExtension>
        </extensions>
      </trkpt>
      <trkpt lat="31.044684869828053" lon="121.53198054926938">
        <ele>6.320453464984894</ele>
        <time>1970-01-01T00:45:18Z</time>
        <extensions>
          <gpxtpx:TrackPointExtension>
            <gpxtpx:hr>164</gpxtpx:hr>
          </gpxtpx:TrackPointExtension>
        </extensions>
      </trkpt>
      <trkpt lat="31.044663135194515" lon="121.53199339382834">
        <ele>6.32160481531173</ele>
        <time>1970-01-01T00:45:19Z</time>
        <extensions>
          <gpxtpx:TrackPointExtension>
            <gpxtpx:hr>164</gpxtpx:hr>
          </gpxtpx:TrackPointExtension>
        </extensions>
      </trkpt>
      <trkpt lat="31.044641745272862" lon="121.53200690196859">
        <ele>6.324968894012272</ele>
        <time>1970-01-01T00:45:20Z</time>
        <extensions>
          <gpxtpx:TrackPointExtension>
            <gpxtpx:hr>164</gpxtpx:hr>
          </gpxtpx:TrackPointExtension>
        </extensions>
      </trkpt>
      <trkpt lat="31.044619579981344" lon="121.53202036841948">
        <ele>6.330086212605238</ele>
        <time>1970-01-01T00:45:21Z</time>
        <extensions>
          <gpxtpx:TrackPointExtension>
            <gpxtpx:hr>164</gpxtpx:hr>
          </gpxtpx:TrackPointExtension>
        </extensions>
      </trkpt>
      <trkpt lat="31.044597338741266" lon="121.53203318289899">
        <ele>6.336269746534526</ele>
        <time>1970-01-01T00:45:22Z</time>
        <extensions>
          <gpxtpx:TrackPointExtension>
            <gpxtpx:hr>164</gpxtpx:hr>
          </gpxtpx:TrackPointExtension>
        </extensions>
      </trkpt>
      <trkpt lat="31.04457548925391" lon="121.53204546550087">
        <ele>6.342727817595005</ele>
        <time>1970-01-01T00:45:23Z</time>
        <extensions>
          <gpxtpx:TrackPointExtension>
            <gpxtpx:hr>164</gpxtpx:hr>
          </gpxtpx:TrackPointExtension>
        </extensions>
      </trkpt>
      <trkpt lat="31.044552842300664" lon="121.53205807957825">
        <ele>6.348494295030832</ele>
        <time>1970-01-01T00:45:24Z</time>
        <extensions>
          <gpxtpx:TrackPointExtension>
            <gpxtpx:hr>164</gpxtpx:hr>
          </gpxtpx:TrackPointExtension>
        </extensions>
      </trkpt>
      <trkpt lat="31.044529121417686" lon="121.53207165766247">
        <ele>6.352722503244877</ele>
        <time>1970-01-01T00:45:25Z</time>
        <extensions>
          <gpxtpx:TrackPointExtension>
            <gpxtpx:hr>164</gpxtpx:hr>
          </gpxtpx:TrackPointExtension>
        </extensions>
      </trkpt>
      <trkpt lat="31.04450427731176" lon="121.53208664462213">
        <ele>6.354818310588598</ele>
        <time>1970-01-01T00:45:26Z</time>
        <extensions>
          <gpxtpx:TrackPointExtension>
            <gpxtpx:hr>164</gpxtpx:hr>
          </gpxtpx:TrackPointExtension>
        </extensions>
      </trkpt>
      <trkpt lat="31.044478498142066" lon="121.53210184098616">
        <ele>6.354576391167939</ele>
        <time>1970-01-01T00:45:27Z</time>
        <extensions>
          <gpxtpx:TrackPointExtension>
            <gpxtpx:hr>164</gpxtpx:hr>
          </gpxtpx:TrackPointExtension>
        </extensions>
      </trkpt>
      <trkpt lat="31.044453114897493" lon="121.53211567722751">
        <ele>6.352268160320818</ele>
        <time>1970-01-01T00:45:28Z</time>
        <extensions>
          <gpxtpx:TrackPointExtension>
            <gpxtpx:hr>164</gpxtpx:hr>
          </gpxtpx:TrackPointExtension>
        </extensions>
      </trkpt>
      <trkpt lat="31.044428662476925" lon="121.53212911561572">
        <ele>6.348572053015232</ele>
        <time>1970-01-01T00:45:29Z</time>
        <extensions>
          <gpxtpx:TrackPointExtension>
            <gpxtpx:hr>164</gpxtpx:hr>
          </gpxtpx:TrackPointExtension>
        </extensions>
      </trkpt>
      <trkpt lat="31.044404441050276" lon="121.53214333472629">
        <ele>6.344431226141751</ele>
        <time>1970-01-01T00:45:30Z</time>
        <extensions>
          <gpxtpx:TrackPointExtension>
            <gpxtpx:hr>164</gpxtpx:hr>
          </gpxtpx:TrackPointExtension>
        </extensions>
      </trkpt>
      <trkpt lat="31.044380155403818" lon="121.53215892531954">
        <ele>6.34080039896071</ele>
        <time>1970-01-01T00:45:31Z</time>
        <extensions>
          <gpxtpx:TrackPointExtension>
            <gpxtpx:hr>164</gpxtpx:hr>
          </gpxtpx:TrackPointExtension>
        </extensions>
      </trkpt>
      <trkpt lat="31.04435607025968" lon="121.53217575784048">
        <ele>6.3385240798816085</ele>
        <time>1970-01-01T00:45:32Z</time>
        <extensions>
          <gpxtpx:TrackPointExtension>
            <gpxtpx:hr>164</gpxtpx:hr>
          </gpxtpx:TrackPointExtension>
        </extensions>
      </trkpt>
      <trkpt lat="31.044332151537297" lon="121.5321930922817">
        <ele>6.338338027708232</ele>
        <time>1970-01-01T00:45:33Z</time>
        <extensions>
          <gpxtpx:TrackPointExtension>
            <gpxtpx:hr>164</gpxtpx:hr>
          </gpxtpx:TrackPointExtension>
        </extensions>
      </trkpt>
      <trkpt lat="31.044308307592164" lon="121.53221157040635">
        <ele>6.340790832415223</ele>
        <time>1970-01-01T00:45:34Z</time>
        <extensions>
          <gpxtpx:TrackPointExtension>
            <gpxtpx:hr>164</gpxtpx:hr>
          </gpxtpx:TrackPointExtension>
        </extensions>
      </trkpt>
      <trkpt lat="31.044285702515744" lon="121.53223166348641">
        <ele>6.346496732905507</ele>
        <time>1970-01-01T00:45:35Z</time>
        <extensions>
          <gpxtpx:TrackPointExtension>
            <gpxtpx:hr>164</gpxtpx:hr>
          </gpxtpx:TrackPointExtension>
        </extensions>
      </trkpt>
      <trkpt lat="31.044264806345414" lon="121.53225406533147">
        <ele>6.356055530719459</ele>
        <time>1970-01-01T00:45:36Z</time>
        <extensions>
          <gpxtpx:TrackPointExtension>
            <gpxtpx:hr>164</gpxtpx:hr>
          </gpxtpx:TrackPointExtension>
        </extensions>
      </trkpt>
      <trkpt lat="31.044244886167608" lon="121.53227962894375">
        <ele>6.369920182973146</ele>
        <time>1970-01-01T00:45:37Z</time>
        <extensions>
          <gpxtpx:TrackPointExtension>
            <gpxtpx:hr>164</gpxtpx:hr>
          </gpxtpx:TrackPointExtension>
        </extensions>
      </trkpt>
      <trkpt lat="31.04422653225386" lon="121.53230717902869">
        <ele>6.388199245557189</ele>
        <time>1970-01-01T00:45:38Z</time>
        <extensions>
          <gpxtpx:TrackPointExtension>
            <gpxtpx:hr>164</gpxtpx:hr>
          </gpxtpx:TrackPointExtension>
        </extensions>
      </trkpt>
      <trkpt lat="31.04421051161681" lon="121.53233628716752">
        <ele>6.410940629430115</ele>
        <time>1970-01-01T00:45:39Z</time>
        <extensions>
          <gpxtpx:TrackPointExtension>
            <gpxtpx:hr>164</gpxtpx:hr>
          </gpxtpx:TrackPointExtension>
        </extensions>
      </trkpt>
      <trkpt lat="31.04419692869083" lon="121.53236692492321">
        <ele>6.4375560181215405</ele>
        <time>1970-01-01T00:45:40Z</time>
        <extensions>
          <gpxtpx:TrackPointExtension>
            <gpxtpx:hr>164</gpxtpx:hr>
          </gpxtpx:TrackPointExtension>
        </extensions>
      </trkpt>
      <trkpt lat="31.044185895184167" lon="121.53239844985772">
        <ele>6.466889883391559</ele>
        <time>1970-01-01T00:45:41Z</time>
        <extensions>
          <gpxtpx:TrackPointExtension>
            <gpxtpx:hr>164</gpxtpx:hr>
          </gpxtpx:TrackPointExtension>
        </extensions>
      </trkpt>
      <trkpt lat="31.044178517222832" lon="121.53243080610491">
        <ele>6.497739073820412</ele>
        <time>1970-01-01T00:45:42Z</time>
        <extensions>
          <gpxtpx:TrackPointExtension>
            <gpxtpx:hr>164</gpxtpx:hr>
          </gpxtpx:TrackPointExtension>
        </extensions>
      </trkpt>
      <trkpt lat="31.04417537975318" lon="121.53246401782012">
        <ele>6.528511915355921</ele>
        <time>1970-01-01T00:45:43Z</time>
        <extensions>
          <gpxtpx:TrackPointExtension>
            <gpxtpx:hr>164</gpxtpx:hr>
          </gpxtpx:TrackPointExtension>
        </extensions>
      </trkpt>
      <trkpt lat="31.04417665298175" lon="121.53249797727538">
        <ele>6.55753044039011</ele>
        <time>1970-01-01T00:45:44Z</time>
        <extensions>
          <gpxtpx:TrackPointExtension>
            <gpxtpx:hr>164</gpxtpx:hr>
          </gpxtpx:TrackPointExtension>
        </extensions>
      </trkpt>
      <trkpt lat="31.04418227472948" lon="121.53253082067702">
        <ele>6.585742964409292</ele>
        <time>1970-01-01T00:45:45Z</time>
        <extensions>
          <gpxtpx:TrackPointExtension>
            <gpxtpx:hr>164</gpxtpx:hr>
          </gpxtpx:TrackPointExtension>
        </extensions>
      </trkpt>
      <trkpt lat="31.04419177588262" lon="121.5325615142792">
        <ele>6.608497199602425</ele>
        <time>1970-01-01T00:45:46Z</time>
        <extensions>
          <gpxtpx:TrackPointExtension>
            <gpxtpx:hr>164</gpxtpx:hr>
          </gpxtpx:TrackPointExtension>
        </extensions>
      </trkpt>
      <trkpt lat="31.044205253265005" lon="121.53259068075545">
        <ele>6.624540837481618</ele>
        <time>1970-01-01T00:45:47Z</time>
        <extensions>
          <gpxtpx:TrackPointExtension>
            <gpxtpx:hr>164</gpxtpx:hr>
          </gpxtpx:TrackPointExtension>
        </extensions>
      </trkpt>
      <trkpt lat="31.044222421959446" lon="121.53261789649649">
        <ele>6.638007658533752</ele>
        <time>1970-01-01T00:45:48Z</time>
        <extensions>
          <gpxtpx:TrackPointExtension>
            <gpxtpx:hr>164</gpxtpx:hr>
          </gpxtpx:TrackPointExtension>
        </extensions>
      </trkpt>
      <trkpt lat="31.04424256606578" lon="121.53264235862952">
        <ele>6.653139296919107</ele>
        <time>1970-01-01T00:45:49Z</time>
        <extensions>
          <gpxtpx:TrackPointExtension>
            <gpxtpx:hr>164</gpxtpx:hr>
          </gpxtpx:TrackPointExtension>
        </extensions>
      </trkpt>
      <trkpt lat="31.0442639694972" lon="121.53266397011396">
        <ele>6.666472582146525</ele>
        <time>1970-01-01T00:45:50Z</time>
        <extensions>
          <gpxtpx:TrackPointExtension>
            <gpxtpx:hr>164</gpxtpx:hr>
          </gpxtpx:TrackPointExtension>
        </extensions>
      </trkpt>
      <trkpt lat="31.044285928263097" lon="121.53268341252739">
        <ele>6.6818382535129786</ele>
        <time>1970-01-01T00:45:51Z</time>
        <extensions>
          <gpxtpx:TrackPointExtension>
            <gpxtpx:hr>164</gpxtpx:hr>
          </gpxtpx:TrackPointExtension>
        </extensions>
      </trkpt>
      <trkpt lat="31.0443089583931" lon="121.53270112853325">
        <ele>6.680825609713793</ele>
        <time>1970-01-01T00:45:52Z</time>
        <extensions>
          <gpxtpx:TrackPointExtension>
            <gpxtpx:hr>164</gpxtpx:hr>
          </gpxtpx:TrackPointExtension>
        </extensions>
      </trkpt>
      <trkpt lat="31.044333252752548" lon="121.53271684154393">
        <ele>6.6822984255850315</ele>
        <time>1970-01-01T00:45:53Z</time>
        <extensions>
          <gpxtpx:TrackPointExtension>
            <gpxtpx:hr>164</gpxtpx:hr>
          </gpxtpx:TrackPointExtension>
        </extensions>
      </trkpt>
      <trkpt lat="31.044358625305644" lon="121.53273036690209">
        <ele>6.6765306033194065</ele>
        <time>1970-01-01T00:45:54Z</time>
        <extensions>
          <gpxtpx:TrackPointExtension>
            <gpxtpx:hr>164</gpxtpx:hr>
          </gpxtpx:TrackPointExtension>
        </extensions>
      </trkpt>
      <trkpt lat="31.04438475755454" lon="121.53274154426038">
        <ele>6.6774816531687975</ele>
        <time>1970-01-01T00:45:55Z</time>
        <extensions>
          <gpxtpx:TrackPointExtension>
            <gpxtpx:hr>164</gpxtpx:hr>
          </gpxtpx:TrackPointExtension>
        </extensions>
      </trkpt>
      <trkpt lat="31.044411887989764" lon="121.53274916898356">
        <ele>6.643703407607973</ele>
        <time>1970-01-01T00:45:56Z</time>
        <extensions>
          <gpxtpx:TrackPointExtension>
            <gpxtpx:hr>164</gpxtpx:hr>
          </gpxtpx:TrackPointExtension>
        </extensions>
      </trkpt>
      <trkpt lat="31.04443998197416" lon="121.53275263716459">
        <ele>6.62894946988672</ele>
        <time>1970-01-01T00:45:57Z</time>
        <extensions>
          <gpxtpx:TrackPointExtension>
            <gpxtpx:hr>164</gpxtpx:hr>
          </gpxtpx:TrackPointExtension>
        </extensions>
      </trkpt>
      <trkpt lat="31.044468366049554" lon="121.53275248135714">
        <ele>6.615096717141569</ele>
        <time>1970-01-01T00:45:58Z</time>
        <extensions>
          <gpxtpx:TrackPointExtension>
            <gpxtpx:hr>164</gpxtpx:hr>
          </gpxtpx:TrackPointExtension>
        </extensions>
      </trkpt>
      <trkpt lat="31.044496131846454" lon="121.53274815110379">
        <ele>6.597063301131129</ele>
        <time>1970-01-01T00:45:59Z</time>
        <extensions>
          <gpxtpx:TrackPointExtension>
            <gpxtpx:hr>164</gpxtpx:hr>
          </gpxtpx:TrackPointExtension>
        </extensions>
      </trkpt>
      <trkpt lat="31.04452306315253" lon="121.53273885465205">
        <ele>6.569198917597532</ele>
        <time>1970-01-01T00:46:00Z</time>
        <extensions>
          <gpxtpx:TrackPointExtension>
            <gpxtpx:hr>164</gpxtpx:hr>
          </gpxtpx:TrackPointExtension>
        </extensions>
      </trkpt>
      <trkpt lat="31.04454895426408" lon="121.53272547154371">
        <ele>6.531370104290545</ele>
        <time>1970-01-01T00:46:01Z</time>
        <extensions>
          <gpxtpx:TrackPointExtension>
            <gpxtpx:hr>164</gpxtpx:hr>
          </gpxtpx:TrackPointExtension>
        </extensions>
      </trkpt>
      <trkpt lat="31.04457476234021" lon="121.53270905803645">
        <ele>6.493057055398822</ele>
        <time>1970-01-01T00:46:02Z</time>
        <extensions>
          <gpxtpx:TrackPointExtension>
            <gpxtpx:hr>164</gpxtpx:hr>
          </gpxtpx:TrackPointExtension>
        </extensions>
      </trkpt>
      <trkpt lat="31.044600941067124" lon="121.53269123253739">
        <ele>6.442388740368187</ele>
        <time>1970-01-01T00:46:03Z</time>
        <extensions>
          <gpxtpx:TrackPointExtension>
            <gpxtpx:hr>164</gpxtpx:hr>
          </gpxtpx:TrackPointExtension>
        </extensions>
      </trkpt>
      <trkpt lat="31.044626854250126" lon="121.53267425386336">
        <ele>6.397770549170673</ele>
        <time>1970-01-01T00:46:04Z</time>
        <extensions>
          <gpxtpx:TrackPointExtension>
            <gpxtpx:hr>164</gpxtpx:hr>
          </gpxtpx:TrackPointExtension>
        </extensions>
      </trkpt>
      <trkpt lat="31.04465343894942" lon="121.53265779301925">
        <ele>6.3638287875801325</ele>
        <time>1970-01-01T00:46:05Z</time>
        <extensions>
          <gpxtpx:TrackPointExtension>
            <gpxtpx:hr>165</gpxtpx:hr>
          </gpxtpx:TrackPointExtension>
        </extensions>
      </trkpt>
      <trkpt lat="31.044680949260837" lon="121.5326412838555">
        <ele>6.318009114824235</ele>
        <time>1970-01-01T00:46:06Z</time>
        <extensions>
          <gpxtpx:TrackPointExtension>
            <gpxtpx:hr>165</gpxtpx:hr>
          </gpxtpx:TrackPointExtension>
        </extensions>
      </trkpt>
      <trkpt lat="31.0447088184909" lon="121.5326248167151">
        <ele>6.285614997148514</ele>
        <time>1970-01-01T00:46:07Z</time>
        <extensions>
          <gpxtpx:TrackPointExtension>
            <gpxtpx:hr>165</gpxtpx:hr>
          </gpxtpx:TrackPointExtension>
        </extensions>
      </trkpt>
      <trkpt lat="31.044737394084624" lon="121.53260806981218">
        <ele>6.242941775359213</ele>
        <time>1970-01-01T00:46:08Z</time>
        <extensions>
          <gpxtpx:TrackPointExtension>
            <gpxtpx:hr>165</gpxtpx:hr>
          </gpxtpx:TrackPointExtension>
        </extensions>
      </trkpt>
      <trkpt lat="31.044765879109207" lon="121.5325915796106">
        <ele>6.225029841065407</ele>
        <time>1970-01-01T00:46:09Z</time>
        <extensions>
          <gpxtpx:TrackPointExtension>
            <gpxtpx:hr>165</gpxtpx:hr>
          </gpxtpx:TrackPointExtension>
        </extensions>
      </trkpt>
      <trkpt lat="31.04479290365041" lon="121.5325749079503">
        <ele>6.198589116334915</ele>
        <time>1970-01-01T00:46:10Z</time>
        <extensions>
          <gpxtpx:TrackPointExtension>
            <gpxtpx:hr>165</gpxtpx:hr>
          </gpxtpx:TrackPointExtension>
        </extensions>
      </trkpt>
      <trkpt lat="31.044818523994756" lon="121.53255818280692">
        <ele>6.2092606564983726</ele>
        <time>1970-01-01T00:46:11Z</time>
        <extensions>
          <gpxtpx:TrackPointExtension>
            <gpxtpx:hr>165</gpxtpx:hr>
          </gpxtpx:TrackPointExtension>
        </extensions>
      </trkpt>
      <trkpt lat="31.044844113744876" lon="121.53254210159633">
        <ele>6.208987892605364</ele>
        <time>1970-01-01T00:46:12Z</time>
        <extensions>
          <gpxtpx:TrackPointExtension>
            <gpxtpx:hr>165</gpxtpx:hr>
          </gpxtpx:TrackPointExtension>
        </extensions>
      </trkpt>
      <trkpt lat="31.044870706869098" lon="121.53252618183353">
        <ele>6.225190638564527</ele>
        <time>1970-01-01T00:46:13Z</time>
        <extensions>
          <gpxtpx:TrackPointExtension>
            <gpxtpx:hr>165</gpxtpx:hr>
          </gpxtpx:TrackPointExtension>
        </extensions>
      </trkpt>
      <trkpt lat="31.044897905935937" lon="121.53251107764395">
        <ele>6.250853377394378</ele>
        <time>1970-01-01T00:46:14Z</time>
        <extensions>
          <gpxtpx:TrackPointExtension>
            <gpxtpx:hr>165</gpxtpx:hr>
          </gpxtpx:TrackPointExtension>
        </extensions>
      </trkpt>
      <trkpt lat="31.044925577354427" lon="121.53249674842586">
        <ele>6.272274870425463</ele>
        <time>1970-01-01T00:46:15Z</time>
        <extensions>
          <gpxtpx:TrackPointExtension>
            <gpxtpx:hr>165</gpxtpx:hr>
          </gpxtpx:TrackPointExtension>
        </extensions>
      </trkpt>
      <trkpt lat="31.04495384877195" lon="121.53248201902092">
        <ele>6.30085426568985</ele>
        <time>1970-01-01T00:46:16Z</time>
        <extensions>
          <gpxtpx:TrackPointExtension>
            <gpxtpx:hr>165</gpxtpx:hr>
          </gpxtpx:TrackPointExtension>
        </extensions>
      </trkpt>
      <trkpt lat="31.044982075274767" lon="121.53246741831444">
        <ele>6.318390212021768</ele>
        <time>1970-01-01T00:46:17Z</time>
        <extensions>
          <gpxtpx:TrackPointExtension>
            <gpxtpx:hr>165</gpxtpx:hr>
          </gpxtpx:TrackPointExtension>
        </extensions>
      </trkpt>
      <trkpt lat="31.045009558116522" lon="121.53245257659161">
        <ele>6.351202804595232</ele>
        <time>1970-01-01T00:46:18Z</time>
        <extensions>
          <gpxtpx:TrackPointExtension>
            <gpxtpx:hr>165</gpxtpx:hr>
          </gpxtpx:TrackPointExtension>
        </extensions>
      </trkpt>
      <trkpt lat="31.045035667094037" lon="121.53243580704546">
        <ele>6.364997079595923</ele>
        <time>1970-01-01T00:46:19Z</time>
        <extensions>
          <gpxtpx:TrackPointExtension>
            <gpxtpx:hr>165</gpxtpx:hr>
          </gpxtpx:TrackPointExtension>
        </extensions>
      </trkpt>
      <trkpt lat="31.045059770669702" lon="121.53241687340255">
        <ele>6.370610571466386</ele>
        <time>1970-01-01T00:46:20Z</time>
        <extensions>
          <gpxtpx:TrackPointExtension>
            <gpxtpx:hr>165</gpxtpx:hr>
          </gpxtpx:TrackPointExtension>
        </extensions>
      </trkpt>
      <trkpt lat="31.04508145989363" lon="121.53239532981105">
        <ele>6.400579111650586</ele>
        <time>1970-01-01T00:46:21Z</time>
        <extensions>
          <gpxtpx:TrackPointExtension>
            <gpxtpx:hr>166</gpxtpx:hr>
          </gpxtpx:TrackPointExtension>
        </extensions>
      </trkpt>
      <trkpt lat="31.045100797221437" lon="121.53237079825519">
        <ele>6.437771899625659</ele>
        <time>1970-01-01T00:46:22Z</time>
        <extensions>
          <gpxtpx:TrackPointExtension>
            <gpxtpx:hr>166</gpxtpx:hr>
          </gpxtpx:TrackPointExtension>
        </extensions>
      </trkpt>
      <trkpt lat="31.045117816417555" lon="121.53234332217743">
        <ele>6.452767487615347</ele>
        <time>1970-01-01T00:46:23Z</time>
        <extensions>
          <gpxtpx:TrackPointExtension>
            <gpxtpx:hr>166</gpxtpx:hr>
          </gpxtpx:TrackPointExtension>
        </extensions>
      </trkpt>
      <trkpt lat="31.045131655519857" lon="121.5323131150444">
        <ele>6.478037558495998</ele>
        <time>1970-01-01T00:46:24Z</time>
        <extensions>
          <gpxtpx:TrackPointExtension>
            <gpxtpx:hr>166</gpxtpx:hr>
          </gpxtpx:TrackPointExtension>
        </extensions>
      </trkpt>
      <trkpt lat="31.045142081186395" lon="121.53228120997471">
        <ele>6.460398996248841</ele>
        <time>1970-01-01T00:46:25Z</time>
        <extensions>
          <gpxtpx:TrackPointExtension>
            <gpxtpx:hr>166</gpxtpx:hr>
          </gpxtpx:TrackPointExtension>
        </extensions>
      </trkpt>
      <trkpt lat="31.04514910672204" lon="121.53224784602487">
        <ele>6.446644093841314</ele>
        <time>1970-01-01T00:46:26Z</time>
        <extensions>
          <gpxtpx:TrackPointExtension>
            <gpxtpx:hr>166</gpxtpx:hr>
          </gpxtpx:TrackPointExtension>
        </extensions>
      </trkpt>
      <trkpt lat="31.04515231319257" lon="121.53221332797159">
        <ele>6.35305505618453</ele>
        <time>1970-01-01T00:46:27Z</time>
        <extensions>
          <gpxtpx:TrackPointExtension>
            <gpxtpx:hr>166</gpxtpx:hr>
          </gpxtpx:TrackPointExtension>
        </extensions>
      </trkpt>
      <trkpt lat="31.045151211703928" lon="121.53217890231193">
        <ele>6.2398570869117975</ele>
        <time>1970-01-01T00:46:28Z</time>
        <extensions>
          <gpxtpx:TrackPointExtension>
            <gpxtpx:hr>166</gpxtpx:hr>
          </gpxtpx:TrackPointExtension>
        </extensions>
      </trkpt>
      <trkpt lat="31.04514507023635" lon="121.53214547214634">
        <ele>6.106556278653443</ele>
        <time>1970-01-01T00:46:29Z</time>
        <extensions>
          <gpxtpx:TrackPointExtension>
            <gpxtpx:hr>166</gpxtpx:hr>
          </gpxtpx:TrackPointExtension>
        </extensions>
      </trkpt>
      <trkpt lat="31.045134087908476" lon="121.53211316272532">
        <ele>5.952782221138477</ele>
        <time>1970-01-01T00:46:30Z</time>
        <extensions>
          <gpxtpx:TrackPointExtension>
            <gpxtpx:hr>166</gpxtpx:hr>
          </gpxtpx:TrackPointExtension>
        </extensions>
      </trkpt>
      <trkpt lat="31.045120045132563" lon="121.53208223538671">
        <ele>5.778112987987697</ele>
        <time>1970-01-01T00:46:31Z</time>
        <extensions>
          <gpxtpx:TrackPointExtension>
            <gpxtpx:hr>166</gpxtpx:hr>
          </gpxtpx:TrackPointExtension>
        </extensions>
      </trkpt>
      <trkpt lat="31.0451043804769" lon="121.5320528430851">
        <ele>5.582274864427745</ele>
        <time>1970-01-01T00:46:32Z</time>
        <extensions>
          <gpxtpx:TrackPointExtension>
            <gpxtpx:hr>166</gpxtpx:hr>
          </gpxtpx:TrackPointExtension>
        </extensions>
      </trkpt>
      <trkpt lat="31.045087613479474" lon="121.53202472109517">
        <ele>5.365999800153077</ele>
        <time>1970-01-01T00:46:33Z</time>
        <extensions>
          <gpxtpx:TrackPointExtension>
            <gpxtpx:hr>166</gpxtpx:hr>
          </gpxtpx:TrackPointExtension>
        </extensions>
      </trkpt>
      <trkpt lat="31.04507048318008" lon="121.53199801300863">
        <ele>5.131484454497695</ele>
        <time>1970-01-01T00:46:34Z</time>
        <extensions>
          <gpxtpx:TrackPointExtension>
            <gpxtpx:hr>166</gpxtpx:hr>
          </gpxtpx:TrackPointExtension>
        </extensions>
      </trkpt>
      <trkpt lat="31.0450529354773" lon="121.5319727484713">
        <ele>4.882401691749692</ele>
        <time>1970-01-01T00:46:35Z</time>
        <extensions>
          <gpxtpx:TrackPointExtension>
            <gpxtpx:hr>166</gpxtpx:hr>
          </gpxtpx:TrackPointExtension>
        </extensions>
      </trkpt>
      <trkpt lat="31.04503471813574" lon="121.53194861195">
        <ele>4.6238078670576215</ele>
        <time>1970-01-01T00:46:36Z</time>
        <extensions>
          <gpxtpx:TrackPointExtension>
            <gpxtpx:hr>166</gpxtpx:hr>
          </gpxtpx:TrackPointExtension>
        </extensions>
      </trkpt>
    </trkseg>
  </trk>
</gpx>